<?xml version="1.0"?>
<VTKFile type="UnstructuredGrid" version="1.0" byte_order="LittleEndian">
  <UnstructuredGrid>
    <Piece NumberOfPoints="4300" NumberOfCells="126">
      <CellData>
        <DataArray type="Int32" Name="ObjectId" format="ascii">
          0
          0
          0
          0
          0
          0
          0
          0
          0
          0
          0
          0
          0
          0
          0
          0
          0
          0
          0
          0
          0
          0
          0
          0
          0
          0
          0
          0
          0
          0
          0
          0
          0
          0
          0
          0
          0
          0
          0
          0
          0
          0
          0
          0
          0
          0
          0
          0
          0
          0
          0
          0
          0
          0
          0
          0
          0
          0
          0
          0
          0
          0
          0
          0
          0
          0
          0
          0
          0
          0
          0
          0
          0
          0
          0
          0
          0
          0
          0
          0
          0
          0
          0
          0
          0
          0
          0
          0
          0
          0
          0
          0
          0
          0
          0
          0
          0
          0
          0
          0
          0
          0
          0
          0
          0
          0
          0
          0
          0
          0
          0
          0
          0
          0
          0
          0
          0
          0
          0
          0
          0
          0
          0
          0
          0
          0
        </DataArray>
      </CellData>
      <Points>
        <DataArray type="Float64" NumberOfComponents="3" Name="Points" format="ascii">
          0 0 0
          0.16666666666666666 0 0
          0.33333333333333331 0 0
          0.5 0 0
          0.66666666666666663 0 0
          0.83333333333333326 0 0
          1 0 0
          1.1666666666666665 0 0
          1.3333333333333333 0 0
          1.5 0 0
          1.6666666666666665 0 0
          1.8333333333333333 0 0
          2 0 0
          2.1666666666666665 0 0
          2.333333333333333 0 0
          2.5 0 0
          2.6666666666666665 0 0
          2.833333333333333 0 0
          3 0 0
          3.1666666666666665 0 0
          3.333333333333333 0 0
          3.5 0 0
          3.6666666666666665 0 0
          3.833333333333333 0 0
          4 0 0
          4.1666666666666661 0 0
          4.333333333333333 0 0
          4.5 0 0
          4.6666666666666661 0 0
          4.833333333333333 0 0
          5 0 0
          5.1666666666666661 0 0
          5.333333333333333 0 0
          5.5 0 0
          5.6666666666666661 0 0
          5.833333333333333 0 0
          6 0 0
          6.1666666666666661 0 0
          6.333333333333333 0 0
          6.5 0 0
          6.6666666666666661 0 0
          6.833333333333333 0 0
          7 0 0
          0 0.33333333333333331 0
          0.16666666666666666 0.33333333333333331 0
          0.33333333333333331 0.33333333333333331 0
          0.5 0.33333333333333331 0
          0.66666666666666663 0.33333333333333331 0
          0.83333333333333326 0.33333333333333331 0
          1 0.33333333333333331 0
          1.1666666666666665 0.33333333333333331 0
          1.3333333333333333 0.33333333333333331 0
          1.5 0.33333333333333331 0
          1.6666666666666665 0.33333333333333331 0
          1.8333333333333333 0.33333333333333331 0
          2 0.33333333333333331 0
          2.1666666666666665 0.33333333333333331 0
          2.333333333333333 0.33333333333333331 0
          2.5 0.33333333333333331 0
          2.6666666666666665 0.33333333333333331 0
          2.833333333333333 0.33333333333333331 0
          3 0.33333333333333331 0
          3.1666666666666665 0.33333333333333331 0
          3.333333333333333 0.33333333333333331 0
          3.5 0.33333333333333331 0
          3.6666666666666665 0.33333333333333331 0
          3.833333333333333 0.33333333333333331 0
          4 0.33333333333333331 0
          4.1666666666666661 0.33333333333333331 0
          4.333333333333333 0.33333333333333331 0
          4.5 0.33333333333333331 0
          4.6666666666666661 0.33333333333333331 0
          4.833333333333333 0.33333333333333331 0
          5 0.33333333333333331 0
          5.1666666666666661 0.33333333333333331 0
          5.333333333333333 0.33333333333333331 0
          5.5 0.33333333333333331 0
          5.6666666666666661 0.33333333333333331 0
          5.833333333333333 0.33333333333333331 0
          6 0.33333333333333331 0
          6.1666666666666661 0.33333333333333331 0
          6.333333333333333 0.33333333333333331 0
          6.5 0.33333333333333331 0
          6.6666666666666661 0.33333333333333331 0
          6.833333333333333 0.33333333333333331 0
          7 0.33333333333333331 0
          0 0.66666666666666663 0
          0.16666666666666666 0.66666666666666663 0
          0.33333333333333331 0.66666666666666663 0
          0.5 0.66666666666666663 0
          0.66666666666666663 0.66666666666666663 0
          0.83333333333333326 0.66666666666666663 0
          1 0.66666666666666663 0
          1.1666666666666665 0.66666666666666663 0
          1.3333333333333333 0.66666666666666663 0
          1.5 0.66666666666666663 0
          1.6666666666666665 0.66666666666666663 0
          1.8333333333333333 0.66666666666666663 0
          2 0.66666666666666663 0
          2.1666666666666665 0.66666666666666663 0
          2.333333333333333 0.66666666666666663 0
          2.5 0.66666666666666663 0
          2.6666666666666665 0.66666666666666663 0
          2.833333333333333 0.66666666666666663 0
          3 0.66666666666666663 0
          3.1666666666666665 0.66666666666666663 0
          3.333333333333333 0.66666666666666663 0
          3.5 0.66666666666666663 0
          3.6666666666666665 0.66666666666666663 0
          3.833333333333333 0.66666666666666663 0
          4 0.66666666666666663 0
          4.1666666666666661 0.66666666666666663 0
          4.333333333333333 0.66666666666666663 0
          4.5 0.66666666666666663 0
          4.6666666666666661 0.66666666666666663 0
          4.833333333333333 0.66666666666666663 0
          5 0.66666666666666663 0
          5.1666666666666661 0.66666666666666663 0
          5.333333333333333 0.66666666666666663 0
          5.5 0.66666666666666663 0
          5.6666666666666661 0.66666666666666663 0
          5.833333333333333 0.66666666666666663 0
          6 0.66666666666666663 0
          6.1666666666666661 0.66666666666666663 0
          6.333333333333333 0.66666666666666663 0
          6.5 0.66666666666666663 0
          6.6666666666666661 0.66666666666666663 0
          6.833333333333333 0.66666666666666663 0
          7 0.66666666666666663 0
          0 1 0
          0.16666666666666666 1 0
          0.33333333333333331 1 0
          0.5 1 0
          0.66666666666666663 1 0
          0.83333333333333326 1 0
          1 1 0
          1.1666666666666665 1 0
          1.3333333333333333 1 0
          1.5 1 0
          1.6666666666666665 1 0
          1.8333333333333333 1 0
          2 1 0
          2.1666666666666665 1 0
          2.333333333333333 1 0
          2.5 1 0
          2.6666666666666665 1 0
          2.833333333333333 1 0
          3 1 0
          3.1666666666666665 1 0
          3.333333333333333 1 0
          3.5 1 0
          3.6666666666666665 1 0
          3.833333333333333 1 0
          4 1 0
          4.1666666666666661 1 0
          4.333333333333333 1 0
          4.5 1 0
          4.6666666666666661 1 0
          4.833333333333333 1 0
          5 1 0
          5.1666666666666661 1 0
          5.333333333333333 1 0
          5.5 1 0
          5.6666666666666661 1 0
          5.833333333333333 1 0
          6 1 0
          6.1666666666666661 1 0
          6.333333333333333 1 0
          6.5 1 0
          6.6666666666666661 1 0
          6.833333333333333 1 0
          7 1 0
          0 1.3333333333333333 0
          0.16666666666666666 1.3333333333333333 0
          0.33333333333333331 1.3333333333333333 0
          0.5 1.3333333333333333 0
          0.66666666666666663 1.3333333333333333 0
          0.83333333333333326 1.3333333333333333 0
          1 1.3333333333333333 0
          1.1666666666666665 1.3333333333333333 0
          1.3333333333333333 1.3333333333333333 0
          1.5 1.3333333333333333 0
          1.6666666666666665 1.3333333333333333 0
          1.8333333333333333 1.3333333333333333 0
          2 1.3333333333333333 0
          2.1666666666666665 1.3333333333333333 0
          2.333333333333333 1.3333333333333333 0
          2.5 1.3333333333333333 0
          2.6666666666666665 1.3333333333333333 0
          2.833333333333333 1.3333333333333333 0
          3 1.3333333333333333 0
          3.1666666666666665 1.3333333333333333 0
          3.333333333333333 1.3333333333333333 0
          3.5 1.3333333333333333 0
          3.6666666666666665 1.3333333333333333 0
          3.833333333333333 1.3333333333333333 0
          4 1.3333333333333333 0
          4.1666666666666661 1.3333333333333333 0
          4.333333333333333 1.3333333333333333 0
          4.5 1.3333333333333333 0
          4.6666666666666661 1.3333333333333333 0
          4.833333333333333 1.3333333333333333 0
          5 1.3333333333333333 0
          5.1666666666666661 1.3333333333333333 0
          5.333333333333333 1.3333333333333333 0
          5.5 1.3333333333333333 0
          5.6666666666666661 1.3333333333333333 0
          5.833333333333333 1.3333333333333333 0
          6 1.3333333333333333 0
          6.1666666666666661 1.3333333333333333 0
          6.333333333333333 1.3333333333333333 0
          6.5 1.3333333333333333 0
          6.6666666666666661 1.3333333333333333 0
          6.833333333333333 1.3333333333333333 0
          7 1.3333333333333333 0
          0 1.6666666666666665 0
          0.16666666666666666 1.6666666666666665 0
          0.33333333333333331 1.6666666666666665 0
          0.5 1.6666666666666665 0
          0.66666666666666663 1.6666666666666665 0
          0.83333333333333326 1.6666666666666665 0
          1 1.6666666666666665 0
          1.1666666666666665 1.6666666666666665 0
          1.3333333333333333 1.6666666666666665 0
          1.5 1.6666666666666665 0
          1.6666666666666665 1.6666666666666665 0
          1.8333333333333333 1.6666666666666665 0
          2 1.6666666666666665 0
          2.1666666666666665 1.6666666666666665 0
          2.333333333333333 1.6666666666666665 0
          2.5 1.6666666666666665 0
          2.6666666666666665 1.6666666666666665 0
          2.833333333333333 1.6666666666666665 0
          3 1.6666666666666665 0
          3.1666666666666665 1.6666666666666665 0
          3.333333333333333 1.6666666666666665 0
          3.5 1.6666666666666665 0
          3.6666666666666665 1.6666666666666665 0
          3.833333333333333 1.6666666666666665 0
          4 1.6666666666666665 0
          4.1666666666666661 1.6666666666666665 0
          4.333333333333333 1.6666666666666665 0
          4.5 1.6666666666666665 0
          4.6666666666666661 1.6666666666666665 0
          4.833333333333333 1.6666666666666665 0
          5 1.6666666666666665 0
          5.1666666666666661 1.6666666666666665 0
          5.333333333333333 1.6666666666666665 0
          5.5 1.6666666666666665 0
          5.6666666666666661 1.6666666666666665 0
          5.833333333333333 1.6666666666666665 0
          6 1.6666666666666665 0
          6.1666666666666661 1.6666666666666665 0
          6.333333333333333 1.6666666666666665 0
          6.5 1.6666666666666665 0
          6.6666666666666661 1.6666666666666665 0
          6.833333333333333 1.6666666666666665 0
          7 1.6666666666666665 0
          0 2 0
          0.16666666666666666 2 0
          0.33333333333333331 2 0
          0.5 2 0
          0.66666666666666663 2 0
          0.83333333333333326 2 0
          1 2 0
          1.1666666666666665 2 0
          1.3333333333333333 2 0
          1.5 2 0
          1.6666666666666665 2 0
          1.8333333333333333 2 0
          2 2 0
          2.1666666666666665 2 0
          2.333333333333333 2 0
          2.5 2 0
          2.6666666666666665 2 0
          2.833333333333333 2 0
          3 2 0
          3.1666666666666665 2 0
          3.333333333333333 2 0
          3.5 2 0
          3.6666666666666665 2 0
          3.833333333333333 2 0
          4 2 0
          4.1666666666666661 2 0
          4.333333333333333 2 0
          4.5 2 0
          4.6666666666666661 2 0
          4.833333333333333 2 0
          5 2 0
          5.1666666666666661 2 0
          5.333333333333333 2 0
          5.5 2 0
          5.6666666666666661 2 0
          5.833333333333333 2 0
          6 2 0
          6.1666666666666661 2 0
          6.333333333333333 2 0
          6.5 2 0
          6.6666666666666661 2 0
          6.833333333333333 2 0
          7 2 0
          0 2.333333333333333 0
          0.16666666666666666 2.333333333333333 0
          0.33333333333333331 2.333333333333333 0
          0.5 2.333333333333333 0
          0.66666666666666663 2.333333333333333 0
          0.83333333333333326 2.333333333333333 0
          1 2.333333333333333 0
          1.1666666666666665 2.333333333333333 0
          1.3333333333333333 2.333333333333333 0
          1.5 2.333333333333333 0
          1.6666666666666665 2.333333333333333 0
          1.8333333333333333 2.333333333333333 0
          2 2.333333333333333 0
          2.1666666666666665 2.333333333333333 0
          2.333333333333333 2.333333333333333 0
          2.5 2.333333333333333 0
          2.6666666666666665 2.333333333333333 0
          2.833333333333333 2.333333333333333 0
          3 2.333333333333333 0
          3.1666666666666665 2.333333333333333 0
          3.333333333333333 2.333333333333333 0
          3.5 2.333333333333333 0
          3.6666666666666665 2.333333333333333 0
          3.833333333333333 2.333333333333333 0
          4 2.333333333333333 0
          4.1666666666666661 2.333333333333333 0
          4.333333333333333 2.333333333333333 0
          4.5 2.333333333333333 0
          4.6666666666666661 2.333333333333333 0
          4.833333333333333 2.333333333333333 0
          5 2.333333333333333 0
          5.1666666666666661 2.333333333333333 0
          5.333333333333333 2.333333333333333 0
          5.5 2.333333333333333 0
          5.6666666666666661 2.333333333333333 0
          5.833333333333333 2.333333333333333 0
          6 2.333333333333333 0
          6.1666666666666661 2.333333333333333 0
          6.333333333333333 2.333333333333333 0
          6.5 2.333333333333333 0
          6.6666666666666661 2.333333333333333 0
          6.833333333333333 2.333333333333333 0
          7 2.333333333333333 0
          0 2.6666666666666665 0
          0.16666666666666666 2.6666666666666665 0
          0.33333333333333331 2.6666666666666665 0
          0.5 2.6666666666666665 0
          0.66666666666666663 2.6666666666666665 0
          0.83333333333333326 2.6666666666666665 0
          1 2.6666666666666665 0
          1.1666666666666665 2.6666666666666665 0
          1.3333333333333333 2.6666666666666665 0
          1.5 2.6666666666666665 0
          1.6666666666666665 2.6666666666666665 0
          1.8333333333333333 2.6666666666666665 0
          2 2.6666666666666665 0
          2.1666666666666665 2.6666666666666665 0
          2.333333333333333 2.6666666666666665 0
          2.5 2.6666666666666665 0
          2.6666666666666665 2.6666666666666665 0
          2.833333333333333 2.6666666666666665 0
          3 2.6666666666666665 0
          3.1666666666666665 2.6666666666666665 0
          3.333333333333333 2.6666666666666665 0
          3.5 2.6666666666666665 0
          3.6666666666666665 2.6666666666666665 0
          3.833333333333333 2.6666666666666665 0
          4 2.6666666666666665 0
          4.1666666666666661 2.6666666666666665 0
          4.333333333333333 2.6666666666666665 0
          4.5 2.6666666666666665 0
          4.6666666666666661 2.6666666666666665 0
          4.833333333333333 2.6666666666666665 0
          5 2.6666666666666665 0
          5.1666666666666661 2.6666666666666665 0
          5.333333333333333 2.6666666666666665 0
          5.5 2.6666666666666665 0
          5.6666666666666661 2.6666666666666665 0
          5.833333333333333 2.6666666666666665 0
          6 2.6666666666666665 0
          6.1666666666666661 2.6666666666666665 0
          6.333333333333333 2.6666666666666665 0
          6.5 2.6666666666666665 0
          6.6666666666666661 2.6666666666666665 0
          6.833333333333333 2.6666666666666665 0
          7 2.6666666666666665 0
          0 3 0
          0.16666666666666666 3 0
          0.33333333333333331 3 0
          0.5 3 0
          0.66666666666666663 3 0
          0.83333333333333326 3 0
          1 3 0
          1.1666666666666665 3 0
          1.3333333333333333 3 0
          1.5 3 0
          1.6666666666666665 3 0
          1.8333333333333333 3 0
          2 3 0
          2.1666666666666665 3 0
          2.333333333333333 3 0
          2.5 3 0
          2.6666666666666665 3 0
          2.833333333333333 3 0
          3 3 0
          3.1666666666666665 3 0
          3.333333333333333 3 0
          3.5 3 0
          3.6666666666666665 3 0
          3.833333333333333 3 0
          4 3 0
          4.1666666666666661 3 0
          4.333333333333333 3 0
          4.5 3 0
          4.6666666666666661 3 0
          4.833333333333333 3 0
          5 3 0
          5.1666666666666661 3 0
          5.333333333333333 3 0
          5.5 3 0
          5.6666666666666661 3 0
          5.833333333333333 3 0
          6 3 0
          6.1666666666666661 3 0
          6.333333333333333 3 0
          6.5 3 0
          6.6666666666666661 3 0
          6.833333333333333 3 0
          7 3 0
          0 0 0.33333333333333331
          0.16666666666666666 0 0.33333333333333331
          0.33333333333333331 0 0.33333333333333331
          0.5 0 0.33333333333333331
          0.66666666666666663 0 0.33333333333333331
          0.83333333333333326 0 0.33333333333333331
          1 0 0.33333333333333331
          1.1666666666666665 0 0.33333333333333331
          1.3333333333333333 0 0.33333333333333331
          1.5 0 0.33333333333333331
          1.6666666666666665 0 0.33333333333333331
          1.8333333333333333 0 0.33333333333333331
          2 0 0.33333333333333331
          2.1666666666666665 0 0.33333333333333331
          2.333333333333333 0 0.33333333333333331
          2.5 0 0.33333333333333331
          2.6666666666666665 0 0.33333333333333331
          2.833333333333333 0 0.33333333333333331
          3 0 0.33333333333333331
          3.1666666666666665 0 0.33333333333333331
          3.333333333333333 0 0.33333333333333331
          3.5 0 0.33333333333333331
          3.6666666666666665 0 0.33333333333333331
          3.833333333333333 0 0.33333333333333331
          4 0 0.33333333333333331
          4.1666666666666661 0 0.33333333333333331
          4.333333333333333 0 0.33333333333333331
          4.5 0 0.33333333333333331
          4.6666666666666661 0 0.33333333333333331
          4.833333333333333 0 0.33333333333333331
          5 0 0.33333333333333331
          5.1666666666666661 0 0.33333333333333331
          5.333333333333333 0 0.33333333333333331
          5.5 0 0.33333333333333331
          5.6666666666666661 0 0.33333333333333331
          5.833333333333333 0 0.33333333333333331
          6 0 0.33333333333333331
          6.1666666666666661 0 0.33333333333333331
          6.333333333333333 0 0.33333333333333331
          6.5 0 0.33333333333333331
          6.6666666666666661 0 0.33333333333333331
          6.833333333333333 0 0.33333333333333331
          7 0 0.33333333333333331
          0 0.33333333333333331 0.33333333333333331
          0.16666666666666666 0.33333333333333331 0.33333333333333331
          0.33333333333333331 0.33333333333333331 0.33333333333333331
          0.5 0.33333333333333331 0.33333333333333331
          0.66666666666666663 0.33333333333333331 0.33333333333333331
          0.83333333333333326 0.33333333333333331 0.33333333333333331
          1 0.33333333333333331 0.33333333333333331
          1.1666666666666665 0.33333333333333331 0.33333333333333331
          1.3333333333333333 0.33333333333333331 0.33333333333333331
          1.5 0.33333333333333331 0.33333333333333331
          1.6666666666666665 0.33333333333333331 0.33333333333333331
          1.8333333333333333 0.33333333333333331 0.33333333333333331
          2 0.33333333333333331 0.33333333333333331
          2.1666666666666665 0.33333333333333331 0.33333333333333331
          2.333333333333333 0.33333333333333331 0.33333333333333331
          2.5 0.33333333333333331 0.33333333333333331
          2.6666666666666665 0.33333333333333331 0.33333333333333331
          2.833333333333333 0.33333333333333331 0.33333333333333331
          3 0.33333333333333331 0.33333333333333331
          3.1666666666666665 0.33333333333333331 0.33333333333333331
          3.333333333333333 0.33333333333333331 0.33333333333333331
          3.5 0.33333333333333331 0.33333333333333331
          3.6666666666666665 0.33333333333333331 0.33333333333333331
          3.833333333333333 0.33333333333333331 0.33333333333333331
          4 0.33333333333333331 0.33333333333333331
          4.1666666666666661 0.33333333333333331 0.33333333333333331
          4.333333333333333 0.33333333333333331 0.33333333333333331
          4.5 0.33333333333333331 0.33333333333333331
          4.6666666666666661 0.33333333333333331 0.33333333333333331
          4.833333333333333 0.33333333333333331 0.33333333333333331
          5 0.33333333333333331 0.33333333333333331
          5.1666666666666661 0.33333333333333331 0.33333333333333331
          5.333333333333333 0.33333333333333331 0.33333333333333331
          5.5 0.33333333333333331 0.33333333333333331
          5.6666666666666661 0.33333333333333331 0.33333333333333331
          5.833333333333333 0.33333333333333331 0.33333333333333331
          6 0.33333333333333331 0.33333333333333331
          6.1666666666666661 0.33333333333333331 0.33333333333333331
          6.333333333333333 0.33333333333333331 0.33333333333333331
          6.5 0.33333333333333331 0.33333333333333331
          6.6666666666666661 0.33333333333333331 0.33333333333333331
          6.833333333333333 0.33333333333333331 0.33333333333333331
          7 0.33333333333333331 0.33333333333333331
          0 0.66666666666666663 0.33333333333333331
          0.16666666666666666 0.66666666666666663 0.33333333333333331
          0.33333333333333331 0.66666666666666663 0.33333333333333331
          0.5 0.66666666666666663 0.33333333333333331
          0.66666666666666663 0.66666666666666663 0.33333333333333331
          0.83333333333333326 0.66666666666666663 0.33333333333333331
          1 0.66666666666666663 0.33333333333333331
          1.1666666666666665 0.66666666666666663 0.33333333333333331
          1.3333333333333333 0.66666666666666663 0.33333333333333331
          1.5 0.66666666666666663 0.33333333333333331
          1.6666666666666665 0.66666666666666663 0.33333333333333331
          1.8333333333333333 0.66666666666666663 0.33333333333333331
          2 0.66666666666666663 0.33333333333333331
          2.1666666666666665 0.66666666666666663 0.33333333333333331
          2.333333333333333 0.66666666666666663 0.33333333333333331
          2.5 0.66666666666666663 0.33333333333333331
          2.6666666666666665 0.66666666666666663 0.33333333333333331
          2.833333333333333 0.66666666666666663 0.33333333333333331
          3 0.66666666666666663 0.33333333333333331
          3.1666666666666665 0.66666666666666663 0.33333333333333331
          3.333333333333333 0.66666666666666663 0.33333333333333331
          3.5 0.66666666666666663 0.33333333333333331
          3.6666666666666665 0.66666666666666663 0.33333333333333331
          3.833333333333333 0.66666666666666663 0.33333333333333331
          4 0.66666666666666663 0.33333333333333331
          4.1666666666666661 0.66666666666666663 0.33333333333333331
          4.333333333333333 0.66666666666666663 0.33333333333333331
          4.5 0.66666666666666663 0.33333333333333331
          4.6666666666666661 0.66666666666666663 0.33333333333333331
          4.833333333333333 0.66666666666666663 0.33333333333333331
          5 0.66666666666666663 0.33333333333333331
          5.1666666666666661 0.66666666666666663 0.33333333333333331
          5.333333333333333 0.66666666666666663 0.33333333333333331
          5.5 0.66666666666666663 0.33333333333333331
          5.6666666666666661 0.66666666666666663 0.33333333333333331
          5.833333333333333 0.66666666666666663 0.33333333333333331
          6 0.66666666666666663 0.33333333333333331
          6.1666666666666661 0.66666666666666663 0.33333333333333331
          6.333333333333333 0.66666666666666663 0.33333333333333331
          6.5 0.66666666666666663 0.33333333333333331
          6.6666666666666661 0.66666666666666663 0.33333333333333331
          6.833333333333333 0.66666666666666663 0.33333333333333331
          7 0.66666666666666663 0.33333333333333331
          0 1 0.33333333333333331
          0.16666666666666666 1 0.33333333333333331
          0.33333333333333331 1 0.33333333333333331
          0.5 1 0.33333333333333331
          0.66666666666666663 1 0.33333333333333331
          0.83333333333333326 1 0.33333333333333331
          1 1 0.33333333333333331
          1.1666666666666665 1 0.33333333333333331
          1.3333333333333333 1 0.33333333333333331
          1.5 1 0.33333333333333331
          1.6666666666666665 1 0.33333333333333331
          1.8333333333333333 1 0.33333333333333331
          2 1 0.33333333333333331
          2.1666666666666665 1 0.33333333333333331
          2.333333333333333 1 0.33333333333333331
          2.5 1 0.33333333333333331
          2.6666666666666665 1 0.33333333333333331
          2.833333333333333 1 0.33333333333333331
          3 1 0.33333333333333331
          3.1666666666666665 1 0.33333333333333331
          3.333333333333333 1 0.33333333333333331
          3.5 1 0.33333333333333331
          3.6666666666666665 1 0.33333333333333331
          3.833333333333333 1 0.33333333333333331
          4 1 0.33333333333333331
          4.1666666666666661 1 0.33333333333333331
          4.333333333333333 1 0.33333333333333331
          4.5 1 0.33333333333333331
          4.6666666666666661 1 0.33333333333333331
          4.833333333333333 1 0.33333333333333331
          5 1 0.33333333333333331
          5.1666666666666661 1 0.33333333333333331
          5.333333333333333 1 0.33333333333333331
          5.5 1 0.33333333333333331
          5.6666666666666661 1 0.33333333333333331
          5.833333333333333 1 0.33333333333333331
          6 1 0.33333333333333331
          6.1666666666666661 1 0.33333333333333331
          6.333333333333333 1 0.33333333333333331
          6.5 1 0.33333333333333331
          6.6666666666666661 1 0.33333333333333331
          6.833333333333333 1 0.33333333333333331
          7 1 0.33333333333333331
          0 1.3333333333333333 0.33333333333333331
          0.16666666666666666 1.3333333333333333 0.33333333333333331
          0.33333333333333331 1.3333333333333333 0.33333333333333331
          0.5 1.3333333333333333 0.33333333333333331
          0.66666666666666663 1.3333333333333333 0.33333333333333331
          0.83333333333333326 1.3333333333333333 0.33333333333333331
          1 1.3333333333333333 0.33333333333333331
          1.1666666666666665 1.3333333333333333 0.33333333333333331
          1.3333333333333333 1.3333333333333333 0.33333333333333331
          1.5 1.3333333333333333 0.33333333333333331
          1.6666666666666665 1.3333333333333333 0.33333333333333331
          1.8333333333333333 1.3333333333333333 0.33333333333333331
          2 1.3333333333333333 0.33333333333333331
          2.1666666666666665 1.3333333333333333 0.33333333333333331
          2.333333333333333 1.3333333333333333 0.33333333333333331
          2.5 1.3333333333333333 0.33333333333333331
          2.6666666666666665 1.3333333333333333 0.33333333333333331
          2.833333333333333 1.3333333333333333 0.33333333333333331
          3 1.3333333333333333 0.33333333333333331
          3.1666666666666665 1.3333333333333333 0.33333333333333331
          3.333333333333333 1.3333333333333333 0.33333333333333331
          3.5 1.3333333333333333 0.33333333333333331
          3.6666666666666665 1.3333333333333333 0.33333333333333331
          3.833333333333333 1.3333333333333333 0.33333333333333331
          4 1.3333333333333333 0.33333333333333331
          4.1666666666666661 1.3333333333333333 0.33333333333333331
          4.333333333333333 1.3333333333333333 0.33333333333333331
          4.5 1.3333333333333333 0.33333333333333331
          4.6666666666666661 1.3333333333333333 0.33333333333333331
          4.833333333333333 1.3333333333333333 0.33333333333333331
          5 1.3333333333333333 0.33333333333333331
          5.1666666666666661 1.3333333333333333 0.33333333333333331
          5.333333333333333 1.3333333333333333 0.33333333333333331
          5.5 1.3333333333333333 0.33333333333333331
          5.6666666666666661 1.3333333333333333 0.33333333333333331
          5.833333333333333 1.3333333333333333 0.33333333333333331
          6 1.3333333333333333 0.33333333333333331
          6.1666666666666661 1.3333333333333333 0.33333333333333331
          6.333333333333333 1.3333333333333333 0.33333333333333331
          6.5 1.3333333333333333 0.33333333333333331
          6.6666666666666661 1.3333333333333333 0.33333333333333331
          6.833333333333333 1.3333333333333333 0.33333333333333331
          7 1.3333333333333333 0.33333333333333331
          0 1.6666666666666665 0.33333333333333331
          0.16666666666666666 1.6666666666666665 0.33333333333333331
          0.33333333333333331 1.6666666666666665 0.33333333333333331
          0.5 1.6666666666666665 0.33333333333333331
          0.66666666666666663 1.6666666666666665 0.33333333333333331
          0.83333333333333326 1.6666666666666665 0.33333333333333331
          1 1.6666666666666665 0.33333333333333331
          1.1666666666666665 1.6666666666666665 0.33333333333333331
          1.3333333333333333 1.6666666666666665 0.33333333333333331
          1.5 1.6666666666666665 0.33333333333333331
          1.6666666666666665 1.6666666666666665 0.33333333333333331
          1.8333333333333333 1.6666666666666665 0.33333333333333331
          2 1.6666666666666665 0.33333333333333331
          2.1666666666666665 1.6666666666666665 0.33333333333333331
          2.333333333333333 1.6666666666666665 0.33333333333333331
          2.5 1.6666666666666665 0.33333333333333331
          2.6666666666666665 1.6666666666666665 0.33333333333333331
          2.833333333333333 1.6666666666666665 0.33333333333333331
          3 1.6666666666666665 0.33333333333333331
          3.1666666666666665 1.6666666666666665 0.33333333333333331
          3.333333333333333 1.6666666666666665 0.33333333333333331
          3.5 1.6666666666666665 0.33333333333333331
          3.6666666666666665 1.6666666666666665 0.33333333333333331
          3.833333333333333 1.6666666666666665 0.33333333333333331
          4 1.6666666666666665 0.33333333333333331
          4.1666666666666661 1.6666666666666665 0.33333333333333331
          4.333333333333333 1.6666666666666665 0.33333333333333331
          4.5 1.6666666666666665 0.33333333333333331
          4.6666666666666661 1.6666666666666665 0.33333333333333331
          4.833333333333333 1.6666666666666665 0.33333333333333331
          5 1.6666666666666665 0.33333333333333331
          5.1666666666666661 1.6666666666666665 0.33333333333333331
          5.333333333333333 1.6666666666666665 0.33333333333333331
          5.5 1.6666666666666665 0.33333333333333331
          5.6666666666666661 1.6666666666666665 0.33333333333333331
          5.833333333333333 1.6666666666666665 0.33333333333333331
          6 1.6666666666666665 0.33333333333333331
          6.1666666666666661 1.6666666666666665 0.33333333333333331
          6.333333333333333 1.6666666666666665 0.33333333333333331
          6.5 1.6666666666666665 0.33333333333333331
          6.6666666666666661 1.6666666666666665 0.33333333333333331
          6.833333333333333 1.6666666666666665 0.33333333333333331
          7 1.6666666666666665 0.33333333333333331
          0 2 0.33333333333333331
          0.16666666666666666 2 0.33333333333333331
          0.33333333333333331 2 0.33333333333333331
          0.5 2 0.33333333333333331
          0.66666666666666663 2 0.33333333333333331
          0.83333333333333326 2 0.33333333333333331
          1 2 0.33333333333333331
          1.1666666666666665 2 0.33333333333333331
          1.3333333333333333 2 0.33333333333333331
          1.5 2 0.33333333333333331
          1.6666666666666665 2 0.33333333333333331
          1.8333333333333333 2 0.33333333333333331
          2 2 0.33333333333333331
          2.1666666666666665 2 0.33333333333333331
          2.333333333333333 2 0.33333333333333331
          2.5 2 0.33333333333333331
          2.6666666666666665 2 0.33333333333333331
          2.833333333333333 2 0.33333333333333331
          3 2 0.33333333333333331
          3.1666666666666665 2 0.33333333333333331
          3.333333333333333 2 0.33333333333333331
          3.5 2 0.33333333333333331
          3.6666666666666665 2 0.33333333333333331
          3.833333333333333 2 0.33333333333333331
          4 2 0.33333333333333331
          4.1666666666666661 2 0.33333333333333331
          4.333333333333333 2 0.33333333333333331
          4.5 2 0.33333333333333331
          4.6666666666666661 2 0.33333333333333331
          4.833333333333333 2 0.33333333333333331
          5 2 0.33333333333333331
          5.1666666666666661 2 0.33333333333333331
          5.333333333333333 2 0.33333333333333331
          5.5 2 0.33333333333333331
          5.6666666666666661 2 0.33333333333333331
          5.833333333333333 2 0.33333333333333331
          6 2 0.33333333333333331
          6.1666666666666661 2 0.33333333333333331
          6.333333333333333 2 0.33333333333333331
          6.5 2 0.33333333333333331
          6.6666666666666661 2 0.33333333333333331
          6.833333333333333 2 0.33333333333333331
          7 2 0.33333333333333331
          0 2.333333333333333 0.33333333333333331
          0.16666666666666666 2.333333333333333 0.33333333333333331
          0.33333333333333331 2.333333333333333 0.33333333333333331
          0.5 2.333333333333333 0.33333333333333331
          0.66666666666666663 2.333333333333333 0.33333333333333331
          0.83333333333333326 2.333333333333333 0.33333333333333331
          1 2.333333333333333 0.33333333333333331
          1.1666666666666665 2.333333333333333 0.33333333333333331
          1.3333333333333333 2.333333333333333 0.33333333333333331
          1.5 2.333333333333333 0.33333333333333331
          1.6666666666666665 2.333333333333333 0.33333333333333331
          1.8333333333333333 2.333333333333333 0.33333333333333331
          2 2.333333333333333 0.33333333333333331
          2.1666666666666665 2.333333333333333 0.33333333333333331
          2.333333333333333 2.333333333333333 0.33333333333333331
          2.5 2.333333333333333 0.33333333333333331
          2.6666666666666665 2.333333333333333 0.33333333333333331
          2.833333333333333 2.333333333333333 0.33333333333333331
          3 2.333333333333333 0.33333333333333331
          3.1666666666666665 2.333333333333333 0.33333333333333331
          3.333333333333333 2.333333333333333 0.33333333333333331
          3.5 2.333333333333333 0.33333333333333331
          3.6666666666666665 2.333333333333333 0.33333333333333331
          3.833333333333333 2.333333333333333 0.33333333333333331
          4 2.333333333333333 0.33333333333333331
          4.1666666666666661 2.333333333333333 0.33333333333333331
          4.333333333333333 2.333333333333333 0.33333333333333331
          4.5 2.333333333333333 0.33333333333333331
          4.6666666666666661 2.333333333333333 0.33333333333333331
          4.833333333333333 2.333333333333333 0.33333333333333331
          5 2.333333333333333 0.33333333333333331
          5.1666666666666661 2.333333333333333 0.33333333333333331
          5.333333333333333 2.333333333333333 0.33333333333333331
          5.5 2.333333333333333 0.33333333333333331
          5.6666666666666661 2.333333333333333 0.33333333333333331
          5.833333333333333 2.333333333333333 0.33333333333333331
          6 2.333333333333333 0.33333333333333331
          6.1666666666666661 2.333333333333333 0.33333333333333331
          6.333333333333333 2.333333333333333 0.33333333333333331
          6.5 2.333333333333333 0.33333333333333331
          6.6666666666666661 2.333333333333333 0.33333333333333331
          6.833333333333333 2.333333333333333 0.33333333333333331
          7 2.333333333333333 0.33333333333333331
          0 2.6666666666666665 0.33333333333333331
          0.16666666666666666 2.6666666666666665 0.33333333333333331
          0.33333333333333331 2.6666666666666665 0.33333333333333331
          0.5 2.6666666666666665 0.33333333333333331
          0.66666666666666663 2.6666666666666665 0.33333333333333331
          0.83333333333333326 2.6666666666666665 0.33333333333333331
          1 2.6666666666666665 0.33333333333333331
          1.1666666666666665 2.6666666666666665 0.33333333333333331
          1.3333333333333333 2.6666666666666665 0.33333333333333331
          1.5 2.6666666666666665 0.33333333333333331
          1.6666666666666665 2.6666666666666665 0.33333333333333331
          1.8333333333333333 2.6666666666666665 0.33333333333333331
          2 2.6666666666666665 0.33333333333333331
          2.1666666666666665 2.6666666666666665 0.33333333333333331
          2.333333333333333 2.6666666666666665 0.33333333333333331
          2.5 2.6666666666666665 0.33333333333333331
          2.6666666666666665 2.6666666666666665 0.33333333333333331
          2.833333333333333 2.6666666666666665 0.33333333333333331
          3 2.6666666666666665 0.33333333333333331
          3.1666666666666665 2.6666666666666665 0.33333333333333331
          3.333333333333333 2.6666666666666665 0.33333333333333331
          3.5 2.6666666666666665 0.33333333333333331
          3.6666666666666665 2.6666666666666665 0.33333333333333331
          3.833333333333333 2.6666666666666665 0.33333333333333331
          4 2.6666666666666665 0.33333333333333331
          4.1666666666666661 2.6666666666666665 0.33333333333333331
          4.333333333333333 2.6666666666666665 0.33333333333333331
          4.5 2.6666666666666665 0.33333333333333331
          4.6666666666666661 2.6666666666666665 0.33333333333333331
          4.833333333333333 2.6666666666666665 0.33333333333333331
          5 2.6666666666666665 0.33333333333333331
          5.1666666666666661 2.6666666666666665 0.33333333333333331
          5.333333333333333 2.6666666666666665 0.33333333333333331
          5.5 2.6666666666666665 0.33333333333333331
          5.6666666666666661 2.6666666666666665 0.33333333333333331
          5.833333333333333 2.6666666666666665 0.33333333333333331
          6 2.6666666666666665 0.33333333333333331
          6.1666666666666661 2.6666666666666665 0.33333333333333331
          6.333333333333333 2.6666666666666665 0.33333333333333331
          6.5 2.6666666666666665 0.33333333333333331
          6.6666666666666661 2.6666666666666665 0.33333333333333331
          6.833333333333333 2.6666666666666665 0.33333333333333331
          7 2.6666666666666665 0.33333333333333331
          0 3 0.33333333333333331
          0.16666666666666666 3 0.33333333333333331
          0.33333333333333331 3 0.33333333333333331
          0.5 3 0.33333333333333331
          0.66666666666666663 3 0.33333333333333331
          0.83333333333333326 3 0.33333333333333331
          1 3 0.33333333333333331
          1.1666666666666665 3 0.33333333333333331
          1.3333333333333333 3 0.33333333333333331
          1.5 3 0.33333333333333331
          1.6666666666666665 3 0.33333333333333331
          1.8333333333333333 3 0.33333333333333331
          2 3 0.33333333333333331
          2.1666666666666665 3 0.33333333333333331
          2.333333333333333 3 0.33333333333333331
          2.5 3 0.33333333333333331
          2.6666666666666665 3 0.33333333333333331
          2.833333333333333 3 0.33333333333333331
          3 3 0.33333333333333331
          3.1666666666666665 3 0.33333333333333331
          3.333333333333333 3 0.33333333333333331
          3.5 3 0.33333333333333331
          3.6666666666666665 3 0.33333333333333331
          3.833333333333333 3 0.33333333333333331
          4 3 0.33333333333333331
          4.1666666666666661 3 0.33333333333333331
          4.333333333333333 3 0.33333333333333331
          4.5 3 0.33333333333333331
          4.6666666666666661 3 0.33333333333333331
          4.833333333333333 3 0.33333333333333331
          5 3 0.33333333333333331
          5.1666666666666661 3 0.33333333333333331
          5.333333333333333 3 0.33333333333333331
          5.5 3 0.33333333333333331
          5.6666666666666661 3 0.33333333333333331
          5.833333333333333 3 0.33333333333333331
          6 3 0.33333333333333331
          6.1666666666666661 3 0.33333333333333331
          6.333333333333333 3 0.33333333333333331
          6.5 3 0.33333333333333331
          6.6666666666666661 3 0.33333333333333331
          6.833333333333333 3 0.33333333333333331
          7 3 0.33333333333333331
          0 0 0.66666666666666663
          0.16666666666666666 0 0.66666666666666663
          0.33333333333333331 0 0.66666666666666663
          0.5 0 0.66666666666666663
          0.66666666666666663 0 0.66666666666666663
          0.83333333333333326 0 0.66666666666666663
          1 0 0.66666666666666663
          1.1666666666666665 0 0.66666666666666663
          1.3333333333333333 0 0.66666666666666663
          1.5 0 0.66666666666666663
          1.6666666666666665 0 0.66666666666666663
          1.8333333333333333 0 0.66666666666666663
          2 0 0.66666666666666663
          2.1666666666666665 0 0.66666666666666663
          2.333333333333333 0 0.66666666666666663
          2.5 0 0.66666666666666663
          2.6666666666666665 0 0.66666666666666663
          2.833333333333333 0 0.66666666666666663
          3 0 0.66666666666666663
          3.1666666666666665 0 0.66666666666666663
          3.333333333333333 0 0.66666666666666663
          3.5 0 0.66666666666666663
          3.6666666666666665 0 0.66666666666666663
          3.833333333333333 0 0.66666666666666663
          4 0 0.66666666666666663
          4.1666666666666661 0 0.66666666666666663
          4.333333333333333 0 0.66666666666666663
          4.5 0 0.66666666666666663
          4.6666666666666661 0 0.66666666666666663
          4.833333333333333 0 0.66666666666666663
          5 0 0.66666666666666663
          5.1666666666666661 0 0.66666666666666663
          5.333333333333333 0 0.66666666666666663
          5.5 0 0.66666666666666663
          5.6666666666666661 0 0.66666666666666663
          5.833333333333333 0 0.66666666666666663
          6 0 0.66666666666666663
          6.1666666666666661 0 0.66666666666666663
          6.333333333333333 0 0.66666666666666663
          6.5 0 0.66666666666666663
          6.6666666666666661 0 0.66666666666666663
          6.833333333333333 0 0.66666666666666663
          7 0 0.66666666666666663
          0 0.33333333333333331 0.66666666666666663
          0.16666666666666666 0.33333333333333331 0.66666666666666663
          0.33333333333333331 0.33333333333333331 0.66666666666666663
          0.5 0.33333333333333331 0.66666666666666663
          0.66666666666666663 0.33333333333333331 0.66666666666666663
          0.83333333333333326 0.33333333333333331 0.66666666666666663
          1 0.33333333333333331 0.66666666666666663
          1.1666666666666665 0.33333333333333331 0.66666666666666663
          1.3333333333333333 0.33333333333333331 0.66666666666666663
          1.5 0.33333333333333331 0.66666666666666663
          1.6666666666666665 0.33333333333333331 0.66666666666666663
          1.8333333333333333 0.33333333333333331 0.66666666666666663
          2 0.33333333333333331 0.66666666666666663
          2.1666666666666665 0.33333333333333331 0.66666666666666663
          2.333333333333333 0.33333333333333331 0.66666666666666663
          2.5 0.33333333333333331 0.66666666666666663
          2.6666666666666665 0.33333333333333331 0.66666666666666663
          2.833333333333333 0.33333333333333331 0.66666666666666663
          3 0.33333333333333331 0.66666666666666663
          3.1666666666666665 0.33333333333333331 0.66666666666666663
          3.333333333333333 0.33333333333333331 0.66666666666666663
          3.5 0.33333333333333331 0.66666666666666663
          3.6666666666666665 0.33333333333333331 0.66666666666666663
          3.833333333333333 0.33333333333333331 0.66666666666666663
          4 0.33333333333333331 0.66666666666666663
          4.1666666666666661 0.33333333333333331 0.66666666666666663
          4.333333333333333 0.33333333333333331 0.66666666666666663
          4.5 0.33333333333333331 0.66666666666666663
          4.6666666666666661 0.33333333333333331 0.66666666666666663
          4.833333333333333 0.33333333333333331 0.66666666666666663
          5 0.33333333333333331 0.66666666666666663
          5.1666666666666661 0.33333333333333331 0.66666666666666663
          5.333333333333333 0.33333333333333331 0.66666666666666663
          5.5 0.33333333333333331 0.66666666666666663
          5.6666666666666661 0.33333333333333331 0.66666666666666663
          5.833333333333333 0.33333333333333331 0.66666666666666663
          6 0.33333333333333331 0.66666666666666663
          6.1666666666666661 0.33333333333333331 0.66666666666666663
          6.333333333333333 0.33333333333333331 0.66666666666666663
          6.5 0.33333333333333331 0.66666666666666663
          6.6666666666666661 0.33333333333333331 0.66666666666666663
          6.833333333333333 0.33333333333333331 0.66666666666666663
          7 0.33333333333333331 0.66666666666666663
          0 0.66666666666666663 0.66666666666666663
          0.16666666666666666 0.66666666666666663 0.66666666666666663
          0.33333333333333331 0.66666666666666663 0.66666666666666663
          0.5 0.66666666666666663 0.66666666666666663
          0.66666666666666663 0.66666666666666663 0.66666666666666663
          0.83333333333333326 0.66666666666666663 0.66666666666666663
          1 0.66666666666666663 0.66666666666666663
          1.1666666666666665 0.66666666666666663 0.66666666666666663
          1.3333333333333333 0.66666666666666663 0.66666666666666663
          1.5 0.66666666666666663 0.66666666666666663
          1.6666666666666665 0.66666666666666663 0.66666666666666663
          1.8333333333333333 0.66666666666666663 0.66666666666666663
          2 0.66666666666666663 0.66666666666666663
          2.1666666666666665 0.66666666666666663 0.66666666666666663
          2.333333333333333 0.66666666666666663 0.66666666666666663
          2.5 0.66666666666666663 0.66666666666666663
          2.6666666666666665 0.66666666666666663 0.66666666666666663
          2.833333333333333 0.66666666666666663 0.66666666666666663
          3 0.66666666666666663 0.66666666666666663
          3.1666666666666665 0.66666666666666663 0.66666666666666663
          3.333333333333333 0.66666666666666663 0.66666666666666663
          3.5 0.66666666666666663 0.66666666666666663
          3.6666666666666665 0.66666666666666663 0.66666666666666663
          3.833333333333333 0.66666666666666663 0.66666666666666663
          4 0.66666666666666663 0.66666666666666663
          4.1666666666666661 0.66666666666666663 0.66666666666666663
          4.333333333333333 0.66666666666666663 0.66666666666666663
          4.5 0.66666666666666663 0.66666666666666663
          4.6666666666666661 0.66666666666666663 0.66666666666666663
          4.833333333333333 0.66666666666666663 0.66666666666666663
          5 0.66666666666666663 0.66666666666666663
          5.1666666666666661 0.66666666666666663 0.66666666666666663
          5.333333333333333 0.66666666666666663 0.66666666666666663
          5.5 0.66666666666666663 0.66666666666666663
          5.6666666666666661 0.66666666666666663 0.66666666666666663
          5.833333333333333 0.66666666666666663 0.66666666666666663
          6 0.66666666666666663 0.66666666666666663
          6.1666666666666661 0.66666666666666663 0.66666666666666663
          6.333333333333333 0.66666666666666663 0.66666666666666663
          6.5 0.66666666666666663 0.66666666666666663
          6.6666666666666661 0.66666666666666663 0.66666666666666663
          6.833333333333333 0.66666666666666663 0.66666666666666663
          7 0.66666666666666663 0.66666666666666663
          0 1 0.66666666666666663
          0.16666666666666666 1 0.66666666666666663
          0.33333333333333331 1 0.66666666666666663
          0.5 1 0.66666666666666663
          0.66666666666666663 1 0.66666666666666663
          0.83333333333333326 1 0.66666666666666663
          1 1 0.66666666666666663
          1.1666666666666665 1 0.66666666666666663
          1.3333333333333333 1 0.66666666666666663
          1.5 1 0.66666666666666663
          1.6666666666666665 1 0.66666666666666663
          1.8333333333333333 1 0.66666666666666663
          2 1 0.66666666666666663
          2.1666666666666665 1 0.66666666666666663
          2.333333333333333 1 0.66666666666666663
          2.5 1 0.66666666666666663
          2.6666666666666665 1 0.66666666666666663
          2.833333333333333 1 0.66666666666666663
          3 1 0.66666666666666663
          3.1666666666666665 1 0.66666666666666663
          3.333333333333333 1 0.66666666666666663
          3.5 1 0.66666666666666663
          3.6666666666666665 1 0.66666666666666663
          3.833333333333333 1 0.66666666666666663
          4 1 0.66666666666666663
          4.1666666666666661 1 0.66666666666666663
          4.333333333333333 1 0.66666666666666663
          4.5 1 0.66666666666666663
          4.6666666666666661 1 0.66666666666666663
          4.833333333333333 1 0.66666666666666663
          5 1 0.66666666666666663
          5.1666666666666661 1 0.66666666666666663
          5.333333333333333 1 0.66666666666666663
          5.5 1 0.66666666666666663
          5.6666666666666661 1 0.66666666666666663
          5.833333333333333 1 0.66666666666666663
          6 1 0.66666666666666663
          6.1666666666666661 1 0.66666666666666663
          6.333333333333333 1 0.66666666666666663
          6.5 1 0.66666666666666663
          6.6666666666666661 1 0.66666666666666663
          6.833333333333333 1 0.66666666666666663
          7 1 0.66666666666666663
          0 1.3333333333333333 0.66666666666666663
          0.16666666666666666 1.3333333333333333 0.66666666666666663
          0.33333333333333331 1.3333333333333333 0.66666666666666663
          0.5 1.3333333333333333 0.66666666666666663
          0.66666666666666663 1.3333333333333333 0.66666666666666663
          0.83333333333333326 1.3333333333333333 0.66666666666666663
          1 1.3333333333333333 0.66666666666666663
          1.1666666666666665 1.3333333333333333 0.66666666666666663
          1.3333333333333333 1.3333333333333333 0.66666666666666663
          1.5 1.3333333333333333 0.66666666666666663
          1.6666666666666665 1.3333333333333333 0.66666666666666663
          1.8333333333333333 1.3333333333333333 0.66666666666666663
          2 1.3333333333333333 0.66666666666666663
          2.1666666666666665 1.3333333333333333 0.66666666666666663
          2.333333333333333 1.3333333333333333 0.66666666666666663
          2.5 1.3333333333333333 0.66666666666666663
          2.6666666666666665 1.3333333333333333 0.66666666666666663
          2.833333333333333 1.3333333333333333 0.66666666666666663
          3 1.3333333333333333 0.66666666666666663
          3.1666666666666665 1.3333333333333333 0.66666666666666663
          3.333333333333333 1.3333333333333333 0.66666666666666663
          3.5 1.3333333333333333 0.66666666666666663
          3.6666666666666665 1.3333333333333333 0.66666666666666663
          3.833333333333333 1.3333333333333333 0.66666666666666663
          4 1.3333333333333333 0.66666666666666663
          4.1666666666666661 1.3333333333333333 0.66666666666666663
          4.333333333333333 1.3333333333333333 0.66666666666666663
          4.5 1.3333333333333333 0.66666666666666663
          4.6666666666666661 1.3333333333333333 0.66666666666666663
          4.833333333333333 1.3333333333333333 0.66666666666666663
          5 1.3333333333333333 0.66666666666666663
          5.1666666666666661 1.3333333333333333 0.66666666666666663
          5.333333333333333 1.3333333333333333 0.66666666666666663
          5.5 1.3333333333333333 0.66666666666666663
          5.6666666666666661 1.3333333333333333 0.66666666666666663
          5.833333333333333 1.3333333333333333 0.66666666666666663
          6 1.3333333333333333 0.66666666666666663
          6.1666666666666661 1.3333333333333333 0.66666666666666663
          6.333333333333333 1.3333333333333333 0.66666666666666663
          6.5 1.3333333333333333 0.66666666666666663
          6.6666666666666661 1.3333333333333333 0.66666666666666663
          6.833333333333333 1.3333333333333333 0.66666666666666663
          7 1.3333333333333333 0.66666666666666663
          0 1.6666666666666665 0.66666666666666663
          0.16666666666666666 1.6666666666666665 0.66666666666666663
          0.33333333333333331 1.6666666666666665 0.66666666666666663
          0.5 1.6666666666666665 0.66666666666666663
          0.66666666666666663 1.6666666666666665 0.66666666666666663
          0.83333333333333326 1.6666666666666665 0.66666666666666663
          1 1.6666666666666665 0.66666666666666663
          1.1666666666666665 1.6666666666666665 0.66666666666666663
          1.3333333333333333 1.6666666666666665 0.66666666666666663
          1.5 1.6666666666666665 0.66666666666666663
          1.6666666666666665 1.6666666666666665 0.66666666666666663
          1.8333333333333333 1.6666666666666665 0.66666666666666663
          2 1.6666666666666665 0.66666666666666663
          2.1666666666666665 1.6666666666666665 0.66666666666666663
          2.333333333333333 1.6666666666666665 0.66666666666666663
          2.5 1.6666666666666665 0.66666666666666663
          2.6666666666666665 1.6666666666666665 0.66666666666666663
          2.833333333333333 1.6666666666666665 0.66666666666666663
          3 1.6666666666666665 0.66666666666666663
          3.1666666666666665 1.6666666666666665 0.66666666666666663
          3.333333333333333 1.6666666666666665 0.66666666666666663
          3.5 1.6666666666666665 0.66666666666666663
          3.6666666666666665 1.6666666666666665 0.66666666666666663
          3.833333333333333 1.6666666666666665 0.66666666666666663
          4 1.6666666666666665 0.66666666666666663
          4.1666666666666661 1.6666666666666665 0.66666666666666663
          4.333333333333333 1.6666666666666665 0.66666666666666663
          4.5 1.6666666666666665 0.66666666666666663
          4.6666666666666661 1.6666666666666665 0.66666666666666663
          4.833333333333333 1.6666666666666665 0.66666666666666663
          5 1.6666666666666665 0.66666666666666663
          5.1666666666666661 1.6666666666666665 0.66666666666666663
          5.333333333333333 1.6666666666666665 0.66666666666666663
          5.5 1.6666666666666665 0.66666666666666663
          5.6666666666666661 1.6666666666666665 0.66666666666666663
          5.833333333333333 1.6666666666666665 0.66666666666666663
          6 1.6666666666666665 0.66666666666666663
          6.1666666666666661 1.6666666666666665 0.66666666666666663
          6.333333333333333 1.6666666666666665 0.66666666666666663
          6.5 1.6666666666666665 0.66666666666666663
          6.6666666666666661 1.6666666666666665 0.66666666666666663
          6.833333333333333 1.6666666666666665 0.66666666666666663
          7 1.6666666666666665 0.66666666666666663
          0 2 0.66666666666666663
          0.16666666666666666 2 0.66666666666666663
          0.33333333333333331 2 0.66666666666666663
          0.5 2 0.66666666666666663
          0.66666666666666663 2 0.66666666666666663
          0.83333333333333326 2 0.66666666666666663
          1 2 0.66666666666666663
          1.1666666666666665 2 0.66666666666666663
          1.3333333333333333 2 0.66666666666666663
          1.5 2 0.66666666666666663
          1.6666666666666665 2 0.66666666666666663
          1.8333333333333333 2 0.66666666666666663
          2 2 0.66666666666666663
          2.1666666666666665 2 0.66666666666666663
          2.333333333333333 2 0.66666666666666663
          2.5 2 0.66666666666666663
          2.6666666666666665 2 0.66666666666666663
          2.833333333333333 2 0.66666666666666663
          3 2 0.66666666666666663
          3.1666666666666665 2 0.66666666666666663
          3.333333333333333 2 0.66666666666666663
          3.5 2 0.66666666666666663
          3.6666666666666665 2 0.66666666666666663
          3.833333333333333 2 0.66666666666666663
          4 2 0.66666666666666663
          4.1666666666666661 2 0.66666666666666663
          4.333333333333333 2 0.66666666666666663
          4.5 2 0.66666666666666663
          4.6666666666666661 2 0.66666666666666663
          4.833333333333333 2 0.66666666666666663
          5 2 0.66666666666666663
          5.1666666666666661 2 0.66666666666666663
          5.333333333333333 2 0.66666666666666663
          5.5 2 0.66666666666666663
          5.6666666666666661 2 0.66666666666666663
          5.833333333333333 2 0.66666666666666663
          6 2 0.66666666666666663
          6.1666666666666661 2 0.66666666666666663
          6.333333333333333 2 0.66666666666666663
          6.5 2 0.66666666666666663
          6.6666666666666661 2 0.66666666666666663
          6.833333333333333 2 0.66666666666666663
          7 2 0.66666666666666663
          0 2.333333333333333 0.66666666666666663
          0.16666666666666666 2.333333333333333 0.66666666666666663
          0.33333333333333331 2.333333333333333 0.66666666666666663
          0.5 2.333333333333333 0.66666666666666663
          0.66666666666666663 2.333333333333333 0.66666666666666663
          0.83333333333333326 2.333333333333333 0.66666666666666663
          1 2.333333333333333 0.66666666666666663
          1.1666666666666665 2.333333333333333 0.66666666666666663
          1.3333333333333333 2.333333333333333 0.66666666666666663
          1.5 2.333333333333333 0.66666666666666663
          1.6666666666666665 2.333333333333333 0.66666666666666663
          1.8333333333333333 2.333333333333333 0.66666666666666663
          2 2.333333333333333 0.66666666666666663
          2.1666666666666665 2.333333333333333 0.66666666666666663
          2.333333333333333 2.333333333333333 0.66666666666666663
          2.5 2.333333333333333 0.66666666666666663
          2.6666666666666665 2.333333333333333 0.66666666666666663
          2.833333333333333 2.333333333333333 0.66666666666666663
          3 2.333333333333333 0.66666666666666663
          3.1666666666666665 2.333333333333333 0.66666666666666663
          3.333333333333333 2.333333333333333 0.66666666666666663
          3.5 2.333333333333333 0.66666666666666663
          3.6666666666666665 2.333333333333333 0.66666666666666663
          3.833333333333333 2.333333333333333 0.66666666666666663
          4 2.333333333333333 0.66666666666666663
          4.1666666666666661 2.333333333333333 0.66666666666666663
          4.333333333333333 2.333333333333333 0.66666666666666663
          4.5 2.333333333333333 0.66666666666666663
          4.6666666666666661 2.333333333333333 0.66666666666666663
          4.833333333333333 2.333333333333333 0.66666666666666663
          5 2.333333333333333 0.66666666666666663
          5.1666666666666661 2.333333333333333 0.66666666666666663
          5.333333333333333 2.333333333333333 0.66666666666666663
          5.5 2.333333333333333 0.66666666666666663
          5.6666666666666661 2.333333333333333 0.66666666666666663
          5.833333333333333 2.333333333333333 0.66666666666666663
          6 2.333333333333333 0.66666666666666663
          6.1666666666666661 2.333333333333333 0.66666666666666663
          6.333333333333333 2.333333333333333 0.66666666666666663
          6.5 2.333333333333333 0.66666666666666663
          6.6666666666666661 2.333333333333333 0.66666666666666663
          6.833333333333333 2.333333333333333 0.66666666666666663
          7 2.333333333333333 0.66666666666666663
          0 2.6666666666666665 0.66666666666666663
          0.16666666666666666 2.6666666666666665 0.66666666666666663
          0.33333333333333331 2.6666666666666665 0.66666666666666663
          0.5 2.6666666666666665 0.66666666666666663
          0.66666666666666663 2.6666666666666665 0.66666666666666663
          0.83333333333333326 2.6666666666666665 0.66666666666666663
          1 2.6666666666666665 0.66666666666666663
          1.1666666666666665 2.6666666666666665 0.66666666666666663
          1.3333333333333333 2.6666666666666665 0.66666666666666663
          1.5 2.6666666666666665 0.66666666666666663
          1.6666666666666665 2.6666666666666665 0.66666666666666663
          1.8333333333333333 2.6666666666666665 0.66666666666666663
          2 2.6666666666666665 0.66666666666666663
          2.1666666666666665 2.6666666666666665 0.66666666666666663
          2.333333333333333 2.6666666666666665 0.66666666666666663
          2.5 2.6666666666666665 0.66666666666666663
          2.6666666666666665 2.6666666666666665 0.66666666666666663
          2.833333333333333 2.6666666666666665 0.66666666666666663
          3 2.6666666666666665 0.66666666666666663
          3.1666666666666665 2.6666666666666665 0.66666666666666663
          3.333333333333333 2.6666666666666665 0.66666666666666663
          3.5 2.6666666666666665 0.66666666666666663
          3.6666666666666665 2.6666666666666665 0.66666666666666663
          3.833333333333333 2.6666666666666665 0.66666666666666663
          4 2.6666666666666665 0.66666666666666663
          4.1666666666666661 2.6666666666666665 0.66666666666666663
          4.333333333333333 2.6666666666666665 0.66666666666666663
          4.5 2.6666666666666665 0.66666666666666663
          4.6666666666666661 2.6666666666666665 0.66666666666666663
          4.833333333333333 2.6666666666666665 0.66666666666666663
          5 2.6666666666666665 0.66666666666666663
          5.1666666666666661 2.6666666666666665 0.66666666666666663
          5.333333333333333 2.6666666666666665 0.66666666666666663
          5.5 2.6666666666666665 0.66666666666666663
          5.6666666666666661 2.6666666666666665 0.66666666666666663
          5.833333333333333 2.6666666666666665 0.66666666666666663
          6 2.6666666666666665 0.66666666666666663
          6.1666666666666661 2.6666666666666665 0.66666666666666663
          6.333333333333333 2.6666666666666665 0.66666666666666663
          6.5 2.6666666666666665 0.66666666666666663
          6.6666666666666661 2.6666666666666665 0.66666666666666663
          6.833333333333333 2.6666666666666665 0.66666666666666663
          7 2.6666666666666665 0.66666666666666663
          0 3 0.66666666666666663
          0.16666666666666666 3 0.66666666666666663
          0.33333333333333331 3 0.66666666666666663
          0.5 3 0.66666666666666663
          0.66666666666666663 3 0.66666666666666663
          0.83333333333333326 3 0.66666666666666663
          1 3 0.66666666666666663
          1.1666666666666665 3 0.66666666666666663
          1.3333333333333333 3 0.66666666666666663
          1.5 3 0.66666666666666663
          1.6666666666666665 3 0.66666666666666663
          1.8333333333333333 3 0.66666666666666663
          2 3 0.66666666666666663
          2.1666666666666665 3 0.66666666666666663
          2.333333333333333 3 0.66666666666666663
          2.5 3 0.66666666666666663
          2.6666666666666665 3 0.66666666666666663
          2.833333333333333 3 0.66666666666666663
          3 3 0.66666666666666663
          3.1666666666666665 3 0.66666666666666663
          3.333333333333333 3 0.66666666666666663
          3.5 3 0.66666666666666663
          3.6666666666666665 3 0.66666666666666663
          3.833333333333333 3 0.66666666666666663
          4 3 0.66666666666666663
          4.1666666666666661 3 0.66666666666666663
          4.333333333333333 3 0.66666666666666663
          4.5 3 0.66666666666666663
          4.6666666666666661 3 0.66666666666666663
          4.833333333333333 3 0.66666666666666663
          5 3 0.66666666666666663
          5.1666666666666661 3 0.66666666666666663
          5.333333333333333 3 0.66666666666666663
          5.5 3 0.66666666666666663
          5.6666666666666661 3 0.66666666666666663
          5.833333333333333 3 0.66666666666666663
          6 3 0.66666666666666663
          6.1666666666666661 3 0.66666666666666663
          6.333333333333333 3 0.66666666666666663
          6.5 3 0.66666666666666663
          6.6666666666666661 3 0.66666666666666663
          6.833333333333333 3 0.66666666666666663
          7 3 0.66666666666666663
          0 0 1
          0.16666666666666666 0 1
          0.33333333333333331 0 1
          0.5 0 1
          0.66666666666666663 0 1
          0.83333333333333326 0 1
          1 0 1
          1.1666666666666665 0 1
          1.3333333333333333 0 1
          1.5 0 1
          1.6666666666666665 0 1
          1.8333333333333333 0 1
          2 0 1
          2.1666666666666665 0 1
          2.333333333333333 0 1
          2.5 0 1
          2.6666666666666665 0 1
          2.833333333333333 0 1
          3 0 1
          3.1666666666666665 0 1
          3.333333333333333 0 1
          3.5 0 1
          3.6666666666666665 0 1
          3.833333333333333 0 1
          4 0 1
          4.1666666666666661 0 1
          4.333333333333333 0 1
          4.5 0 1
          4.6666666666666661 0 1
          4.833333333333333 0 1
          5 0 1
          5.1666666666666661 0 1
          5.333333333333333 0 1
          5.5 0 1
          5.6666666666666661 0 1
          5.833333333333333 0 1
          6 0 1
          6.1666666666666661 0 1
          6.333333333333333 0 1
          6.5 0 1
          6.6666666666666661 0 1
          6.833333333333333 0 1
          7 0 1
          0 0.33333333333333331 1
          0.16666666666666666 0.33333333333333331 1
          0.33333333333333331 0.33333333333333331 1
          0.5 0.33333333333333331 1
          0.66666666666666663 0.33333333333333331 1
          0.83333333333333326 0.33333333333333331 1
          1 0.33333333333333331 1
          1.1666666666666665 0.33333333333333331 1
          1.3333333333333333 0.33333333333333331 1
          1.5 0.33333333333333331 1
          1.6666666666666665 0.33333333333333331 1
          1.8333333333333333 0.33333333333333331 1
          2 0.33333333333333331 1
          2.1666666666666665 0.33333333333333331 1
          2.333333333333333 0.33333333333333331 1
          2.5 0.33333333333333331 1
          2.6666666666666665 0.33333333333333331 1
          2.833333333333333 0.33333333333333331 1
          3 0.33333333333333331 1
          3.1666666666666665 0.33333333333333331 1
          3.333333333333333 0.33333333333333331 1
          3.5 0.33333333333333331 1
          3.6666666666666665 0.33333333333333331 1
          3.833333333333333 0.33333333333333331 1
          4 0.33333333333333331 1
          4.1666666666666661 0.33333333333333331 1
          4.333333333333333 0.33333333333333331 1
          4.5 0.33333333333333331 1
          4.6666666666666661 0.33333333333333331 1
          4.833333333333333 0.33333333333333331 1
          5 0.33333333333333331 1
          5.1666666666666661 0.33333333333333331 1
          5.333333333333333 0.33333333333333331 1
          5.5 0.33333333333333331 1
          5.6666666666666661 0.33333333333333331 1
          5.833333333333333 0.33333333333333331 1
          6 0.33333333333333331 1
          6.1666666666666661 0.33333333333333331 1
          6.333333333333333 0.33333333333333331 1
          6.5 0.33333333333333331 1
          6.6666666666666661 0.33333333333333331 1
          6.833333333333333 0.33333333333333331 1
          7 0.33333333333333331 1
          0 0.66666666666666663 1
          0.16666666666666666 0.66666666666666663 1
          0.33333333333333331 0.66666666666666663 1
          0.5 0.66666666666666663 1
          0.66666666666666663 0.66666666666666663 1
          0.83333333333333326 0.66666666666666663 1
          1 0.66666666666666663 1
          1.1666666666666665 0.66666666666666663 1
          1.3333333333333333 0.66666666666666663 1
          1.5 0.66666666666666663 1
          1.6666666666666665 0.66666666666666663 1
          1.8333333333333333 0.66666666666666663 1
          2 0.66666666666666663 1
          2.1666666666666665 0.66666666666666663 1
          2.333333333333333 0.66666666666666663 1
          2.5 0.66666666666666663 1
          2.6666666666666665 0.66666666666666663 1
          2.833333333333333 0.66666666666666663 1
          3 0.66666666666666663 1
          3.1666666666666665 0.66666666666666663 1
          3.333333333333333 0.66666666666666663 1
          3.5 0.66666666666666663 1
          3.6666666666666665 0.66666666666666663 1
          3.833333333333333 0.66666666666666663 1
          4 0.66666666666666663 1
          4.1666666666666661 0.66666666666666663 1
          4.333333333333333 0.66666666666666663 1
          4.5 0.66666666666666663 1
          4.6666666666666661 0.66666666666666663 1
          4.833333333333333 0.66666666666666663 1
          5 0.66666666666666663 1
          5.1666666666666661 0.66666666666666663 1
          5.333333333333333 0.66666666666666663 1
          5.5 0.66666666666666663 1
          5.6666666666666661 0.66666666666666663 1
          5.833333333333333 0.66666666666666663 1
          6 0.66666666666666663 1
          6.1666666666666661 0.66666666666666663 1
          6.333333333333333 0.66666666666666663 1
          6.5 0.66666666666666663 1
          6.6666666666666661 0.66666666666666663 1
          6.833333333333333 0.66666666666666663 1
          7 0.66666666666666663 1
          0 1 1
          0.16666666666666666 1 1
          0.33333333333333331 1 1
          0.5 1 1
          0.66666666666666663 1 1
          0.83333333333333326 1 1
          1 1 1
          1.1666666666666665 1 1
          1.3333333333333333 1 1
          1.5 1 1
          1.6666666666666665 1 1
          1.8333333333333333 1 1
          2 1 1
          2.1666666666666665 1 1
          2.333333333333333 1 1
          2.5 1 1
          2.6666666666666665 1 1
          2.833333333333333 1 1
          3 1 1
          3.1666666666666665 1 1
          3.333333333333333 1 1
          3.5 1 1
          3.6666666666666665 1 1
          3.833333333333333 1 1
          4 1 1
          4.1666666666666661 1 1
          4.333333333333333 1 1
          4.5 1 1
          4.6666666666666661 1 1
          4.833333333333333 1 1
          5 1 1
          5.1666666666666661 1 1
          5.333333333333333 1 1
          5.5 1 1
          5.6666666666666661 1 1
          5.833333333333333 1 1
          6 1 1
          6.1666666666666661 1 1
          6.333333333333333 1 1
          6.5 1 1
          6.6666666666666661 1 1
          6.833333333333333 1 1
          7 1 1
          0 1.3333333333333333 1
          0.16666666666666666 1.3333333333333333 1
          0.33333333333333331 1.3333333333333333 1
          0.5 1.3333333333333333 1
          0.66666666666666663 1.3333333333333333 1
          0.83333333333333326 1.3333333333333333 1
          1 1.3333333333333333 1
          1.1666666666666665 1.3333333333333333 1
          1.3333333333333333 1.3333333333333333 1
          1.5 1.3333333333333333 1
          1.6666666666666665 1.3333333333333333 1
          1.8333333333333333 1.3333333333333333 1
          2 1.3333333333333333 1
          2.1666666666666665 1.3333333333333333 1
          2.333333333333333 1.3333333333333333 1
          2.5 1.3333333333333333 1
          2.6666666666666665 1.3333333333333333 1
          2.833333333333333 1.3333333333333333 1
          3 1.3333333333333333 1
          3.1666666666666665 1.3333333333333333 1
          3.333333333333333 1.3333333333333333 1
          3.5 1.3333333333333333 1
          3.6666666666666665 1.3333333333333333 1
          3.833333333333333 1.3333333333333333 1
          4 1.3333333333333333 1
          4.1666666666666661 1.3333333333333333 1
          4.333333333333333 1.3333333333333333 1
          4.5 1.3333333333333333 1
          4.6666666666666661 1.3333333333333333 1
          4.833333333333333 1.3333333333333333 1
          5 1.3333333333333333 1
          5.1666666666666661 1.3333333333333333 1
          5.333333333333333 1.3333333333333333 1
          5.5 1.3333333333333333 1
          5.6666666666666661 1.3333333333333333 1
          5.833333333333333 1.3333333333333333 1
          6 1.3333333333333333 1
          6.1666666666666661 1.3333333333333333 1
          6.333333333333333 1.3333333333333333 1
          6.5 1.3333333333333333 1
          6.6666666666666661 1.3333333333333333 1
          6.833333333333333 1.3333333333333333 1
          7 1.3333333333333333 1
          0 1.6666666666666665 1
          0.16666666666666666 1.6666666666666665 1
          0.33333333333333331 1.6666666666666665 1
          0.5 1.6666666666666665 1
          0.66666666666666663 1.6666666666666665 1
          0.83333333333333326 1.6666666666666665 1
          1 1.6666666666666665 1
          1.1666666666666665 1.6666666666666665 1
          1.3333333333333333 1.6666666666666665 1
          1.5 1.6666666666666665 1
          1.6666666666666665 1.6666666666666665 1
          1.8333333333333333 1.6666666666666665 1
          2 1.6666666666666665 1
          2.1666666666666665 1.6666666666666665 1
          2.333333333333333 1.6666666666666665 1
          2.5 1.6666666666666665 1
          2.6666666666666665 1.6666666666666665 1
          2.833333333333333 1.6666666666666665 1
          3 1.6666666666666665 1
          3.1666666666666665 1.6666666666666665 1
          3.333333333333333 1.6666666666666665 1
          3.5 1.6666666666666665 1
          3.6666666666666665 1.6666666666666665 1
          3.833333333333333 1.6666666666666665 1
          4 1.6666666666666665 1
          4.1666666666666661 1.6666666666666665 1
          4.333333333333333 1.6666666666666665 1
          4.5 1.6666666666666665 1
          4.6666666666666661 1.6666666666666665 1
          4.833333333333333 1.6666666666666665 1
          5 1.6666666666666665 1
          5.1666666666666661 1.6666666666666665 1
          5.333333333333333 1.6666666666666665 1
          5.5 1.6666666666666665 1
          5.6666666666666661 1.6666666666666665 1
          5.833333333333333 1.6666666666666665 1
          6 1.6666666666666665 1
          6.1666666666666661 1.6666666666666665 1
          6.333333333333333 1.6666666666666665 1
          6.5 1.6666666666666665 1
          6.6666666666666661 1.6666666666666665 1
          6.833333333333333 1.6666666666666665 1
          7 1.6666666666666665 1
          0 2 1
          0.16666666666666666 2 1
          0.33333333333333331 2 1
          0.5 2 1
          0.66666666666666663 2 1
          0.83333333333333326 2 1
          1 2 1
          1.1666666666666665 2 1
          1.3333333333333333 2 1
          1.5 2 1
          1.6666666666666665 2 1
          1.8333333333333333 2 1
          2 2 1
          2.1666666666666665 2 1
          2.333333333333333 2 1
          2.5 2 1
          2.6666666666666665 2 1
          2.833333333333333 2 1
          3 2 1
          3.1666666666666665 2 1
          3.333333333333333 2 1
          3.5 2 1
          3.6666666666666665 2 1
          3.833333333333333 2 1
          4 2 1
          4.1666666666666661 2 1
          4.333333333333333 2 1
          4.5 2 1
          4.6666666666666661 2 1
          4.833333333333333 2 1
          5 2 1
          5.1666666666666661 2 1
          5.333333333333333 2 1
          5.5 2 1
          5.6666666666666661 2 1
          5.833333333333333 2 1
          6 2 1
          6.1666666666666661 2 1
          6.333333333333333 2 1
          6.5 2 1
          6.6666666666666661 2 1
          6.833333333333333 2 1
          7 2 1
          0 2.333333333333333 1
          0.16666666666666666 2.333333333333333 1
          0.33333333333333331 2.333333333333333 1
          0.5 2.333333333333333 1
          0.66666666666666663 2.333333333333333 1
          0.83333333333333326 2.333333333333333 1
          1 2.333333333333333 1
          1.1666666666666665 2.333333333333333 1
          1.3333333333333333 2.333333333333333 1
          1.5 2.333333333333333 1
          1.6666666666666665 2.333333333333333 1
          1.8333333333333333 2.333333333333333 1
          2 2.333333333333333 1
          2.1666666666666665 2.333333333333333 1
          2.333333333333333 2.333333333333333 1
          2.5 2.333333333333333 1
          2.6666666666666665 2.333333333333333 1
          2.833333333333333 2.333333333333333 1
          3 2.333333333333333 1
          3.1666666666666665 2.333333333333333 1
          3.333333333333333 2.333333333333333 1
          3.5 2.333333333333333 1
          3.6666666666666665 2.333333333333333 1
          3.833333333333333 2.333333333333333 1
          4 2.333333333333333 1
          4.1666666666666661 2.333333333333333 1
          4.333333333333333 2.333333333333333 1
          4.5 2.333333333333333 1
          4.6666666666666661 2.333333333333333 1
          4.833333333333333 2.333333333333333 1
          5 2.333333333333333 1
          5.1666666666666661 2.333333333333333 1
          5.333333333333333 2.333333333333333 1
          5.5 2.333333333333333 1
          5.6666666666666661 2.333333333333333 1
          5.833333333333333 2.333333333333333 1
          6 2.333333333333333 1
          6.1666666666666661 2.333333333333333 1
          6.333333333333333 2.333333333333333 1
          6.5 2.333333333333333 1
          6.6666666666666661 2.333333333333333 1
          6.833333333333333 2.333333333333333 1
          7 2.333333333333333 1
          0 2.6666666666666665 1
          0.16666666666666666 2.6666666666666665 1
          0.33333333333333331 2.6666666666666665 1
          0.5 2.6666666666666665 1
          0.66666666666666663 2.6666666666666665 1
          0.83333333333333326 2.6666666666666665 1
          1 2.6666666666666665 1
          1.1666666666666665 2.6666666666666665 1
          1.3333333333333333 2.6666666666666665 1
          1.5 2.6666666666666665 1
          1.6666666666666665 2.6666666666666665 1
          1.8333333333333333 2.6666666666666665 1
          2 2.6666666666666665 1
          2.1666666666666665 2.6666666666666665 1
          2.333333333333333 2.6666666666666665 1
          2.5 2.6666666666666665 1
          2.6666666666666665 2.6666666666666665 1
          2.833333333333333 2.6666666666666665 1
          3 2.6666666666666665 1
          3.1666666666666665 2.6666666666666665 1
          3.333333333333333 2.6666666666666665 1
          3.5 2.6666666666666665 1
          3.6666666666666665 2.6666666666666665 1
          3.833333333333333 2.6666666666666665 1
          4 2.6666666666666665 1
          4.1666666666666661 2.6666666666666665 1
          4.333333333333333 2.6666666666666665 1
          4.5 2.6666666666666665 1
          4.6666666666666661 2.6666666666666665 1
          4.833333333333333 2.6666666666666665 1
          5 2.6666666666666665 1
          5.1666666666666661 2.6666666666666665 1
          5.333333333333333 2.6666666666666665 1
          5.5 2.6666666666666665 1
          5.6666666666666661 2.6666666666666665 1
          5.833333333333333 2.6666666666666665 1
          6 2.6666666666666665 1
          6.1666666666666661 2.6666666666666665 1
          6.333333333333333 2.6666666666666665 1
          6.5 2.6666666666666665 1
          6.6666666666666661 2.6666666666666665 1
          6.833333333333333 2.6666666666666665 1
          7 2.6666666666666665 1
          0 3 1
          0.16666666666666666 3 1
          0.33333333333333331 3 1
          0.5 3 1
          0.66666666666666663 3 1
          0.83333333333333326 3 1
          1 3 1
          1.1666666666666665 3 1
          1.3333333333333333 3 1
          1.5 3 1
          1.6666666666666665 3 1
          1.8333333333333333 3 1
          2 3 1
          2.1666666666666665 3 1
          2.333333333333333 3 1
          2.5 3 1
          2.6666666666666665 3 1
          2.833333333333333 3 1
          3 3 1
          3.1666666666666665 3 1
          3.333333333333333 3 1
          3.5 3 1
          3.6666666666666665 3 1
          3.833333333333333 3 1
          4 3 1
          4.1666666666666661 3 1
          4.333333333333333 3 1
          4.5 3 1
          4.6666666666666661 3 1
          4.833333333333333 3 1
          5 3 1
          5.1666666666666661 3 1
          5.333333333333333 3 1
          5.5 3 1
          5.6666666666666661 3 1
          5.833333333333333 3 1
          6 3 1
          6.1666666666666661 3 1
          6.333333333333333 3 1
          6.5 3 1
          6.6666666666666661 3 1
          6.833333333333333 3 1
          7 3 1
          0 0 1.3333333333333333
          0.16666666666666666 0 1.3333333333333333
          0.33333333333333331 0 1.3333333333333333
          0.5 0 1.3333333333333333
          0.66666666666666663 0 1.3333333333333333
          0.83333333333333326 0 1.3333333333333333
          1 0 1.3333333333333333
          1.1666666666666665 0 1.3333333333333333
          1.3333333333333333 0 1.3333333333333333
          1.5 0 1.3333333333333333
          1.6666666666666665 0 1.3333333333333333
          1.8333333333333333 0 1.3333333333333333
          2 0 1.3333333333333333
          2.1666666666666665 0 1.3333333333333333
          2.333333333333333 0 1.3333333333333333
          2.5 0 1.3333333333333333
          2.6666666666666665 0 1.3333333333333333
          2.833333333333333 0 1.3333333333333333
          3 0 1.3333333333333333
          3.1666666666666665 0 1.3333333333333333
          3.333333333333333 0 1.3333333333333333
          3.5 0 1.3333333333333333
          3.6666666666666665 0 1.3333333333333333
          3.833333333333333 0 1.3333333333333333
          4 0 1.3333333333333333
          4.1666666666666661 0 1.3333333333333333
          4.333333333333333 0 1.3333333333333333
          4.5 0 1.3333333333333333
          4.6666666666666661 0 1.3333333333333333
          4.833333333333333 0 1.3333333333333333
          5 0 1.3333333333333333
          5.1666666666666661 0 1.3333333333333333
          5.333333333333333 0 1.3333333333333333
          5.5 0 1.3333333333333333
          5.6666666666666661 0 1.3333333333333333
          5.833333333333333 0 1.3333333333333333
          6 0 1.3333333333333333
          6.1666666666666661 0 1.3333333333333333
          6.333333333333333 0 1.3333333333333333
          6.5 0 1.3333333333333333
          6.6666666666666661 0 1.3333333333333333
          6.833333333333333 0 1.3333333333333333
          7 0 1.3333333333333333
          0 0.33333333333333331 1.3333333333333333
          0.16666666666666666 0.33333333333333331 1.3333333333333333
          0.33333333333333331 0.33333333333333331 1.3333333333333333
          0.5 0.33333333333333331 1.3333333333333333
          0.66666666666666663 0.33333333333333331 1.3333333333333333
          0.83333333333333326 0.33333333333333331 1.3333333333333333
          1 0.33333333333333331 1.3333333333333333
          1.1666666666666665 0.33333333333333331 1.3333333333333333
          1.3333333333333333 0.33333333333333331 1.3333333333333333
          1.5 0.33333333333333331 1.3333333333333333
          1.6666666666666665 0.33333333333333331 1.3333333333333333
          1.8333333333333333 0.33333333333333331 1.3333333333333333
          2 0.33333333333333331 1.3333333333333333
          2.1666666666666665 0.33333333333333331 1.3333333333333333
          2.333333333333333 0.33333333333333331 1.3333333333333333
          2.5 0.33333333333333331 1.3333333333333333
          2.6666666666666665 0.33333333333333331 1.3333333333333333
          2.833333333333333 0.33333333333333331 1.3333333333333333
          3 0.33333333333333331 1.3333333333333333
          3.1666666666666665 0.33333333333333331 1.3333333333333333
          3.333333333333333 0.33333333333333331 1.3333333333333333
          3.5 0.33333333333333331 1.3333333333333333
          3.6666666666666665 0.33333333333333331 1.3333333333333333
          3.833333333333333 0.33333333333333331 1.3333333333333333
          4 0.33333333333333331 1.3333333333333333
          4.1666666666666661 0.33333333333333331 1.3333333333333333
          4.333333333333333 0.33333333333333331 1.3333333333333333
          4.5 0.33333333333333331 1.3333333333333333
          4.6666666666666661 0.33333333333333331 1.3333333333333333
          4.833333333333333 0.33333333333333331 1.3333333333333333
          5 0.33333333333333331 1.3333333333333333
          5.1666666666666661 0.33333333333333331 1.3333333333333333
          5.333333333333333 0.33333333333333331 1.3333333333333333
          5.5 0.33333333333333331 1.3333333333333333
          5.6666666666666661 0.33333333333333331 1.3333333333333333
          5.833333333333333 0.33333333333333331 1.3333333333333333
          6 0.33333333333333331 1.3333333333333333
          6.1666666666666661 0.33333333333333331 1.3333333333333333
          6.333333333333333 0.33333333333333331 1.3333333333333333
          6.5 0.33333333333333331 1.3333333333333333
          6.6666666666666661 0.33333333333333331 1.3333333333333333
          6.833333333333333 0.33333333333333331 1.3333333333333333
          7 0.33333333333333331 1.3333333333333333
          0 0.66666666666666663 1.3333333333333333
          0.16666666666666666 0.66666666666666663 1.3333333333333333
          0.33333333333333331 0.66666666666666663 1.3333333333333333
          0.5 0.66666666666666663 1.3333333333333333
          0.66666666666666663 0.66666666666666663 1.3333333333333333
          0.83333333333333326 0.66666666666666663 1.3333333333333333
          1 0.66666666666666663 1.3333333333333333
          1.1666666666666665 0.66666666666666663 1.3333333333333333
          1.3333333333333333 0.66666666666666663 1.3333333333333333
          1.5 0.66666666666666663 1.3333333333333333
          1.6666666666666665 0.66666666666666663 1.3333333333333333
          1.8333333333333333 0.66666666666666663 1.3333333333333333
          2 0.66666666666666663 1.3333333333333333
          2.1666666666666665 0.66666666666666663 1.3333333333333333
          2.333333333333333 0.66666666666666663 1.3333333333333333
          2.5 0.66666666666666663 1.3333333333333333
          2.6666666666666665 0.66666666666666663 1.3333333333333333
          2.833333333333333 0.66666666666666663 1.3333333333333333
          3 0.66666666666666663 1.3333333333333333
          3.1666666666666665 0.66666666666666663 1.3333333333333333
          3.333333333333333 0.66666666666666663 1.3333333333333333
          3.5 0.66666666666666663 1.3333333333333333
          3.6666666666666665 0.66666666666666663 1.3333333333333333
          3.833333333333333 0.66666666666666663 1.3333333333333333
          4 0.66666666666666663 1.3333333333333333
          4.1666666666666661 0.66666666666666663 1.3333333333333333
          4.333333333333333 0.66666666666666663 1.3333333333333333
          4.5 0.66666666666666663 1.3333333333333333
          4.6666666666666661 0.66666666666666663 1.3333333333333333
          4.833333333333333 0.66666666666666663 1.3333333333333333
          5 0.66666666666666663 1.3333333333333333
          5.1666666666666661 0.66666666666666663 1.3333333333333333
          5.333333333333333 0.66666666666666663 1.3333333333333333
          5.5 0.66666666666666663 1.3333333333333333
          5.6666666666666661 0.66666666666666663 1.3333333333333333
          5.833333333333333 0.66666666666666663 1.3333333333333333
          6 0.66666666666666663 1.3333333333333333
          6.1666666666666661 0.66666666666666663 1.3333333333333333
          6.333333333333333 0.66666666666666663 1.3333333333333333
          6.5 0.66666666666666663 1.3333333333333333
          6.6666666666666661 0.66666666666666663 1.3333333333333333
          6.833333333333333 0.66666666666666663 1.3333333333333333
          7 0.66666666666666663 1.3333333333333333
          0 1 1.3333333333333333
          0.16666666666666666 1 1.3333333333333333
          0.33333333333333331 1 1.3333333333333333
          0.5 1 1.3333333333333333
          0.66666666666666663 1 1.3333333333333333
          0.83333333333333326 1 1.3333333333333333
          1 1 1.3333333333333333
          1.1666666666666665 1 1.3333333333333333
          1.3333333333333333 1 1.3333333333333333
          1.5 1 1.3333333333333333
          1.6666666666666665 1 1.3333333333333333
          1.8333333333333333 1 1.3333333333333333
          2 1 1.3333333333333333
          2.1666666666666665 1 1.3333333333333333
          2.333333333333333 1 1.3333333333333333
          2.5 1 1.3333333333333333
          2.6666666666666665 1 1.3333333333333333
          2.833333333333333 1 1.3333333333333333
          3 1 1.3333333333333333
          3.1666666666666665 1 1.3333333333333333
          3.333333333333333 1 1.3333333333333333
          3.5 1 1.3333333333333333
          3.6666666666666665 1 1.3333333333333333
          3.833333333333333 1 1.3333333333333333
          4 1 1.3333333333333333
          4.1666666666666661 1 1.3333333333333333
          4.333333333333333 1 1.3333333333333333
          4.5 1 1.3333333333333333
          4.6666666666666661 1 1.3333333333333333
          4.833333333333333 1 1.3333333333333333
          5 1 1.3333333333333333
          5.1666666666666661 1 1.3333333333333333
          5.333333333333333 1 1.3333333333333333
          5.5 1 1.3333333333333333
          5.6666666666666661 1 1.3333333333333333
          5.833333333333333 1 1.3333333333333333
          6 1 1.3333333333333333
          6.1666666666666661 1 1.3333333333333333
          6.333333333333333 1 1.3333333333333333
          6.5 1 1.3333333333333333
          6.6666666666666661 1 1.3333333333333333
          6.833333333333333 1 1.3333333333333333
          7 1 1.3333333333333333
          0 1.3333333333333333 1.3333333333333333
          0.16666666666666666 1.3333333333333333 1.3333333333333333
          0.33333333333333331 1.3333333333333333 1.3333333333333333
          0.5 1.3333333333333333 1.3333333333333333
          0.66666666666666663 1.3333333333333333 1.3333333333333333
          0.83333333333333326 1.3333333333333333 1.3333333333333333
          1 1.3333333333333333 1.3333333333333333
          1.1666666666666665 1.3333333333333333 1.3333333333333333
          1.3333333333333333 1.3333333333333333 1.3333333333333333
          1.5 1.3333333333333333 1.3333333333333333
          1.6666666666666665 1.3333333333333333 1.3333333333333333
          1.8333333333333333 1.3333333333333333 1.3333333333333333
          2 1.3333333333333333 1.3333333333333333
          2.1666666666666665 1.3333333333333333 1.3333333333333333
          2.333333333333333 1.3333333333333333 1.3333333333333333
          2.5 1.3333333333333333 1.3333333333333333
          2.6666666666666665 1.3333333333333333 1.3333333333333333
          2.833333333333333 1.3333333333333333 1.3333333333333333
          3 1.3333333333333333 1.3333333333333333
          3.1666666666666665 1.3333333333333333 1.3333333333333333
          3.333333333333333 1.3333333333333333 1.3333333333333333
          3.5 1.3333333333333333 1.3333333333333333
          3.6666666666666665 1.3333333333333333 1.3333333333333333
          3.833333333333333 1.3333333333333333 1.3333333333333333
          4 1.3333333333333333 1.3333333333333333
          4.1666666666666661 1.3333333333333333 1.3333333333333333
          4.333333333333333 1.3333333333333333 1.3333333333333333
          4.5 1.3333333333333333 1.3333333333333333
          4.6666666666666661 1.3333333333333333 1.3333333333333333
          4.833333333333333 1.3333333333333333 1.3333333333333333
          5 1.3333333333333333 1.3333333333333333
          5.1666666666666661 1.3333333333333333 1.3333333333333333
          5.333333333333333 1.3333333333333333 1.3333333333333333
          5.5 1.3333333333333333 1.3333333333333333
          5.6666666666666661 1.3333333333333333 1.3333333333333333
          5.833333333333333 1.3333333333333333 1.3333333333333333
          6 1.3333333333333333 1.3333333333333333
          6.1666666666666661 1.3333333333333333 1.3333333333333333
          6.333333333333333 1.3333333333333333 1.3333333333333333
          6.5 1.3333333333333333 1.3333333333333333
          6.6666666666666661 1.3333333333333333 1.3333333333333333
          6.833333333333333 1.3333333333333333 1.3333333333333333
          7 1.3333333333333333 1.3333333333333333
          0 1.6666666666666665 1.3333333333333333
          0.16666666666666666 1.6666666666666665 1.3333333333333333
          0.33333333333333331 1.6666666666666665 1.3333333333333333
          0.5 1.6666666666666665 1.3333333333333333
          0.66666666666666663 1.6666666666666665 1.3333333333333333
          0.83333333333333326 1.6666666666666665 1.3333333333333333
          1 1.6666666666666665 1.3333333333333333
          1.1666666666666665 1.6666666666666665 1.3333333333333333
          1.3333333333333333 1.6666666666666665 1.3333333333333333
          1.5 1.6666666666666665 1.3333333333333333
          1.6666666666666665 1.6666666666666665 1.3333333333333333
          1.8333333333333333 1.6666666666666665 1.3333333333333333
          2 1.6666666666666665 1.3333333333333333
          2.1666666666666665 1.6666666666666665 1.3333333333333333
          2.333333333333333 1.6666666666666665 1.3333333333333333
          2.5 1.6666666666666665 1.3333333333333333
          2.6666666666666665 1.6666666666666665 1.3333333333333333
          2.833333333333333 1.6666666666666665 1.3333333333333333
          3 1.6666666666666665 1.3333333333333333
          3.1666666666666665 1.6666666666666665 1.3333333333333333
          3.333333333333333 1.6666666666666665 1.3333333333333333
          3.5 1.6666666666666665 1.3333333333333333
          3.6666666666666665 1.6666666666666665 1.3333333333333333
          3.833333333333333 1.6666666666666665 1.3333333333333333
          4 1.6666666666666665 1.3333333333333333
          4.1666666666666661 1.6666666666666665 1.3333333333333333
          4.333333333333333 1.6666666666666665 1.3333333333333333
          4.5 1.6666666666666665 1.3333333333333333
          4.6666666666666661 1.6666666666666665 1.3333333333333333
          4.833333333333333 1.6666666666666665 1.3333333333333333
          5 1.6666666666666665 1.3333333333333333
          5.1666666666666661 1.6666666666666665 1.3333333333333333
          5.333333333333333 1.6666666666666665 1.3333333333333333
          5.5 1.6666666666666665 1.3333333333333333
          5.6666666666666661 1.6666666666666665 1.3333333333333333
          5.833333333333333 1.6666666666666665 1.3333333333333333
          6 1.6666666666666665 1.3333333333333333
          6.1666666666666661 1.6666666666666665 1.3333333333333333
          6.333333333333333 1.6666666666666665 1.3333333333333333
          6.5 1.6666666666666665 1.3333333333333333
          6.6666666666666661 1.6666666666666665 1.3333333333333333
          6.833333333333333 1.6666666666666665 1.3333333333333333
          7 1.6666666666666665 1.3333333333333333
          0 2 1.3333333333333333
          0.16666666666666666 2 1.3333333333333333
          0.33333333333333331 2 1.3333333333333333
          0.5 2 1.3333333333333333
          0.66666666666666663 2 1.3333333333333333
          0.83333333333333326 2 1.3333333333333333
          1 2 1.3333333333333333
          1.1666666666666665 2 1.3333333333333333
          1.3333333333333333 2 1.3333333333333333
          1.5 2 1.3333333333333333
          1.6666666666666665 2 1.3333333333333333
          1.8333333333333333 2 1.3333333333333333
          2 2 1.3333333333333333
          2.1666666666666665 2 1.3333333333333333
          2.333333333333333 2 1.3333333333333333
          2.5 2 1.3333333333333333
          2.6666666666666665 2 1.3333333333333333
          2.833333333333333 2 1.3333333333333333
          3 2 1.3333333333333333
          3.1666666666666665 2 1.3333333333333333
          3.333333333333333 2 1.3333333333333333
          3.5 2 1.3333333333333333
          3.6666666666666665 2 1.3333333333333333
          3.833333333333333 2 1.3333333333333333
          4 2 1.3333333333333333
          4.1666666666666661 2 1.3333333333333333
          4.333333333333333 2 1.3333333333333333
          4.5 2 1.3333333333333333
          4.6666666666666661 2 1.3333333333333333
          4.833333333333333 2 1.3333333333333333
          5 2 1.3333333333333333
          5.1666666666666661 2 1.3333333333333333
          5.333333333333333 2 1.3333333333333333
          5.5 2 1.3333333333333333
          5.6666666666666661 2 1.3333333333333333
          5.833333333333333 2 1.3333333333333333
          6 2 1.3333333333333333
          6.1666666666666661 2 1.3333333333333333
          6.333333333333333 2 1.3333333333333333
          6.5 2 1.3333333333333333
          6.6666666666666661 2 1.3333333333333333
          6.833333333333333 2 1.3333333333333333
          7 2 1.3333333333333333
          0 2.333333333333333 1.3333333333333333
          0.16666666666666666 2.333333333333333 1.3333333333333333
          0.33333333333333331 2.333333333333333 1.3333333333333333
          0.5 2.333333333333333 1.3333333333333333
          0.66666666666666663 2.333333333333333 1.3333333333333333
          0.83333333333333326 2.333333333333333 1.3333333333333333
          1 2.333333333333333 1.3333333333333333
          1.1666666666666665 2.333333333333333 1.3333333333333333
          1.3333333333333333 2.333333333333333 1.3333333333333333
          1.5 2.333333333333333 1.3333333333333333
          1.6666666666666665 2.333333333333333 1.3333333333333333
          1.8333333333333333 2.333333333333333 1.3333333333333333
          2 2.333333333333333 1.3333333333333333
          2.1666666666666665 2.333333333333333 1.3333333333333333
          2.333333333333333 2.333333333333333 1.3333333333333333
          2.5 2.333333333333333 1.3333333333333333
          2.6666666666666665 2.333333333333333 1.3333333333333333
          2.833333333333333 2.333333333333333 1.3333333333333333
          3 2.333333333333333 1.3333333333333333
          3.1666666666666665 2.333333333333333 1.3333333333333333
          3.333333333333333 2.333333333333333 1.3333333333333333
          3.5 2.333333333333333 1.3333333333333333
          3.6666666666666665 2.333333333333333 1.3333333333333333
          3.833333333333333 2.333333333333333 1.3333333333333333
          4 2.333333333333333 1.3333333333333333
          4.1666666666666661 2.333333333333333 1.3333333333333333
          4.333333333333333 2.333333333333333 1.3333333333333333
          4.5 2.333333333333333 1.3333333333333333
          4.6666666666666661 2.333333333333333 1.3333333333333333
          4.833333333333333 2.333333333333333 1.3333333333333333
          5 2.333333333333333 1.3333333333333333
          5.1666666666666661 2.333333333333333 1.3333333333333333
          5.333333333333333 2.333333333333333 1.3333333333333333
          5.5 2.333333333333333 1.3333333333333333
          5.6666666666666661 2.333333333333333 1.3333333333333333
          5.833333333333333 2.333333333333333 1.3333333333333333
          6 2.333333333333333 1.3333333333333333
          6.1666666666666661 2.333333333333333 1.3333333333333333
          6.333333333333333 2.333333333333333 1.3333333333333333
          6.5 2.333333333333333 1.3333333333333333
          6.6666666666666661 2.333333333333333 1.3333333333333333
          6.833333333333333 2.333333333333333 1.3333333333333333
          7 2.333333333333333 1.3333333333333333
          0 2.6666666666666665 1.3333333333333333
          0.16666666666666666 2.6666666666666665 1.3333333333333333
          0.33333333333333331 2.6666666666666665 1.3333333333333333
          0.5 2.6666666666666665 1.3333333333333333
          0.66666666666666663 2.6666666666666665 1.3333333333333333
          0.83333333333333326 2.6666666666666665 1.3333333333333333
          1 2.6666666666666665 1.3333333333333333
          1.1666666666666665 2.6666666666666665 1.3333333333333333
          1.3333333333333333 2.6666666666666665 1.3333333333333333
          1.5 2.6666666666666665 1.3333333333333333
          1.6666666666666665 2.6666666666666665 1.3333333333333333
          1.8333333333333333 2.6666666666666665 1.3333333333333333
          2 2.6666666666666665 1.3333333333333333
          2.1666666666666665 2.6666666666666665 1.3333333333333333
          2.333333333333333 2.6666666666666665 1.3333333333333333
          2.5 2.6666666666666665 1.3333333333333333
          2.6666666666666665 2.6666666666666665 1.3333333333333333
          2.833333333333333 2.6666666666666665 1.3333333333333333
          3 2.6666666666666665 1.3333333333333333
          3.1666666666666665 2.6666666666666665 1.3333333333333333
          3.333333333333333 2.6666666666666665 1.3333333333333333
          3.5 2.6666666666666665 1.3333333333333333
          3.6666666666666665 2.6666666666666665 1.3333333333333333
          3.833333333333333 2.6666666666666665 1.3333333333333333
          4 2.6666666666666665 1.3333333333333333
          4.1666666666666661 2.6666666666666665 1.3333333333333333
          4.333333333333333 2.6666666666666665 1.3333333333333333
          4.5 2.6666666666666665 1.3333333333333333
          4.6666666666666661 2.6666666666666665 1.3333333333333333
          4.833333333333333 2.6666666666666665 1.3333333333333333
          5 2.6666666666666665 1.3333333333333333
          5.1666666666666661 2.6666666666666665 1.3333333333333333
          5.333333333333333 2.6666666666666665 1.3333333333333333
          5.5 2.6666666666666665 1.3333333333333333
          5.6666666666666661 2.6666666666666665 1.3333333333333333
          5.833333333333333 2.6666666666666665 1.3333333333333333
          6 2.6666666666666665 1.3333333333333333
          6.1666666666666661 2.6666666666666665 1.3333333333333333
          6.333333333333333 2.6666666666666665 1.3333333333333333
          6.5 2.6666666666666665 1.3333333333333333
          6.6666666666666661 2.6666666666666665 1.3333333333333333
          6.833333333333333 2.6666666666666665 1.3333333333333333
          7 2.6666666666666665 1.3333333333333333
          0 3 1.3333333333333333
          0.16666666666666666 3 1.3333333333333333
          0.33333333333333331 3 1.3333333333333333
          0.5 3 1.3333333333333333
          0.66666666666666663 3 1.3333333333333333
          0.83333333333333326 3 1.3333333333333333
          1 3 1.3333333333333333
          1.1666666666666665 3 1.3333333333333333
          1.3333333333333333 3 1.3333333333333333
          1.5 3 1.3333333333333333
          1.6666666666666665 3 1.3333333333333333
          1.8333333333333333 3 1.3333333333333333
          2 3 1.3333333333333333
          2.1666666666666665 3 1.3333333333333333
          2.333333333333333 3 1.3333333333333333
          2.5 3 1.3333333333333333
          2.6666666666666665 3 1.3333333333333333
          2.833333333333333 3 1.3333333333333333
          3 3 1.3333333333333333
          3.1666666666666665 3 1.3333333333333333
          3.333333333333333 3 1.3333333333333333
          3.5 3 1.3333333333333333
          3.6666666666666665 3 1.3333333333333333
          3.833333333333333 3 1.3333333333333333
          4 3 1.3333333333333333
          4.1666666666666661 3 1.3333333333333333
          4.333333333333333 3 1.3333333333333333
          4.5 3 1.3333333333333333
          4.6666666666666661 3 1.3333333333333333
          4.833333333333333 3 1.3333333333333333
          5 3 1.3333333333333333
          5.1666666666666661 3 1.3333333333333333
          5.333333333333333 3 1.3333333333333333
          5.5 3 1.3333333333333333
          5.6666666666666661 3 1.3333333333333333
          5.833333333333333 3 1.3333333333333333
          6 3 1.3333333333333333
          6.1666666666666661 3 1.3333333333333333
          6.333333333333333 3 1.3333333333333333
          6.5 3 1.3333333333333333
          6.6666666666666661 3 1.3333333333333333
          6.833333333333333 3 1.3333333333333333
          7 3 1.3333333333333333
          0 0 1.6666666666666665
          0.16666666666666666 0 1.6666666666666665
          0.33333333333333331 0 1.6666666666666665
          0.5 0 1.6666666666666665
          0.66666666666666663 0 1.6666666666666665
          0.83333333333333326 0 1.6666666666666665
          1 0 1.6666666666666665
          1.1666666666666665 0 1.6666666666666665
          1.3333333333333333 0 1.6666666666666665
          1.5 0 1.6666666666666665
          1.6666666666666665 0 1.6666666666666665
          1.8333333333333333 0 1.6666666666666665
          2 0 1.6666666666666665
          2.1666666666666665 0 1.6666666666666665
          2.333333333333333 0 1.6666666666666665
          2.5 0 1.6666666666666665
          2.6666666666666665 0 1.6666666666666665
          2.833333333333333 0 1.6666666666666665
          3 0 1.6666666666666665
          3.1666666666666665 0 1.6666666666666665
          3.333333333333333 0 1.6666666666666665
          3.5 0 1.6666666666666665
          3.6666666666666665 0 1.6666666666666665
          3.833333333333333 0 1.6666666666666665
          4 0 1.6666666666666665
          4.1666666666666661 0 1.6666666666666665
          4.333333333333333 0 1.6666666666666665
          4.5 0 1.6666666666666665
          4.6666666666666661 0 1.6666666666666665
          4.833333333333333 0 1.6666666666666665
          5 0 1.6666666666666665
          5.1666666666666661 0 1.6666666666666665
          5.333333333333333 0 1.6666666666666665
          5.5 0 1.6666666666666665
          5.6666666666666661 0 1.6666666666666665
          5.833333333333333 0 1.6666666666666665
          6 0 1.6666666666666665
          6.1666666666666661 0 1.6666666666666665
          6.333333333333333 0 1.6666666666666665
          6.5 0 1.6666666666666665
          6.6666666666666661 0 1.6666666666666665
          6.833333333333333 0 1.6666666666666665
          7 0 1.6666666666666665
          0 0.33333333333333331 1.6666666666666665
          0.16666666666666666 0.33333333333333331 1.6666666666666665
          0.33333333333333331 0.33333333333333331 1.6666666666666665
          0.5 0.33333333333333331 1.6666666666666665
          0.66666666666666663 0.33333333333333331 1.6666666666666665
          0.83333333333333326 0.33333333333333331 1.6666666666666665
          1 0.33333333333333331 1.6666666666666665
          1.1666666666666665 0.33333333333333331 1.6666666666666665
          1.3333333333333333 0.33333333333333331 1.6666666666666665
          1.5 0.33333333333333331 1.6666666666666665
          1.6666666666666665 0.33333333333333331 1.6666666666666665
          1.8333333333333333 0.33333333333333331 1.6666666666666665
          2 0.33333333333333331 1.6666666666666665
          2.1666666666666665 0.33333333333333331 1.6666666666666665
          2.333333333333333 0.33333333333333331 1.6666666666666665
          2.5 0.33333333333333331 1.6666666666666665
          2.6666666666666665 0.33333333333333331 1.6666666666666665
          2.833333333333333 0.33333333333333331 1.6666666666666665
          3 0.33333333333333331 1.6666666666666665
          3.1666666666666665 0.33333333333333331 1.6666666666666665
          3.333333333333333 0.33333333333333331 1.6666666666666665
          3.5 0.33333333333333331 1.6666666666666665
          3.6666666666666665 0.33333333333333331 1.6666666666666665
          3.833333333333333 0.33333333333333331 1.6666666666666665
          4 0.33333333333333331 1.6666666666666665
          4.1666666666666661 0.33333333333333331 1.6666666666666665
          4.333333333333333 0.33333333333333331 1.6666666666666665
          4.5 0.33333333333333331 1.6666666666666665
          4.6666666666666661 0.33333333333333331 1.6666666666666665
          4.833333333333333 0.33333333333333331 1.6666666666666665
          5 0.33333333333333331 1.6666666666666665
          5.1666666666666661 0.33333333333333331 1.6666666666666665
          5.333333333333333 0.33333333333333331 1.6666666666666665
          5.5 0.33333333333333331 1.6666666666666665
          5.6666666666666661 0.33333333333333331 1.6666666666666665
          5.833333333333333 0.33333333333333331 1.6666666666666665
          6 0.33333333333333331 1.6666666666666665
          6.1666666666666661 0.33333333333333331 1.6666666666666665
          6.333333333333333 0.33333333333333331 1.6666666666666665
          6.5 0.33333333333333331 1.6666666666666665
          6.6666666666666661 0.33333333333333331 1.6666666666666665
          6.833333333333333 0.33333333333333331 1.6666666666666665
          7 0.33333333333333331 1.6666666666666665
          0 0.66666666666666663 1.6666666666666665
          0.16666666666666666 0.66666666666666663 1.6666666666666665
          0.33333333333333331 0.66666666666666663 1.6666666666666665
          0.5 0.66666666666666663 1.6666666666666665
          0.66666666666666663 0.66666666666666663 1.6666666666666665
          0.83333333333333326 0.66666666666666663 1.6666666666666665
          1 0.66666666666666663 1.6666666666666665
          1.1666666666666665 0.66666666666666663 1.6666666666666665
          1.3333333333333333 0.66666666666666663 1.6666666666666665
          1.5 0.66666666666666663 1.6666666666666665
          1.6666666666666665 0.66666666666666663 1.6666666666666665
          1.8333333333333333 0.66666666666666663 1.6666666666666665
          2 0.66666666666666663 1.6666666666666665
          2.1666666666666665 0.66666666666666663 1.6666666666666665
          2.333333333333333 0.66666666666666663 1.6666666666666665
          2.5 0.66666666666666663 1.6666666666666665
          2.6666666666666665 0.66666666666666663 1.6666666666666665
          2.833333333333333 0.66666666666666663 1.6666666666666665
          3 0.66666666666666663 1.6666666666666665
          3.1666666666666665 0.66666666666666663 1.6666666666666665
          3.333333333333333 0.66666666666666663 1.6666666666666665
          3.5 0.66666666666666663 1.6666666666666665
          3.6666666666666665 0.66666666666666663 1.6666666666666665
          3.833333333333333 0.66666666666666663 1.6666666666666665
          4 0.66666666666666663 1.6666666666666665
          4.1666666666666661 0.66666666666666663 1.6666666666666665
          4.333333333333333 0.66666666666666663 1.6666666666666665
          4.5 0.66666666666666663 1.6666666666666665
          4.6666666666666661 0.66666666666666663 1.6666666666666665
          4.833333333333333 0.66666666666666663 1.6666666666666665
          5 0.66666666666666663 1.6666666666666665
          5.1666666666666661 0.66666666666666663 1.6666666666666665
          5.333333333333333 0.66666666666666663 1.6666666666666665
          5.5 0.66666666666666663 1.6666666666666665
          5.6666666666666661 0.66666666666666663 1.6666666666666665
          5.833333333333333 0.66666666666666663 1.6666666666666665
          6 0.66666666666666663 1.6666666666666665
          6.1666666666666661 0.66666666666666663 1.6666666666666665
          6.333333333333333 0.66666666666666663 1.6666666666666665
          6.5 0.66666666666666663 1.6666666666666665
          6.6666666666666661 0.66666666666666663 1.6666666666666665
          6.833333333333333 0.66666666666666663 1.6666666666666665
          7 0.66666666666666663 1.6666666666666665
          0 1 1.6666666666666665
          0.16666666666666666 1 1.6666666666666665
          0.33333333333333331 1 1.6666666666666665
          0.5 1 1.6666666666666665
          0.66666666666666663 1 1.6666666666666665
          0.83333333333333326 1 1.6666666666666665
          1 1 1.6666666666666665
          1.1666666666666665 1 1.6666666666666665
          1.3333333333333333 1 1.6666666666666665
          1.5 1 1.6666666666666665
          1.6666666666666665 1 1.6666666666666665
          1.8333333333333333 1 1.6666666666666665
          2 1 1.6666666666666665
          2.1666666666666665 1 1.6666666666666665
          2.333333333333333 1 1.6666666666666665
          2.5 1 1.6666666666666665
          2.6666666666666665 1 1.6666666666666665
          2.833333333333333 1 1.6666666666666665
          3 1 1.6666666666666665
          3.1666666666666665 1 1.6666666666666665
          3.333333333333333 1 1.6666666666666665
          3.5 1 1.6666666666666665
          3.6666666666666665 1 1.6666666666666665
          3.833333333333333 1 1.6666666666666665
          4 1 1.6666666666666665
          4.1666666666666661 1 1.6666666666666665
          4.333333333333333 1 1.6666666666666665
          4.5 1 1.6666666666666665
          4.6666666666666661 1 1.6666666666666665
          4.833333333333333 1 1.6666666666666665
          5 1 1.6666666666666665
          5.1666666666666661 1 1.6666666666666665
          5.333333333333333 1 1.6666666666666665
          5.5 1 1.6666666666666665
          5.6666666666666661 1 1.6666666666666665
          5.833333333333333 1 1.6666666666666665
          6 1 1.6666666666666665
          6.1666666666666661 1 1.6666666666666665
          6.333333333333333 1 1.6666666666666665
          6.5 1 1.6666666666666665
          6.6666666666666661 1 1.6666666666666665
          6.833333333333333 1 1.6666666666666665
          7 1 1.6666666666666665
          0 1.3333333333333333 1.6666666666666665
          0.16666666666666666 1.3333333333333333 1.6666666666666665
          0.33333333333333331 1.3333333333333333 1.6666666666666665
          0.5 1.3333333333333333 1.6666666666666665
          0.66666666666666663 1.3333333333333333 1.6666666666666665
          0.83333333333333326 1.3333333333333333 1.6666666666666665
          1 1.3333333333333333 1.6666666666666665
          1.1666666666666665 1.3333333333333333 1.6666666666666665
          1.3333333333333333 1.3333333333333333 1.6666666666666665
          1.5 1.3333333333333333 1.6666666666666665
          1.6666666666666665 1.3333333333333333 1.6666666666666665
          1.8333333333333333 1.3333333333333333 1.6666666666666665
          2 1.3333333333333333 1.6666666666666665
          2.1666666666666665 1.3333333333333333 1.6666666666666665
          2.333333333333333 1.3333333333333333 1.6666666666666665
          2.5 1.3333333333333333 1.6666666666666665
          2.6666666666666665 1.3333333333333333 1.6666666666666665
          2.833333333333333 1.3333333333333333 1.6666666666666665
          3 1.3333333333333333 1.6666666666666665
          3.1666666666666665 1.3333333333333333 1.6666666666666665
          3.333333333333333 1.3333333333333333 1.6666666666666665
          3.5 1.3333333333333333 1.6666666666666665
          3.6666666666666665 1.3333333333333333 1.6666666666666665
          3.833333333333333 1.3333333333333333 1.6666666666666665
          4 1.3333333333333333 1.6666666666666665
          4.1666666666666661 1.3333333333333333 1.6666666666666665
          4.333333333333333 1.3333333333333333 1.6666666666666665
          4.5 1.3333333333333333 1.6666666666666665
          4.6666666666666661 1.3333333333333333 1.6666666666666665
          4.833333333333333 1.3333333333333333 1.6666666666666665
          5 1.3333333333333333 1.6666666666666665
          5.1666666666666661 1.3333333333333333 1.6666666666666665
          5.333333333333333 1.3333333333333333 1.6666666666666665
          5.5 1.3333333333333333 1.6666666666666665
          5.6666666666666661 1.3333333333333333 1.6666666666666665
          5.833333333333333 1.3333333333333333 1.6666666666666665
          6 1.3333333333333333 1.6666666666666665
          6.1666666666666661 1.3333333333333333 1.6666666666666665
          6.333333333333333 1.3333333333333333 1.6666666666666665
          6.5 1.3333333333333333 1.6666666666666665
          6.6666666666666661 1.3333333333333333 1.6666666666666665
          6.833333333333333 1.3333333333333333 1.6666666666666665
          7 1.3333333333333333 1.6666666666666665
          0 1.6666666666666665 1.6666666666666665
          0.16666666666666666 1.6666666666666665 1.6666666666666665
          0.33333333333333331 1.6666666666666665 1.6666666666666665
          0.5 1.6666666666666665 1.6666666666666665
          0.66666666666666663 1.6666666666666665 1.6666666666666665
          0.83333333333333326 1.6666666666666665 1.6666666666666665
          1 1.6666666666666665 1.6666666666666665
          1.1666666666666665 1.6666666666666665 1.6666666666666665
          1.3333333333333333 1.6666666666666665 1.6666666666666665
          1.5 1.6666666666666665 1.6666666666666665
          1.6666666666666665 1.6666666666666665 1.6666666666666665
          1.8333333333333333 1.6666666666666665 1.6666666666666665
          2 1.6666666666666665 1.6666666666666665
          2.1666666666666665 1.6666666666666665 1.6666666666666665
          2.333333333333333 1.6666666666666665 1.6666666666666665
          2.5 1.6666666666666665 1.6666666666666665
          2.6666666666666665 1.6666666666666665 1.6666666666666665
          2.833333333333333 1.6666666666666665 1.6666666666666665
          3 1.6666666666666665 1.6666666666666665
          3.1666666666666665 1.6666666666666665 1.6666666666666665
          3.333333333333333 1.6666666666666665 1.6666666666666665
          3.5 1.6666666666666665 1.6666666666666665
          3.6666666666666665 1.6666666666666665 1.6666666666666665
          3.833333333333333 1.6666666666666665 1.6666666666666665
          4 1.6666666666666665 1.6666666666666665
          4.1666666666666661 1.6666666666666665 1.6666666666666665
          4.333333333333333 1.6666666666666665 1.6666666666666665
          4.5 1.6666666666666665 1.6666666666666665
          4.6666666666666661 1.6666666666666665 1.6666666666666665
          4.833333333333333 1.6666666666666665 1.6666666666666665
          5 1.6666666666666665 1.6666666666666665
          5.1666666666666661 1.6666666666666665 1.6666666666666665
          5.333333333333333 1.6666666666666665 1.6666666666666665
          5.5 1.6666666666666665 1.6666666666666665
          5.6666666666666661 1.6666666666666665 1.6666666666666665
          5.833333333333333 1.6666666666666665 1.6666666666666665
          6 1.6666666666666665 1.6666666666666665
          6.1666666666666661 1.6666666666666665 1.6666666666666665
          6.333333333333333 1.6666666666666665 1.6666666666666665
          6.5 1.6666666666666665 1.6666666666666665
          6.6666666666666661 1.6666666666666665 1.6666666666666665
          6.833333333333333 1.6666666666666665 1.6666666666666665
          7 1.6666666666666665 1.6666666666666665
          0 2 1.6666666666666665
          0.16666666666666666 2 1.6666666666666665
          0.33333333333333331 2 1.6666666666666665
          0.5 2 1.6666666666666665
          0.66666666666666663 2 1.6666666666666665
          0.83333333333333326 2 1.6666666666666665
          1 2 1.6666666666666665
          1.1666666666666665 2 1.6666666666666665
          1.3333333333333333 2 1.6666666666666665
          1.5 2 1.6666666666666665
          1.6666666666666665 2 1.6666666666666665
          1.8333333333333333 2 1.6666666666666665
          2 2 1.6666666666666665
          2.1666666666666665 2 1.6666666666666665
          2.333333333333333 2 1.6666666666666665
          2.5 2 1.6666666666666665
          2.6666666666666665 2 1.6666666666666665
          2.833333333333333 2 1.6666666666666665
          3 2 1.6666666666666665
          3.1666666666666665 2 1.6666666666666665
          3.333333333333333 2 1.6666666666666665
          3.5 2 1.6666666666666665
          3.6666666666666665 2 1.6666666666666665
          3.833333333333333 2 1.6666666666666665
          4 2 1.6666666666666665
          4.1666666666666661 2 1.6666666666666665
          4.333333333333333 2 1.6666666666666665
          4.5 2 1.6666666666666665
          4.6666666666666661 2 1.6666666666666665
          4.833333333333333 2 1.6666666666666665
          5 2 1.6666666666666665
          5.1666666666666661 2 1.6666666666666665
          5.333333333333333 2 1.6666666666666665
          5.5 2 1.6666666666666665
          5.6666666666666661 2 1.6666666666666665
          5.833333333333333 2 1.6666666666666665
          6 2 1.6666666666666665
          6.1666666666666661 2 1.6666666666666665
          6.333333333333333 2 1.6666666666666665
          6.5 2 1.6666666666666665
          6.6666666666666661 2 1.6666666666666665
          6.833333333333333 2 1.6666666666666665
          7 2 1.6666666666666665
          0 2.333333333333333 1.6666666666666665
          0.16666666666666666 2.333333333333333 1.6666666666666665
          0.33333333333333331 2.333333333333333 1.6666666666666665
          0.5 2.333333333333333 1.6666666666666665
          0.66666666666666663 2.333333333333333 1.6666666666666665
          0.83333333333333326 2.333333333333333 1.6666666666666665
          1 2.333333333333333 1.6666666666666665
          1.1666666666666665 2.333333333333333 1.6666666666666665
          1.3333333333333333 2.333333333333333 1.6666666666666665
          1.5 2.333333333333333 1.6666666666666665
          1.6666666666666665 2.333333333333333 1.6666666666666665
          1.8333333333333333 2.333333333333333 1.6666666666666665
          2 2.333333333333333 1.6666666666666665
          2.1666666666666665 2.333333333333333 1.6666666666666665
          2.333333333333333 2.333333333333333 1.6666666666666665
          2.5 2.333333333333333 1.6666666666666665
          2.6666666666666665 2.333333333333333 1.6666666666666665
          2.833333333333333 2.333333333333333 1.6666666666666665
          3 2.333333333333333 1.6666666666666665
          3.1666666666666665 2.333333333333333 1.6666666666666665
          3.333333333333333 2.333333333333333 1.6666666666666665
          3.5 2.333333333333333 1.6666666666666665
          3.6666666666666665 2.333333333333333 1.6666666666666665
          3.833333333333333 2.333333333333333 1.6666666666666665
          4 2.333333333333333 1.6666666666666665
          4.1666666666666661 2.333333333333333 1.6666666666666665
          4.333333333333333 2.333333333333333 1.6666666666666665
          4.5 2.333333333333333 1.6666666666666665
          4.6666666666666661 2.333333333333333 1.6666666666666665
          4.833333333333333 2.333333333333333 1.6666666666666665
          5 2.333333333333333 1.6666666666666665
          5.1666666666666661 2.333333333333333 1.6666666666666665
          5.333333333333333 2.333333333333333 1.6666666666666665
          5.5 2.333333333333333 1.6666666666666665
          5.6666666666666661 2.333333333333333 1.6666666666666665
          5.833333333333333 2.333333333333333 1.6666666666666665
          6 2.333333333333333 1.6666666666666665
          6.1666666666666661 2.333333333333333 1.6666666666666665
          6.333333333333333 2.333333333333333 1.6666666666666665
          6.5 2.333333333333333 1.6666666666666665
          6.6666666666666661 2.333333333333333 1.6666666666666665
          6.833333333333333 2.333333333333333 1.6666666666666665
          7 2.333333333333333 1.6666666666666665
          0 2.6666666666666665 1.6666666666666665
          0.16666666666666666 2.6666666666666665 1.6666666666666665
          0.33333333333333331 2.6666666666666665 1.6666666666666665
          0.5 2.6666666666666665 1.6666666666666665
          0.66666666666666663 2.6666666666666665 1.6666666666666665
          0.83333333333333326 2.6666666666666665 1.6666666666666665
          1 2.6666666666666665 1.6666666666666665
          1.1666666666666665 2.6666666666666665 1.6666666666666665
          1.3333333333333333 2.6666666666666665 1.6666666666666665
          1.5 2.6666666666666665 1.6666666666666665
          1.6666666666666665 2.6666666666666665 1.6666666666666665
          1.8333333333333333 2.6666666666666665 1.6666666666666665
          2 2.6666666666666665 1.6666666666666665
          2.1666666666666665 2.6666666666666665 1.6666666666666665
          2.333333333333333 2.6666666666666665 1.6666666666666665
          2.5 2.6666666666666665 1.6666666666666665
          2.6666666666666665 2.6666666666666665 1.6666666666666665
          2.833333333333333 2.6666666666666665 1.6666666666666665
          3 2.6666666666666665 1.6666666666666665
          3.1666666666666665 2.6666666666666665 1.6666666666666665
          3.333333333333333 2.6666666666666665 1.6666666666666665
          3.5 2.6666666666666665 1.6666666666666665
          3.6666666666666665 2.6666666666666665 1.6666666666666665
          3.833333333333333 2.6666666666666665 1.6666666666666665
          4 2.6666666666666665 1.6666666666666665
          4.1666666666666661 2.6666666666666665 1.6666666666666665
          4.333333333333333 2.6666666666666665 1.6666666666666665
          4.5 2.6666666666666665 1.6666666666666665
          4.6666666666666661 2.6666666666666665 1.6666666666666665
          4.833333333333333 2.6666666666666665 1.6666666666666665
          5 2.6666666666666665 1.6666666666666665
          5.1666666666666661 2.6666666666666665 1.6666666666666665
          5.333333333333333 2.6666666666666665 1.6666666666666665
          5.5 2.6666666666666665 1.6666666666666665
          5.6666666666666661 2.6666666666666665 1.6666666666666665
          5.833333333333333 2.6666666666666665 1.6666666666666665
          6 2.6666666666666665 1.6666666666666665
          6.1666666666666661 2.6666666666666665 1.6666666666666665
          6.333333333333333 2.6666666666666665 1.6666666666666665
          6.5 2.6666666666666665 1.6666666666666665
          6.6666666666666661 2.6666666666666665 1.6666666666666665
          6.833333333333333 2.6666666666666665 1.6666666666666665
          7 2.6666666666666665 1.6666666666666665
          0 3 1.6666666666666665
          0.16666666666666666 3 1.6666666666666665
          0.33333333333333331 3 1.6666666666666665
          0.5 3 1.6666666666666665
          0.66666666666666663 3 1.6666666666666665
          0.83333333333333326 3 1.6666666666666665
          1 3 1.6666666666666665
          1.1666666666666665 3 1.6666666666666665
          1.3333333333333333 3 1.6666666666666665
          1.5 3 1.6666666666666665
          1.6666666666666665 3 1.6666666666666665
          1.8333333333333333 3 1.6666666666666665
          2 3 1.6666666666666665
          2.1666666666666665 3 1.6666666666666665
          2.333333333333333 3 1.6666666666666665
          2.5 3 1.6666666666666665
          2.6666666666666665 3 1.6666666666666665
          2.833333333333333 3 1.6666666666666665
          3 3 1.6666666666666665
          3.1666666666666665 3 1.6666666666666665
          3.333333333333333 3 1.6666666666666665
          3.5 3 1.6666666666666665
          3.6666666666666665 3 1.6666666666666665
          3.833333333333333 3 1.6666666666666665
          4 3 1.6666666666666665
          4.1666666666666661 3 1.6666666666666665
          4.333333333333333 3 1.6666666666666665
          4.5 3 1.6666666666666665
          4.6666666666666661 3 1.6666666666666665
          4.833333333333333 3 1.6666666666666665
          5 3 1.6666666666666665
          5.1666666666666661 3 1.6666666666666665
          5.333333333333333 3 1.6666666666666665
          5.5 3 1.6666666666666665
          5.6666666666666661 3 1.6666666666666665
          5.833333333333333 3 1.6666666666666665
          6 3 1.6666666666666665
          6.1666666666666661 3 1.6666666666666665
          6.333333333333333 3 1.6666666666666665
          6.5 3 1.6666666666666665
          6.6666666666666661 3 1.6666666666666665
          6.833333333333333 3 1.6666666666666665
          7 3 1.6666666666666665
          0 0 2
          0.16666666666666666 0 2
          0.33333333333333331 0 2
          0.5 0 2
          0.66666666666666663 0 2
          0.83333333333333326 0 2
          1 0 2
          1.1666666666666665 0 2
          1.3333333333333333 0 2
          1.5 0 2
          1.6666666666666665 0 2
          1.8333333333333333 0 2
          2 0 2
          2.1666666666666665 0 2
          2.333333333333333 0 2
          2.5 0 2
          2.6666666666666665 0 2
          2.833333333333333 0 2
          3 0 2
          3.1666666666666665 0 2
          3.333333333333333 0 2
          3.5 0 2
          3.6666666666666665 0 2
          3.833333333333333 0 2
          4 0 2
          4.1666666666666661 0 2
          4.333333333333333 0 2
          4.5 0 2
          4.6666666666666661 0 2
          4.833333333333333 0 2
          5 0 2
          5.1666666666666661 0 2
          5.333333333333333 0 2
          5.5 0 2
          5.6666666666666661 0 2
          5.833333333333333 0 2
          6 0 2
          6.1666666666666661 0 2
          6.333333333333333 0 2
          6.5 0 2
          6.6666666666666661 0 2
          6.833333333333333 0 2
          7 0 2
          0 0.33333333333333331 2
          0.16666666666666666 0.33333333333333331 2
          0.33333333333333331 0.33333333333333331 2
          0.5 0.33333333333333331 2
          0.66666666666666663 0.33333333333333331 2
          0.83333333333333326 0.33333333333333331 2
          1 0.33333333333333331 2
          1.1666666666666665 0.33333333333333331 2
          1.3333333333333333 0.33333333333333331 2
          1.5 0.33333333333333331 2
          1.6666666666666665 0.33333333333333331 2
          1.8333333333333333 0.33333333333333331 2
          2 0.33333333333333331 2
          2.1666666666666665 0.33333333333333331 2
          2.333333333333333 0.33333333333333331 2
          2.5 0.33333333333333331 2
          2.6666666666666665 0.33333333333333331 2
          2.833333333333333 0.33333333333333331 2
          3 0.33333333333333331 2
          3.1666666666666665 0.33333333333333331 2
          3.333333333333333 0.33333333333333331 2
          3.5 0.33333333333333331 2
          3.6666666666666665 0.33333333333333331 2
          3.833333333333333 0.33333333333333331 2
          4 0.33333333333333331 2
          4.1666666666666661 0.33333333333333331 2
          4.333333333333333 0.33333333333333331 2
          4.5 0.33333333333333331 2
          4.6666666666666661 0.33333333333333331 2
          4.833333333333333 0.33333333333333331 2
          5 0.33333333333333331 2
          5.1666666666666661 0.33333333333333331 2
          5.333333333333333 0.33333333333333331 2
          5.5 0.33333333333333331 2
          5.6666666666666661 0.33333333333333331 2
          5.833333333333333 0.33333333333333331 2
          6 0.33333333333333331 2
          6.1666666666666661 0.33333333333333331 2
          6.333333333333333 0.33333333333333331 2
          6.5 0.33333333333333331 2
          6.6666666666666661 0.33333333333333331 2
          6.833333333333333 0.33333333333333331 2
          7 0.33333333333333331 2
          0 0.66666666666666663 2
          0.16666666666666666 0.66666666666666663 2
          0.33333333333333331 0.66666666666666663 2
          0.5 0.66666666666666663 2
          0.66666666666666663 0.66666666666666663 2
          0.83333333333333326 0.66666666666666663 2
          1 0.66666666666666663 2
          1.1666666666666665 0.66666666666666663 2
          1.3333333333333333 0.66666666666666663 2
          1.5 0.66666666666666663 2
          1.6666666666666665 0.66666666666666663 2
          1.8333333333333333 0.66666666666666663 2
          2 0.66666666666666663 2
          2.1666666666666665 0.66666666666666663 2
          2.333333333333333 0.66666666666666663 2
          2.5 0.66666666666666663 2
          2.6666666666666665 0.66666666666666663 2
          2.833333333333333 0.66666666666666663 2
          3 0.66666666666666663 2
          3.1666666666666665 0.66666666666666663 2
          3.333333333333333 0.66666666666666663 2
          3.5 0.66666666666666663 2
          3.6666666666666665 0.66666666666666663 2
          3.833333333333333 0.66666666666666663 2
          4 0.66666666666666663 2
          4.1666666666666661 0.66666666666666663 2
          4.333333333333333 0.66666666666666663 2
          4.5 0.66666666666666663 2
          4.6666666666666661 0.66666666666666663 2
          4.833333333333333 0.66666666666666663 2
          5 0.66666666666666663 2
          5.1666666666666661 0.66666666666666663 2
          5.333333333333333 0.66666666666666663 2
          5.5 0.66666666666666663 2
          5.6666666666666661 0.66666666666666663 2
          5.833333333333333 0.66666666666666663 2
          6 0.66666666666666663 2
          6.1666666666666661 0.66666666666666663 2
          6.333333333333333 0.66666666666666663 2
          6.5 0.66666666666666663 2
          6.6666666666666661 0.66666666666666663 2
          6.833333333333333 0.66666666666666663 2
          7 0.66666666666666663 2
          0 1 2
          0.16666666666666666 1 2
          0.33333333333333331 1 2
          0.5 1 2
          0.66666666666666663 1 2
          0.83333333333333326 1 2
          1 1 2
          1.1666666666666665 1 2
          1.3333333333333333 1 2
          1.5 1 2
          1.6666666666666665 1 2
          1.8333333333333333 1 2
          2 1 2
          2.1666666666666665 1 2
          2.333333333333333 1 2
          2.5 1 2
          2.6666666666666665 1 2
          2.833333333333333 1 2
          3 1 2
          3.1666666666666665 1 2
          3.333333333333333 1 2
          3.5 1 2
          3.6666666666666665 1 2
          3.833333333333333 1 2
          4 1 2
          4.1666666666666661 1 2
          4.333333333333333 1 2
          4.5 1 2
          4.6666666666666661 1 2
          4.833333333333333 1 2
          5 1 2
          5.1666666666666661 1 2
          5.333333333333333 1 2
          5.5 1 2
          5.6666666666666661 1 2
          5.833333333333333 1 2
          6 1 2
          6.1666666666666661 1 2
          6.333333333333333 1 2
          6.5 1 2
          6.6666666666666661 1 2
          6.833333333333333 1 2
          7 1 2
          0 1.3333333333333333 2
          0.16666666666666666 1.3333333333333333 2
          0.33333333333333331 1.3333333333333333 2
          0.5 1.3333333333333333 2
          0.66666666666666663 1.3333333333333333 2
          0.83333333333333326 1.3333333333333333 2
          1 1.3333333333333333 2
          1.1666666666666665 1.3333333333333333 2
          1.3333333333333333 1.3333333333333333 2
          1.5 1.3333333333333333 2
          1.6666666666666665 1.3333333333333333 2
          1.8333333333333333 1.3333333333333333 2
          2 1.3333333333333333 2
          2.1666666666666665 1.3333333333333333 2
          2.333333333333333 1.3333333333333333 2
          2.5 1.3333333333333333 2
          2.6666666666666665 1.3333333333333333 2
          2.833333333333333 1.3333333333333333 2
          3 1.3333333333333333 2
          3.1666666666666665 1.3333333333333333 2
          3.333333333333333 1.3333333333333333 2
          3.5 1.3333333333333333 2
          3.6666666666666665 1.3333333333333333 2
          3.833333333333333 1.3333333333333333 2
          4 1.3333333333333333 2
          4.1666666666666661 1.3333333333333333 2
          4.333333333333333 1.3333333333333333 2
          4.5 1.3333333333333333 2
          4.6666666666666661 1.3333333333333333 2
          4.833333333333333 1.3333333333333333 2
          5 1.3333333333333333 2
          5.1666666666666661 1.3333333333333333 2
          5.333333333333333 1.3333333333333333 2
          5.5 1.3333333333333333 2
          5.6666666666666661 1.3333333333333333 2
          5.833333333333333 1.3333333333333333 2
          6 1.3333333333333333 2
          6.1666666666666661 1.3333333333333333 2
          6.333333333333333 1.3333333333333333 2
          6.5 1.3333333333333333 2
          6.6666666666666661 1.3333333333333333 2
          6.833333333333333 1.3333333333333333 2
          7 1.3333333333333333 2
          0 1.6666666666666665 2
          0.16666666666666666 1.6666666666666665 2
          0.33333333333333331 1.6666666666666665 2
          0.5 1.6666666666666665 2
          0.66666666666666663 1.6666666666666665 2
          0.83333333333333326 1.6666666666666665 2
          1 1.6666666666666665 2
          1.1666666666666665 1.6666666666666665 2
          1.3333333333333333 1.6666666666666665 2
          1.5 1.6666666666666665 2
          1.6666666666666665 1.6666666666666665 2
          1.8333333333333333 1.6666666666666665 2
          2 1.6666666666666665 2
          2.1666666666666665 1.6666666666666665 2
          2.333333333333333 1.6666666666666665 2
          2.5 1.6666666666666665 2
          2.6666666666666665 1.6666666666666665 2
          2.833333333333333 1.6666666666666665 2
          3 1.6666666666666665 2
          3.1666666666666665 1.6666666666666665 2
          3.333333333333333 1.6666666666666665 2
          3.5 1.6666666666666665 2
          3.6666666666666665 1.6666666666666665 2
          3.833333333333333 1.6666666666666665 2
          4 1.6666666666666665 2
          4.1666666666666661 1.6666666666666665 2
          4.333333333333333 1.6666666666666665 2
          4.5 1.6666666666666665 2
          4.6666666666666661 1.6666666666666665 2
          4.833333333333333 1.6666666666666665 2
          5 1.6666666666666665 2
          5.1666666666666661 1.6666666666666665 2
          5.333333333333333 1.6666666666666665 2
          5.5 1.6666666666666665 2
          5.6666666666666661 1.6666666666666665 2
          5.833333333333333 1.6666666666666665 2
          6 1.6666666666666665 2
          6.1666666666666661 1.6666666666666665 2
          6.333333333333333 1.6666666666666665 2
          6.5 1.6666666666666665 2
          6.6666666666666661 1.6666666666666665 2
          6.833333333333333 1.6666666666666665 2
          7 1.6666666666666665 2
          0 2 2
          0.16666666666666666 2 2
          0.33333333333333331 2 2
          0.5 2 2
          0.66666666666666663 2 2
          0.83333333333333326 2 2
          1 2 2
          1.1666666666666665 2 2
          1.3333333333333333 2 2
          1.5 2 2
          1.6666666666666665 2 2
          1.8333333333333333 2 2
          2 2 2
          2.1666666666666665 2 2
          2.333333333333333 2 2
          2.5 2 2
          2.6666666666666665 2 2
          2.833333333333333 2 2
          3 2 2
          3.1666666666666665 2 2
          3.333333333333333 2 2
          3.5 2 2
          3.6666666666666665 2 2
          3.833333333333333 2 2
          4 2 2
          4.1666666666666661 2 2
          4.333333333333333 2 2
          4.5 2 2
          4.6666666666666661 2 2
          4.833333333333333 2 2
          5 2 2
          5.1666666666666661 2 2
          5.333333333333333 2 2
          5.5 2 2
          5.6666666666666661 2 2
          5.833333333333333 2 2
          6 2 2
          6.1666666666666661 2 2
          6.333333333333333 2 2
          6.5 2 2
          6.6666666666666661 2 2
          6.833333333333333 2 2
          7 2 2
          0 2.333333333333333 2
          0.16666666666666666 2.333333333333333 2
          0.33333333333333331 2.333333333333333 2
          0.5 2.333333333333333 2
          0.66666666666666663 2.333333333333333 2
          0.83333333333333326 2.333333333333333 2
          1 2.333333333333333 2
          1.1666666666666665 2.333333333333333 2
          1.3333333333333333 2.333333333333333 2
          1.5 2.333333333333333 2
          1.6666666666666665 2.333333333333333 2
          1.8333333333333333 2.333333333333333 2
          2 2.333333333333333 2
          2.1666666666666665 2.333333333333333 2
          2.333333333333333 2.333333333333333 2
          2.5 2.333333333333333 2
          2.6666666666666665 2.333333333333333 2
          2.833333333333333 2.333333333333333 2
          3 2.333333333333333 2
          3.1666666666666665 2.333333333333333 2
          3.333333333333333 2.333333333333333 2
          3.5 2.333333333333333 2
          3.6666666666666665 2.333333333333333 2
          3.833333333333333 2.333333333333333 2
          4 2.333333333333333 2
          4.1666666666666661 2.333333333333333 2
          4.333333333333333 2.333333333333333 2
          4.5 2.333333333333333 2
          4.6666666666666661 2.333333333333333 2
          4.833333333333333 2.333333333333333 2
          5 2.333333333333333 2
          5.1666666666666661 2.333333333333333 2
          5.333333333333333 2.333333333333333 2
          5.5 2.333333333333333 2
          5.6666666666666661 2.333333333333333 2
          5.833333333333333 2.333333333333333 2
          6 2.333333333333333 2
          6.1666666666666661 2.333333333333333 2
          6.333333333333333 2.333333333333333 2
          6.5 2.333333333333333 2
          6.6666666666666661 2.333333333333333 2
          6.833333333333333 2.333333333333333 2
          7 2.333333333333333 2
          0 2.6666666666666665 2
          0.16666666666666666 2.6666666666666665 2
          0.33333333333333331 2.6666666666666665 2
          0.5 2.6666666666666665 2
          0.66666666666666663 2.6666666666666665 2
          0.83333333333333326 2.6666666666666665 2
          1 2.6666666666666665 2
          1.1666666666666665 2.6666666666666665 2
          1.3333333333333333 2.6666666666666665 2
          1.5 2.6666666666666665 2
          1.6666666666666665 2.6666666666666665 2
          1.8333333333333333 2.6666666666666665 2
          2 2.6666666666666665 2
          2.1666666666666665 2.6666666666666665 2
          2.333333333333333 2.6666666666666665 2
          2.5 2.6666666666666665 2
          2.6666666666666665 2.6666666666666665 2
          2.833333333333333 2.6666666666666665 2
          3 2.6666666666666665 2
          3.1666666666666665 2.6666666666666665 2
          3.333333333333333 2.6666666666666665 2
          3.5 2.6666666666666665 2
          3.6666666666666665 2.6666666666666665 2
          3.833333333333333 2.6666666666666665 2
          4 2.6666666666666665 2
          4.1666666666666661 2.6666666666666665 2
          4.333333333333333 2.6666666666666665 2
          4.5 2.6666666666666665 2
          4.6666666666666661 2.6666666666666665 2
          4.833333333333333 2.6666666666666665 2
          5 2.6666666666666665 2
          5.1666666666666661 2.6666666666666665 2
          5.333333333333333 2.6666666666666665 2
          5.5 2.6666666666666665 2
          5.6666666666666661 2.6666666666666665 2
          5.833333333333333 2.6666666666666665 2
          6 2.6666666666666665 2
          6.1666666666666661 2.6666666666666665 2
          6.333333333333333 2.6666666666666665 2
          6.5 2.6666666666666665 2
          6.6666666666666661 2.6666666666666665 2
          6.833333333333333 2.6666666666666665 2
          7 2.6666666666666665 2
          0 3 2
          0.16666666666666666 3 2
          0.33333333333333331 3 2
          0.5 3 2
          0.66666666666666663 3 2
          0.83333333333333326 3 2
          1 3 2
          1.1666666666666665 3 2
          1.3333333333333333 3 2
          1.5 3 2
          1.6666666666666665 3 2
          1.8333333333333333 3 2
          2 3 2
          2.1666666666666665 3 2
          2.333333333333333 3 2
          2.5 3 2
          2.6666666666666665 3 2
          2.833333333333333 3 2
          3 3 2
          3.1666666666666665 3 2
          3.333333333333333 3 2
          3.5 3 2
          3.6666666666666665 3 2
          3.833333333333333 3 2
          4 3 2
          4.1666666666666661 3 2
          4.333333333333333 3 2
          4.5 3 2
          4.6666666666666661 3 2
          4.833333333333333 3 2
          5 3 2
          5.1666666666666661 3 2
          5.333333333333333 3 2
          5.5 3 2
          5.6666666666666661 3 2
          5.833333333333333 3 2
          6 3 2
          6.1666666666666661 3 2
          6.333333333333333 3 2
          6.5 3 2
          6.6666666666666661 3 2
          6.833333333333333 3 2
          7 3 2
          0 0 2.333333333333333
          0.16666666666666666 0 2.333333333333333
          0.33333333333333331 0 2.333333333333333
          0.5 0 2.333333333333333
          0.66666666666666663 0 2.333333333333333
          0.83333333333333326 0 2.333333333333333
          1 0 2.333333333333333
          1.1666666666666665 0 2.333333333333333
          1.3333333333333333 0 2.333333333333333
          1.5 0 2.333333333333333
          1.6666666666666665 0 2.333333333333333
          1.8333333333333333 0 2.333333333333333
          2 0 2.333333333333333
          2.1666666666666665 0 2.333333333333333
          2.333333333333333 0 2.333333333333333
          2.5 0 2.333333333333333
          2.6666666666666665 0 2.333333333333333
          2.833333333333333 0 2.333333333333333
          3 0 2.333333333333333
          3.1666666666666665 0 2.333333333333333
          3.333333333333333 0 2.333333333333333
          3.5 0 2.333333333333333
          3.6666666666666665 0 2.333333333333333
          3.833333333333333 0 2.333333333333333
          4 0 2.333333333333333
          4.1666666666666661 0 2.333333333333333
          4.333333333333333 0 2.333333333333333
          4.5 0 2.333333333333333
          4.6666666666666661 0 2.333333333333333
          4.833333333333333 0 2.333333333333333
          5 0 2.333333333333333
          5.1666666666666661 0 2.333333333333333
          5.333333333333333 0 2.333333333333333
          5.5 0 2.333333333333333
          5.6666666666666661 0 2.333333333333333
          5.833333333333333 0 2.333333333333333
          6 0 2.333333333333333
          6.1666666666666661 0 2.333333333333333
          6.333333333333333 0 2.333333333333333
          6.5 0 2.333333333333333
          6.6666666666666661 0 2.333333333333333
          6.833333333333333 0 2.333333333333333
          7 0 2.333333333333333
          0 0.33333333333333331 2.333333333333333
          0.16666666666666666 0.33333333333333331 2.333333333333333
          0.33333333333333331 0.33333333333333331 2.333333333333333
          0.5 0.33333333333333331 2.333333333333333
          0.66666666666666663 0.33333333333333331 2.333333333333333
          0.83333333333333326 0.33333333333333331 2.333333333333333
          1 0.33333333333333331 2.333333333333333
          1.1666666666666665 0.33333333333333331 2.333333333333333
          1.3333333333333333 0.33333333333333331 2.333333333333333
          1.5 0.33333333333333331 2.333333333333333
          1.6666666666666665 0.33333333333333331 2.333333333333333
          1.8333333333333333 0.33333333333333331 2.333333333333333
          2 0.33333333333333331 2.333333333333333
          2.1666666666666665 0.33333333333333331 2.333333333333333
          2.333333333333333 0.33333333333333331 2.333333333333333
          2.5 0.33333333333333331 2.333333333333333
          2.6666666666666665 0.33333333333333331 2.333333333333333
          2.833333333333333 0.33333333333333331 2.333333333333333
          3 0.33333333333333331 2.333333333333333
          3.1666666666666665 0.33333333333333331 2.333333333333333
          3.333333333333333 0.33333333333333331 2.333333333333333
          3.5 0.33333333333333331 2.333333333333333
          3.6666666666666665 0.33333333333333331 2.333333333333333
          3.833333333333333 0.33333333333333331 2.333333333333333
          4 0.33333333333333331 2.333333333333333
          4.1666666666666661 0.33333333333333331 2.333333333333333
          4.333333333333333 0.33333333333333331 2.333333333333333
          4.5 0.33333333333333331 2.333333333333333
          4.6666666666666661 0.33333333333333331 2.333333333333333
          4.833333333333333 0.33333333333333331 2.333333333333333
          5 0.33333333333333331 2.333333333333333
          5.1666666666666661 0.33333333333333331 2.333333333333333
          5.333333333333333 0.33333333333333331 2.333333333333333
          5.5 0.33333333333333331 2.333333333333333
          5.6666666666666661 0.33333333333333331 2.333333333333333
          5.833333333333333 0.33333333333333331 2.333333333333333
          6 0.33333333333333331 2.333333333333333
          6.1666666666666661 0.33333333333333331 2.333333333333333
          6.333333333333333 0.33333333333333331 2.333333333333333
          6.5 0.33333333333333331 2.333333333333333
          6.6666666666666661 0.33333333333333331 2.333333333333333
          6.833333333333333 0.33333333333333331 2.333333333333333
          7 0.33333333333333331 2.333333333333333
          0 0.66666666666666663 2.333333333333333
          0.16666666666666666 0.66666666666666663 2.333333333333333
          0.33333333333333331 0.66666666666666663 2.333333333333333
          0.5 0.66666666666666663 2.333333333333333
          0.66666666666666663 0.66666666666666663 2.333333333333333
          0.83333333333333326 0.66666666666666663 2.333333333333333
          1 0.66666666666666663 2.333333333333333
          1.1666666666666665 0.66666666666666663 2.333333333333333
          1.3333333333333333 0.66666666666666663 2.333333333333333
          1.5 0.66666666666666663 2.333333333333333
          1.6666666666666665 0.66666666666666663 2.333333333333333
          1.8333333333333333 0.66666666666666663 2.333333333333333
          2 0.66666666666666663 2.333333333333333
          2.1666666666666665 0.66666666666666663 2.333333333333333
          2.333333333333333 0.66666666666666663 2.333333333333333
          2.5 0.66666666666666663 2.333333333333333
          2.6666666666666665 0.66666666666666663 2.333333333333333
          2.833333333333333 0.66666666666666663 2.333333333333333
          3 0.66666666666666663 2.333333333333333
          3.1666666666666665 0.66666666666666663 2.333333333333333
          3.333333333333333 0.66666666666666663 2.333333333333333
          3.5 0.66666666666666663 2.333333333333333
          3.6666666666666665 0.66666666666666663 2.333333333333333
          3.833333333333333 0.66666666666666663 2.333333333333333
          4 0.66666666666666663 2.333333333333333
          4.1666666666666661 0.66666666666666663 2.333333333333333
          4.333333333333333 0.66666666666666663 2.333333333333333
          4.5 0.66666666666666663 2.333333333333333
          4.6666666666666661 0.66666666666666663 2.333333333333333
          4.833333333333333 0.66666666666666663 2.333333333333333
          5 0.66666666666666663 2.333333333333333
          5.1666666666666661 0.66666666666666663 2.333333333333333
          5.333333333333333 0.66666666666666663 2.333333333333333
          5.5 0.66666666666666663 2.333333333333333
          5.6666666666666661 0.66666666666666663 2.333333333333333
          5.833333333333333 0.66666666666666663 2.333333333333333
          6 0.66666666666666663 2.333333333333333
          6.1666666666666661 0.66666666666666663 2.333333333333333
          6.333333333333333 0.66666666666666663 2.333333333333333
          6.5 0.66666666666666663 2.333333333333333
          6.6666666666666661 0.66666666666666663 2.333333333333333
          6.833333333333333 0.66666666666666663 2.333333333333333
          7 0.66666666666666663 2.333333333333333
          0 1 2.333333333333333
          0.16666666666666666 1 2.333333333333333
          0.33333333333333331 1 2.333333333333333
          0.5 1 2.333333333333333
          0.66666666666666663 1 2.333333333333333
          0.83333333333333326 1 2.333333333333333
          1 1 2.333333333333333
          1.1666666666666665 1 2.333333333333333
          1.3333333333333333 1 2.333333333333333
          1.5 1 2.333333333333333
          1.6666666666666665 1 2.333333333333333
          1.8333333333333333 1 2.333333333333333
          2 1 2.333333333333333
          2.1666666666666665 1 2.333333333333333
          2.333333333333333 1 2.333333333333333
          2.5 1 2.333333333333333
          2.6666666666666665 1 2.333333333333333
          2.833333333333333 1 2.333333333333333
          3 1 2.333333333333333
          3.1666666666666665 1 2.333333333333333
          3.333333333333333 1 2.333333333333333
          3.5 1 2.333333333333333
          3.6666666666666665 1 2.333333333333333
          3.833333333333333 1 2.333333333333333
          4 1 2.333333333333333
          4.1666666666666661 1 2.333333333333333
          4.333333333333333 1 2.333333333333333
          4.5 1 2.333333333333333
          4.6666666666666661 1 2.333333333333333
          4.833333333333333 1 2.333333333333333
          5 1 2.333333333333333
          5.1666666666666661 1 2.333333333333333
          5.333333333333333 1 2.333333333333333
          5.5 1 2.333333333333333
          5.6666666666666661 1 2.333333333333333
          5.833333333333333 1 2.333333333333333
          6 1 2.333333333333333
          6.1666666666666661 1 2.333333333333333
          6.333333333333333 1 2.333333333333333
          6.5 1 2.333333333333333
          6.6666666666666661 1 2.333333333333333
          6.833333333333333 1 2.333333333333333
          7 1 2.333333333333333
          0 1.3333333333333333 2.333333333333333
          0.16666666666666666 1.3333333333333333 2.333333333333333
          0.33333333333333331 1.3333333333333333 2.333333333333333
          0.5 1.3333333333333333 2.333333333333333
          0.66666666666666663 1.3333333333333333 2.333333333333333
          0.83333333333333326 1.3333333333333333 2.333333333333333
          1 1.3333333333333333 2.333333333333333
          1.1666666666666665 1.3333333333333333 2.333333333333333
          1.3333333333333333 1.3333333333333333 2.333333333333333
          1.5 1.3333333333333333 2.333333333333333
          1.6666666666666665 1.3333333333333333 2.333333333333333
          1.8333333333333333 1.3333333333333333 2.333333333333333
          2 1.3333333333333333 2.333333333333333
          2.1666666666666665 1.3333333333333333 2.333333333333333
          2.333333333333333 1.3333333333333333 2.333333333333333
          2.5 1.3333333333333333 2.333333333333333
          2.6666666666666665 1.3333333333333333 2.333333333333333
          2.833333333333333 1.3333333333333333 2.333333333333333
          3 1.3333333333333333 2.333333333333333
          3.1666666666666665 1.3333333333333333 2.333333333333333
          3.333333333333333 1.3333333333333333 2.333333333333333
          3.5 1.3333333333333333 2.333333333333333
          3.6666666666666665 1.3333333333333333 2.333333333333333
          3.833333333333333 1.3333333333333333 2.333333333333333
          4 1.3333333333333333 2.333333333333333
          4.1666666666666661 1.3333333333333333 2.333333333333333
          4.333333333333333 1.3333333333333333 2.333333333333333
          4.5 1.3333333333333333 2.333333333333333
          4.6666666666666661 1.3333333333333333 2.333333333333333
          4.833333333333333 1.3333333333333333 2.333333333333333
          5 1.3333333333333333 2.333333333333333
          5.1666666666666661 1.3333333333333333 2.333333333333333
          5.333333333333333 1.3333333333333333 2.333333333333333
          5.5 1.3333333333333333 2.333333333333333
          5.6666666666666661 1.3333333333333333 2.333333333333333
          5.833333333333333 1.3333333333333333 2.333333333333333
          6 1.3333333333333333 2.333333333333333
          6.1666666666666661 1.3333333333333333 2.333333333333333
          6.333333333333333 1.3333333333333333 2.333333333333333
          6.5 1.3333333333333333 2.333333333333333
          6.6666666666666661 1.3333333333333333 2.333333333333333
          6.833333333333333 1.3333333333333333 2.333333333333333
          7 1.3333333333333333 2.333333333333333
          0 1.6666666666666665 2.333333333333333
          0.16666666666666666 1.6666666666666665 2.333333333333333
          0.33333333333333331 1.6666666666666665 2.333333333333333
          0.5 1.6666666666666665 2.333333333333333
          0.66666666666666663 1.6666666666666665 2.333333333333333
          0.83333333333333326 1.6666666666666665 2.333333333333333
          1 1.6666666666666665 2.333333333333333
          1.1666666666666665 1.6666666666666665 2.333333333333333
          1.3333333333333333 1.6666666666666665 2.333333333333333
          1.5 1.6666666666666665 2.333333333333333
          1.6666666666666665 1.6666666666666665 2.333333333333333
          1.8333333333333333 1.6666666666666665 2.333333333333333
          2 1.6666666666666665 2.333333333333333
          2.1666666666666665 1.6666666666666665 2.333333333333333
          2.333333333333333 1.6666666666666665 2.333333333333333
          2.5 1.6666666666666665 2.333333333333333
          2.6666666666666665 1.6666666666666665 2.333333333333333
          2.833333333333333 1.6666666666666665 2.333333333333333
          3 1.6666666666666665 2.333333333333333
          3.1666666666666665 1.6666666666666665 2.333333333333333
          3.333333333333333 1.6666666666666665 2.333333333333333
          3.5 1.6666666666666665 2.333333333333333
          3.6666666666666665 1.6666666666666665 2.333333333333333
          3.833333333333333 1.6666666666666665 2.333333333333333
          4 1.6666666666666665 2.333333333333333
          4.1666666666666661 1.6666666666666665 2.333333333333333
          4.333333333333333 1.6666666666666665 2.333333333333333
          4.5 1.6666666666666665 2.333333333333333
          4.6666666666666661 1.6666666666666665 2.333333333333333
          4.833333333333333 1.6666666666666665 2.333333333333333
          5 1.6666666666666665 2.333333333333333
          5.1666666666666661 1.6666666666666665 2.333333333333333
          5.333333333333333 1.6666666666666665 2.333333333333333
          5.5 1.6666666666666665 2.333333333333333
          5.6666666666666661 1.6666666666666665 2.333333333333333
          5.833333333333333 1.6666666666666665 2.333333333333333
          6 1.6666666666666665 2.333333333333333
          6.1666666666666661 1.6666666666666665 2.333333333333333
          6.333333333333333 1.6666666666666665 2.333333333333333
          6.5 1.6666666666666665 2.333333333333333
          6.6666666666666661 1.6666666666666665 2.333333333333333
          6.833333333333333 1.6666666666666665 2.333333333333333
          7 1.6666666666666665 2.333333333333333
          0 2 2.333333333333333
          0.16666666666666666 2 2.333333333333333
          0.33333333333333331 2 2.333333333333333
          0.5 2 2.333333333333333
          0.66666666666666663 2 2.333333333333333
          0.83333333333333326 2 2.333333333333333
          1 2 2.333333333333333
          1.1666666666666665 2 2.333333333333333
          1.3333333333333333 2 2.333333333333333
          1.5 2 2.333333333333333
          1.6666666666666665 2 2.333333333333333
          1.8333333333333333 2 2.333333333333333
          2 2 2.333333333333333
          2.1666666666666665 2 2.333333333333333
          2.333333333333333 2 2.333333333333333
          2.5 2 2.333333333333333
          2.6666666666666665 2 2.333333333333333
          2.833333333333333 2 2.333333333333333
          3 2 2.333333333333333
          3.1666666666666665 2 2.333333333333333
          3.333333333333333 2 2.333333333333333
          3.5 2 2.333333333333333
          3.6666666666666665 2 2.333333333333333
          3.833333333333333 2 2.333333333333333
          4 2 2.333333333333333
          4.1666666666666661 2 2.333333333333333
          4.333333333333333 2 2.333333333333333
          4.5 2 2.333333333333333
          4.6666666666666661 2 2.333333333333333
          4.833333333333333 2 2.333333333333333
          5 2 2.333333333333333
          5.1666666666666661 2 2.333333333333333
          5.333333333333333 2 2.333333333333333
          5.5 2 2.333333333333333
          5.6666666666666661 2 2.333333333333333
          5.833333333333333 2 2.333333333333333
          6 2 2.333333333333333
          6.1666666666666661 2 2.333333333333333
          6.333333333333333 2 2.333333333333333
          6.5 2 2.333333333333333
          6.6666666666666661 2 2.333333333333333
          6.833333333333333 2 2.333333333333333
          7 2 2.333333333333333
          0 2.333333333333333 2.333333333333333
          0.16666666666666666 2.333333333333333 2.333333333333333
          0.33333333333333331 2.333333333333333 2.333333333333333
          0.5 2.333333333333333 2.333333333333333
          0.66666666666666663 2.333333333333333 2.333333333333333
          0.83333333333333326 2.333333333333333 2.333333333333333
          1 2.333333333333333 2.333333333333333
          1.1666666666666665 2.333333333333333 2.333333333333333
          1.3333333333333333 2.333333333333333 2.333333333333333
          1.5 2.333333333333333 2.333333333333333
          1.6666666666666665 2.333333333333333 2.333333333333333
          1.8333333333333333 2.333333333333333 2.333333333333333
          2 2.333333333333333 2.333333333333333
          2.1666666666666665 2.333333333333333 2.333333333333333
          2.333333333333333 2.333333333333333 2.333333333333333
          2.5 2.333333333333333 2.333333333333333
          2.6666666666666665 2.333333333333333 2.333333333333333
          2.833333333333333 2.333333333333333 2.333333333333333
          3 2.333333333333333 2.333333333333333
          3.1666666666666665 2.333333333333333 2.333333333333333
          3.333333333333333 2.333333333333333 2.333333333333333
          3.5 2.333333333333333 2.333333333333333
          3.6666666666666665 2.333333333333333 2.333333333333333
          3.833333333333333 2.333333333333333 2.333333333333333
          4 2.333333333333333 2.333333333333333
          4.1666666666666661 2.333333333333333 2.333333333333333
          4.333333333333333 2.333333333333333 2.333333333333333
          4.5 2.333333333333333 2.333333333333333
          4.6666666666666661 2.333333333333333 2.333333333333333
          4.833333333333333 2.333333333333333 2.333333333333333
          5 2.333333333333333 2.333333333333333
          5.1666666666666661 2.333333333333333 2.333333333333333
          5.333333333333333 2.333333333333333 2.333333333333333
          5.5 2.333333333333333 2.333333333333333
          5.6666666666666661 2.333333333333333 2.333333333333333
          5.833333333333333 2.333333333333333 2.333333333333333
          6 2.333333333333333 2.333333333333333
          6.1666666666666661 2.333333333333333 2.333333333333333
          6.333333333333333 2.333333333333333 2.333333333333333
          6.5 2.333333333333333 2.333333333333333
          6.6666666666666661 2.333333333333333 2.333333333333333
          6.833333333333333 2.333333333333333 2.333333333333333
          7 2.333333333333333 2.333333333333333
          0 2.6666666666666665 2.333333333333333
          0.16666666666666666 2.6666666666666665 2.333333333333333
          0.33333333333333331 2.6666666666666665 2.333333333333333
          0.5 2.6666666666666665 2.333333333333333
          0.66666666666666663 2.6666666666666665 2.333333333333333
          0.83333333333333326 2.6666666666666665 2.333333333333333
          1 2.6666666666666665 2.333333333333333
          1.1666666666666665 2.6666666666666665 2.333333333333333
          1.3333333333333333 2.6666666666666665 2.333333333333333
          1.5 2.6666666666666665 2.333333333333333
          1.6666666666666665 2.6666666666666665 2.333333333333333
          1.8333333333333333 2.6666666666666665 2.333333333333333
          2 2.6666666666666665 2.333333333333333
          2.1666666666666665 2.6666666666666665 2.333333333333333
          2.333333333333333 2.6666666666666665 2.333333333333333
          2.5 2.6666666666666665 2.333333333333333
          2.6666666666666665 2.6666666666666665 2.333333333333333
          2.833333333333333 2.6666666666666665 2.333333333333333
          3 2.6666666666666665 2.333333333333333
          3.1666666666666665 2.6666666666666665 2.333333333333333
          3.333333333333333 2.6666666666666665 2.333333333333333
          3.5 2.6666666666666665 2.333333333333333
          3.6666666666666665 2.6666666666666665 2.333333333333333
          3.833333333333333 2.6666666666666665 2.333333333333333
          4 2.6666666666666665 2.333333333333333
          4.1666666666666661 2.6666666666666665 2.333333333333333
          4.333333333333333 2.6666666666666665 2.333333333333333
          4.5 2.6666666666666665 2.333333333333333
          4.6666666666666661 2.6666666666666665 2.333333333333333
          4.833333333333333 2.6666666666666665 2.333333333333333
          5 2.6666666666666665 2.333333333333333
          5.1666666666666661 2.6666666666666665 2.333333333333333
          5.333333333333333 2.6666666666666665 2.333333333333333
          5.5 2.6666666666666665 2.333333333333333
          5.6666666666666661 2.6666666666666665 2.333333333333333
          5.833333333333333 2.6666666666666665 2.333333333333333
          6 2.6666666666666665 2.333333333333333
          6.1666666666666661 2.6666666666666665 2.333333333333333
          6.333333333333333 2.6666666666666665 2.333333333333333
          6.5 2.6666666666666665 2.333333333333333
          6.6666666666666661 2.6666666666666665 2.333333333333333
          6.833333333333333 2.6666666666666665 2.333333333333333
          7 2.6666666666666665 2.333333333333333
          0 3 2.333333333333333
          0.16666666666666666 3 2.333333333333333
          0.33333333333333331 3 2.333333333333333
          0.5 3 2.333333333333333
          0.66666666666666663 3 2.333333333333333
          0.83333333333333326 3 2.333333333333333
          1 3 2.333333333333333
          1.1666666666666665 3 2.333333333333333
          1.3333333333333333 3 2.333333333333333
          1.5 3 2.333333333333333
          1.6666666666666665 3 2.333333333333333
          1.8333333333333333 3 2.333333333333333
          2 3 2.333333333333333
          2.1666666666666665 3 2.333333333333333
          2.333333333333333 3 2.333333333333333
          2.5 3 2.333333333333333
          2.6666666666666665 3 2.333333333333333
          2.833333333333333 3 2.333333333333333
          3 3 2.333333333333333
          3.1666666666666665 3 2.333333333333333
          3.333333333333333 3 2.333333333333333
          3.5 3 2.333333333333333
          3.6666666666666665 3 2.333333333333333
          3.833333333333333 3 2.333333333333333
          4 3 2.333333333333333
          4.1666666666666661 3 2.333333333333333
          4.333333333333333 3 2.333333333333333
          4.5 3 2.333333333333333
          4.6666666666666661 3 2.333333333333333
          4.833333333333333 3 2.333333333333333
          5 3 2.333333333333333
          5.1666666666666661 3 2.333333333333333
          5.333333333333333 3 2.333333333333333
          5.5 3 2.333333333333333
          5.6666666666666661 3 2.333333333333333
          5.833333333333333 3 2.333333333333333
          6 3 2.333333333333333
          6.1666666666666661 3 2.333333333333333
          6.333333333333333 3 2.333333333333333
          6.5 3 2.333333333333333
          6.6666666666666661 3 2.333333333333333
          6.833333333333333 3 2.333333333333333
          7 3 2.333333333333333
          0 0 2.6666666666666665
          0.16666666666666666 0 2.6666666666666665
          0.33333333333333331 0 2.6666666666666665
          0.5 0 2.6666666666666665
          0.66666666666666663 0 2.6666666666666665
          0.83333333333333326 0 2.6666666666666665
          1 0 2.6666666666666665
          1.1666666666666665 0 2.6666666666666665
          1.3333333333333333 0 2.6666666666666665
          1.5 0 2.6666666666666665
          1.6666666666666665 0 2.6666666666666665
          1.8333333333333333 0 2.6666666666666665
          2 0 2.6666666666666665
          2.1666666666666665 0 2.6666666666666665
          2.333333333333333 0 2.6666666666666665
          2.5 0 2.6666666666666665
          2.6666666666666665 0 2.6666666666666665
          2.833333333333333 0 2.6666666666666665
          3 0 2.6666666666666665
          3.1666666666666665 0 2.6666666666666665
          3.333333333333333 0 2.6666666666666665
          3.5 0 2.6666666666666665
          3.6666666666666665 0 2.6666666666666665
          3.833333333333333 0 2.6666666666666665
          4 0 2.6666666666666665
          4.1666666666666661 0 2.6666666666666665
          4.333333333333333 0 2.6666666666666665
          4.5 0 2.6666666666666665
          4.6666666666666661 0 2.6666666666666665
          4.833333333333333 0 2.6666666666666665
          5 0 2.6666666666666665
          5.1666666666666661 0 2.6666666666666665
          5.333333333333333 0 2.6666666666666665
          5.5 0 2.6666666666666665
          5.6666666666666661 0 2.6666666666666665
          5.833333333333333 0 2.6666666666666665
          6 0 2.6666666666666665
          6.1666666666666661 0 2.6666666666666665
          6.333333333333333 0 2.6666666666666665
          6.5 0 2.6666666666666665
          6.6666666666666661 0 2.6666666666666665
          6.833333333333333 0 2.6666666666666665
          7 0 2.6666666666666665
          0 0.33333333333333331 2.6666666666666665
          0.16666666666666666 0.33333333333333331 2.6666666666666665
          0.33333333333333331 0.33333333333333331 2.6666666666666665
          0.5 0.33333333333333331 2.6666666666666665
          0.66666666666666663 0.33333333333333331 2.6666666666666665
          0.83333333333333326 0.33333333333333331 2.6666666666666665
          1 0.33333333333333331 2.6666666666666665
          1.1666666666666665 0.33333333333333331 2.6666666666666665
          1.3333333333333333 0.33333333333333331 2.6666666666666665
          1.5 0.33333333333333331 2.6666666666666665
          1.6666666666666665 0.33333333333333331 2.6666666666666665
          1.8333333333333333 0.33333333333333331 2.6666666666666665
          2 0.33333333333333331 2.6666666666666665
          2.1666666666666665 0.33333333333333331 2.6666666666666665
          2.333333333333333 0.33333333333333331 2.6666666666666665
          2.5 0.33333333333333331 2.6666666666666665
          2.6666666666666665 0.33333333333333331 2.6666666666666665
          2.833333333333333 0.33333333333333331 2.6666666666666665
          3 0.33333333333333331 2.6666666666666665
          3.1666666666666665 0.33333333333333331 2.6666666666666665
          3.333333333333333 0.33333333333333331 2.6666666666666665
          3.5 0.33333333333333331 2.6666666666666665
          3.6666666666666665 0.33333333333333331 2.6666666666666665
          3.833333333333333 0.33333333333333331 2.6666666666666665
          4 0.33333333333333331 2.6666666666666665
          4.1666666666666661 0.33333333333333331 2.6666666666666665
          4.333333333333333 0.33333333333333331 2.6666666666666665
          4.5 0.33333333333333331 2.6666666666666665
          4.6666666666666661 0.33333333333333331 2.6666666666666665
          4.833333333333333 0.33333333333333331 2.6666666666666665
          5 0.33333333333333331 2.6666666666666665
          5.1666666666666661 0.33333333333333331 2.6666666666666665
          5.333333333333333 0.33333333333333331 2.6666666666666665
          5.5 0.33333333333333331 2.6666666666666665
          5.6666666666666661 0.33333333333333331 2.6666666666666665
          5.833333333333333 0.33333333333333331 2.6666666666666665
          6 0.33333333333333331 2.6666666666666665
          6.1666666666666661 0.33333333333333331 2.6666666666666665
          6.333333333333333 0.33333333333333331 2.6666666666666665
          6.5 0.33333333333333331 2.6666666666666665
          6.6666666666666661 0.33333333333333331 2.6666666666666665
          6.833333333333333 0.33333333333333331 2.6666666666666665
          7 0.33333333333333331 2.6666666666666665
          0 0.66666666666666663 2.6666666666666665
          0.16666666666666666 0.66666666666666663 2.6666666666666665
          0.33333333333333331 0.66666666666666663 2.6666666666666665
          0.5 0.66666666666666663 2.6666666666666665
          0.66666666666666663 0.66666666666666663 2.6666666666666665
          0.83333333333333326 0.66666666666666663 2.6666666666666665
          1 0.66666666666666663 2.6666666666666665
          1.1666666666666665 0.66666666666666663 2.6666666666666665
          1.3333333333333333 0.66666666666666663 2.6666666666666665
          1.5 0.66666666666666663 2.6666666666666665
          1.6666666666666665 0.66666666666666663 2.6666666666666665
          1.8333333333333333 0.66666666666666663 2.6666666666666665
          2 0.66666666666666663 2.6666666666666665
          2.1666666666666665 0.66666666666666663 2.6666666666666665
          2.333333333333333 0.66666666666666663 2.6666666666666665
          2.5 0.66666666666666663 2.6666666666666665
          2.6666666666666665 0.66666666666666663 2.6666666666666665
          2.833333333333333 0.66666666666666663 2.6666666666666665
          3 0.66666666666666663 2.6666666666666665
          3.1666666666666665 0.66666666666666663 2.6666666666666665
          3.333333333333333 0.66666666666666663 2.6666666666666665
          3.5 0.66666666666666663 2.6666666666666665
          3.6666666666666665 0.66666666666666663 2.6666666666666665
          3.833333333333333 0.66666666666666663 2.6666666666666665
          4 0.66666666666666663 2.6666666666666665
          4.1666666666666661 0.66666666666666663 2.6666666666666665
          4.333333333333333 0.66666666666666663 2.6666666666666665
          4.5 0.66666666666666663 2.6666666666666665
          4.6666666666666661 0.66666666666666663 2.6666666666666665
          4.833333333333333 0.66666666666666663 2.6666666666666665
          5 0.66666666666666663 2.6666666666666665
          5.1666666666666661 0.66666666666666663 2.6666666666666665
          5.333333333333333 0.66666666666666663 2.6666666666666665
          5.5 0.66666666666666663 2.6666666666666665
          5.6666666666666661 0.66666666666666663 2.6666666666666665
          5.833333333333333 0.66666666666666663 2.6666666666666665
          6 0.66666666666666663 2.6666666666666665
          6.1666666666666661 0.66666666666666663 2.6666666666666665
          6.333333333333333 0.66666666666666663 2.6666666666666665
          6.5 0.66666666666666663 2.6666666666666665
          6.6666666666666661 0.66666666666666663 2.6666666666666665
          6.833333333333333 0.66666666666666663 2.6666666666666665
          7 0.66666666666666663 2.6666666666666665
          0 1 2.6666666666666665
          0.16666666666666666 1 2.6666666666666665
          0.33333333333333331 1 2.6666666666666665
          0.5 1 2.6666666666666665
          0.66666666666666663 1 2.6666666666666665
          0.83333333333333326 1 2.6666666666666665
          1 1 2.6666666666666665
          1.1666666666666665 1 2.6666666666666665
          1.3333333333333333 1 2.6666666666666665
          1.5 1 2.6666666666666665
          1.6666666666666665 1 2.6666666666666665
          1.8333333333333333 1 2.6666666666666665
          2 1 2.6666666666666665
          2.1666666666666665 1 2.6666666666666665
          2.333333333333333 1 2.6666666666666665
          2.5 1 2.6666666666666665
          2.6666666666666665 1 2.6666666666666665
          2.833333333333333 1 2.6666666666666665
          3 1 2.6666666666666665
          3.1666666666666665 1 2.6666666666666665
          3.333333333333333 1 2.6666666666666665
          3.5 1 2.6666666666666665
          3.6666666666666665 1 2.6666666666666665
          3.833333333333333 1 2.6666666666666665
          4 1 2.6666666666666665
          4.1666666666666661 1 2.6666666666666665
          4.333333333333333 1 2.6666666666666665
          4.5 1 2.6666666666666665
          4.6666666666666661 1 2.6666666666666665
          4.833333333333333 1 2.6666666666666665
          5 1 2.6666666666666665
          5.1666666666666661 1 2.6666666666666665
          5.333333333333333 1 2.6666666666666665
          5.5 1 2.6666666666666665
          5.6666666666666661 1 2.6666666666666665
          5.833333333333333 1 2.6666666666666665
          6 1 2.6666666666666665
          6.1666666666666661 1 2.6666666666666665
          6.333333333333333 1 2.6666666666666665
          6.5 1 2.6666666666666665
          6.6666666666666661 1 2.6666666666666665
          6.833333333333333 1 2.6666666666666665
          7 1 2.6666666666666665
          0 1.3333333333333333 2.6666666666666665
          0.16666666666666666 1.3333333333333333 2.6666666666666665
          0.33333333333333331 1.3333333333333333 2.6666666666666665
          0.5 1.3333333333333333 2.6666666666666665
          0.66666666666666663 1.3333333333333333 2.6666666666666665
          0.83333333333333326 1.3333333333333333 2.6666666666666665
          1 1.3333333333333333 2.6666666666666665
          1.1666666666666665 1.3333333333333333 2.6666666666666665
          1.3333333333333333 1.3333333333333333 2.6666666666666665
          1.5 1.3333333333333333 2.6666666666666665
          1.6666666666666665 1.3333333333333333 2.6666666666666665
          1.8333333333333333 1.3333333333333333 2.6666666666666665
          2 1.3333333333333333 2.6666666666666665
          2.1666666666666665 1.3333333333333333 2.6666666666666665
          2.333333333333333 1.3333333333333333 2.6666666666666665
          2.5 1.3333333333333333 2.6666666666666665
          2.6666666666666665 1.3333333333333333 2.6666666666666665
          2.833333333333333 1.3333333333333333 2.6666666666666665
          3 1.3333333333333333 2.6666666666666665
          3.1666666666666665 1.3333333333333333 2.6666666666666665
          3.333333333333333 1.3333333333333333 2.6666666666666665
          3.5 1.3333333333333333 2.6666666666666665
          3.6666666666666665 1.3333333333333333 2.6666666666666665
          3.833333333333333 1.3333333333333333 2.6666666666666665
          4 1.3333333333333333 2.6666666666666665
          4.1666666666666661 1.3333333333333333 2.6666666666666665
          4.333333333333333 1.3333333333333333 2.6666666666666665
          4.5 1.3333333333333333 2.6666666666666665
          4.6666666666666661 1.3333333333333333 2.6666666666666665
          4.833333333333333 1.3333333333333333 2.6666666666666665
          5 1.3333333333333333 2.6666666666666665
          5.1666666666666661 1.3333333333333333 2.6666666666666665
          5.333333333333333 1.3333333333333333 2.6666666666666665
          5.5 1.3333333333333333 2.6666666666666665
          5.6666666666666661 1.3333333333333333 2.6666666666666665
          5.833333333333333 1.3333333333333333 2.6666666666666665
          6 1.3333333333333333 2.6666666666666665
          6.1666666666666661 1.3333333333333333 2.6666666666666665
          6.333333333333333 1.3333333333333333 2.6666666666666665
          6.5 1.3333333333333333 2.6666666666666665
          6.6666666666666661 1.3333333333333333 2.6666666666666665
          6.833333333333333 1.3333333333333333 2.6666666666666665
          7 1.3333333333333333 2.6666666666666665
          0 1.6666666666666665 2.6666666666666665
          0.16666666666666666 1.6666666666666665 2.6666666666666665
          0.33333333333333331 1.6666666666666665 2.6666666666666665
          0.5 1.6666666666666665 2.6666666666666665
          0.66666666666666663 1.6666666666666665 2.6666666666666665
          0.83333333333333326 1.6666666666666665 2.6666666666666665
          1 1.6666666666666665 2.6666666666666665
          1.1666666666666665 1.6666666666666665 2.6666666666666665
          1.3333333333333333 1.6666666666666665 2.6666666666666665
          1.5 1.6666666666666665 2.6666666666666665
          1.6666666666666665 1.6666666666666665 2.6666666666666665
          1.8333333333333333 1.6666666666666665 2.6666666666666665
          2 1.6666666666666665 2.6666666666666665
          2.1666666666666665 1.6666666666666665 2.6666666666666665
          2.333333333333333 1.6666666666666665 2.6666666666666665
          2.5 1.6666666666666665 2.6666666666666665
          2.6666666666666665 1.6666666666666665 2.6666666666666665
          2.833333333333333 1.6666666666666665 2.6666666666666665
          3 1.6666666666666665 2.6666666666666665
          3.1666666666666665 1.6666666666666665 2.6666666666666665
          3.333333333333333 1.6666666666666665 2.6666666666666665
          3.5 1.6666666666666665 2.6666666666666665
          3.6666666666666665 1.6666666666666665 2.6666666666666665
          3.833333333333333 1.6666666666666665 2.6666666666666665
          4 1.6666666666666665 2.6666666666666665
          4.1666666666666661 1.6666666666666665 2.6666666666666665
          4.333333333333333 1.6666666666666665 2.6666666666666665
          4.5 1.6666666666666665 2.6666666666666665
          4.6666666666666661 1.6666666666666665 2.6666666666666665
          4.833333333333333 1.6666666666666665 2.6666666666666665
          5 1.6666666666666665 2.6666666666666665
          5.1666666666666661 1.6666666666666665 2.6666666666666665
          5.333333333333333 1.6666666666666665 2.6666666666666665
          5.5 1.6666666666666665 2.6666666666666665
          5.6666666666666661 1.6666666666666665 2.6666666666666665
          5.833333333333333 1.6666666666666665 2.6666666666666665
          6 1.6666666666666665 2.6666666666666665
          6.1666666666666661 1.6666666666666665 2.6666666666666665
          6.333333333333333 1.6666666666666665 2.6666666666666665
          6.5 1.6666666666666665 2.6666666666666665
          6.6666666666666661 1.6666666666666665 2.6666666666666665
          6.833333333333333 1.6666666666666665 2.6666666666666665
          7 1.6666666666666665 2.6666666666666665
          0 2 2.6666666666666665
          0.16666666666666666 2 2.6666666666666665
          0.33333333333333331 2 2.6666666666666665
          0.5 2 2.6666666666666665
          0.66666666666666663 2 2.6666666666666665
          0.83333333333333326 2 2.6666666666666665
          1 2 2.6666666666666665
          1.1666666666666665 2 2.6666666666666665
          1.3333333333333333 2 2.6666666666666665
          1.5 2 2.6666666666666665
          1.6666666666666665 2 2.6666666666666665
          1.8333333333333333 2 2.6666666666666665
          2 2 2.6666666666666665
          2.1666666666666665 2 2.6666666666666665
          2.333333333333333 2 2.6666666666666665
          2.5 2 2.6666666666666665
          2.6666666666666665 2 2.6666666666666665
          2.833333333333333 2 2.6666666666666665
          3 2 2.6666666666666665
          3.1666666666666665 2 2.6666666666666665
          3.333333333333333 2 2.6666666666666665
          3.5 2 2.6666666666666665
          3.6666666666666665 2 2.6666666666666665
          3.833333333333333 2 2.6666666666666665
          4 2 2.6666666666666665
          4.1666666666666661 2 2.6666666666666665
          4.333333333333333 2 2.6666666666666665
          4.5 2 2.6666666666666665
          4.6666666666666661 2 2.6666666666666665
          4.833333333333333 2 2.6666666666666665
          5 2 2.6666666666666665
          5.1666666666666661 2 2.6666666666666665
          5.333333333333333 2 2.6666666666666665
          5.5 2 2.6666666666666665
          5.6666666666666661 2 2.6666666666666665
          5.833333333333333 2 2.6666666666666665
          6 2 2.6666666666666665
          6.1666666666666661 2 2.6666666666666665
          6.333333333333333 2 2.6666666666666665
          6.5 2 2.6666666666666665
          6.6666666666666661 2 2.6666666666666665
          6.833333333333333 2 2.6666666666666665
          7 2 2.6666666666666665
          0 2.333333333333333 2.6666666666666665
          0.16666666666666666 2.333333333333333 2.6666666666666665
          0.33333333333333331 2.333333333333333 2.6666666666666665
          0.5 2.333333333333333 2.6666666666666665
          0.66666666666666663 2.333333333333333 2.6666666666666665
          0.83333333333333326 2.333333333333333 2.6666666666666665
          1 2.333333333333333 2.6666666666666665
          1.1666666666666665 2.333333333333333 2.6666666666666665
          1.3333333333333333 2.333333333333333 2.6666666666666665
          1.5 2.333333333333333 2.6666666666666665
          1.6666666666666665 2.333333333333333 2.6666666666666665
          1.8333333333333333 2.333333333333333 2.6666666666666665
          2 2.333333333333333 2.6666666666666665
          2.1666666666666665 2.333333333333333 2.6666666666666665
          2.333333333333333 2.333333333333333 2.6666666666666665
          2.5 2.333333333333333 2.6666666666666665
          2.6666666666666665 2.333333333333333 2.6666666666666665
          2.833333333333333 2.333333333333333 2.6666666666666665
          3 2.333333333333333 2.6666666666666665
          3.1666666666666665 2.333333333333333 2.6666666666666665
          3.333333333333333 2.333333333333333 2.6666666666666665
          3.5 2.333333333333333 2.6666666666666665
          3.6666666666666665 2.333333333333333 2.6666666666666665
          3.833333333333333 2.333333333333333 2.6666666666666665
          4 2.333333333333333 2.6666666666666665
          4.1666666666666661 2.333333333333333 2.6666666666666665
          4.333333333333333 2.333333333333333 2.6666666666666665
          4.5 2.333333333333333 2.6666666666666665
          4.6666666666666661 2.333333333333333 2.6666666666666665
          4.833333333333333 2.333333333333333 2.6666666666666665
          5 2.333333333333333 2.6666666666666665
          5.1666666666666661 2.333333333333333 2.6666666666666665
          5.333333333333333 2.333333333333333 2.6666666666666665
          5.5 2.333333333333333 2.6666666666666665
          5.6666666666666661 2.333333333333333 2.6666666666666665
          5.833333333333333 2.333333333333333 2.6666666666666665
          6 2.333333333333333 2.6666666666666665
          6.1666666666666661 2.333333333333333 2.6666666666666665
          6.333333333333333 2.333333333333333 2.6666666666666665
          6.5 2.333333333333333 2.6666666666666665
          6.6666666666666661 2.333333333333333 2.6666666666666665
          6.833333333333333 2.333333333333333 2.6666666666666665
          7 2.333333333333333 2.6666666666666665
          0 2.6666666666666665 2.6666666666666665
          0.16666666666666666 2.6666666666666665 2.6666666666666665
          0.33333333333333331 2.6666666666666665 2.6666666666666665
          0.5 2.6666666666666665 2.6666666666666665
          0.66666666666666663 2.6666666666666665 2.6666666666666665
          0.83333333333333326 2.6666666666666665 2.6666666666666665
          1 2.6666666666666665 2.6666666666666665
          1.1666666666666665 2.6666666666666665 2.6666666666666665
          1.3333333333333333 2.6666666666666665 2.6666666666666665
          1.5 2.6666666666666665 2.6666666666666665
          1.6666666666666665 2.6666666666666665 2.6666666666666665
          1.8333333333333333 2.6666666666666665 2.6666666666666665
          2 2.6666666666666665 2.6666666666666665
          2.1666666666666665 2.6666666666666665 2.6666666666666665
          2.333333333333333 2.6666666666666665 2.6666666666666665
          2.5 2.6666666666666665 2.6666666666666665
          2.6666666666666665 2.6666666666666665 2.6666666666666665
          2.833333333333333 2.6666666666666665 2.6666666666666665
          3 2.6666666666666665 2.6666666666666665
          3.1666666666666665 2.6666666666666665 2.6666666666666665
          3.333333333333333 2.6666666666666665 2.6666666666666665
          3.5 2.6666666666666665 2.6666666666666665
          3.6666666666666665 2.6666666666666665 2.6666666666666665
          3.833333333333333 2.6666666666666665 2.6666666666666665
          4 2.6666666666666665 2.6666666666666665
          4.1666666666666661 2.6666666666666665 2.6666666666666665
          4.333333333333333 2.6666666666666665 2.6666666666666665
          4.5 2.6666666666666665 2.6666666666666665
          4.6666666666666661 2.6666666666666665 2.6666666666666665
          4.833333333333333 2.6666666666666665 2.6666666666666665
          5 2.6666666666666665 2.6666666666666665
          5.1666666666666661 2.6666666666666665 2.6666666666666665
          5.333333333333333 2.6666666666666665 2.6666666666666665
          5.5 2.6666666666666665 2.6666666666666665
          5.6666666666666661 2.6666666666666665 2.6666666666666665
          5.833333333333333 2.6666666666666665 2.6666666666666665
          6 2.6666666666666665 2.6666666666666665
          6.1666666666666661 2.6666666666666665 2.6666666666666665
          6.333333333333333 2.6666666666666665 2.6666666666666665
          6.5 2.6666666666666665 2.6666666666666665
          6.6666666666666661 2.6666666666666665 2.6666666666666665
          6.833333333333333 2.6666666666666665 2.6666666666666665
          7 2.6666666666666665 2.6666666666666665
          0 3 2.6666666666666665
          0.16666666666666666 3 2.6666666666666665
          0.33333333333333331 3 2.6666666666666665
          0.5 3 2.6666666666666665
          0.66666666666666663 3 2.6666666666666665
          0.83333333333333326 3 2.6666666666666665
          1 3 2.6666666666666665
          1.1666666666666665 3 2.6666666666666665
          1.3333333333333333 3 2.6666666666666665
          1.5 3 2.6666666666666665
          1.6666666666666665 3 2.6666666666666665
          1.8333333333333333 3 2.6666666666666665
          2 3 2.6666666666666665
          2.1666666666666665 3 2.6666666666666665
          2.333333333333333 3 2.6666666666666665
          2.5 3 2.6666666666666665
          2.6666666666666665 3 2.6666666666666665
          2.833333333333333 3 2.6666666666666665
          3 3 2.6666666666666665
          3.1666666666666665 3 2.6666666666666665
          3.333333333333333 3 2.6666666666666665
          3.5 3 2.6666666666666665
          3.6666666666666665 3 2.6666666666666665
          3.833333333333333 3 2.6666666666666665
          4 3 2.6666666666666665
          4.1666666666666661 3 2.6666666666666665
          4.333333333333333 3 2.6666666666666665
          4.5 3 2.6666666666666665
          4.6666666666666661 3 2.6666666666666665
          4.833333333333333 3 2.6666666666666665
          5 3 2.6666666666666665
          5.1666666666666661 3 2.6666666666666665
          5.333333333333333 3 2.6666666666666665
          5.5 3 2.6666666666666665
          5.6666666666666661 3 2.6666666666666665
          5.833333333333333 3 2.6666666666666665
          6 3 2.6666666666666665
          6.1666666666666661 3 2.6666666666666665
          6.333333333333333 3 2.6666666666666665
          6.5 3 2.6666666666666665
          6.6666666666666661 3 2.6666666666666665
          6.833333333333333 3 2.6666666666666665
          7 3 2.6666666666666665
          0 0 3
          0.16666666666666666 0 3
          0.33333333333333331 0 3
          0.5 0 3
          0.66666666666666663 0 3
          0.83333333333333326 0 3
          1 0 3
          1.1666666666666665 0 3
          1.3333333333333333 0 3
          1.5 0 3
          1.6666666666666665 0 3
          1.8333333333333333 0 3
          2 0 3
          2.1666666666666665 0 3
          2.333333333333333 0 3
          2.5 0 3
          2.6666666666666665 0 3
          2.833333333333333 0 3
          3 0 3
          3.1666666666666665 0 3
          3.333333333333333 0 3
          3.5 0 3
          3.6666666666666665 0 3
          3.833333333333333 0 3
          4 0 3
          4.1666666666666661 0 3
          4.333333333333333 0 3
          4.5 0 3
          4.6666666666666661 0 3
          4.833333333333333 0 3
          5 0 3
          5.1666666666666661 0 3
          5.333333333333333 0 3
          5.5 0 3
          5.6666666666666661 0 3
          5.833333333333333 0 3
          6 0 3
          6.1666666666666661 0 3
          6.333333333333333 0 3
          6.5 0 3
          6.6666666666666661 0 3
          6.833333333333333 0 3
          7 0 3
          0 0.33333333333333331 3
          0.16666666666666666 0.33333333333333331 3
          0.33333333333333331 0.33333333333333331 3
          0.5 0.33333333333333331 3
          0.66666666666666663 0.33333333333333331 3
          0.83333333333333326 0.33333333333333331 3
          1 0.33333333333333331 3
          1.1666666666666665 0.33333333333333331 3
          1.3333333333333333 0.33333333333333331 3
          1.5 0.33333333333333331 3
          1.6666666666666665 0.33333333333333331 3
          1.8333333333333333 0.33333333333333331 3
          2 0.33333333333333331 3
          2.1666666666666665 0.33333333333333331 3
          2.333333333333333 0.33333333333333331 3
          2.5 0.33333333333333331 3
          2.6666666666666665 0.33333333333333331 3
          2.833333333333333 0.33333333333333331 3
          3 0.33333333333333331 3
          3.1666666666666665 0.33333333333333331 3
          3.333333333333333 0.33333333333333331 3
          3.5 0.33333333333333331 3
          3.6666666666666665 0.33333333333333331 3
          3.833333333333333 0.33333333333333331 3
          4 0.33333333333333331 3
          4.1666666666666661 0.33333333333333331 3
          4.333333333333333 0.33333333333333331 3
          4.5 0.33333333333333331 3
          4.6666666666666661 0.33333333333333331 3
          4.833333333333333 0.33333333333333331 3
          5 0.33333333333333331 3
          5.1666666666666661 0.33333333333333331 3
          5.333333333333333 0.33333333333333331 3
          5.5 0.33333333333333331 3
          5.6666666666666661 0.33333333333333331 3
          5.833333333333333 0.33333333333333331 3
          6 0.33333333333333331 3
          6.1666666666666661 0.33333333333333331 3
          6.333333333333333 0.33333333333333331 3
          6.5 0.33333333333333331 3
          6.6666666666666661 0.33333333333333331 3
          6.833333333333333 0.33333333333333331 3
          7 0.33333333333333331 3
          0 0.66666666666666663 3
          0.16666666666666666 0.66666666666666663 3
          0.33333333333333331 0.66666666666666663 3
          0.5 0.66666666666666663 3
          0.66666666666666663 0.66666666666666663 3
          0.83333333333333326 0.66666666666666663 3
          1 0.66666666666666663 3
          1.1666666666666665 0.66666666666666663 3
          1.3333333333333333 0.66666666666666663 3
          1.5 0.66666666666666663 3
          1.6666666666666665 0.66666666666666663 3
          1.8333333333333333 0.66666666666666663 3
          2 0.66666666666666663 3
          2.1666666666666665 0.66666666666666663 3
          2.333333333333333 0.66666666666666663 3
          2.5 0.66666666666666663 3
          2.6666666666666665 0.66666666666666663 3
          2.833333333333333 0.66666666666666663 3
          3 0.66666666666666663 3
          3.1666666666666665 0.66666666666666663 3
          3.333333333333333 0.66666666666666663 3
          3.5 0.66666666666666663 3
          3.6666666666666665 0.66666666666666663 3
          3.833333333333333 0.66666666666666663 3
          4 0.66666666666666663 3
          4.1666666666666661 0.66666666666666663 3
          4.333333333333333 0.66666666666666663 3
          4.5 0.66666666666666663 3
          4.6666666666666661 0.66666666666666663 3
          4.833333333333333 0.66666666666666663 3
          5 0.66666666666666663 3
          5.1666666666666661 0.66666666666666663 3
          5.333333333333333 0.66666666666666663 3
          5.5 0.66666666666666663 3
          5.6666666666666661 0.66666666666666663 3
          5.833333333333333 0.66666666666666663 3
          6 0.66666666666666663 3
          6.1666666666666661 0.66666666666666663 3
          6.333333333333333 0.66666666666666663 3
          6.5 0.66666666666666663 3
          6.6666666666666661 0.66666666666666663 3
          6.833333333333333 0.66666666666666663 3
          7 0.66666666666666663 3
          0 1 3
          0.16666666666666666 1 3
          0.33333333333333331 1 3
          0.5 1 3
          0.66666666666666663 1 3
          0.83333333333333326 1 3
          1 1 3
          1.1666666666666665 1 3
          1.3333333333333333 1 3
          1.5 1 3
          1.6666666666666665 1 3
          1.8333333333333333 1 3
          2 1 3
          2.1666666666666665 1 3
          2.333333333333333 1 3
          2.5 1 3
          2.6666666666666665 1 3
          2.833333333333333 1 3
          3 1 3
          3.1666666666666665 1 3
          3.333333333333333 1 3
          3.5 1 3
          3.6666666666666665 1 3
          3.833333333333333 1 3
          4 1 3
          4.1666666666666661 1 3
          4.333333333333333 1 3
          4.5 1 3
          4.6666666666666661 1 3
          4.833333333333333 1 3
          5 1 3
          5.1666666666666661 1 3
          5.333333333333333 1 3
          5.5 1 3
          5.6666666666666661 1 3
          5.833333333333333 1 3
          6 1 3
          6.1666666666666661 1 3
          6.333333333333333 1 3
          6.5 1 3
          6.6666666666666661 1 3
          6.833333333333333 1 3
          7 1 3
          0 1.3333333333333333 3
          0.16666666666666666 1.3333333333333333 3
          0.33333333333333331 1.3333333333333333 3
          0.5 1.3333333333333333 3
          0.66666666666666663 1.3333333333333333 3
          0.83333333333333326 1.3333333333333333 3
          1 1.3333333333333333 3
          1.1666666666666665 1.3333333333333333 3
          1.3333333333333333 1.3333333333333333 3
          1.5 1.3333333333333333 3
          1.6666666666666665 1.3333333333333333 3
          1.8333333333333333 1.3333333333333333 3
          2 1.3333333333333333 3
          2.1666666666666665 1.3333333333333333 3
          2.333333333333333 1.3333333333333333 3
          2.5 1.3333333333333333 3
          2.6666666666666665 1.3333333333333333 3
          2.833333333333333 1.3333333333333333 3
          3 1.3333333333333333 3
          3.1666666666666665 1.3333333333333333 3
          3.333333333333333 1.3333333333333333 3
          3.5 1.3333333333333333 3
          3.6666666666666665 1.3333333333333333 3
          3.833333333333333 1.3333333333333333 3
          4 1.3333333333333333 3
          4.1666666666666661 1.3333333333333333 3
          4.333333333333333 1.3333333333333333 3
          4.5 1.3333333333333333 3
          4.6666666666666661 1.3333333333333333 3
          4.833333333333333 1.3333333333333333 3
          5 1.3333333333333333 3
          5.1666666666666661 1.3333333333333333 3
          5.333333333333333 1.3333333333333333 3
          5.5 1.3333333333333333 3
          5.6666666666666661 1.3333333333333333 3
          5.833333333333333 1.3333333333333333 3
          6 1.3333333333333333 3
          6.1666666666666661 1.3333333333333333 3
          6.333333333333333 1.3333333333333333 3
          6.5 1.3333333333333333 3
          6.6666666666666661 1.3333333333333333 3
          6.833333333333333 1.3333333333333333 3
          7 1.3333333333333333 3
          0 1.6666666666666665 3
          0.16666666666666666 1.6666666666666665 3
          0.33333333333333331 1.6666666666666665 3
          0.5 1.6666666666666665 3
          0.66666666666666663 1.6666666666666665 3
          0.83333333333333326 1.6666666666666665 3
          1 1.6666666666666665 3
          1.1666666666666665 1.6666666666666665 3
          1.3333333333333333 1.6666666666666665 3
          1.5 1.6666666666666665 3
          1.6666666666666665 1.6666666666666665 3
          1.8333333333333333 1.6666666666666665 3
          2 1.6666666666666665 3
          2.1666666666666665 1.6666666666666665 3
          2.333333333333333 1.6666666666666665 3
          2.5 1.6666666666666665 3
          2.6666666666666665 1.6666666666666665 3
          2.833333333333333 1.6666666666666665 3
          3 1.6666666666666665 3
          3.1666666666666665 1.6666666666666665 3
          3.333333333333333 1.6666666666666665 3
          3.5 1.6666666666666665 3
          3.6666666666666665 1.6666666666666665 3
          3.833333333333333 1.6666666666666665 3
          4 1.6666666666666665 3
          4.1666666666666661 1.6666666666666665 3
          4.333333333333333 1.6666666666666665 3
          4.5 1.6666666666666665 3
          4.6666666666666661 1.6666666666666665 3
          4.833333333333333 1.6666666666666665 3
          5 1.6666666666666665 3
          5.1666666666666661 1.6666666666666665 3
          5.333333333333333 1.6666666666666665 3
          5.5 1.6666666666666665 3
          5.6666666666666661 1.6666666666666665 3
          5.833333333333333 1.6666666666666665 3
          6 1.6666666666666665 3
          6.1666666666666661 1.6666666666666665 3
          6.333333333333333 1.6666666666666665 3
          6.5 1.6666666666666665 3
          6.6666666666666661 1.6666666666666665 3
          6.833333333333333 1.6666666666666665 3
          7 1.6666666666666665 3
          0 2 3
          0.16666666666666666 2 3
          0.33333333333333331 2 3
          0.5 2 3
          0.66666666666666663 2 3
          0.83333333333333326 2 3
          1 2 3
          1.1666666666666665 2 3
          1.3333333333333333 2 3
          1.5 2 3
          1.6666666666666665 2 3
          1.8333333333333333 2 3
          2 2 3
          2.1666666666666665 2 3
          2.333333333333333 2 3
          2.5 2 3
          2.6666666666666665 2 3
          2.833333333333333 2 3
          3 2 3
          3.1666666666666665 2 3
          3.333333333333333 2 3
          3.5 2 3
          3.6666666666666665 2 3
          3.833333333333333 2 3
          4 2 3
          4.1666666666666661 2 3
          4.333333333333333 2 3
          4.5 2 3
          4.6666666666666661 2 3
          4.833333333333333 2 3
          5 2 3
          5.1666666666666661 2 3
          5.333333333333333 2 3
          5.5 2 3
          5.6666666666666661 2 3
          5.833333333333333 2 3
          6 2 3
          6.1666666666666661 2 3
          6.333333333333333 2 3
          6.5 2 3
          6.6666666666666661 2 3
          6.833333333333333 2 3
          7 2 3
          0 2.333333333333333 3
          0.16666666666666666 2.333333333333333 3
          0.33333333333333331 2.333333333333333 3
          0.5 2.333333333333333 3
          0.66666666666666663 2.333333333333333 3
          0.83333333333333326 2.333333333333333 3
          1 2.333333333333333 3
          1.1666666666666665 2.333333333333333 3
          1.3333333333333333 2.333333333333333 3
          1.5 2.333333333333333 3
          1.6666666666666665 2.333333333333333 3
          1.8333333333333333 2.333333333333333 3
          2 2.333333333333333 3
          2.1666666666666665 2.333333333333333 3
          2.333333333333333 2.333333333333333 3
          2.5 2.333333333333333 3
          2.6666666666666665 2.333333333333333 3
          2.833333333333333 2.333333333333333 3
          3 2.333333333333333 3
          3.1666666666666665 2.333333333333333 3
          3.333333333333333 2.333333333333333 3
          3.5 2.333333333333333 3
          3.6666666666666665 2.333333333333333 3
          3.833333333333333 2.333333333333333 3
          4 2.333333333333333 3
          4.1666666666666661 2.333333333333333 3
          4.333333333333333 2.333333333333333 3
          4.5 2.333333333333333 3
          4.6666666666666661 2.333333333333333 3
          4.833333333333333 2.333333333333333 3
          5 2.333333333333333 3
          5.1666666666666661 2.333333333333333 3
          5.333333333333333 2.333333333333333 3
          5.5 2.333333333333333 3
          5.6666666666666661 2.333333333333333 3
          5.833333333333333 2.333333333333333 3
          6 2.333333333333333 3
          6.1666666666666661 2.333333333333333 3
          6.333333333333333 2.333333333333333 3
          6.5 2.333333333333333 3
          6.6666666666666661 2.333333333333333 3
          6.833333333333333 2.333333333333333 3
          7 2.333333333333333 3
          0 2.6666666666666665 3
          0.16666666666666666 2.6666666666666665 3
          0.33333333333333331 2.6666666666666665 3
          0.5 2.6666666666666665 3
          0.66666666666666663 2.6666666666666665 3
          0.83333333333333326 2.6666666666666665 3
          1 2.6666666666666665 3
          1.1666666666666665 2.6666666666666665 3
          1.3333333333333333 2.6666666666666665 3
          1.5 2.6666666666666665 3
          1.6666666666666665 2.6666666666666665 3
          1.8333333333333333 2.6666666666666665 3
          2 2.6666666666666665 3
          2.1666666666666665 2.6666666666666665 3
          2.333333333333333 2.6666666666666665 3
          2.5 2.6666666666666665 3
          2.6666666666666665 2.6666666666666665 3
          2.833333333333333 2.6666666666666665 3
          3 2.6666666666666665 3
          3.1666666666666665 2.6666666666666665 3
          3.333333333333333 2.6666666666666665 3
          3.5 2.6666666666666665 3
          3.6666666666666665 2.6666666666666665 3
          3.833333333333333 2.6666666666666665 3
          4 2.6666666666666665 3
          4.1666666666666661 2.6666666666666665 3
          4.333333333333333 2.6666666666666665 3
          4.5 2.6666666666666665 3
          4.6666666666666661 2.6666666666666665 3
          4.833333333333333 2.6666666666666665 3
          5 2.6666666666666665 3
          5.1666666666666661 2.6666666666666665 3
          5.333333333333333 2.6666666666666665 3
          5.5 2.6666666666666665 3
          5.6666666666666661 2.6666666666666665 3
          5.833333333333333 2.6666666666666665 3
          6 2.6666666666666665 3
          6.1666666666666661 2.6666666666666665 3
          6.333333333333333 2.6666666666666665 3
          6.5 2.6666666666666665 3
          6.6666666666666661 2.6666666666666665 3
          6.833333333333333 2.6666666666666665 3
          7 2.6666666666666665 3
          0 3 3
          0.16666666666666666 3 3
          0.33333333333333331 3 3
          0.5 3 3
          0.66666666666666663 3 3
          0.83333333333333326 3 3
          1 3 3
          1.1666666666666665 3 3
          1.3333333333333333 3 3
          1.5 3 3
          1.6666666666666665 3 3
          1.8333333333333333 3 3
          2 3 3
          2.1666666666666665 3 3
          2.333333333333333 3 3
          2.5 3 3
          2.6666666666666665 3 3
          2.833333333333333 3 3
          3 3 3
          3.1666666666666665 3 3
          3.333333333333333 3 3
          3.5 3 3
          3.6666666666666665 3 3
          3.833333333333333 3 3
          4 3 3
          4.1666666666666661 3 3
          4.333333333333333 3 3
          4.5 3 3
          4.6666666666666661 3 3
          4.833333333333333 3 3
          5 3 3
          5.1666666666666661 3 3
          5.333333333333333 3 3
          5.5 3 3
          5.6666666666666661 3 3
          5.833333333333333 3 3
          6 3 3
          6.1666666666666661 3 3
          6.333333333333333 3 3
          6.5 3 3
          6.6666666666666661 3 3
          6.833333333333333 3 3
          7 3 3
        </DataArray>
      </Points>
      <Cells>
        <DataArray type="Int64" Name="connectivity" format="ascii">
          0 3 132 129 1290 1293 1422 1419 1 2 46 89 130 131 43 86 1291 1292 1336 1379 1420 1421 1333 1376 430 860 433 863 559 989 562 992 473 516 903 946 476 519 906 949 431 432 861 862 560 561 990 991 44 45 87 88 1334 1335 1377 1378 474 475 517 518 904 905 947 948
          3 6 135 132 1293 1296 1425 1422 4 5 49 92 133 134 46 89 1294 1295 1339 1382 1423 1424 1336 1379 433 863 436 866 562 992 565 995 476 519 906 949 479 522 909 952 434 435 864 865 563 564 993 994 47 48 90 91 1337 1338 1380 1381 477 478 520 521 907 908 950 951
          6 9 138 135 1296 1299 1428 1425 7 8 52 95 136 137 49 92 1297 1298 1342 1385 1426 1427 1339 1382 436 866 439 869 565 995 568 998 479 522 909 952 482 525 912 955 437 438 867 868 566 567 996 997 50 51 93 94 1340 1341 1383 1384 480 481 523 524 910 911 953 954
          9 12 141 138 1299 1302 1431 1428 10 11 55 98 139 140 52 95 1300 1301 1345 1388 1429 1430 1342 1385 439 869 442 872 568 998 571 1001 482 525 912 955 485 528 915 958 440 441 870 871 569 570 999 1000 53 54 96 97 1343 1344 1386 1387 483 484 526 527 913 914 956 957
          12 15 144 141 1302 1305 1434 1431 13 14 58 101 142 143 55 98 1303 1304 1348 1391 1432 1433 1345 1388 442 872 445 875 571 1001 574 1004 485 528 915 958 488 531 918 961 443 444 873 874 572 573 1002 1003 56 57 99 100 1346 1347 1389 1390 486 487 529 530 916 917 959 960
          15 18 147 144 1305 1308 1437 1434 16 17 61 104 145 146 58 101 1306 1307 1351 1394 1435 1436 1348 1391 445 875 448 878 574 1004 577 1007 488 531 918 961 491 534 921 964 446 447 876 877 575 576 1005 1006 59 60 102 103 1349 1350 1392 1393 489 490 532 533 919 920 962 963
          18 21 150 147 1308 1311 1440 1437 19 20 64 107 148 149 61 104 1309 1310 1354 1397 1438 1439 1351 1394 448 878 451 881 577 1007 580 1010 491 534 921 964 494 537 924 967 449 450 879 880 578 579 1008 1009 62 63 105 106 1352 1353 1395 1396 492 493 535 536 922 923 965 966
          21 24 153 150 1311 1314 1443 1440 22 23 67 110 151 152 64 107 1312 1313 1357 1400 1441 1442 1354 1397 451 881 454 884 580 1010 583 1013 494 537 924 967 497 540 927 970 452 453 882 883 581 582 1011 1012 65 66 108 109 1355 1356 1398 1399 495 496 538 539 925 926 968 969
          24 27 156 153 1314 1317 1446 1443 25 26 70 113 154 155 67 110 1315 1316 1360 1403 1444 1445 1357 1400 454 884 457 887 583 1013 586 1016 497 540 927 970 500 543 930 973 455 456 885 886 584 585 1014 1015 68 69 111 112 1358 1359 1401 1402 498 499 541 542 928 929 971 972
          27 30 159 156 1317 1320 1449 1446 28 29 73 116 157 158 70 113 1318 1319 1363 1406 1447 1448 1360 1403 457 887 460 890 586 1016 589 1019 500 543 930 973 503 546 933 976 458 459 888 889 587 588 1017 1018 71 72 114 115 1361 1362 1404 1405 501 502 544 545 931 932 974 975
          30 33 162 159 1320 1323 1452 1449 31 32 76 119 160 161 73 116 1321 1322 1366 1409 1450 1451 1363 1406 460 890 463 893 589 1019 592 1022 503 546 933 976 506 549 936 979 461 462 891 892 590 591 1020 1021 74 75 117 118 1364 1365 1407 1408 504 505 547 548 934 935 977 978
          33 36 165 162 1323 1326 1455 1452 34 35 79 122 163 164 76 119 1324 1325 1369 1412 1453 1454 1366 1409 463 893 466 896 592 1022 595 1025 506 549 936 979 509 552 939 982 464 465 894 895 593 594 1023 1024 77 78 120 121 1367 1368 1410 1411 507 508 550 551 937 938 980 981
          36 39 168 165 1326 1329 1458 1455 37 38 82 125 166 167 79 122 1327 1328 1372 1415 1456 1457 1369 1412 466 896 469 899 595 1025 598 1028 509 552 939 982 512 555 942 985 467 468 897 898 596 597 1026 1027 80 81 123 124 1370 1371 1413 1414 510 511 553 554 940 941 983 984
          39 42 171 168 1329 1332 1461 1458 40 41 85 128 169 170 82 125 1330 1331 1375 1418 1459 1460 1372 1415 469 899 472 902 598 1028 601 1031 512 555 942 985 515 558 945 988 470 471 900 901 599 600 1029 1030 83 84 126 127 1373 1374 1416 1417 513 514 556 557 943 944 986 987
          129 132 261 258 1419 1422 1551 1548 130 131 175 218 259 260 172 215 1420 1421 1465 1508 1549 1550 1462 1505 559 989 562 992 688 1118 691 1121 602 645 1032 1075 605 648 1035 1078 560 561 990 991 689 690 1119 1120 173 174 216 217 1463 1464 1506 1507 603 604 646 647 1033 1034 1076 1077
          132 135 264 261 1422 1425 1554 1551 133 134 178 221 262 263 175 218 1423 1424 1468 1511 1552 1553 1465 1508 562 992 565 995 691 1121 694 1124 605 648 1035 1078 608 651 1038 1081 563 564 993 994 692 693 1122 1123 176 177 219 220 1466 1467 1509 1510 606 607 649 650 1036 1037 1079 1080
          135 138 267 264 1425 1428 1557 1554 136 137 181 224 265 266 178 221 1426 1427 1471 1514 1555 1556 1468 1511 565 995 568 998 694 1124 697 1127 608 651 1038 1081 611 654 1041 1084 566 567 996 997 695 696 1125 1126 179 180 222 223 1469 1470 1512 1513 609 610 652 653 1039 1040 1082 1083
          138 141 270 267 1428 1431 1560 1557 139 140 184 227 268 269 181 224 1429 1430 1474 1517 1558 1559 1471 1514 568 998 571 1001 697 1127 700 1130 611 654 1041 1084 614 657 1044 1087 569 570 999 1000 698 699 1128 1129 182 183 225 226 1472 1473 1515 1516 612 613 655 656 1042 1043 1085 1086
          141 144 273 270 1431 1434 1563 1560 142 143 187 230 271 272 184 227 1432 1433 1477 1520 1561 1562 1474 1517 571 1001 574 1004 700 1130 703 1133 614 657 1044 1087 617 660 1047 1090 572 573 1002 1003 701 702 1131 1132 185 186 228 229 1475 1476 1518 1519 615 616 658 659 1045 1046 1088 1089
          144 147 276 273 1434 1437 1566 1563 145 146 190 233 274 275 187 230 1435 1436 1480 1523 1564 1565 1477 1520 574 1004 577 1007 703 1133 706 1136 617 660 1047 1090 620 663 1050 1093 575 576 1005 1006 704 705 1134 1135 188 189 231 232 1478 1479 1521 1522 618 619 661 662 1048 1049 1091 1092
          147 150 279 276 1437 1440 1569 1566 148 149 193 236 277 278 190 233 1438 1439 1483 1526 1567 1568 1480 1523 577 1007 580 1010 706 1136 709 1139 620 663 1050 1093 623 666 1053 1096 578 579 1008 1009 707 708 1137 1138 191 192 234 235 1481 1482 1524 1525 621 622 664 665 1051 1052 1094 1095
          150 153 282 279 1440 1443 1572 1569 151 152 196 239 280 281 193 236 1441 1442 1486 1529 1570 1571 1483 1526 580 1010 583 1013 709 1139 712 1142 623 666 1053 1096 626 669 1056 1099 581 582 1011 1012 710 711 1140 1141 194 195 237 238 1484 1485 1527 1528 624 625 667 668 1054 1055 1097 1098
          153 156 285 282 1443 1446 1575 1572 154 155 199 242 283 284 196 239 1444 1445 1489 1532 1573 1574 1486 1529 583 1013 586 1016 712 1142 715 1145 626 669 1056 1099 629 672 1059 1102 584 585 1014 1015 713 714 1143 1144 197 198 240 241 1487 1488 1530 1531 627 628 670 671 1057 1058 1100 1101
          156 159 288 285 1446 1449 1578 1575 157 158 202 245 286 287 199 242 1447 1448 1492 1535 1576 1577 1489 1532 586 1016 589 1019 715 1145 718 1148 629 672 1059 1102 632 675 1062 1105 587 588 1017 1018 716 717 1146 1147 200 201 243 244 1490 1491 1533 1534 630 631 673 674 1060 1061 1103 1104
          159 162 291 288 1449 1452 1581 1578 160 161 205 248 289 290 202 245 1450 1451 1495 1538 1579 1580 1492 1535 589 1019 592 1022 718 1148 721 1151 632 675 1062 1105 635 678 1065 1108 590 591 1020 1021 719 720 1149 1150 203 204 246 247 1493 1494 1536 1537 633 634 676 677 1063 1064 1106 1107
          162 165 294 291 1452 1455 1584 1581 163 164 208 251 292 293 205 248 1453 1454 1498 1541 1582 1583 1495 1538 592 1022 595 1025 721 1151 724 1154 635 678 1065 1108 638 681 1068 1111 593 594 1023 1024 722 723 1152 1153 206 207 249 250 1496 1497 1539 1540 636 637 679 680 1066 1067 1109 1110
          165 168 297 294 1455 1458 1587 1584 166 167 211 254 295 296 208 251 1456 1457 1501 1544 1585 1586 1498 1541 595 1025 598 1028 724 1154 727 1157 638 681 1068 1111 641 684 1071 1114 596 597 1026 1027 725 726 1155 1156 209 210 252 253 1499 1500 1542 1543 639 640 682 683 1069 1070 1112 1113
          168 171 300 297 1458 1461 1590 1587 169 170 214 257 298 299 211 254 1459 1460 1504 1547 1588 1589 1501 1544 598 1028 601 1031 727 1157 730 1160 641 684 1071 1114 644 687 1074 1117 599 600 1029 1030 728 729 1158 1159 212 213 255 256 1502 1503 1545 1546 642 643 685 686 1072 1073 1115 1116
          258 261 390 387 1548 1551 1680 1677 259 260 304 347 388 389 301 344 1549 1550 1594 1637 1678 1679 1591 1634 688 1118 691 1121 817 1247 820 1250 731 774 1161 1204 734 777 1164 1207 689 690 1119 1120 818 819 1248 1249 302 303 345 346 1592 1593 1635 1636 732 733 775 776 1162 1163 1205 1206
          261 264 393 390 1551 1554 1683 1680 262 263 307 350 391 392 304 347 1552 1553 1597 1640 1681 1682 1594 1637 691 1121 694 1124 820 1250 823 1253 734 777 1164 1207 737 780 1167 1210 692 693 1122 1123 821 822 1251 1252 305 306 348 349 1595 1596 1638 1639 735 736 778 779 1165 1166 1208 1209
          264 267 396 393 1554 1557 1686 1683 265 266 310 353 394 395 307 350 1555 1556 1600 1643 1684 1685 1597 1640 694 1124 697 1127 823 1253 826 1256 737 780 1167 1210 740 783 1170 1213 695 696 1125 1126 824 825 1254 1255 308 309 351 352 1598 1599 1641 1642 738 739 781 782 1168 1169 1211 1212
          267 270 399 396 1557 1560 1689 1686 268 269 313 356 397 398 310 353 1558 1559 1603 1646 1687 1688 1600 1643 697 1127 700 1130 826 1256 829 1259 740 783 1170 1213 743 786 1173 1216 698 699 1128 1129 827 828 1257 1258 311 312 354 355 1601 1602 1644 1645 741 742 784 785 1171 1172 1214 1215
          270 273 402 399 1560 1563 1692 1689 271 272 316 359 400 401 313 356 1561 1562 1606 1649 1690 1691 1603 1646 700 1130 703 1133 829 1259 832 1262 743 786 1173 1216 746 789 1176 1219 701 702 1131 1132 830 831 1260 1261 314 315 357 358 1604 1605 1647 1648 744 745 787 788 1174 1175 1217 1218
          273 276 405 402 1563 1566 1695 1692 274 275 319 362 403 404 316 359 1564 1565 1609 1652 1693 1694 1606 1649 703 1133 706 1136 832 1262 835 1265 746 789 1176 1219 749 792 1179 1222 704 705 1134 1135 833 834 1263 1264 317 318 360 361 1607 1608 1650 1651 747 748 790 791 1177 1178 1220 1221
          276 279 408 405 1566 1569 1698 1695 277 278 322 365 406 407 319 362 1567 1568 1612 1655 1696 1697 1609 1652 706 1136 709 1139 835 1265 838 1268 749 792 1179 1222 752 795 1182 1225 707 708 1137 1138 836 837 1266 1267 320 321 363 364 1610 1611 1653 1654 750 751 793 794 1180 1181 1223 1224
          279 282 411 408 1569 1572 1701 1698 280 281 325 368 409 410 322 365 1570 1571 1615 1658 1699 1700 1612 1655 709 1139 712 1142 838 1268 841 1271 752 795 1182 1225 755 798 1185 1228 710 711 1140 1141 839 840 1269 1270 323 324 366 367 1613 1614 1656 1657 753 754 796 797 1183 1184 1226 1227
          282 285 414 411 1572 1575 1704 1701 283 284 328 371 412 413 325 368 1573 1574 1618 1661 1702 1703 1615 1658 712 1142 715 1145 841 1271 844 1274 755 798 1185 1228 758 801 1188 1231 713 714 1143 1144 842 843 1272 1273 326 327 369 370 1616 1617 1659 1660 756 757 799 800 1186 1187 1229 1230
          285 288 417 414 1575 1578 1707 1704 286 287 331 374 415 416 328 371 1576 1577 1621 1664 1705 1706 1618 1661 715 1145 718 1148 844 1274 847 1277 758 801 1188 1231 761 804 1191 1234 716 717 1146 1147 845 846 1275 1276 329 330 372 373 1619 1620 1662 1663 759 760 802 803 1189 1190 1232 1233
          288 291 420 417 1578 1581 1710 1707 289 290 334 377 418 419 331 374 1579 1580 1624 1667 1708 1709 1621 1664 718 1148 721 1151 847 1277 850 1280 761 804 1191 1234 764 807 1194 1237 719 720 1149 1150 848 849 1278 1279 332 333 375 376 1622 1623 1665 1666 762 763 805 806 1192 1193 1235 1236
          291 294 423 420 1581 1584 1713 1710 292 293 337 380 421 422 334 377 1582 1583 1627 1670 1711 1712 1624 1667 721 1151 724 1154 850 1280 853 1283 764 807 1194 1237 767 810 1197 1240 722 723 1152 1153 851 852 1281 1282 335 336 378 379 1625 1626 1668 1669 765 766 808 809 1195 1196 1238 1239
          294 297 426 423 1584 1587 1716 1713 295 296 340 383 424 425 337 380 1585 1586 1630 1673 1714 1715 1627 1670 724 1154 727 1157 853 1283 856 1286 767 810 1197 1240 770 813 1200 1243 725 726 1155 1156 854 855 1284 1285 338 339 381 382 1628 1629 1671 1672 768 769 811 812 1198 1199 1241 1242
          297 300 429 426 1587 1590 1719 1716 298 299 343 386 427 428 340 383 1588 1589 1633 1676 1717 1718 1630 1673 727 1157 730 1160 856 1286 859 1289 770 813 1200 1243 773 816 1203 1246 728 729 1158 1159 857 858 1287 1288 341 342 384 385 1631 1632 1674 1675 771 772 814 815 1201 1202 1244 1245
          1290 1293 1422 1419 2580 2583 2712 2709 1291 1292 1336 1379 1420 1421 1333 1376 2581 2582 2626 2669 2710 2711 2623 2666 1720 2150 1723 2153 1849 2279 1852 2282 1763 1806 2193 2236 1766 1809 2196 2239 1721 1722 2151 2152 1850 1851 2280 2281 1334 1335 1377 1378 2624 2625 2667 2668 1764 1765 1807 1808 2194 2195 2237 2238
          1293 1296 1425 1422 2583 2586 2715 2712 1294 1295 1339 1382 1423 1424 1336 1379 2584 2585 2629 2672 2713 2714 2626 2669 1723 2153 1726 2156 1852 2282 1855 2285 1766 1809 2196 2239 1769 1812 2199 2242 1724 1725 2154 2155 1853 1854 2283 2284 1337 1338 1380 1381 2627 2628 2670 2671 1767 1768 1810 1811 2197 2198 2240 2241
          1296 1299 1428 1425 2586 2589 2718 2715 1297 1298 1342 1385 1426 1427 1339 1382 2587 2588 2632 2675 2716 2717 2629 2672 1726 2156 1729 2159 1855 2285 1858 2288 1769 1812 2199 2242 1772 1815 2202 2245 1727 1728 2157 2158 1856 1857 2286 2287 1340 1341 1383 1384 2630 2631 2673 2674 1770 1771 1813 1814 2200 2201 2243 2244
          1299 1302 1431 1428 2589 2592 2721 2718 1300 1301 1345 1388 1429 1430 1342 1385 2590 2591 2635 2678 2719 2720 2632 2675 1729 2159 1732 2162 1858 2288 1861 2291 1772 1815 2202 2245 1775 1818 2205 2248 1730 1731 2160 2161 1859 1860 2289 2290 1343 1344 1386 1387 2633 2634 2676 2677 1773 1774 1816 1817 2203 2204 2246 2247
          1302 1305 1434 1431 2592 2595 2724 2721 1303 1304 1348 1391 1432 1433 1345 1388 2593 2594 2638 2681 2722 2723 2635 2678 1732 2162 1735 2165 1861 2291 1864 2294 1775 1818 2205 2248 1778 1821 2208 2251 1733 1734 2163 2164 1862 1863 2292 2293 1346 1347 1389 1390 2636 2637 2679 2680 1776 1777 1819 1820 2206 2207 2249 2250
          1305 1308 1437 1434 2595 2598 2727 2724 1306 1307 1351 1394 1435 1436 1348 1391 2596 2597 2641 2684 2725 2726 2638 2681 1735 2165 1738 2168 1864 2294 1867 2297 1778 1821 2208 2251 1781 1824 2211 2254 1736 1737 2166 2167 1865 1866 2295 2296 1349 1350 1392 1393 2639 2640 2682 2683 1779 1780 1822 1823 2209 2210 2252 2253
          1308 1311 1440 1437 2598 2601 2730 2727 1309 1310 1354 1397 1438 1439 1351 1394 2599 2600 2644 2687 2728 2729 2641 2684 1738 2168 1741 2171 1867 2297 1870 2300 1781 1824 2211 2254 1784 1827 2214 2257 1739 1740 2169 2170 1868 1869 2298 2299 1352 1353 1395 1396 2642 2643 2685 2686 1782 1783 1825 1826 2212 2213 2255 2256
          1311 1314 1443 1440 2601 2604 2733 2730 1312 1313 1357 1400 1441 1442 1354 1397 2602 2603 2647 2690 2731 2732 2644 2687 1741 2171 1744 2174 1870 2300 1873 2303 1784 1827 2214 2257 1787 1830 2217 2260 1742 1743 2172 2173 1871 1872 2301 2302 1355 1356 1398 1399 2645 2646 2688 2689 1785 1786 1828 1829 2215 2216 2258 2259
          1314 1317 1446 1443 2604 2607 2736 2733 1315 1316 1360 1403 1444 1445 1357 1400 2605 2606 2650 2693 2734 2735 2647 2690 1744 2174 1747 2177 1873 2303 1876 2306 1787 1830 2217 2260 1790 1833 2220 2263 1745 1746 2175 2176 1874 1875 2304 2305 1358 1359 1401 1402 2648 2649 2691 2692 1788 1789 1831 1832 2218 2219 2261 2262
          1317 1320 1449 1446 2607 2610 2739 2736 1318 1319 1363 1406 1447 1448 1360 1403 2608 2609 2653 2696 2737 2738 2650 2693 1747 2177 1750 2180 1876 2306 1879 2309 1790 1833 2220 2263 1793 1836 2223 2266 1748 1749 2178 2179 1877 1878 2307 2308 1361 1362 1404 1405 2651 2652 2694 2695 1791 1792 1834 1835 2221 2222 2264 2265
          1320 1323 1452 1449 2610 2613 2742 2739 1321 1322 1366 1409 1450 1451 1363 1406 2611 2612 2656 2699 2740 2741 2653 2696 1750 2180 1753 2183 1879 2309 1882 2312 1793 1836 2223 2266 1796 1839 2226 2269 1751 1752 2181 2182 1880 1881 2310 2311 1364 1365 1407 1408 2654 2655 2697 2698 1794 1795 1837 1838 2224 2225 2267 2268
          1323 1326 1455 1452 2613 2616 2745 2742 1324 1325 1369 1412 1453 1454 1366 1409 2614 2615 2659 2702 2743 2744 2656 2699 1753 2183 1756 2186 1882 2312 1885 2315 1796 1839 2226 2269 1799 1842 2229 2272 1754 1755 2184 2185 1883 1884 2313 2314 1367 1368 1410 1411 2657 2658 2700 2701 1797 1798 1840 1841 2227 2228 2270 2271
          1326 1329 1458 1455 2616 2619 2748 2745 1327 1328 1372 1415 1456 1457 1369 1412 2617 2618 2662 2705 2746 2747 2659 2702 1756 2186 1759 2189 1885 2315 1888 2318 1799 1842 2229 2272 1802 1845 2232 2275 1757 1758 2187 2188 1886 1887 2316 2317 1370 1371 1413 1414 2660 2661 2703 2704 1800 1801 1843 1844 2230 2231 2273 2274
          1329 1332 1461 1458 2619 2622 2751 2748 1330 1331 1375 1418 1459 1460 1372 1415 2620 2621 2665 2708 2749 2750 2662 2705 1759 2189 1762 2192 1888 2318 1891 2321 1802 1845 2232 2275 1805 1848 2235 2278 1760 1761 2190 2191 1889 1890 2319 2320 1373 1374 1416 1417 2663 2664 2706 2707 1803 1804 1846 1847 2233 2234 2276 2277
          1419 1422 1551 1548 2709 2712 2841 2838 1420 1421 1465 1508 1549 1550 1462 1505 2710 2711 2755 2798 2839 2840 2752 2795 1849 2279 1852 2282 1978 2408 1981 2411 1892 1935 2322 2365 1895 1938 2325 2368 1850 1851 2280 2281 1979 1980 2409 2410 1463 1464 1506 1507 2753 2754 2796 2797 1893 1894 1936 1937 2323 2324 2366 2367
          1422 1425 1554 1551 2712 2715 2844 2841 1423 1424 1468 1511 1552 1553 1465 1508 2713 2714 2758 2801 2842 2843 2755 2798 1852 2282 1855 2285 1981 2411 1984 2414 1895 1938 2325 2368 1898 1941 2328 2371 1853 1854 2283 2284 1982 1983 2412 2413 1466 1467 1509 1510 2756 2757 2799 2800 1896 1897 1939 1940 2326 2327 2369 2370
          1425 1428 1557 1554 2715 2718 2847 2844 1426 1427 1471 1514 1555 1556 1468 1511 2716 2717 2761 2804 2845 2846 2758 2801 1855 2285 1858 2288 1984 2414 1987 2417 1898 1941 2328 2371 1901 1944 2331 2374 1856 1857 2286 2287 1985 1986 2415 2416 1469 1470 1512 1513 2759 2760 2802 2803 1899 1900 1942 1943 2329 2330 2372 2373
          1428 1431 1560 1557 2718 2721 2850 2847 1429 1430 1474 1517 1558 1559 1471 1514 2719 2720 2764 2807 2848 2849 2761 2804 1858 2288 1861 2291 1987 2417 1990 2420 1901 1944 2331 2374 1904 1947 2334 2377 1859 1860 2289 2290 1988 1989 2418 2419 1472 1473 1515 1516 2762 2763 2805 2806 1902 1903 1945 1946 2332 2333 2375 2376
          1431 1434 1563 1560 2721 2724 2853 2850 1432 1433 1477 1520 1561 1562 1474 1517 2722 2723 2767 2810 2851 2852 2764 2807 1861 2291 1864 2294 1990 2420 1993 2423 1904 1947 2334 2377 1907 1950 2337 2380 1862 1863 2292 2293 1991 1992 2421 2422 1475 1476 1518 1519 2765 2766 2808 2809 1905 1906 1948 1949 2335 2336 2378 2379
          1434 1437 1566 1563 2724 2727 2856 2853 1435 1436 1480 1523 1564 1565 1477 1520 2725 2726 2770 2813 2854 2855 2767 2810 1864 2294 1867 2297 1993 2423 1996 2426 1907 1950 2337 2380 1910 1953 2340 2383 1865 1866 2295 2296 1994 1995 2424 2425 1478 1479 1521 1522 2768 2769 2811 2812 1908 1909 1951 1952 2338 2339 2381 2382
          1437 1440 1569 1566 2727 2730 2859 2856 1438 1439 1483 1526 1567 1568 1480 1523 2728 2729 2773 2816 2857 2858 2770 2813 1867 2297 1870 2300 1996 2426 1999 2429 1910 1953 2340 2383 1913 1956 2343 2386 1868 1869 2298 2299 1997 1998 2427 2428 1481 1482 1524 1525 2771 2772 2814 2815 1911 1912 1954 1955 2341 2342 2384 2385
          1440 1443 1572 1569 2730 2733 2862 2859 1441 1442 1486 1529 1570 1571 1483 1526 2731 2732 2776 2819 2860 2861 2773 2816 1870 2300 1873 2303 1999 2429 2002 2432 1913 1956 2343 2386 1916 1959 2346 2389 1871 1872 2301 2302 2000 2001 2430 2431 1484 1485 1527 1528 2774 2775 2817 2818 1914 1915 1957 1958 2344 2345 2387 2388
          1443 1446 1575 1572 2733 2736 2865 2862 1444 1445 1489 1532 1573 1574 1486 1529 2734 2735 2779 2822 2863 2864 2776 2819 1873 2303 1876 2306 2002 2432 2005 2435 1916 1959 2346 2389 1919 1962 2349 2392 1874 1875 2304 2305 2003 2004 2433 2434 1487 1488 1530 1531 2777 2778 2820 2821 1917 1918 1960 1961 2347 2348 2390 2391
          1446 1449 1578 1575 2736 2739 2868 2865 1447 1448 1492 1535 1576 1577 1489 1532 2737 2738 2782 2825 2866 2867 2779 2822 1876 2306 1879 2309 2005 2435 2008 2438 1919 1962 2349 2392 1922 1965 2352 2395 1877 1878 2307 2308 2006 2007 2436 2437 1490 1491 1533 1534 2780 2781 2823 2824 1920 1921 1963 1964 2350 2351 2393 2394
          1449 1452 1581 1578 2739 2742 2871 2868 1450 1451 1495 1538 1579 1580 1492 1535 2740 2741 2785 2828 2869 2870 2782 2825 1879 2309 1882 2312 2008 2438 2011 2441 1922 1965 2352 2395 1925 1968 2355 2398 1880 1881 2310 2311 2009 2010 2439 2440 1493 1494 1536 1537 2783 2784 2826 2827 1923 1924 1966 1967 2353 2354 2396 2397
          1452 1455 1584 1581 2742 2745 2874 2871 1453 1454 1498 1541 1582 1583 1495 1538 2743 2744 2788 2831 2872 2873 2785 2828 1882 2312 1885 2315 2011 2441 2014 2444 1925 1968 2355 2398 1928 1971 2358 2401 1883 1884 2313 2314 2012 2013 2442 2443 1496 1497 1539 1540 2786 2787 2829 2830 1926 1927 1969 1970 2356 2357 2399 2400
          1455 1458 1587 1584 2745 2748 2877 2874 1456 1457 1501 1544 1585 1586 1498 1541 2746 2747 2791 2834 2875 2876 2788 2831 1885 2315 1888 2318 2014 2444 2017 2447 1928 1971 2358 2401 1931 1974 2361 2404 1886 1887 2316 2317 2015 2016 2445 2446 1499 1500 1542 1543 2789 2790 2832 2833 1929 1930 1972 1973 2359 2360 2402 2403
          1458 1461 1590 1587 2748 2751 2880 2877 1459 1460 1504 1547 1588 1589 1501 1544 2749 2750 2794 2837 2878 2879 2791 2834 1888 2318 1891 2321 2017 2447 2020 2450 1931 1974 2361 2404 1934 1977 2364 2407 1889 1890 2319 2320 2018 2019 2448 2449 1502 1503 1545 1546 2792 2793 2835 2836 1932 1933 1975 1976 2362 2363 2405 2406
          1548 1551 1680 1677 2838 2841 2970 2967 1549 1550 1594 1637 1678 1679 1591 1634 2839 2840 2884 2927 2968 2969 2881 2924 1978 2408 1981 2411 2107 2537 2110 2540 2021 2064 2451 2494 2024 2067 2454 2497 1979 1980 2409 2410 2108 2109 2538 2539 1592 1593 1635 1636 2882 2883 2925 2926 2022 2023 2065 2066 2452 2453 2495 2496
          1551 1554 1683 1680 2841 2844 2973 2970 1552 1553 1597 1640 1681 1682 1594 1637 2842 2843 2887 2930 2971 2972 2884 2927 1981 2411 1984 2414 2110 2540 2113 2543 2024 2067 2454 2497 2027 2070 2457 2500 1982 1983 2412 2413 2111 2112 2541 2542 1595 1596 1638 1639 2885 2886 2928 2929 2025 2026 2068 2069 2455 2456 2498 2499
          1554 1557 1686 1683 2844 2847 2976 2973 1555 1556 1600 1643 1684 1685 1597 1640 2845 2846 2890 2933 2974 2975 2887 2930 1984 2414 1987 2417 2113 2543 2116 2546 2027 2070 2457 2500 2030 2073 2460 2503 1985 1986 2415 2416 2114 2115 2544 2545 1598 1599 1641 1642 2888 2889 2931 2932 2028 2029 2071 2072 2458 2459 2501 2502
          1557 1560 1689 1686 2847 2850 2979 2976 1558 1559 1603 1646 1687 1688 1600 1643 2848 2849 2893 2936 2977 2978 2890 2933 1987 2417 1990 2420 2116 2546 2119 2549 2030 2073 2460 2503 2033 2076 2463 2506 1988 1989 2418 2419 2117 2118 2547 2548 1601 1602 1644 1645 2891 2892 2934 2935 2031 2032 2074 2075 2461 2462 2504 2505
          1560 1563 1692 1689 2850 2853 2982 2979 1561 1562 1606 1649 1690 1691 1603 1646 2851 2852 2896 2939 2980 2981 2893 2936 1990 2420 1993 2423 2119 2549 2122 2552 2033 2076 2463 2506 2036 2079 2466 2509 1991 1992 2421 2422 2120 2121 2550 2551 1604 1605 1647 1648 2894 2895 2937 2938 2034 2035 2077 2078 2464 2465 2507 2508
          1563 1566 1695 1692 2853 2856 2985 2982 1564 1565 1609 1652 1693 1694 1606 1649 2854 2855 2899 2942 2983 2984 2896 2939 1993 2423 1996 2426 2122 2552 2125 2555 2036 2079 2466 2509 2039 2082 2469 2512 1994 1995 2424 2425 2123 2124 2553 2554 1607 1608 1650 1651 2897 2898 2940 2941 2037 2038 2080 2081 2467 2468 2510 2511
          1566 1569 1698 1695 2856 2859 2988 2985 1567 1568 1612 1655 1696 1697 1609 1652 2857 2858 2902 2945 2986 2987 2899 2942 1996 2426 1999 2429 2125 2555 2128 2558 2039 2082 2469 2512 2042 2085 2472 2515 1997 1998 2427 2428 2126 2127 2556 2557 1610 1611 1653 1654 2900 2901 2943 2944 2040 2041 2083 2084 2470 2471 2513 2514
          1569 1572 1701 1698 2859 2862 2991 2988 1570 1571 1615 1658 1699 1700 1612 1655 2860 2861 2905 2948 2989 2990 2902 2945 1999 2429 2002 2432 2128 2558 2131 2561 2042 2085 2472 2515 2045 2088 2475 2518 2000 2001 2430 2431 2129 2130 2559 2560 1613 1614 1656 1657 2903 2904 2946 2947 2043 2044 2086 2087 2473 2474 2516 2517
          1572 1575 1704 1701 2862 2865 2994 2991 1573 1574 1618 1661 1702 1703 1615 1658 2863 2864 2908 2951 2992 2993 2905 2948 2002 2432 2005 2435 2131 2561 2134 2564 2045 2088 2475 2518 2048 2091 2478 2521 2003 2004 2433 2434 2132 2133 2562 2563 1616 1617 1659 1660 2906 2907 2949 2950 2046 2047 2089 2090 2476 2477 2519 2520
          1575 1578 1707 1704 2865 2868 2997 2994 1576 1577 1621 1664 1705 1706 1618 1661 2866 2867 2911 2954 2995 2996 2908 2951 2005 2435 2008 2438 2134 2564 2137 2567 2048 2091 2478 2521 2051 2094 2481 2524 2006 2007 2436 2437 2135 2136 2565 2566 1619 1620 1662 1663 2909 2910 2952 2953 2049 2050 2092 2093 2479 2480 2522 2523
          1578 1581 1710 1707 2868 2871 3000 2997 1579 1580 1624 1667 1708 1709 1621 1664 2869 2870 2914 2957 2998 2999 2911 2954 2008 2438 2011 2441 2137 2567 2140 2570 2051 2094 2481 2524 2054 2097 2484 2527 2009 2010 2439 2440 2138 2139 2568 2569 1622 1623 1665 1666 2912 2913 2955 2956 2052 2053 2095 2096 2482 2483 2525 2526
          1581 1584 1713 1710 2871 2874 3003 3000 1582 1583 1627 1670 1711 1712 1624 1667 2872 2873 2917 2960 3001 3002 2914 2957 2011 2441 2014 2444 2140 2570 2143 2573 2054 2097 2484 2527 2057 2100 2487 2530 2012 2013 2442 2443 2141 2142 2571 2572 1625 1626 1668 1669 2915 2916 2958 2959 2055 2056 2098 2099 2485 2486 2528 2529
          1584 1587 1716 1713 2874 2877 3006 3003 1585 1586 1630 1673 1714 1715 1627 1670 2875 2876 2920 2963 3004 3005 2917 2960 2014 2444 2017 2447 2143 2573 2146 2576 2057 2100 2487 2530 2060 2103 2490 2533 2015 2016 2445 2446 2144 2145 2574 2575 1628 1629 1671 1672 2918 2919 2961 2962 2058 2059 2101 2102 2488 2489 2531 2532
          1587 1590 1719 1716 2877 2880 3009 3006 1588 1589 1633 1676 1717 1718 1630 1673 2878 2879 2923 2966 3007 3008 2920 2963 2017 2447 2020 2450 2146 2576 2149 2579 2060 2103 2490 2533 2063 2106 2493 2536 2018 2019 2448 2449 2147 2148 2577 2578 1631 1632 1674 1675 2921 2922 2964 2965 2061 2062 2104 2105 2491 2492 2534 2535
          2580 2583 2712 2709 3870 3873 4002 3999 2581 2582 2626 2669 2710 2711 2623 2666 3871 3872 3916 3959 4000 4001 3913 3956 3010 3440 3013 3443 3139 3569 3142 3572 3053 3096 3483 3526 3056 3099 3486 3529 3011 3012 3441 3442 3140 3141 3570 3571 2624 2625 2667 2668 3914 3915 3957 3958 3054 3055 3097 3098 3484 3485 3527 3528
          2583 2586 2715 2712 3873 3876 4005 4002 2584 2585 2629 2672 2713 2714 2626 2669 3874 3875 3919 3962 4003 4004 3916 3959 3013 3443 3016 3446 3142 3572 3145 3575 3056 3099 3486 3529 3059 3102 3489 3532 3014 3015 3444 3445 3143 3144 3573 3574 2627 2628 2670 2671 3917 3918 3960 3961 3057 3058 3100 3101 3487 3488 3530 3531
          2586 2589 2718 2715 3876 3879 4008 4005 2587 2588 2632 2675 2716 2717 2629 2672 3877 3878 3922 3965 4006 4007 3919 3962 3016 3446 3019 3449 3145 3575 3148 3578 3059 3102 3489 3532 3062 3105 3492 3535 3017 3018 3447 3448 3146 3147 3576 3577 2630 2631 2673 2674 3920 3921 3963 3964 3060 3061 3103 3104 3490 3491 3533 3534
          2589 2592 2721 2718 3879 3882 4011 4008 2590 2591 2635 2678 2719 2720 2632 2675 3880 3881 3925 3968 4009 4010 3922 3965 3019 3449 3022 3452 3148 3578 3151 3581 3062 3105 3492 3535 3065 3108 3495 3538 3020 3021 3450 3451 3149 3150 3579 3580 2633 2634 2676 2677 3923 3924 3966 3967 3063 3064 3106 3107 3493 3494 3536 3537
          2592 2595 2724 2721 3882 3885 4014 4011 2593 2594 2638 2681 2722 2723 2635 2678 3883 3884 3928 3971 4012 4013 3925 3968 3022 3452 3025 3455 3151 3581 3154 3584 3065 3108 3495 3538 3068 3111 3498 3541 3023 3024 3453 3454 3152 3153 3582 3583 2636 2637 2679 2680 3926 3927 3969 3970 3066 3067 3109 3110 3496 3497 3539 3540
          2595 2598 2727 2724 3885 3888 4017 4014 2596 2597 2641 2684 2725 2726 2638 2681 3886 3887 3931 3974 4015 4016 3928 3971 3025 3455 3028 3458 3154 3584 3157 3587 3068 3111 3498 3541 3071 3114 3501 3544 3026 3027 3456 3457 3155 3156 3585 3586 2639 2640 2682 2683 3929 3930 3972 3973 3069 3070 3112 3113 3499 3500 3542 3543
          2598 2601 2730 2727 3888 3891 4020 4017 2599 2600 2644 2687 2728 2729 2641 2684 3889 3890 3934 3977 4018 4019 3931 3974 3028 3458 3031 3461 3157 3587 3160 3590 3071 3114 3501 3544 3074 3117 3504 3547 3029 3030 3459 3460 3158 3159 3588 3589 2642 2643 2685 2686 3932 3933 3975 3976 3072 3073 3115 3116 3502 3503 3545 3546
          2601 2604 2733 2730 3891 3894 4023 4020 2602 2603 2647 2690 2731 2732 2644 2687 3892 3893 3937 3980 4021 4022 3934 3977 3031 3461 3034 3464 3160 3590 3163 3593 3074 3117 3504 3547 3077 3120 3507 3550 3032 3033 3462 3463 3161 3162 3591 3592 2645 2646 2688 2689 3935 3936 3978 3979 3075 3076 3118 3119 3505 3506 3548 3549
          2604 2607 2736 2733 3894 3897 4026 4023 2605 2606 2650 2693 2734 2735 2647 2690 3895 3896 3940 3983 4024 4025 3937 3980 3034 3464 3037 3467 3163 3593 3166 3596 3077 3120 3507 3550 3080 3123 3510 3553 3035 3036 3465 3466 3164 3165 3594 3595 2648 2649 2691 2692 3938 3939 3981 3982 3078 3079 3121 3122 3508 3509 3551 3552
          2607 2610 2739 2736 3897 3900 4029 4026 2608 2609 2653 2696 2737 2738 2650 2693 3898 3899 3943 3986 4027 4028 3940 3983 3037 3467 3040 3470 3166 3596 3169 3599 3080 3123 3510 3553 3083 3126 3513 3556 3038 3039 3468 3469 3167 3168 3597 3598 2651 2652 2694 2695 3941 3942 3984 3985 3081 3082 3124 3125 3511 3512 3554 3555
          2610 2613 2742 2739 3900 3903 4032 4029 2611 2612 2656 2699 2740 2741 2653 2696 3901 3902 3946 3989 4030 4031 3943 3986 3040 3470 3043 3473 3169 3599 3172 3602 3083 3126 3513 3556 3086 3129 3516 3559 3041 3042 3471 3472 3170 3171 3600 3601 2654 2655 2697 2698 3944 3945 3987 3988 3084 3085 3127 3128 3514 3515 3557 3558
          2613 2616 2745 2742 3903 3906 4035 4032 2614 2615 2659 2702 2743 2744 2656 2699 3904 3905 3949 3992 4033 4034 3946 3989 3043 3473 3046 3476 3172 3602 3175 3605 3086 3129 3516 3559 3089 3132 3519 3562 3044 3045 3474 3475 3173 3174 3603 3604 2657 2658 2700 2701 3947 3948 3990 3991 3087 3088 3130 3131 3517 3518 3560 3561
          2616 2619 2748 2745 3906 3909 4038 4035 2617 2618 2662 2705 2746 2747 2659 2702 3907 3908 3952 3995 4036 4037 3949 3992 3046 3476 3049 3479 3175 3605 3178 3608 3089 3132 3519 3562 3092 3135 3522 3565 3047 3048 3477 3478 3176 3177 3606 3607 2660 2661 2703 2704 3950 3951 3993 3994 3090 3091 3133 3134 3520 3521 3563 3564
          2619 2622 2751 2748 3909 3912 4041 4038 2620 2621 2665 2708 2749 2750 2662 2705 3910 3911 3955 3998 4039 4040 3952 3995 3049 3479 3052 3482 3178 3608 3181 3611 3092 3135 3522 3565 3095 3138 3525 3568 3050 3051 3480 3481 3179 3180 3609 3610 2663 2664 2706 2707 3953 3954 3996 3997 3093 3094 3136 3137 3523 3524 3566 3567
          2709 2712 2841 2838 3999 4002 4131 4128 2710 2711 2755 2798 2839 2840 2752 2795 4000 4001 4045 4088 4129 4130 4042 4085 3139 3569 3142 3572 3268 3698 3271 3701 3182 3225 3612 3655 3185 3228 3615 3658 3140 3141 3570 3571 3269 3270 3699 3700 2753 2754 2796 2797 4043 4044 4086 4087 3183 3184 3226 3227 3613 3614 3656 3657
          2712 2715 2844 2841 4002 4005 4134 4131 2713 2714 2758 2801 2842 2843 2755 2798 4003 4004 4048 4091 4132 4133 4045 4088 3142 3572 3145 3575 3271 3701 3274 3704 3185 3228 3615 3658 3188 3231 3618 3661 3143 3144 3573 3574 3272 3273 3702 3703 2756 2757 2799 2800 4046 4047 4089 4090 3186 3187 3229 3230 3616 3617 3659 3660
          2715 2718 2847 2844 4005 4008 4137 4134 2716 2717 2761 2804 2845 2846 2758 2801 4006 4007 4051 4094 4135 4136 4048 4091 3145 3575 3148 3578 3274 3704 3277 3707 3188 3231 3618 3661 3191 3234 3621 3664 3146 3147 3576 3577 3275 3276 3705 3706 2759 2760 2802 2803 4049 4050 4092 4093 3189 3190 3232 3233 3619 3620 3662 3663
          2718 2721 2850 2847 4008 4011 4140 4137 2719 2720 2764 2807 2848 2849 2761 2804 4009 4010 4054 4097 4138 4139 4051 4094 3148 3578 3151 3581 3277 3707 3280 3710 3191 3234 3621 3664 3194 3237 3624 3667 3149 3150 3579 3580 3278 3279 3708 3709 2762 2763 2805 2806 4052 4053 4095 4096 3192 3193 3235 3236 3622 3623 3665 3666
          2721 2724 2853 2850 4011 4014 4143 4140 2722 2723 2767 2810 2851 2852 2764 2807 4012 4013 4057 4100 4141 4142 4054 4097 3151 3581 3154 3584 3280 3710 3283 3713 3194 3237 3624 3667 3197 3240 3627 3670 3152 3153 3582 3583 3281 3282 3711 3712 2765 2766 2808 2809 4055 4056 4098 4099 3195 3196 3238 3239 3625 3626 3668 3669
          2724 2727 2856 2853 4014 4017 4146 4143 2725 2726 2770 2813 2854 2855 2767 2810 4015 4016 4060 4103 4144 4145 4057 4100 3154 3584 3157 3587 3283 3713 3286 3716 3197 3240 3627 3670 3200 3243 3630 3673 3155 3156 3585 3586 3284 3285 3714 3715 2768 2769 2811 2812 4058 4059 4101 4102 3198 3199 3241 3242 3628 3629 3671 3672
          2727 2730 2859 2856 4017 4020 4149 4146 2728 2729 2773 2816 2857 2858 2770 2813 4018 4019 4063 4106 4147 4148 4060 4103 3157 3587 3160 3590 3286 3716 3289 3719 3200 3243 3630 3673 3203 3246 3633 3676 3158 3159 3588 3589 3287 3288 3717 3718 2771 2772 2814 2815 4061 4062 4104 4105 3201 3202 3244 3245 3631 3632 3674 3675
          2730 2733 2862 2859 4020 4023 4152 4149 2731 2732 2776 2819 2860 2861 2773 2816 4021 4022 4066 4109 4150 4151 4063 4106 3160 3590 3163 3593 3289 3719 3292 3722 3203 3246 3633 3676 3206 3249 3636 3679 3161 3162 3591 3592 3290 3291 3720 3721 2774 2775 2817 2818 4064 4065 4107 4108 3204 3205 3247 3248 3634 3635 3677 3678
          2733 2736 2865 2862 4023 4026 4155 4152 2734 2735 2779 2822 2863 2864 2776 2819 4024 4025 4069 4112 4153 4154 4066 4109 3163 3593 3166 3596 3292 3722 3295 3725 3206 3249 3636 3679 3209 3252 3639 3682 3164 3165 3594 3595 3293 3294 3723 3724 2777 2778 2820 2821 4067 4068 4110 4111 3207 3208 3250 3251 3637 3638 3680 3681
          2736 2739 2868 2865 4026 4029 4158 4155 2737 2738 2782 2825 2866 2867 2779 2822 4027 4028 4072 4115 4156 4157 4069 4112 3166 3596 3169 3599 3295 3725 3298 3728 3209 3252 3639 3682 3212 3255 3642 3685 3167 3168 3597 3598 3296 3297 3726 3727 2780 2781 2823 2824 4070 4071 4113 4114 3210 3211 3253 3254 3640 3641 3683 3684
          2739 2742 2871 2868 4029 4032 4161 4158 2740 2741 2785 2828 2869 2870 2782 2825 4030 4031 4075 4118 4159 4160 4072 4115 3169 3599 3172 3602 3298 3728 3301 3731 3212 3255 3642 3685 3215 3258 3645 3688 3170 3171 3600 3601 3299 3300 3729 3730 2783 2784 2826 2827 4073 4074 4116 4117 3213 3214 3256 3257 3643 3644 3686 3687
          2742 2745 2874 2871 4032 4035 4164 4161 2743 2744 2788 2831 2872 2873 2785 2828 4033 4034 4078 4121 4162 4163 4075 4118 3172 3602 3175 3605 3301 3731 3304 3734 3215 3258 3645 3688 3218 3261 3648 3691 3173 3174 3603 3604 3302 3303 3732 3733 2786 2787 2829 2830 4076 4077 4119 4120 3216 3217 3259 3260 3646 3647 3689 3690
          2745 2748 2877 2874 4035 4038 4167 4164 2746 2747 2791 2834 2875 2876 2788 2831 4036 4037 4081 4124 4165 4166 4078 4121 3175 3605 3178 3608 3304 3734 3307 3737 3218 3261 3648 3691 3221 3264 3651 3694 3176 3177 3606 3607 3305 3306 3735 3736 2789 2790 2832 2833 4079 4080 4122 4123 3219 3220 3262 3263 3649 3650 3692 3693
          2748 2751 2880 2877 4038 4041 4170 4167 2749 2750 2794 2837 2878 2879 2791 2834 4039 4040 4084 4127 4168 4169 4081 4124 3178 3608 3181 3611 3307 3737 3310 3740 3221 3264 3651 3694 3224 3267 3654 3697 3179 3180 3609 3610 3308 3309 3738 3739 2792 2793 2835 2836 4082 4083 4125 4126 3222 3223 3265 3266 3652 3653 3695 3696
          2838 2841 2970 2967 4128 4131 4260 4257 2839 2840 2884 2927 2968 2969 2881 2924 4129 4130 4174 4217 4258 4259 4171 4214 3268 3698 3271 3701 3397 3827 3400 3830 3311 3354 3741 3784 3314 3357 3744 3787 3269 3270 3699 3700 3398 3399 3828 3829 2882 2883 2925 2926 4172 4173 4215 4216 3312 3313 3355 3356 3742 3743 3785 3786
          2841 2844 2973 2970 4131 4134 4263 4260 2842 2843 2887 2930 2971 2972 2884 2927 4132 4133 4177 4220 4261 4262 4174 4217 3271 3701 3274 3704 3400 3830 3403 3833 3314 3357 3744 3787 3317 3360 3747 3790 3272 3273 3702 3703 3401 3402 3831 3832 2885 2886 2928 2929 4175 4176 4218 4219 3315 3316 3358 3359 3745 3746 3788 3789
          2844 2847 2976 2973 4134 4137 4266 4263 2845 2846 2890 2933 2974 2975 2887 2930 4135 4136 4180 4223 4264 4265 4177 4220 3274 3704 3277 3707 3403 3833 3406 3836 3317 3360 3747 3790 3320 3363 3750 3793 3275 3276 3705 3706 3404 3405 3834 3835 2888 2889 2931 2932 4178 4179 4221 4222 3318 3319 3361 3362 3748 3749 3791 3792
          2847 2850 2979 2976 4137 4140 4269 4266 2848 2849 2893 2936 2977 2978 2890 2933 4138 4139 4183 4226 4267 4268 4180 4223 3277 3707 3280 3710 3406 3836 3409 3839 3320 3363 3750 3793 3323 3366 3753 3796 3278 3279 3708 3709 3407 3408 3837 3838 2891 2892 2934 2935 4181 4182 4224 4225 3321 3322 3364 3365 3751 3752 3794 3795
          2850 2853 2982 2979 4140 4143 4272 4269 2851 2852 2896 2939 2980 2981 2893 2936 4141 4142 4186 4229 4270 4271 4183 4226 3280 3710 3283 3713 3409 3839 3412 3842 3323 3366 3753 3796 3326 3369 3756 3799 3281 3282 3711 3712 3410 3411 3840 3841 2894 2895 2937 2938 4184 4185 4227 4228 3324 3325 3367 3368 3754 3755 3797 3798
          2853 2856 2985 2982 4143 4146 4275 4272 2854 2855 2899 2942 2983 2984 2896 2939 4144 4145 4189 4232 4273 4274 4186 4229 3283 3713 3286 3716 3412 3842 3415 3845 3326 3369 3756 3799 3329 3372 3759 3802 3284 3285 3714 3715 3413 3414 3843 3844 2897 2898 2940 2941 4187 4188 4230 4231 3327 3328 3370 3371 3757 3758 3800 3801
          2856 2859 2988 2985 4146 4149 4278 4275 2857 2858 2902 2945 2986 2987 2899 2942 4147 4148 4192 4235 4276 4277 4189 4232 3286 3716 3289 3719 3415 3845 3418 3848 3329 3372 3759 3802 3332 3375 3762 3805 3287 3288 3717 3718 3416 3417 3846 3847 2900 2901 2943 2944 4190 4191 4233 4234 3330 3331 3373 3374 3760 3761 3803 3804
          2859 2862 2991 2988 4149 4152 4281 4278 2860 2861 2905 2948 2989 2990 2902 2945 4150 4151 4195 4238 4279 4280 4192 4235 3289 3719 3292 3722 3418 3848 3421 3851 3332 3375 3762 3805 3335 3378 3765 3808 3290 3291 3720 3721 3419 3420 3849 3850 2903 2904 2946 2947 4193 4194 4236 4237 3333 3334 3376 3377 3763 3764 3806 3807
          2862 2865 2994 2991 4152 4155 4284 4281 2863 2864 2908 2951 2992 2993 2905 2948 4153 4154 4198 4241 4282 4283 4195 4238 3292 3722 3295 3725 3421 3851 3424 3854 3335 3378 3765 3808 3338 3381 3768 3811 3293 3294 3723 3724 3422 3423 3852 3853 2906 2907 2949 2950 4196 4197 4239 4240 3336 3337 3379 3380 3766 3767 3809 3810
          2865 2868 2997 2994 4155 4158 4287 4284 2866 2867 2911 2954 2995 2996 2908 2951 4156 4157 4201 4244 4285 4286 4198 4241 3295 3725 3298 3728 3424 3854 3427 3857 3338 3381 3768 3811 3341 3384 3771 3814 3296 3297 3726 3727 3425 3426 3855 3856 2909 2910 2952 2953 4199 4200 4242 4243 3339 3340 3382 3383 3769 3770 3812 3813
          2868 2871 3000 2997 4158 4161 4290 4287 2869 2870 2914 2957 2998 2999 2911 2954 4159 4160 4204 4247 4288 4289 4201 4244 3298 3728 3301 3731 3427 3857 3430 3860 3341 3384 3771 3814 3344 3387 3774 3817 3299 3300 3729 3730 3428 3429 3858 3859 2912 2913 2955 2956 4202 4203 4245 4246 3342 3343 3385 3386 3772 3773 3815 3816
          2871 2874 3003 3000 4161 4164 4293 4290 2872 2873 2917 2960 3001 3002 2914 2957 4162 4163 4207 4250 4291 4292 4204 4247 3301 3731 3304 3734 3430 3860 3433 3863 3344 3387 3774 3817 3347 3390 3777 3820 3302 3303 3732 3733 3431 3432 3861 3862 2915 2916 2958 2959 4205 4206 4248 4249 3345 3346 3388 3389 3775 3776 3818 3819
          2874 2877 3006 3003 4164 4167 4296 4293 2875 2876 2920 2963 3004 3005 2917 2960 4165 4166 4210 4253 4294 4295 4207 4250 3304 3734 3307 3737 3433 3863 3436 3866 3347 3390 3777 3820 3350 3393 3780 3823 3305 3306 3735 3736 3434 3435 3864 3865 2918 2919 2961 2962 4208 4209 4251 4252 3348 3349 3391 3392 3778 3779 3821 3822
          2877 2880 3009 3006 4167 4170 4299 4296 2878 2879 2923 2966 3007 3008 2920 2963 4168 4169 4213 4256 4297 4298 4210 4253 3307 3737 3310 3740 3436 3866 3439 3869 3350 3393 3780 3823 3353 3396 3783 3826 3308 3309 3738 3739 3437 3438 3867 3868 2921 2922 2964 2965 4211 4212 4254 4255 3351 3352 3394 3395 3781 3782 3824 3825
        </DataArray>
        <DataArray type="Int64" Name="offsets" format="ascii">
          64
          128
          192
          256
          320
          384
          448
          512
          576
          640
          704
          768
          832
          896
          960
          1024
          1088
          1152
          1216
          1280
          1344
          1408
          1472
          1536
          1600
          1664
          1728
          1792
          1856
          1920
          1984
          2048
          2112
          2176
          2240
          2304
          2368
          2432
          2496
          2560
          2624
          2688
          2752
          2816
          2880
          2944
          3008
          3072
          3136
          3200
          3264
          3328
          3392
          3456
          3520
          3584
          3648
          3712
          3776
          3840
          3904
          3968
          4032
          4096
          4160
          4224
          4288
          4352
          4416
          4480
          4544
          4608
          4672
          4736
          4800
          4864
          4928
          4992
          5056
          5120
          5184
          5248
          5312
          5376
          5440
          5504
          5568
          5632
          5696
          5760
          5824
          5888
          5952
          6016
          6080
          6144
          6208
          6272
          6336
          6400
          6464
          6528
          6592
          6656
          6720
          6784
          6848
          6912
          6976
          7040
          7104
          7168
          7232
          7296
          7360
          7424
          7488
          7552
          7616
          7680
          7744
          7808
          7872
          7936
          8000
          8064
        </DataArray>
        <DataArray type="UInt8" Name="types" format="ascii">
          72
          72
          72
          72
          72
          72
          72
          72
          72
          72
          72
          72
          72
          72
          72
          72
          72
          72
          72
          72
          72
          72
          72
          72
          72
          72
          72
          72
          72
          72
          72
          72
          72
          72
          72
          72
          72
          72
          72
          72
          72
          72
          72
          72
          72
          72
          72
          72
          72
          72
          72
          72
          72
          72
          72
          72
          72
          72
          72
          72
          72
          72
          72
          72
          72
          72
          72
          72
          72
          72
          72
          72
          72
          72
          72
          72
          72
          72
          72
          72
          72
          72
          72
          72
          72
          72
          72
          72
          72
          72
          72
          72
          72
          72
          72
          72
          72
          72
          72
          72
          72
          72
          72
          72
          72
          72
          72
          72
          72
          72
          72
          72
          72
          72
          72
          72
          72
          72
          72
          72
          72
          72
          72
          72
          72
          72
        </DataArray>
      </Cells>
    </Piece>
  </UnstructuredGrid>
</VTKFile>
