<?xml version="1.0"?>
<VTKFile type="UnstructuredGrid" version="1.0" byte_order="LittleEndian">
  <UnstructuredGrid>
    <Piece NumberOfPoints="9633" NumberOfCells="126">
      <CellData>
        <DataArray type="Int32" Name="ObjectId" format="ascii">
          0
          0
          0
          0
          0
          0
          0
          0
          0
          0
          0
          0
          0
          0
          0
          0
          0
          0
          0
          0
          0
          0
          0
          0
          0
          0
          0
          0
          0
          0
          0
          0
          0
          0
          0
          0
          0
          0
          0
          0
          0
          0
          0
          0
          0
          0
          0
          0
          0
          0
          0
          0
          0
          0
          0
          0
          0
          0
          0
          0
          0
          0
          0
          0
          0
          0
          0
          0
          0
          0
          0
          0
          0
          0
          0
          0
          0
          0
          0
          0
          0
          0
          0
          0
          0
          0
          0
          0
          0
          0
          0
          0
          0
          0
          0
          0
          0
          0
          0
          0
          0
          0
          0
          0
          0
          0
          0
          0
          0
          0
          0
          0
          0
          0
          0
          0
          0
          0
          0
          0
          0
          0
          0
          0
          0
          0
        </DataArray>
      </CellData>
      <Points>
        <DataArray type="Float64" NumberOfComponents="3" Name="Points" format="ascii">
          0 0 0
          0.125 0 0
          0.25 0 0
          0.375 0 0
          0.5 0 0
          0.625 0 0
          0.75 0 0
          0.875 0 0
          1 0 0
          1.125 0 0
          1.25 0 0
          1.375 0 0
          1.5 0 0
          1.625 0 0
          1.75 0 0
          1.875 0 0
          2 0 0
          2.125 0 0
          2.25 0 0
          2.375 0 0
          2.5 0 0
          2.625 0 0
          2.75 0 0
          2.875 0 0
          3 0 0
          3.125 0 0
          3.25 0 0
          3.375 0 0
          3.5 0 0
          3.625 0 0
          3.75 0 0
          3.875 0 0
          4 0 0
          4.125 0 0
          4.25 0 0
          4.375 0 0
          4.5 0 0
          4.625 0 0
          4.75 0 0
          4.875 0 0
          5 0 0
          5.125 0 0
          5.25 0 0
          5.375 0 0
          5.5 0 0
          5.625 0 0
          5.75 0 0
          5.875 0 0
          6 0 0
          6.125 0 0
          6.25 0 0
          6.375 0 0
          6.5 0 0
          6.625 0 0
          6.75 0 0
          6.875 0 0
          7 0 0
          0 0.25 0
          0.125 0.25 0
          0.25 0.25 0
          0.375 0.25 0
          0.5 0.25 0
          0.625 0.25 0
          0.75 0.25 0
          0.875 0.25 0
          1 0.25 0
          1.125 0.25 0
          1.25 0.25 0
          1.375 0.25 0
          1.5 0.25 0
          1.625 0.25 0
          1.75 0.25 0
          1.875 0.25 0
          2 0.25 0
          2.125 0.25 0
          2.25 0.25 0
          2.375 0.25 0
          2.5 0.25 0
          2.625 0.25 0
          2.75 0.25 0
          2.875 0.25 0
          3 0.25 0
          3.125 0.25 0
          3.25 0.25 0
          3.375 0.25 0
          3.5 0.25 0
          3.625 0.25 0
          3.75 0.25 0
          3.875 0.25 0
          4 0.25 0
          4.125 0.25 0
          4.25 0.25 0
          4.375 0.25 0
          4.5 0.25 0
          4.625 0.25 0
          4.75 0.25 0
          4.875 0.25 0
          5 0.25 0
          5.125 0.25 0
          5.25 0.25 0
          5.375 0.25 0
          5.5 0.25 0
          5.625 0.25 0
          5.75 0.25 0
          5.875 0.25 0
          6 0.25 0
          6.125 0.25 0
          6.25 0.25 0
          6.375 0.25 0
          6.5 0.25 0
          6.625 0.25 0
          6.75 0.25 0
          6.875 0.25 0
          7 0.25 0
          0 0.5 0
          0.125 0.5 0
          0.25 0.5 0
          0.375 0.5 0
          0.5 0.5 0
          0.625 0.5 0
          0.75 0.5 0
          0.875 0.5 0
          1 0.5 0
          1.125 0.5 0
          1.25 0.5 0
          1.375 0.5 0
          1.5 0.5 0
          1.625 0.5 0
          1.75 0.5 0
          1.875 0.5 0
          2 0.5 0
          2.125 0.5 0
          2.25 0.5 0
          2.375 0.5 0
          2.5 0.5 0
          2.625 0.5 0
          2.75 0.5 0
          2.875 0.5 0
          3 0.5 0
          3.125 0.5 0
          3.25 0.5 0
          3.375 0.5 0
          3.5 0.5 0
          3.625 0.5 0
          3.75 0.5 0
          3.875 0.5 0
          4 0.5 0
          4.125 0.5 0
          4.25 0.5 0
          4.375 0.5 0
          4.5 0.5 0
          4.625 0.5 0
          4.75 0.5 0
          4.875 0.5 0
          5 0.5 0
          5.125 0.5 0
          5.25 0.5 0
          5.375 0.5 0
          5.5 0.5 0
          5.625 0.5 0
          5.75 0.5 0
          5.875 0.5 0
          6 0.5 0
          6.125 0.5 0
          6.25 0.5 0
          6.375 0.5 0
          6.5 0.5 0
          6.625 0.5 0
          6.75 0.5 0
          6.875 0.5 0
          7 0.5 0
          0 0.75 0
          0.125 0.75 0
          0.25 0.75 0
          0.375 0.75 0
          0.5 0.75 0
          0.625 0.75 0
          0.75 0.75 0
          0.875 0.75 0
          1 0.75 0
          1.125 0.75 0
          1.25 0.75 0
          1.375 0.75 0
          1.5 0.75 0
          1.625 0.75 0
          1.75 0.75 0
          1.875 0.75 0
          2 0.75 0
          2.125 0.75 0
          2.25 0.75 0
          2.375 0.75 0
          2.5 0.75 0
          2.625 0.75 0
          2.75 0.75 0
          2.875 0.75 0
          3 0.75 0
          3.125 0.75 0
          3.25 0.75 0
          3.375 0.75 0
          3.5 0.75 0
          3.625 0.75 0
          3.75 0.75 0
          3.875 0.75 0
          4 0.75 0
          4.125 0.75 0
          4.25 0.75 0
          4.375 0.75 0
          4.5 0.75 0
          4.625 0.75 0
          4.75 0.75 0
          4.875 0.75 0
          5 0.75 0
          5.125 0.75 0
          5.25 0.75 0
          5.375 0.75 0
          5.5 0.75 0
          5.625 0.75 0
          5.75 0.75 0
          5.875 0.75 0
          6 0.75 0
          6.125 0.75 0
          6.25 0.75 0
          6.375 0.75 0
          6.5 0.75 0
          6.625 0.75 0
          6.75 0.75 0
          6.875 0.75 0
          7 0.75 0
          0 1 0
          0.125 1 0
          0.25 1 0
          0.375 1 0
          0.5 1 0
          0.625 1 0
          0.75 1 0
          0.875 1 0
          1 1 0
          1.125 1 0
          1.25 1 0
          1.375 1 0
          1.5 1 0
          1.625 1 0
          1.75 1 0
          1.875 1 0
          2 1 0
          2.125 1 0
          2.25 1 0
          2.375 1 0
          2.5 1 0
          2.625 1 0
          2.75 1 0
          2.875 1 0
          3 1 0
          3.125 1 0
          3.25 1 0
          3.375 1 0
          3.5 1 0
          3.625 1 0
          3.75 1 0
          3.875 1 0
          4 1 0
          4.125 1 0
          4.25 1 0
          4.375 1 0
          4.5 1 0
          4.625 1 0
          4.75 1 0
          4.875 1 0
          5 1 0
          5.125 1 0
          5.25 1 0
          5.375 1 0
          5.5 1 0
          5.625 1 0
          5.75 1 0
          5.875 1 0
          6 1 0
          6.125 1 0
          6.25 1 0
          6.375 1 0
          6.5 1 0
          6.625 1 0
          6.75 1 0
          6.875 1 0
          7 1 0
          0 1.25 0
          0.125 1.25 0
          0.25 1.25 0
          0.375 1.25 0
          0.5 1.25 0
          0.625 1.25 0
          0.75 1.25 0
          0.875 1.25 0
          1 1.25 0
          1.125 1.25 0
          1.25 1.25 0
          1.375 1.25 0
          1.5 1.25 0
          1.625 1.25 0
          1.75 1.25 0
          1.875 1.25 0
          2 1.25 0
          2.125 1.25 0
          2.25 1.25 0
          2.375 1.25 0
          2.5 1.25 0
          2.625 1.25 0
          2.75 1.25 0
          2.875 1.25 0
          3 1.25 0
          3.125 1.25 0
          3.25 1.25 0
          3.375 1.25 0
          3.5 1.25 0
          3.625 1.25 0
          3.75 1.25 0
          3.875 1.25 0
          4 1.25 0
          4.125 1.25 0
          4.25 1.25 0
          4.375 1.25 0
          4.5 1.25 0
          4.625 1.25 0
          4.75 1.25 0
          4.875 1.25 0
          5 1.25 0
          5.125 1.25 0
          5.25 1.25 0
          5.375 1.25 0
          5.5 1.25 0
          5.625 1.25 0
          5.75 1.25 0
          5.875 1.25 0
          6 1.25 0
          6.125 1.25 0
          6.25 1.25 0
          6.375 1.25 0
          6.5 1.25 0
          6.625 1.25 0
          6.75 1.25 0
          6.875 1.25 0
          7 1.25 0
          0 1.5 0
          0.125 1.5 0
          0.25 1.5 0
          0.375 1.5 0
          0.5 1.5 0
          0.625 1.5 0
          0.75 1.5 0
          0.875 1.5 0
          1 1.5 0
          1.125 1.5 0
          1.25 1.5 0
          1.375 1.5 0
          1.5 1.5 0
          1.625 1.5 0
          1.75 1.5 0
          1.875 1.5 0
          2 1.5 0
          2.125 1.5 0
          2.25 1.5 0
          2.375 1.5 0
          2.5 1.5 0
          2.625 1.5 0
          2.75 1.5 0
          2.875 1.5 0
          3 1.5 0
          3.125 1.5 0
          3.25 1.5 0
          3.375 1.5 0
          3.5 1.5 0
          3.625 1.5 0
          3.75 1.5 0
          3.875 1.5 0
          4 1.5 0
          4.125 1.5 0
          4.25 1.5 0
          4.375 1.5 0
          4.5 1.5 0
          4.625 1.5 0
          4.75 1.5 0
          4.875 1.5 0
          5 1.5 0
          5.125 1.5 0
          5.25 1.5 0
          5.375 1.5 0
          5.5 1.5 0
          5.625 1.5 0
          5.75 1.5 0
          5.875 1.5 0
          6 1.5 0
          6.125 1.5 0
          6.25 1.5 0
          6.375 1.5 0
          6.5 1.5 0
          6.625 1.5 0
          6.75 1.5 0
          6.875 1.5 0
          7 1.5 0
          0 1.75 0
          0.125 1.75 0
          0.25 1.75 0
          0.375 1.75 0
          0.5 1.75 0
          0.625 1.75 0
          0.75 1.75 0
          0.875 1.75 0
          1 1.75 0
          1.125 1.75 0
          1.25 1.75 0
          1.375 1.75 0
          1.5 1.75 0
          1.625 1.75 0
          1.75 1.75 0
          1.875 1.75 0
          2 1.75 0
          2.125 1.75 0
          2.25 1.75 0
          2.375 1.75 0
          2.5 1.75 0
          2.625 1.75 0
          2.75 1.75 0
          2.875 1.75 0
          3 1.75 0
          3.125 1.75 0
          3.25 1.75 0
          3.375 1.75 0
          3.5 1.75 0
          3.625 1.75 0
          3.75 1.75 0
          3.875 1.75 0
          4 1.75 0
          4.125 1.75 0
          4.25 1.75 0
          4.375 1.75 0
          4.5 1.75 0
          4.625 1.75 0
          4.75 1.75 0
          4.875 1.75 0
          5 1.75 0
          5.125 1.75 0
          5.25 1.75 0
          5.375 1.75 0
          5.5 1.75 0
          5.625 1.75 0
          5.75 1.75 0
          5.875 1.75 0
          6 1.75 0
          6.125 1.75 0
          6.25 1.75 0
          6.375 1.75 0
          6.5 1.75 0
          6.625 1.75 0
          6.75 1.75 0
          6.875 1.75 0
          7 1.75 0
          0 2 0
          0.125 2 0
          0.25 2 0
          0.375 2 0
          0.5 2 0
          0.625 2 0
          0.75 2 0
          0.875 2 0
          1 2 0
          1.125 2 0
          1.25 2 0
          1.375 2 0
          1.5 2 0
          1.625 2 0
          1.75 2 0
          1.875 2 0
          2 2 0
          2.125 2 0
          2.25 2 0
          2.375 2 0
          2.5 2 0
          2.625 2 0
          2.75 2 0
          2.875 2 0
          3 2 0
          3.125 2 0
          3.25 2 0
          3.375 2 0
          3.5 2 0
          3.625 2 0
          3.75 2 0
          3.875 2 0
          4 2 0
          4.125 2 0
          4.25 2 0
          4.375 2 0
          4.5 2 0
          4.625 2 0
          4.75 2 0
          4.875 2 0
          5 2 0
          5.125 2 0
          5.25 2 0
          5.375 2 0
          5.5 2 0
          5.625 2 0
          5.75 2 0
          5.875 2 0
          6 2 0
          6.125 2 0
          6.25 2 0
          6.375 2 0
          6.5 2 0
          6.625 2 0
          6.75 2 0
          6.875 2 0
          7 2 0
          0 2.25 0
          0.125 2.25 0
          0.25 2.25 0
          0.375 2.25 0
          0.5 2.25 0
          0.625 2.25 0
          0.75 2.25 0
          0.875 2.25 0
          1 2.25 0
          1.125 2.25 0
          1.25 2.25 0
          1.375 2.25 0
          1.5 2.25 0
          1.625 2.25 0
          1.75 2.25 0
          1.875 2.25 0
          2 2.25 0
          2.125 2.25 0
          2.25 2.25 0
          2.375 2.25 0
          2.5 2.25 0
          2.625 2.25 0
          2.75 2.25 0
          2.875 2.25 0
          3 2.25 0
          3.125 2.25 0
          3.25 2.25 0
          3.375 2.25 0
          3.5 2.25 0
          3.625 2.25 0
          3.75 2.25 0
          3.875 2.25 0
          4 2.25 0
          4.125 2.25 0
          4.25 2.25 0
          4.375 2.25 0
          4.5 2.25 0
          4.625 2.25 0
          4.75 2.25 0
          4.875 2.25 0
          5 2.25 0
          5.125 2.25 0
          5.25 2.25 0
          5.375 2.25 0
          5.5 2.25 0
          5.625 2.25 0
          5.75 2.25 0
          5.875 2.25 0
          6 2.25 0
          6.125 2.25 0
          6.25 2.25 0
          6.375 2.25 0
          6.5 2.25 0
          6.625 2.25 0
          6.75 2.25 0
          6.875 2.25 0
          7 2.25 0
          0 2.5 0
          0.125 2.5 0
          0.25 2.5 0
          0.375 2.5 0
          0.5 2.5 0
          0.625 2.5 0
          0.75 2.5 0
          0.875 2.5 0
          1 2.5 0
          1.125 2.5 0
          1.25 2.5 0
          1.375 2.5 0
          1.5 2.5 0
          1.625 2.5 0
          1.75 2.5 0
          1.875 2.5 0
          2 2.5 0
          2.125 2.5 0
          2.25 2.5 0
          2.375 2.5 0
          2.5 2.5 0
          2.625 2.5 0
          2.75 2.5 0
          2.875 2.5 0
          3 2.5 0
          3.125 2.5 0
          3.25 2.5 0
          3.375 2.5 0
          3.5 2.5 0
          3.625 2.5 0
          3.75 2.5 0
          3.875 2.5 0
          4 2.5 0
          4.125 2.5 0
          4.25 2.5 0
          4.375 2.5 0
          4.5 2.5 0
          4.625 2.5 0
          4.75 2.5 0
          4.875 2.5 0
          5 2.5 0
          5.125 2.5 0
          5.25 2.5 0
          5.375 2.5 0
          5.5 2.5 0
          5.625 2.5 0
          5.75 2.5 0
          5.875 2.5 0
          6 2.5 0
          6.125 2.5 0
          6.25 2.5 0
          6.375 2.5 0
          6.5 2.5 0
          6.625 2.5 0
          6.75 2.5 0
          6.875 2.5 0
          7 2.5 0
          0 2.75 0
          0.125 2.75 0
          0.25 2.75 0
          0.375 2.75 0
          0.5 2.75 0
          0.625 2.75 0
          0.75 2.75 0
          0.875 2.75 0
          1 2.75 0
          1.125 2.75 0
          1.25 2.75 0
          1.375 2.75 0
          1.5 2.75 0
          1.625 2.75 0
          1.75 2.75 0
          1.875 2.75 0
          2 2.75 0
          2.125 2.75 0
          2.25 2.75 0
          2.375 2.75 0
          2.5 2.75 0
          2.625 2.75 0
          2.75 2.75 0
          2.875 2.75 0
          3 2.75 0
          3.125 2.75 0
          3.25 2.75 0
          3.375 2.75 0
          3.5 2.75 0
          3.625 2.75 0
          3.75 2.75 0
          3.875 2.75 0
          4 2.75 0
          4.125 2.75 0
          4.25 2.75 0
          4.375 2.75 0
          4.5 2.75 0
          4.625 2.75 0
          4.75 2.75 0
          4.875 2.75 0
          5 2.75 0
          5.125 2.75 0
          5.25 2.75 0
          5.375 2.75 0
          5.5 2.75 0
          5.625 2.75 0
          5.75 2.75 0
          5.875 2.75 0
          6 2.75 0
          6.125 2.75 0
          6.25 2.75 0
          6.375 2.75 0
          6.5 2.75 0
          6.625 2.75 0
          6.75 2.75 0
          6.875 2.75 0
          7 2.75 0
          0 3 0
          0.125 3 0
          0.25 3 0
          0.375 3 0
          0.5 3 0
          0.625 3 0
          0.75 3 0
          0.875 3 0
          1 3 0
          1.125 3 0
          1.25 3 0
          1.375 3 0
          1.5 3 0
          1.625 3 0
          1.75 3 0
          1.875 3 0
          2 3 0
          2.125 3 0
          2.25 3 0
          2.375 3 0
          2.5 3 0
          2.625 3 0
          2.75 3 0
          2.875 3 0
          3 3 0
          3.125 3 0
          3.25 3 0
          3.375 3 0
          3.5 3 0
          3.625 3 0
          3.75 3 0
          3.875 3 0
          4 3 0
          4.125 3 0
          4.25 3 0
          4.375 3 0
          4.5 3 0
          4.625 3 0
          4.75 3 0
          4.875 3 0
          5 3 0
          5.125 3 0
          5.25 3 0
          5.375 3 0
          5.5 3 0
          5.625 3 0
          5.75 3 0
          5.875 3 0
          6 3 0
          6.125 3 0
          6.25 3 0
          6.375 3 0
          6.5 3 0
          6.625 3 0
          6.75 3 0
          6.875 3 0
          7 3 0
          0 0 0.25
          0.125 0 0.25
          0.25 0 0.25
          0.375 0 0.25
          0.5 0 0.25
          0.625 0 0.25
          0.75 0 0.25
          0.875 0 0.25
          1 0 0.25
          1.125 0 0.25
          1.25 0 0.25
          1.375 0 0.25
          1.5 0 0.25
          1.625 0 0.25
          1.75 0 0.25
          1.875 0 0.25
          2 0 0.25
          2.125 0 0.25
          2.25 0 0.25
          2.375 0 0.25
          2.5 0 0.25
          2.625 0 0.25
          2.75 0 0.25
          2.875 0 0.25
          3 0 0.25
          3.125 0 0.25
          3.25 0 0.25
          3.375 0 0.25
          3.5 0 0.25
          3.625 0 0.25
          3.75 0 0.25
          3.875 0 0.25
          4 0 0.25
          4.125 0 0.25
          4.25 0 0.25
          4.375 0 0.25
          4.5 0 0.25
          4.625 0 0.25
          4.75 0 0.25
          4.875 0 0.25
          5 0 0.25
          5.125 0 0.25
          5.25 0 0.25
          5.375 0 0.25
          5.5 0 0.25
          5.625 0 0.25
          5.75 0 0.25
          5.875 0 0.25
          6 0 0.25
          6.125 0 0.25
          6.25 0 0.25
          6.375 0 0.25
          6.5 0 0.25
          6.625 0 0.25
          6.75 0 0.25
          6.875 0 0.25
          7 0 0.25
          0 0.25 0.25
          0.125 0.25 0.25
          0.25 0.25 0.25
          0.375 0.25 0.25
          0.5 0.25 0.25
          0.625 0.25 0.25
          0.75 0.25 0.25
          0.875 0.25 0.25
          1 0.25 0.25
          1.125 0.25 0.25
          1.25 0.25 0.25
          1.375 0.25 0.25
          1.5 0.25 0.25
          1.625 0.25 0.25
          1.75 0.25 0.25
          1.875 0.25 0.25
          2 0.25 0.25
          2.125 0.25 0.25
          2.25 0.25 0.25
          2.375 0.25 0.25
          2.5 0.25 0.25
          2.625 0.25 0.25
          2.75 0.25 0.25
          2.875 0.25 0.25
          3 0.25 0.25
          3.125 0.25 0.25
          3.25 0.25 0.25
          3.375 0.25 0.25
          3.5 0.25 0.25
          3.625 0.25 0.25
          3.75 0.25 0.25
          3.875 0.25 0.25
          4 0.25 0.25
          4.125 0.25 0.25
          4.25 0.25 0.25
          4.375 0.25 0.25
          4.5 0.25 0.25
          4.625 0.25 0.25
          4.75 0.25 0.25
          4.875 0.25 0.25
          5 0.25 0.25
          5.125 0.25 0.25
          5.25 0.25 0.25
          5.375 0.25 0.25
          5.5 0.25 0.25
          5.625 0.25 0.25
          5.75 0.25 0.25
          5.875 0.25 0.25
          6 0.25 0.25
          6.125 0.25 0.25
          6.25 0.25 0.25
          6.375 0.25 0.25
          6.5 0.25 0.25
          6.625 0.25 0.25
          6.75 0.25 0.25
          6.875 0.25 0.25
          7 0.25 0.25
          0 0.5 0.25
          0.125 0.5 0.25
          0.25 0.5 0.25
          0.375 0.5 0.25
          0.5 0.5 0.25
          0.625 0.5 0.25
          0.75 0.5 0.25
          0.875 0.5 0.25
          1 0.5 0.25
          1.125 0.5 0.25
          1.25 0.5 0.25
          1.375 0.5 0.25
          1.5 0.5 0.25
          1.625 0.5 0.25
          1.75 0.5 0.25
          1.875 0.5 0.25
          2 0.5 0.25
          2.125 0.5 0.25
          2.25 0.5 0.25
          2.375 0.5 0.25
          2.5 0.5 0.25
          2.625 0.5 0.25
          2.75 0.5 0.25
          2.875 0.5 0.25
          3 0.5 0.25
          3.125 0.5 0.25
          3.25 0.5 0.25
          3.375 0.5 0.25
          3.5 0.5 0.25
          3.625 0.5 0.25
          3.75 0.5 0.25
          3.875 0.5 0.25
          4 0.5 0.25
          4.125 0.5 0.25
          4.25 0.5 0.25
          4.375 0.5 0.25
          4.5 0.5 0.25
          4.625 0.5 0.25
          4.75 0.5 0.25
          4.875 0.5 0.25
          5 0.5 0.25
          5.125 0.5 0.25
          5.25 0.5 0.25
          5.375 0.5 0.25
          5.5 0.5 0.25
          5.625 0.5 0.25
          5.75 0.5 0.25
          5.875 0.5 0.25
          6 0.5 0.25
          6.125 0.5 0.25
          6.25 0.5 0.25
          6.375 0.5 0.25
          6.5 0.5 0.25
          6.625 0.5 0.25
          6.75 0.5 0.25
          6.875 0.5 0.25
          7 0.5 0.25
          0 0.75 0.25
          0.125 0.75 0.25
          0.25 0.75 0.25
          0.375 0.75 0.25
          0.5 0.75 0.25
          0.625 0.75 0.25
          0.75 0.75 0.25
          0.875 0.75 0.25
          1 0.75 0.25
          1.125 0.75 0.25
          1.25 0.75 0.25
          1.375 0.75 0.25
          1.5 0.75 0.25
          1.625 0.75 0.25
          1.75 0.75 0.25
          1.875 0.75 0.25
          2 0.75 0.25
          2.125 0.75 0.25
          2.25 0.75 0.25
          2.375 0.75 0.25
          2.5 0.75 0.25
          2.625 0.75 0.25
          2.75 0.75 0.25
          2.875 0.75 0.25
          3 0.75 0.25
          3.125 0.75 0.25
          3.25 0.75 0.25
          3.375 0.75 0.25
          3.5 0.75 0.25
          3.625 0.75 0.25
          3.75 0.75 0.25
          3.875 0.75 0.25
          4 0.75 0.25
          4.125 0.75 0.25
          4.25 0.75 0.25
          4.375 0.75 0.25
          4.5 0.75 0.25
          4.625 0.75 0.25
          4.75 0.75 0.25
          4.875 0.75 0.25
          5 0.75 0.25
          5.125 0.75 0.25
          5.25 0.75 0.25
          5.375 0.75 0.25
          5.5 0.75 0.25
          5.625 0.75 0.25
          5.75 0.75 0.25
          5.875 0.75 0.25
          6 0.75 0.25
          6.125 0.75 0.25
          6.25 0.75 0.25
          6.375 0.75 0.25
          6.5 0.75 0.25
          6.625 0.75 0.25
          6.75 0.75 0.25
          6.875 0.75 0.25
          7 0.75 0.25
          0 1 0.25
          0.125 1 0.25
          0.25 1 0.25
          0.375 1 0.25
          0.5 1 0.25
          0.625 1 0.25
          0.75 1 0.25
          0.875 1 0.25
          1 1 0.25
          1.125 1 0.25
          1.25 1 0.25
          1.375 1 0.25
          1.5 1 0.25
          1.625 1 0.25
          1.75 1 0.25
          1.875 1 0.25
          2 1 0.25
          2.125 1 0.25
          2.25 1 0.25
          2.375 1 0.25
          2.5 1 0.25
          2.625 1 0.25
          2.75 1 0.25
          2.875 1 0.25
          3 1 0.25
          3.125 1 0.25
          3.25 1 0.25
          3.375 1 0.25
          3.5 1 0.25
          3.625 1 0.25
          3.75 1 0.25
          3.875 1 0.25
          4 1 0.25
          4.125 1 0.25
          4.25 1 0.25
          4.375 1 0.25
          4.5 1 0.25
          4.625 1 0.25
          4.75 1 0.25
          4.875 1 0.25
          5 1 0.25
          5.125 1 0.25
          5.25 1 0.25
          5.375 1 0.25
          5.5 1 0.25
          5.625 1 0.25
          5.75 1 0.25
          5.875 1 0.25
          6 1 0.25
          6.125 1 0.25
          6.25 1 0.25
          6.375 1 0.25
          6.5 1 0.25
          6.625 1 0.25
          6.75 1 0.25
          6.875 1 0.25
          7 1 0.25
          0 1.25 0.25
          0.125 1.25 0.25
          0.25 1.25 0.25
          0.375 1.25 0.25
          0.5 1.25 0.25
          0.625 1.25 0.25
          0.75 1.25 0.25
          0.875 1.25 0.25
          1 1.25 0.25
          1.125 1.25 0.25
          1.25 1.25 0.25
          1.375 1.25 0.25
          1.5 1.25 0.25
          1.625 1.25 0.25
          1.75 1.25 0.25
          1.875 1.25 0.25
          2 1.25 0.25
          2.125 1.25 0.25
          2.25 1.25 0.25
          2.375 1.25 0.25
          2.5 1.25 0.25
          2.625 1.25 0.25
          2.75 1.25 0.25
          2.875 1.25 0.25
          3 1.25 0.25
          3.125 1.25 0.25
          3.25 1.25 0.25
          3.375 1.25 0.25
          3.5 1.25 0.25
          3.625 1.25 0.25
          3.75 1.25 0.25
          3.875 1.25 0.25
          4 1.25 0.25
          4.125 1.25 0.25
          4.25 1.25 0.25
          4.375 1.25 0.25
          4.5 1.25 0.25
          4.625 1.25 0.25
          4.75 1.25 0.25
          4.875 1.25 0.25
          5 1.25 0.25
          5.125 1.25 0.25
          5.25 1.25 0.25
          5.375 1.25 0.25
          5.5 1.25 0.25
          5.625 1.25 0.25
          5.75 1.25 0.25
          5.875 1.25 0.25
          6 1.25 0.25
          6.125 1.25 0.25
          6.25 1.25 0.25
          6.375 1.25 0.25
          6.5 1.25 0.25
          6.625 1.25 0.25
          6.75 1.25 0.25
          6.875 1.25 0.25
          7 1.25 0.25
          0 1.5 0.25
          0.125 1.5 0.25
          0.25 1.5 0.25
          0.375 1.5 0.25
          0.5 1.5 0.25
          0.625 1.5 0.25
          0.75 1.5 0.25
          0.875 1.5 0.25
          1 1.5 0.25
          1.125 1.5 0.25
          1.25 1.5 0.25
          1.375 1.5 0.25
          1.5 1.5 0.25
          1.625 1.5 0.25
          1.75 1.5 0.25
          1.875 1.5 0.25
          2 1.5 0.25
          2.125 1.5 0.25
          2.25 1.5 0.25
          2.375 1.5 0.25
          2.5 1.5 0.25
          2.625 1.5 0.25
          2.75 1.5 0.25
          2.875 1.5 0.25
          3 1.5 0.25
          3.125 1.5 0.25
          3.25 1.5 0.25
          3.375 1.5 0.25
          3.5 1.5 0.25
          3.625 1.5 0.25
          3.75 1.5 0.25
          3.875 1.5 0.25
          4 1.5 0.25
          4.125 1.5 0.25
          4.25 1.5 0.25
          4.375 1.5 0.25
          4.5 1.5 0.25
          4.625 1.5 0.25
          4.75 1.5 0.25
          4.875 1.5 0.25
          5 1.5 0.25
          5.125 1.5 0.25
          5.25 1.5 0.25
          5.375 1.5 0.25
          5.5 1.5 0.25
          5.625 1.5 0.25
          5.75 1.5 0.25
          5.875 1.5 0.25
          6 1.5 0.25
          6.125 1.5 0.25
          6.25 1.5 0.25
          6.375 1.5 0.25
          6.5 1.5 0.25
          6.625 1.5 0.25
          6.75 1.5 0.25
          6.875 1.5 0.25
          7 1.5 0.25
          0 1.75 0.25
          0.125 1.75 0.25
          0.25 1.75 0.25
          0.375 1.75 0.25
          0.5 1.75 0.25
          0.625 1.75 0.25
          0.75 1.75 0.25
          0.875 1.75 0.25
          1 1.75 0.25
          1.125 1.75 0.25
          1.25 1.75 0.25
          1.375 1.75 0.25
          1.5 1.75 0.25
          1.625 1.75 0.25
          1.75 1.75 0.25
          1.875 1.75 0.25
          2 1.75 0.25
          2.125 1.75 0.25
          2.25 1.75 0.25
          2.375 1.75 0.25
          2.5 1.75 0.25
          2.625 1.75 0.25
          2.75 1.75 0.25
          2.875 1.75 0.25
          3 1.75 0.25
          3.125 1.75 0.25
          3.25 1.75 0.25
          3.375 1.75 0.25
          3.5 1.75 0.25
          3.625 1.75 0.25
          3.75 1.75 0.25
          3.875 1.75 0.25
          4 1.75 0.25
          4.125 1.75 0.25
          4.25 1.75 0.25
          4.375 1.75 0.25
          4.5 1.75 0.25
          4.625 1.75 0.25
          4.75 1.75 0.25
          4.875 1.75 0.25
          5 1.75 0.25
          5.125 1.75 0.25
          5.25 1.75 0.25
          5.375 1.75 0.25
          5.5 1.75 0.25
          5.625 1.75 0.25
          5.75 1.75 0.25
          5.875 1.75 0.25
          6 1.75 0.25
          6.125 1.75 0.25
          6.25 1.75 0.25
          6.375 1.75 0.25
          6.5 1.75 0.25
          6.625 1.75 0.25
          6.75 1.75 0.25
          6.875 1.75 0.25
          7 1.75 0.25
          0 2 0.25
          0.125 2 0.25
          0.25 2 0.25
          0.375 2 0.25
          0.5 2 0.25
          0.625 2 0.25
          0.75 2 0.25
          0.875 2 0.25
          1 2 0.25
          1.125 2 0.25
          1.25 2 0.25
          1.375 2 0.25
          1.5 2 0.25
          1.625 2 0.25
          1.75 2 0.25
          1.875 2 0.25
          2 2 0.25
          2.125 2 0.25
          2.25 2 0.25
          2.375 2 0.25
          2.5 2 0.25
          2.625 2 0.25
          2.75 2 0.25
          2.875 2 0.25
          3 2 0.25
          3.125 2 0.25
          3.25 2 0.25
          3.375 2 0.25
          3.5 2 0.25
          3.625 2 0.25
          3.75 2 0.25
          3.875 2 0.25
          4 2 0.25
          4.125 2 0.25
          4.25 2 0.25
          4.375 2 0.25
          4.5 2 0.25
          4.625 2 0.25
          4.75 2 0.25
          4.875 2 0.25
          5 2 0.25
          5.125 2 0.25
          5.25 2 0.25
          5.375 2 0.25
          5.5 2 0.25
          5.625 2 0.25
          5.75 2 0.25
          5.875 2 0.25
          6 2 0.25
          6.125 2 0.25
          6.25 2 0.25
          6.375 2 0.25
          6.5 2 0.25
          6.625 2 0.25
          6.75 2 0.25
          6.875 2 0.25
          7 2 0.25
          0 2.25 0.25
          0.125 2.25 0.25
          0.25 2.25 0.25
          0.375 2.25 0.25
          0.5 2.25 0.25
          0.625 2.25 0.25
          0.75 2.25 0.25
          0.875 2.25 0.25
          1 2.25 0.25
          1.125 2.25 0.25
          1.25 2.25 0.25
          1.375 2.25 0.25
          1.5 2.25 0.25
          1.625 2.25 0.25
          1.75 2.25 0.25
          1.875 2.25 0.25
          2 2.25 0.25
          2.125 2.25 0.25
          2.25 2.25 0.25
          2.375 2.25 0.25
          2.5 2.25 0.25
          2.625 2.25 0.25
          2.75 2.25 0.25
          2.875 2.25 0.25
          3 2.25 0.25
          3.125 2.25 0.25
          3.25 2.25 0.25
          3.375 2.25 0.25
          3.5 2.25 0.25
          3.625 2.25 0.25
          3.75 2.25 0.25
          3.875 2.25 0.25
          4 2.25 0.25
          4.125 2.25 0.25
          4.25 2.25 0.25
          4.375 2.25 0.25
          4.5 2.25 0.25
          4.625 2.25 0.25
          4.75 2.25 0.25
          4.875 2.25 0.25
          5 2.25 0.25
          5.125 2.25 0.25
          5.25 2.25 0.25
          5.375 2.25 0.25
          5.5 2.25 0.25
          5.625 2.25 0.25
          5.75 2.25 0.25
          5.875 2.25 0.25
          6 2.25 0.25
          6.125 2.25 0.25
          6.25 2.25 0.25
          6.375 2.25 0.25
          6.5 2.25 0.25
          6.625 2.25 0.25
          6.75 2.25 0.25
          6.875 2.25 0.25
          7 2.25 0.25
          0 2.5 0.25
          0.125 2.5 0.25
          0.25 2.5 0.25
          0.375 2.5 0.25
          0.5 2.5 0.25
          0.625 2.5 0.25
          0.75 2.5 0.25
          0.875 2.5 0.25
          1 2.5 0.25
          1.125 2.5 0.25
          1.25 2.5 0.25
          1.375 2.5 0.25
          1.5 2.5 0.25
          1.625 2.5 0.25
          1.75 2.5 0.25
          1.875 2.5 0.25
          2 2.5 0.25
          2.125 2.5 0.25
          2.25 2.5 0.25
          2.375 2.5 0.25
          2.5 2.5 0.25
          2.625 2.5 0.25
          2.75 2.5 0.25
          2.875 2.5 0.25
          3 2.5 0.25
          3.125 2.5 0.25
          3.25 2.5 0.25
          3.375 2.5 0.25
          3.5 2.5 0.25
          3.625 2.5 0.25
          3.75 2.5 0.25
          3.875 2.5 0.25
          4 2.5 0.25
          4.125 2.5 0.25
          4.25 2.5 0.25
          4.375 2.5 0.25
          4.5 2.5 0.25
          4.625 2.5 0.25
          4.75 2.5 0.25
          4.875 2.5 0.25
          5 2.5 0.25
          5.125 2.5 0.25
          5.25 2.5 0.25
          5.375 2.5 0.25
          5.5 2.5 0.25
          5.625 2.5 0.25
          5.75 2.5 0.25
          5.875 2.5 0.25
          6 2.5 0.25
          6.125 2.5 0.25
          6.25 2.5 0.25
          6.375 2.5 0.25
          6.5 2.5 0.25
          6.625 2.5 0.25
          6.75 2.5 0.25
          6.875 2.5 0.25
          7 2.5 0.25
          0 2.75 0.25
          0.125 2.75 0.25
          0.25 2.75 0.25
          0.375 2.75 0.25
          0.5 2.75 0.25
          0.625 2.75 0.25
          0.75 2.75 0.25
          0.875 2.75 0.25
          1 2.75 0.25
          1.125 2.75 0.25
          1.25 2.75 0.25
          1.375 2.75 0.25
          1.5 2.75 0.25
          1.625 2.75 0.25
          1.75 2.75 0.25
          1.875 2.75 0.25
          2 2.75 0.25
          2.125 2.75 0.25
          2.25 2.75 0.25
          2.375 2.75 0.25
          2.5 2.75 0.25
          2.625 2.75 0.25
          2.75 2.75 0.25
          2.875 2.75 0.25
          3 2.75 0.25
          3.125 2.75 0.25
          3.25 2.75 0.25
          3.375 2.75 0.25
          3.5 2.75 0.25
          3.625 2.75 0.25
          3.75 2.75 0.25
          3.875 2.75 0.25
          4 2.75 0.25
          4.125 2.75 0.25
          4.25 2.75 0.25
          4.375 2.75 0.25
          4.5 2.75 0.25
          4.625 2.75 0.25
          4.75 2.75 0.25
          4.875 2.75 0.25
          5 2.75 0.25
          5.125 2.75 0.25
          5.25 2.75 0.25
          5.375 2.75 0.25
          5.5 2.75 0.25
          5.625 2.75 0.25
          5.75 2.75 0.25
          5.875 2.75 0.25
          6 2.75 0.25
          6.125 2.75 0.25
          6.25 2.75 0.25
          6.375 2.75 0.25
          6.5 2.75 0.25
          6.625 2.75 0.25
          6.75 2.75 0.25
          6.875 2.75 0.25
          7 2.75 0.25
          0 3 0.25
          0.125 3 0.25
          0.25 3 0.25
          0.375 3 0.25
          0.5 3 0.25
          0.625 3 0.25
          0.75 3 0.25
          0.875 3 0.25
          1 3 0.25
          1.125 3 0.25
          1.25 3 0.25
          1.375 3 0.25
          1.5 3 0.25
          1.625 3 0.25
          1.75 3 0.25
          1.875 3 0.25
          2 3 0.25
          2.125 3 0.25
          2.25 3 0.25
          2.375 3 0.25
          2.5 3 0.25
          2.625 3 0.25
          2.75 3 0.25
          2.875 3 0.25
          3 3 0.25
          3.125 3 0.25
          3.25 3 0.25
          3.375 3 0.25
          3.5 3 0.25
          3.625 3 0.25
          3.75 3 0.25
          3.875 3 0.25
          4 3 0.25
          4.125 3 0.25
          4.25 3 0.25
          4.375 3 0.25
          4.5 3 0.25
          4.625 3 0.25
          4.75 3 0.25
          4.875 3 0.25
          5 3 0.25
          5.125 3 0.25
          5.25 3 0.25
          5.375 3 0.25
          5.5 3 0.25
          5.625 3 0.25
          5.75 3 0.25
          5.875 3 0.25
          6 3 0.25
          6.125 3 0.25
          6.25 3 0.25
          6.375 3 0.25
          6.5 3 0.25
          6.625 3 0.25
          6.75 3 0.25
          6.875 3 0.25
          7 3 0.25
          0 0 0.5
          0.125 0 0.5
          0.25 0 0.5
          0.375 0 0.5
          0.5 0 0.5
          0.625 0 0.5
          0.75 0 0.5
          0.875 0 0.5
          1 0 0.5
          1.125 0 0.5
          1.25 0 0.5
          1.375 0 0.5
          1.5 0 0.5
          1.625 0 0.5
          1.75 0 0.5
          1.875 0 0.5
          2 0 0.5
          2.125 0 0.5
          2.25 0 0.5
          2.375 0 0.5
          2.5 0 0.5
          2.625 0 0.5
          2.75 0 0.5
          2.875 0 0.5
          3 0 0.5
          3.125 0 0.5
          3.25 0 0.5
          3.375 0 0.5
          3.5 0 0.5
          3.625 0 0.5
          3.75 0 0.5
          3.875 0 0.5
          4 0 0.5
          4.125 0 0.5
          4.25 0 0.5
          4.375 0 0.5
          4.5 0 0.5
          4.625 0 0.5
          4.75 0 0.5
          4.875 0 0.5
          5 0 0.5
          5.125 0 0.5
          5.25 0 0.5
          5.375 0 0.5
          5.5 0 0.5
          5.625 0 0.5
          5.75 0 0.5
          5.875 0 0.5
          6 0 0.5
          6.125 0 0.5
          6.25 0 0.5
          6.375 0 0.5
          6.5 0 0.5
          6.625 0 0.5
          6.75 0 0.5
          6.875 0 0.5
          7 0 0.5
          0 0.25 0.5
          0.125 0.25 0.5
          0.25 0.25 0.5
          0.375 0.25 0.5
          0.5 0.25 0.5
          0.625 0.25 0.5
          0.75 0.25 0.5
          0.875 0.25 0.5
          1 0.25 0.5
          1.125 0.25 0.5
          1.25 0.25 0.5
          1.375 0.25 0.5
          1.5 0.25 0.5
          1.625 0.25 0.5
          1.75 0.25 0.5
          1.875 0.25 0.5
          2 0.25 0.5
          2.125 0.25 0.5
          2.25 0.25 0.5
          2.375 0.25 0.5
          2.5 0.25 0.5
          2.625 0.25 0.5
          2.75 0.25 0.5
          2.875 0.25 0.5
          3 0.25 0.5
          3.125 0.25 0.5
          3.25 0.25 0.5
          3.375 0.25 0.5
          3.5 0.25 0.5
          3.625 0.25 0.5
          3.75 0.25 0.5
          3.875 0.25 0.5
          4 0.25 0.5
          4.125 0.25 0.5
          4.25 0.25 0.5
          4.375 0.25 0.5
          4.5 0.25 0.5
          4.625 0.25 0.5
          4.75 0.25 0.5
          4.875 0.25 0.5
          5 0.25 0.5
          5.125 0.25 0.5
          5.25 0.25 0.5
          5.375 0.25 0.5
          5.5 0.25 0.5
          5.625 0.25 0.5
          5.75 0.25 0.5
          5.875 0.25 0.5
          6 0.25 0.5
          6.125 0.25 0.5
          6.25 0.25 0.5
          6.375 0.25 0.5
          6.5 0.25 0.5
          6.625 0.25 0.5
          6.75 0.25 0.5
          6.875 0.25 0.5
          7 0.25 0.5
          0 0.5 0.5
          0.125 0.5 0.5
          0.25 0.5 0.5
          0.375 0.5 0.5
          0.5 0.5 0.5
          0.625 0.5 0.5
          0.75 0.5 0.5
          0.875 0.5 0.5
          1 0.5 0.5
          1.125 0.5 0.5
          1.25 0.5 0.5
          1.375 0.5 0.5
          1.5 0.5 0.5
          1.625 0.5 0.5
          1.75 0.5 0.5
          1.875 0.5 0.5
          2 0.5 0.5
          2.125 0.5 0.5
          2.25 0.5 0.5
          2.375 0.5 0.5
          2.5 0.5 0.5
          2.625 0.5 0.5
          2.75 0.5 0.5
          2.875 0.5 0.5
          3 0.5 0.5
          3.125 0.5 0.5
          3.25 0.5 0.5
          3.375 0.5 0.5
          3.5 0.5 0.5
          3.625 0.5 0.5
          3.75 0.5 0.5
          3.875 0.5 0.5
          4 0.5 0.5
          4.125 0.5 0.5
          4.25 0.5 0.5
          4.375 0.5 0.5
          4.5 0.5 0.5
          4.625 0.5 0.5
          4.75 0.5 0.5
          4.875 0.5 0.5
          5 0.5 0.5
          5.125 0.5 0.5
          5.25 0.5 0.5
          5.375 0.5 0.5
          5.5 0.5 0.5
          5.625 0.5 0.5
          5.75 0.5 0.5
          5.875 0.5 0.5
          6 0.5 0.5
          6.125 0.5 0.5
          6.25 0.5 0.5
          6.375 0.5 0.5
          6.5 0.5 0.5
          6.625 0.5 0.5
          6.75 0.5 0.5
          6.875 0.5 0.5
          7 0.5 0.5
          0 0.75 0.5
          0.125 0.75 0.5
          0.25 0.75 0.5
          0.375 0.75 0.5
          0.5 0.75 0.5
          0.625 0.75 0.5
          0.75 0.75 0.5
          0.875 0.75 0.5
          1 0.75 0.5
          1.125 0.75 0.5
          1.25 0.75 0.5
          1.375 0.75 0.5
          1.5 0.75 0.5
          1.625 0.75 0.5
          1.75 0.75 0.5
          1.875 0.75 0.5
          2 0.75 0.5
          2.125 0.75 0.5
          2.25 0.75 0.5
          2.375 0.75 0.5
          2.5 0.75 0.5
          2.625 0.75 0.5
          2.75 0.75 0.5
          2.875 0.75 0.5
          3 0.75 0.5
          3.125 0.75 0.5
          3.25 0.75 0.5
          3.375 0.75 0.5
          3.5 0.75 0.5
          3.625 0.75 0.5
          3.75 0.75 0.5
          3.875 0.75 0.5
          4 0.75 0.5
          4.125 0.75 0.5
          4.25 0.75 0.5
          4.375 0.75 0.5
          4.5 0.75 0.5
          4.625 0.75 0.5
          4.75 0.75 0.5
          4.875 0.75 0.5
          5 0.75 0.5
          5.125 0.75 0.5
          5.25 0.75 0.5
          5.375 0.75 0.5
          5.5 0.75 0.5
          5.625 0.75 0.5
          5.75 0.75 0.5
          5.875 0.75 0.5
          6 0.75 0.5
          6.125 0.75 0.5
          6.25 0.75 0.5
          6.375 0.75 0.5
          6.5 0.75 0.5
          6.625 0.75 0.5
          6.75 0.75 0.5
          6.875 0.75 0.5
          7 0.75 0.5
          0 1 0.5
          0.125 1 0.5
          0.25 1 0.5
          0.375 1 0.5
          0.5 1 0.5
          0.625 1 0.5
          0.75 1 0.5
          0.875 1 0.5
          1 1 0.5
          1.125 1 0.5
          1.25 1 0.5
          1.375 1 0.5
          1.5 1 0.5
          1.625 1 0.5
          1.75 1 0.5
          1.875 1 0.5
          2 1 0.5
          2.125 1 0.5
          2.25 1 0.5
          2.375 1 0.5
          2.5 1 0.5
          2.625 1 0.5
          2.75 1 0.5
          2.875 1 0.5
          3 1 0.5
          3.125 1 0.5
          3.25 1 0.5
          3.375 1 0.5
          3.5 1 0.5
          3.625 1 0.5
          3.75 1 0.5
          3.875 1 0.5
          4 1 0.5
          4.125 1 0.5
          4.25 1 0.5
          4.375 1 0.5
          4.5 1 0.5
          4.625 1 0.5
          4.75 1 0.5
          4.875 1 0.5
          5 1 0.5
          5.125 1 0.5
          5.25 1 0.5
          5.375 1 0.5
          5.5 1 0.5
          5.625 1 0.5
          5.75 1 0.5
          5.875 1 0.5
          6 1 0.5
          6.125 1 0.5
          6.25 1 0.5
          6.375 1 0.5
          6.5 1 0.5
          6.625 1 0.5
          6.75 1 0.5
          6.875 1 0.5
          7 1 0.5
          0 1.25 0.5
          0.125 1.25 0.5
          0.25 1.25 0.5
          0.375 1.25 0.5
          0.5 1.25 0.5
          0.625 1.25 0.5
          0.75 1.25 0.5
          0.875 1.25 0.5
          1 1.25 0.5
          1.125 1.25 0.5
          1.25 1.25 0.5
          1.375 1.25 0.5
          1.5 1.25 0.5
          1.625 1.25 0.5
          1.75 1.25 0.5
          1.875 1.25 0.5
          2 1.25 0.5
          2.125 1.25 0.5
          2.25 1.25 0.5
          2.375 1.25 0.5
          2.5 1.25 0.5
          2.625 1.25 0.5
          2.75 1.25 0.5
          2.875 1.25 0.5
          3 1.25 0.5
          3.125 1.25 0.5
          3.25 1.25 0.5
          3.375 1.25 0.5
          3.5 1.25 0.5
          3.625 1.25 0.5
          3.75 1.25 0.5
          3.875 1.25 0.5
          4 1.25 0.5
          4.125 1.25 0.5
          4.25 1.25 0.5
          4.375 1.25 0.5
          4.5 1.25 0.5
          4.625 1.25 0.5
          4.75 1.25 0.5
          4.875 1.25 0.5
          5 1.25 0.5
          5.125 1.25 0.5
          5.25 1.25 0.5
          5.375 1.25 0.5
          5.5 1.25 0.5
          5.625 1.25 0.5
          5.75 1.25 0.5
          5.875 1.25 0.5
          6 1.25 0.5
          6.125 1.25 0.5
          6.25 1.25 0.5
          6.375 1.25 0.5
          6.5 1.25 0.5
          6.625 1.25 0.5
          6.75 1.25 0.5
          6.875 1.25 0.5
          7 1.25 0.5
          0 1.5 0.5
          0.125 1.5 0.5
          0.25 1.5 0.5
          0.375 1.5 0.5
          0.5 1.5 0.5
          0.625 1.5 0.5
          0.75 1.5 0.5
          0.875 1.5 0.5
          1 1.5 0.5
          1.125 1.5 0.5
          1.25 1.5 0.5
          1.375 1.5 0.5
          1.5 1.5 0.5
          1.625 1.5 0.5
          1.75 1.5 0.5
          1.875 1.5 0.5
          2 1.5 0.5
          2.125 1.5 0.5
          2.25 1.5 0.5
          2.375 1.5 0.5
          2.5 1.5 0.5
          2.625 1.5 0.5
          2.75 1.5 0.5
          2.875 1.5 0.5
          3 1.5 0.5
          3.125 1.5 0.5
          3.25 1.5 0.5
          3.375 1.5 0.5
          3.5 1.5 0.5
          3.625 1.5 0.5
          3.75 1.5 0.5
          3.875 1.5 0.5
          4 1.5 0.5
          4.125 1.5 0.5
          4.25 1.5 0.5
          4.375 1.5 0.5
          4.5 1.5 0.5
          4.625 1.5 0.5
          4.75 1.5 0.5
          4.875 1.5 0.5
          5 1.5 0.5
          5.125 1.5 0.5
          5.25 1.5 0.5
          5.375 1.5 0.5
          5.5 1.5 0.5
          5.625 1.5 0.5
          5.75 1.5 0.5
          5.875 1.5 0.5
          6 1.5 0.5
          6.125 1.5 0.5
          6.25 1.5 0.5
          6.375 1.5 0.5
          6.5 1.5 0.5
          6.625 1.5 0.5
          6.75 1.5 0.5
          6.875 1.5 0.5
          7 1.5 0.5
          0 1.75 0.5
          0.125 1.75 0.5
          0.25 1.75 0.5
          0.375 1.75 0.5
          0.5 1.75 0.5
          0.625 1.75 0.5
          0.75 1.75 0.5
          0.875 1.75 0.5
          1 1.75 0.5
          1.125 1.75 0.5
          1.25 1.75 0.5
          1.375 1.75 0.5
          1.5 1.75 0.5
          1.625 1.75 0.5
          1.75 1.75 0.5
          1.875 1.75 0.5
          2 1.75 0.5
          2.125 1.75 0.5
          2.25 1.75 0.5
          2.375 1.75 0.5
          2.5 1.75 0.5
          2.625 1.75 0.5
          2.75 1.75 0.5
          2.875 1.75 0.5
          3 1.75 0.5
          3.125 1.75 0.5
          3.25 1.75 0.5
          3.375 1.75 0.5
          3.5 1.75 0.5
          3.625 1.75 0.5
          3.75 1.75 0.5
          3.875 1.75 0.5
          4 1.75 0.5
          4.125 1.75 0.5
          4.25 1.75 0.5
          4.375 1.75 0.5
          4.5 1.75 0.5
          4.625 1.75 0.5
          4.75 1.75 0.5
          4.875 1.75 0.5
          5 1.75 0.5
          5.125 1.75 0.5
          5.25 1.75 0.5
          5.375 1.75 0.5
          5.5 1.75 0.5
          5.625 1.75 0.5
          5.75 1.75 0.5
          5.875 1.75 0.5
          6 1.75 0.5
          6.125 1.75 0.5
          6.25 1.75 0.5
          6.375 1.75 0.5
          6.5 1.75 0.5
          6.625 1.75 0.5
          6.75 1.75 0.5
          6.875 1.75 0.5
          7 1.75 0.5
          0 2 0.5
          0.125 2 0.5
          0.25 2 0.5
          0.375 2 0.5
          0.5 2 0.5
          0.625 2 0.5
          0.75 2 0.5
          0.875 2 0.5
          1 2 0.5
          1.125 2 0.5
          1.25 2 0.5
          1.375 2 0.5
          1.5 2 0.5
          1.625 2 0.5
          1.75 2 0.5
          1.875 2 0.5
          2 2 0.5
          2.125 2 0.5
          2.25 2 0.5
          2.375 2 0.5
          2.5 2 0.5
          2.625 2 0.5
          2.75 2 0.5
          2.875 2 0.5
          3 2 0.5
          3.125 2 0.5
          3.25 2 0.5
          3.375 2 0.5
          3.5 2 0.5
          3.625 2 0.5
          3.75 2 0.5
          3.875 2 0.5
          4 2 0.5
          4.125 2 0.5
          4.25 2 0.5
          4.375 2 0.5
          4.5 2 0.5
          4.625 2 0.5
          4.75 2 0.5
          4.875 2 0.5
          5 2 0.5
          5.125 2 0.5
          5.25 2 0.5
          5.375 2 0.5
          5.5 2 0.5
          5.625 2 0.5
          5.75 2 0.5
          5.875 2 0.5
          6 2 0.5
          6.125 2 0.5
          6.25 2 0.5
          6.375 2 0.5
          6.5 2 0.5
          6.625 2 0.5
          6.75 2 0.5
          6.875 2 0.5
          7 2 0.5
          0 2.25 0.5
          0.125 2.25 0.5
          0.25 2.25 0.5
          0.375 2.25 0.5
          0.5 2.25 0.5
          0.625 2.25 0.5
          0.75 2.25 0.5
          0.875 2.25 0.5
          1 2.25 0.5
          1.125 2.25 0.5
          1.25 2.25 0.5
          1.375 2.25 0.5
          1.5 2.25 0.5
          1.625 2.25 0.5
          1.75 2.25 0.5
          1.875 2.25 0.5
          2 2.25 0.5
          2.125 2.25 0.5
          2.25 2.25 0.5
          2.375 2.25 0.5
          2.5 2.25 0.5
          2.625 2.25 0.5
          2.75 2.25 0.5
          2.875 2.25 0.5
          3 2.25 0.5
          3.125 2.25 0.5
          3.25 2.25 0.5
          3.375 2.25 0.5
          3.5 2.25 0.5
          3.625 2.25 0.5
          3.75 2.25 0.5
          3.875 2.25 0.5
          4 2.25 0.5
          4.125 2.25 0.5
          4.25 2.25 0.5
          4.375 2.25 0.5
          4.5 2.25 0.5
          4.625 2.25 0.5
          4.75 2.25 0.5
          4.875 2.25 0.5
          5 2.25 0.5
          5.125 2.25 0.5
          5.25 2.25 0.5
          5.375 2.25 0.5
          5.5 2.25 0.5
          5.625 2.25 0.5
          5.75 2.25 0.5
          5.875 2.25 0.5
          6 2.25 0.5
          6.125 2.25 0.5
          6.25 2.25 0.5
          6.375 2.25 0.5
          6.5 2.25 0.5
          6.625 2.25 0.5
          6.75 2.25 0.5
          6.875 2.25 0.5
          7 2.25 0.5
          0 2.5 0.5
          0.125 2.5 0.5
          0.25 2.5 0.5
          0.375 2.5 0.5
          0.5 2.5 0.5
          0.625 2.5 0.5
          0.75 2.5 0.5
          0.875 2.5 0.5
          1 2.5 0.5
          1.125 2.5 0.5
          1.25 2.5 0.5
          1.375 2.5 0.5
          1.5 2.5 0.5
          1.625 2.5 0.5
          1.75 2.5 0.5
          1.875 2.5 0.5
          2 2.5 0.5
          2.125 2.5 0.5
          2.25 2.5 0.5
          2.375 2.5 0.5
          2.5 2.5 0.5
          2.625 2.5 0.5
          2.75 2.5 0.5
          2.875 2.5 0.5
          3 2.5 0.5
          3.125 2.5 0.5
          3.25 2.5 0.5
          3.375 2.5 0.5
          3.5 2.5 0.5
          3.625 2.5 0.5
          3.75 2.5 0.5
          3.875 2.5 0.5
          4 2.5 0.5
          4.125 2.5 0.5
          4.25 2.5 0.5
          4.375 2.5 0.5
          4.5 2.5 0.5
          4.625 2.5 0.5
          4.75 2.5 0.5
          4.875 2.5 0.5
          5 2.5 0.5
          5.125 2.5 0.5
          5.25 2.5 0.5
          5.375 2.5 0.5
          5.5 2.5 0.5
          5.625 2.5 0.5
          5.75 2.5 0.5
          5.875 2.5 0.5
          6 2.5 0.5
          6.125 2.5 0.5
          6.25 2.5 0.5
          6.375 2.5 0.5
          6.5 2.5 0.5
          6.625 2.5 0.5
          6.75 2.5 0.5
          6.875 2.5 0.5
          7 2.5 0.5
          0 2.75 0.5
          0.125 2.75 0.5
          0.25 2.75 0.5
          0.375 2.75 0.5
          0.5 2.75 0.5
          0.625 2.75 0.5
          0.75 2.75 0.5
          0.875 2.75 0.5
          1 2.75 0.5
          1.125 2.75 0.5
          1.25 2.75 0.5
          1.375 2.75 0.5
          1.5 2.75 0.5
          1.625 2.75 0.5
          1.75 2.75 0.5
          1.875 2.75 0.5
          2 2.75 0.5
          2.125 2.75 0.5
          2.25 2.75 0.5
          2.375 2.75 0.5
          2.5 2.75 0.5
          2.625 2.75 0.5
          2.75 2.75 0.5
          2.875 2.75 0.5
          3 2.75 0.5
          3.125 2.75 0.5
          3.25 2.75 0.5
          3.375 2.75 0.5
          3.5 2.75 0.5
          3.625 2.75 0.5
          3.75 2.75 0.5
          3.875 2.75 0.5
          4 2.75 0.5
          4.125 2.75 0.5
          4.25 2.75 0.5
          4.375 2.75 0.5
          4.5 2.75 0.5
          4.625 2.75 0.5
          4.75 2.75 0.5
          4.875 2.75 0.5
          5 2.75 0.5
          5.125 2.75 0.5
          5.25 2.75 0.5
          5.375 2.75 0.5
          5.5 2.75 0.5
          5.625 2.75 0.5
          5.75 2.75 0.5
          5.875 2.75 0.5
          6 2.75 0.5
          6.125 2.75 0.5
          6.25 2.75 0.5
          6.375 2.75 0.5
          6.5 2.75 0.5
          6.625 2.75 0.5
          6.75 2.75 0.5
          6.875 2.75 0.5
          7 2.75 0.5
          0 3 0.5
          0.125 3 0.5
          0.25 3 0.5
          0.375 3 0.5
          0.5 3 0.5
          0.625 3 0.5
          0.75 3 0.5
          0.875 3 0.5
          1 3 0.5
          1.125 3 0.5
          1.25 3 0.5
          1.375 3 0.5
          1.5 3 0.5
          1.625 3 0.5
          1.75 3 0.5
          1.875 3 0.5
          2 3 0.5
          2.125 3 0.5
          2.25 3 0.5
          2.375 3 0.5
          2.5 3 0.5
          2.625 3 0.5
          2.75 3 0.5
          2.875 3 0.5
          3 3 0.5
          3.125 3 0.5
          3.25 3 0.5
          3.375 3 0.5
          3.5 3 0.5
          3.625 3 0.5
          3.75 3 0.5
          3.875 3 0.5
          4 3 0.5
          4.125 3 0.5
          4.25 3 0.5
          4.375 3 0.5
          4.5 3 0.5
          4.625 3 0.5
          4.75 3 0.5
          4.875 3 0.5
          5 3 0.5
          5.125 3 0.5
          5.25 3 0.5
          5.375 3 0.5
          5.5 3 0.5
          5.625 3 0.5
          5.75 3 0.5
          5.875 3 0.5
          6 3 0.5
          6.125 3 0.5
          6.25 3 0.5
          6.375 3 0.5
          6.5 3 0.5
          6.625 3 0.5
          6.75 3 0.5
          6.875 3 0.5
          7 3 0.5
          0 0 0.75
          0.125 0 0.75
          0.25 0 0.75
          0.375 0 0.75
          0.5 0 0.75
          0.625 0 0.75
          0.75 0 0.75
          0.875 0 0.75
          1 0 0.75
          1.125 0 0.75
          1.25 0 0.75
          1.375 0 0.75
          1.5 0 0.75
          1.625 0 0.75
          1.75 0 0.75
          1.875 0 0.75
          2 0 0.75
          2.125 0 0.75
          2.25 0 0.75
          2.375 0 0.75
          2.5 0 0.75
          2.625 0 0.75
          2.75 0 0.75
          2.875 0 0.75
          3 0 0.75
          3.125 0 0.75
          3.25 0 0.75
          3.375 0 0.75
          3.5 0 0.75
          3.625 0 0.75
          3.75 0 0.75
          3.875 0 0.75
          4 0 0.75
          4.125 0 0.75
          4.25 0 0.75
          4.375 0 0.75
          4.5 0 0.75
          4.625 0 0.75
          4.75 0 0.75
          4.875 0 0.75
          5 0 0.75
          5.125 0 0.75
          5.25 0 0.75
          5.375 0 0.75
          5.5 0 0.75
          5.625 0 0.75
          5.75 0 0.75
          5.875 0 0.75
          6 0 0.75
          6.125 0 0.75
          6.25 0 0.75
          6.375 0 0.75
          6.5 0 0.75
          6.625 0 0.75
          6.75 0 0.75
          6.875 0 0.75
          7 0 0.75
          0 0.25 0.75
          0.125 0.25 0.75
          0.25 0.25 0.75
          0.375 0.25 0.75
          0.5 0.25 0.75
          0.625 0.25 0.75
          0.75 0.25 0.75
          0.875 0.25 0.75
          1 0.25 0.75
          1.125 0.25 0.75
          1.25 0.25 0.75
          1.375 0.25 0.75
          1.5 0.25 0.75
          1.625 0.25 0.75
          1.75 0.25 0.75
          1.875 0.25 0.75
          2 0.25 0.75
          2.125 0.25 0.75
          2.25 0.25 0.75
          2.375 0.25 0.75
          2.5 0.25 0.75
          2.625 0.25 0.75
          2.75 0.25 0.75
          2.875 0.25 0.75
          3 0.25 0.75
          3.125 0.25 0.75
          3.25 0.25 0.75
          3.375 0.25 0.75
          3.5 0.25 0.75
          3.625 0.25 0.75
          3.75 0.25 0.75
          3.875 0.25 0.75
          4 0.25 0.75
          4.125 0.25 0.75
          4.25 0.25 0.75
          4.375 0.25 0.75
          4.5 0.25 0.75
          4.625 0.25 0.75
          4.75 0.25 0.75
          4.875 0.25 0.75
          5 0.25 0.75
          5.125 0.25 0.75
          5.25 0.25 0.75
          5.375 0.25 0.75
          5.5 0.25 0.75
          5.625 0.25 0.75
          5.75 0.25 0.75
          5.875 0.25 0.75
          6 0.25 0.75
          6.125 0.25 0.75
          6.25 0.25 0.75
          6.375 0.25 0.75
          6.5 0.25 0.75
          6.625 0.25 0.75
          6.75 0.25 0.75
          6.875 0.25 0.75
          7 0.25 0.75
          0 0.5 0.75
          0.125 0.5 0.75
          0.25 0.5 0.75
          0.375 0.5 0.75
          0.5 0.5 0.75
          0.625 0.5 0.75
          0.75 0.5 0.75
          0.875 0.5 0.75
          1 0.5 0.75
          1.125 0.5 0.75
          1.25 0.5 0.75
          1.375 0.5 0.75
          1.5 0.5 0.75
          1.625 0.5 0.75
          1.75 0.5 0.75
          1.875 0.5 0.75
          2 0.5 0.75
          2.125 0.5 0.75
          2.25 0.5 0.75
          2.375 0.5 0.75
          2.5 0.5 0.75
          2.625 0.5 0.75
          2.75 0.5 0.75
          2.875 0.5 0.75
          3 0.5 0.75
          3.125 0.5 0.75
          3.25 0.5 0.75
          3.375 0.5 0.75
          3.5 0.5 0.75
          3.625 0.5 0.75
          3.75 0.5 0.75
          3.875 0.5 0.75
          4 0.5 0.75
          4.125 0.5 0.75
          4.25 0.5 0.75
          4.375 0.5 0.75
          4.5 0.5 0.75
          4.625 0.5 0.75
          4.75 0.5 0.75
          4.875 0.5 0.75
          5 0.5 0.75
          5.125 0.5 0.75
          5.25 0.5 0.75
          5.375 0.5 0.75
          5.5 0.5 0.75
          5.625 0.5 0.75
          5.75 0.5 0.75
          5.875 0.5 0.75
          6 0.5 0.75
          6.125 0.5 0.75
          6.25 0.5 0.75
          6.375 0.5 0.75
          6.5 0.5 0.75
          6.625 0.5 0.75
          6.75 0.5 0.75
          6.875 0.5 0.75
          7 0.5 0.75
          0 0.75 0.75
          0.125 0.75 0.75
          0.25 0.75 0.75
          0.375 0.75 0.75
          0.5 0.75 0.75
          0.625 0.75 0.75
          0.75 0.75 0.75
          0.875 0.75 0.75
          1 0.75 0.75
          1.125 0.75 0.75
          1.25 0.75 0.75
          1.375 0.75 0.75
          1.5 0.75 0.75
          1.625 0.75 0.75
          1.75 0.75 0.75
          1.875 0.75 0.75
          2 0.75 0.75
          2.125 0.75 0.75
          2.25 0.75 0.75
          2.375 0.75 0.75
          2.5 0.75 0.75
          2.625 0.75 0.75
          2.75 0.75 0.75
          2.875 0.75 0.75
          3 0.75 0.75
          3.125 0.75 0.75
          3.25 0.75 0.75
          3.375 0.75 0.75
          3.5 0.75 0.75
          3.625 0.75 0.75
          3.75 0.75 0.75
          3.875 0.75 0.75
          4 0.75 0.75
          4.125 0.75 0.75
          4.25 0.75 0.75
          4.375 0.75 0.75
          4.5 0.75 0.75
          4.625 0.75 0.75
          4.75 0.75 0.75
          4.875 0.75 0.75
          5 0.75 0.75
          5.125 0.75 0.75
          5.25 0.75 0.75
          5.375 0.75 0.75
          5.5 0.75 0.75
          5.625 0.75 0.75
          5.75 0.75 0.75
          5.875 0.75 0.75
          6 0.75 0.75
          6.125 0.75 0.75
          6.25 0.75 0.75
          6.375 0.75 0.75
          6.5 0.75 0.75
          6.625 0.75 0.75
          6.75 0.75 0.75
          6.875 0.75 0.75
          7 0.75 0.75
          0 1 0.75
          0.125 1 0.75
          0.25 1 0.75
          0.375 1 0.75
          0.5 1 0.75
          0.625 1 0.75
          0.75 1 0.75
          0.875 1 0.75
          1 1 0.75
          1.125 1 0.75
          1.25 1 0.75
          1.375 1 0.75
          1.5 1 0.75
          1.625 1 0.75
          1.75 1 0.75
          1.875 1 0.75
          2 1 0.75
          2.125 1 0.75
          2.25 1 0.75
          2.375 1 0.75
          2.5 1 0.75
          2.625 1 0.75
          2.75 1 0.75
          2.875 1 0.75
          3 1 0.75
          3.125 1 0.75
          3.25 1 0.75
          3.375 1 0.75
          3.5 1 0.75
          3.625 1 0.75
          3.75 1 0.75
          3.875 1 0.75
          4 1 0.75
          4.125 1 0.75
          4.25 1 0.75
          4.375 1 0.75
          4.5 1 0.75
          4.625 1 0.75
          4.75 1 0.75
          4.875 1 0.75
          5 1 0.75
          5.125 1 0.75
          5.25 1 0.75
          5.375 1 0.75
          5.5 1 0.75
          5.625 1 0.75
          5.75 1 0.75
          5.875 1 0.75
          6 1 0.75
          6.125 1 0.75
          6.25 1 0.75
          6.375 1 0.75
          6.5 1 0.75
          6.625 1 0.75
          6.75 1 0.75
          6.875 1 0.75
          7 1 0.75
          0 1.25 0.75
          0.125 1.25 0.75
          0.25 1.25 0.75
          0.375 1.25 0.75
          0.5 1.25 0.75
          0.625 1.25 0.75
          0.75 1.25 0.75
          0.875 1.25 0.75
          1 1.25 0.75
          1.125 1.25 0.75
          1.25 1.25 0.75
          1.375 1.25 0.75
          1.5 1.25 0.75
          1.625 1.25 0.75
          1.75 1.25 0.75
          1.875 1.25 0.75
          2 1.25 0.75
          2.125 1.25 0.75
          2.25 1.25 0.75
          2.375 1.25 0.75
          2.5 1.25 0.75
          2.625 1.25 0.75
          2.75 1.25 0.75
          2.875 1.25 0.75
          3 1.25 0.75
          3.125 1.25 0.75
          3.25 1.25 0.75
          3.375 1.25 0.75
          3.5 1.25 0.75
          3.625 1.25 0.75
          3.75 1.25 0.75
          3.875 1.25 0.75
          4 1.25 0.75
          4.125 1.25 0.75
          4.25 1.25 0.75
          4.375 1.25 0.75
          4.5 1.25 0.75
          4.625 1.25 0.75
          4.75 1.25 0.75
          4.875 1.25 0.75
          5 1.25 0.75
          5.125 1.25 0.75
          5.25 1.25 0.75
          5.375 1.25 0.75
          5.5 1.25 0.75
          5.625 1.25 0.75
          5.75 1.25 0.75
          5.875 1.25 0.75
          6 1.25 0.75
          6.125 1.25 0.75
          6.25 1.25 0.75
          6.375 1.25 0.75
          6.5 1.25 0.75
          6.625 1.25 0.75
          6.75 1.25 0.75
          6.875 1.25 0.75
          7 1.25 0.75
          0 1.5 0.75
          0.125 1.5 0.75
          0.25 1.5 0.75
          0.375 1.5 0.75
          0.5 1.5 0.75
          0.625 1.5 0.75
          0.75 1.5 0.75
          0.875 1.5 0.75
          1 1.5 0.75
          1.125 1.5 0.75
          1.25 1.5 0.75
          1.375 1.5 0.75
          1.5 1.5 0.75
          1.625 1.5 0.75
          1.75 1.5 0.75
          1.875 1.5 0.75
          2 1.5 0.75
          2.125 1.5 0.75
          2.25 1.5 0.75
          2.375 1.5 0.75
          2.5 1.5 0.75
          2.625 1.5 0.75
          2.75 1.5 0.75
          2.875 1.5 0.75
          3 1.5 0.75
          3.125 1.5 0.75
          3.25 1.5 0.75
          3.375 1.5 0.75
          3.5 1.5 0.75
          3.625 1.5 0.75
          3.75 1.5 0.75
          3.875 1.5 0.75
          4 1.5 0.75
          4.125 1.5 0.75
          4.25 1.5 0.75
          4.375 1.5 0.75
          4.5 1.5 0.75
          4.625 1.5 0.75
          4.75 1.5 0.75
          4.875 1.5 0.75
          5 1.5 0.75
          5.125 1.5 0.75
          5.25 1.5 0.75
          5.375 1.5 0.75
          5.5 1.5 0.75
          5.625 1.5 0.75
          5.75 1.5 0.75
          5.875 1.5 0.75
          6 1.5 0.75
          6.125 1.5 0.75
          6.25 1.5 0.75
          6.375 1.5 0.75
          6.5 1.5 0.75
          6.625 1.5 0.75
          6.75 1.5 0.75
          6.875 1.5 0.75
          7 1.5 0.75
          0 1.75 0.75
          0.125 1.75 0.75
          0.25 1.75 0.75
          0.375 1.75 0.75
          0.5 1.75 0.75
          0.625 1.75 0.75
          0.75 1.75 0.75
          0.875 1.75 0.75
          1 1.75 0.75
          1.125 1.75 0.75
          1.25 1.75 0.75
          1.375 1.75 0.75
          1.5 1.75 0.75
          1.625 1.75 0.75
          1.75 1.75 0.75
          1.875 1.75 0.75
          2 1.75 0.75
          2.125 1.75 0.75
          2.25 1.75 0.75
          2.375 1.75 0.75
          2.5 1.75 0.75
          2.625 1.75 0.75
          2.75 1.75 0.75
          2.875 1.75 0.75
          3 1.75 0.75
          3.125 1.75 0.75
          3.25 1.75 0.75
          3.375 1.75 0.75
          3.5 1.75 0.75
          3.625 1.75 0.75
          3.75 1.75 0.75
          3.875 1.75 0.75
          4 1.75 0.75
          4.125 1.75 0.75
          4.25 1.75 0.75
          4.375 1.75 0.75
          4.5 1.75 0.75
          4.625 1.75 0.75
          4.75 1.75 0.75
          4.875 1.75 0.75
          5 1.75 0.75
          5.125 1.75 0.75
          5.25 1.75 0.75
          5.375 1.75 0.75
          5.5 1.75 0.75
          5.625 1.75 0.75
          5.75 1.75 0.75
          5.875 1.75 0.75
          6 1.75 0.75
          6.125 1.75 0.75
          6.25 1.75 0.75
          6.375 1.75 0.75
          6.5 1.75 0.75
          6.625 1.75 0.75
          6.75 1.75 0.75
          6.875 1.75 0.75
          7 1.75 0.75
          0 2 0.75
          0.125 2 0.75
          0.25 2 0.75
          0.375 2 0.75
          0.5 2 0.75
          0.625 2 0.75
          0.75 2 0.75
          0.875 2 0.75
          1 2 0.75
          1.125 2 0.75
          1.25 2 0.75
          1.375 2 0.75
          1.5 2 0.75
          1.625 2 0.75
          1.75 2 0.75
          1.875 2 0.75
          2 2 0.75
          2.125 2 0.75
          2.25 2 0.75
          2.375 2 0.75
          2.5 2 0.75
          2.625 2 0.75
          2.75 2 0.75
          2.875 2 0.75
          3 2 0.75
          3.125 2 0.75
          3.25 2 0.75
          3.375 2 0.75
          3.5 2 0.75
          3.625 2 0.75
          3.75 2 0.75
          3.875 2 0.75
          4 2 0.75
          4.125 2 0.75
          4.25 2 0.75
          4.375 2 0.75
          4.5 2 0.75
          4.625 2 0.75
          4.75 2 0.75
          4.875 2 0.75
          5 2 0.75
          5.125 2 0.75
          5.25 2 0.75
          5.375 2 0.75
          5.5 2 0.75
          5.625 2 0.75
          5.75 2 0.75
          5.875 2 0.75
          6 2 0.75
          6.125 2 0.75
          6.25 2 0.75
          6.375 2 0.75
          6.5 2 0.75
          6.625 2 0.75
          6.75 2 0.75
          6.875 2 0.75
          7 2 0.75
          0 2.25 0.75
          0.125 2.25 0.75
          0.25 2.25 0.75
          0.375 2.25 0.75
          0.5 2.25 0.75
          0.625 2.25 0.75
          0.75 2.25 0.75
          0.875 2.25 0.75
          1 2.25 0.75
          1.125 2.25 0.75
          1.25 2.25 0.75
          1.375 2.25 0.75
          1.5 2.25 0.75
          1.625 2.25 0.75
          1.75 2.25 0.75
          1.875 2.25 0.75
          2 2.25 0.75
          2.125 2.25 0.75
          2.25 2.25 0.75
          2.375 2.25 0.75
          2.5 2.25 0.75
          2.625 2.25 0.75
          2.75 2.25 0.75
          2.875 2.25 0.75
          3 2.25 0.75
          3.125 2.25 0.75
          3.25 2.25 0.75
          3.375 2.25 0.75
          3.5 2.25 0.75
          3.625 2.25 0.75
          3.75 2.25 0.75
          3.875 2.25 0.75
          4 2.25 0.75
          4.125 2.25 0.75
          4.25 2.25 0.75
          4.375 2.25 0.75
          4.5 2.25 0.75
          4.625 2.25 0.75
          4.75 2.25 0.75
          4.875 2.25 0.75
          5 2.25 0.75
          5.125 2.25 0.75
          5.25 2.25 0.75
          5.375 2.25 0.75
          5.5 2.25 0.75
          5.625 2.25 0.75
          5.75 2.25 0.75
          5.875 2.25 0.75
          6 2.25 0.75
          6.125 2.25 0.75
          6.25 2.25 0.75
          6.375 2.25 0.75
          6.5 2.25 0.75
          6.625 2.25 0.75
          6.75 2.25 0.75
          6.875 2.25 0.75
          7 2.25 0.75
          0 2.5 0.75
          0.125 2.5 0.75
          0.25 2.5 0.75
          0.375 2.5 0.75
          0.5 2.5 0.75
          0.625 2.5 0.75
          0.75 2.5 0.75
          0.875 2.5 0.75
          1 2.5 0.75
          1.125 2.5 0.75
          1.25 2.5 0.75
          1.375 2.5 0.75
          1.5 2.5 0.75
          1.625 2.5 0.75
          1.75 2.5 0.75
          1.875 2.5 0.75
          2 2.5 0.75
          2.125 2.5 0.75
          2.25 2.5 0.75
          2.375 2.5 0.75
          2.5 2.5 0.75
          2.625 2.5 0.75
          2.75 2.5 0.75
          2.875 2.5 0.75
          3 2.5 0.75
          3.125 2.5 0.75
          3.25 2.5 0.75
          3.375 2.5 0.75
          3.5 2.5 0.75
          3.625 2.5 0.75
          3.75 2.5 0.75
          3.875 2.5 0.75
          4 2.5 0.75
          4.125 2.5 0.75
          4.25 2.5 0.75
          4.375 2.5 0.75
          4.5 2.5 0.75
          4.625 2.5 0.75
          4.75 2.5 0.75
          4.875 2.5 0.75
          5 2.5 0.75
          5.125 2.5 0.75
          5.25 2.5 0.75
          5.375 2.5 0.75
          5.5 2.5 0.75
          5.625 2.5 0.75
          5.75 2.5 0.75
          5.875 2.5 0.75
          6 2.5 0.75
          6.125 2.5 0.75
          6.25 2.5 0.75
          6.375 2.5 0.75
          6.5 2.5 0.75
          6.625 2.5 0.75
          6.75 2.5 0.75
          6.875 2.5 0.75
          7 2.5 0.75
          0 2.75 0.75
          0.125 2.75 0.75
          0.25 2.75 0.75
          0.375 2.75 0.75
          0.5 2.75 0.75
          0.625 2.75 0.75
          0.75 2.75 0.75
          0.875 2.75 0.75
          1 2.75 0.75
          1.125 2.75 0.75
          1.25 2.75 0.75
          1.375 2.75 0.75
          1.5 2.75 0.75
          1.625 2.75 0.75
          1.75 2.75 0.75
          1.875 2.75 0.75
          2 2.75 0.75
          2.125 2.75 0.75
          2.25 2.75 0.75
          2.375 2.75 0.75
          2.5 2.75 0.75
          2.625 2.75 0.75
          2.75 2.75 0.75
          2.875 2.75 0.75
          3 2.75 0.75
          3.125 2.75 0.75
          3.25 2.75 0.75
          3.375 2.75 0.75
          3.5 2.75 0.75
          3.625 2.75 0.75
          3.75 2.75 0.75
          3.875 2.75 0.75
          4 2.75 0.75
          4.125 2.75 0.75
          4.25 2.75 0.75
          4.375 2.75 0.75
          4.5 2.75 0.75
          4.625 2.75 0.75
          4.75 2.75 0.75
          4.875 2.75 0.75
          5 2.75 0.75
          5.125 2.75 0.75
          5.25 2.75 0.75
          5.375 2.75 0.75
          5.5 2.75 0.75
          5.625 2.75 0.75
          5.75 2.75 0.75
          5.875 2.75 0.75
          6 2.75 0.75
          6.125 2.75 0.75
          6.25 2.75 0.75
          6.375 2.75 0.75
          6.5 2.75 0.75
          6.625 2.75 0.75
          6.75 2.75 0.75
          6.875 2.75 0.75
          7 2.75 0.75
          0 3 0.75
          0.125 3 0.75
          0.25 3 0.75
          0.375 3 0.75
          0.5 3 0.75
          0.625 3 0.75
          0.75 3 0.75
          0.875 3 0.75
          1 3 0.75
          1.125 3 0.75
          1.25 3 0.75
          1.375 3 0.75
          1.5 3 0.75
          1.625 3 0.75
          1.75 3 0.75
          1.875 3 0.75
          2 3 0.75
          2.125 3 0.75
          2.25 3 0.75
          2.375 3 0.75
          2.5 3 0.75
          2.625 3 0.75
          2.75 3 0.75
          2.875 3 0.75
          3 3 0.75
          3.125 3 0.75
          3.25 3 0.75
          3.375 3 0.75
          3.5 3 0.75
          3.625 3 0.75
          3.75 3 0.75
          3.875 3 0.75
          4 3 0.75
          4.125 3 0.75
          4.25 3 0.75
          4.375 3 0.75
          4.5 3 0.75
          4.625 3 0.75
          4.75 3 0.75
          4.875 3 0.75
          5 3 0.75
          5.125 3 0.75
          5.25 3 0.75
          5.375 3 0.75
          5.5 3 0.75
          5.625 3 0.75
          5.75 3 0.75
          5.875 3 0.75
          6 3 0.75
          6.125 3 0.75
          6.25 3 0.75
          6.375 3 0.75
          6.5 3 0.75
          6.625 3 0.75
          6.75 3 0.75
          6.875 3 0.75
          7 3 0.75
          0 0 1
          0.125 0 1
          0.25 0 1
          0.375 0 1
          0.5 0 1
          0.625 0 1
          0.75 0 1
          0.875 0 1
          1 0 1
          1.125 0 1
          1.25 0 1
          1.375 0 1
          1.5 0 1
          1.625 0 1
          1.75 0 1
          1.875 0 1
          2 0 1
          2.125 0 1
          2.25 0 1
          2.375 0 1
          2.5 0 1
          2.625 0 1
          2.75 0 1
          2.875 0 1
          3 0 1
          3.125 0 1
          3.25 0 1
          3.375 0 1
          3.5 0 1
          3.625 0 1
          3.75 0 1
          3.875 0 1
          4 0 1
          4.125 0 1
          4.25 0 1
          4.375 0 1
          4.5 0 1
          4.625 0 1
          4.75 0 1
          4.875 0 1
          5 0 1
          5.125 0 1
          5.25 0 1
          5.375 0 1
          5.5 0 1
          5.625 0 1
          5.75 0 1
          5.875 0 1
          6 0 1
          6.125 0 1
          6.25 0 1
          6.375 0 1
          6.5 0 1
          6.625 0 1
          6.75 0 1
          6.875 0 1
          7 0 1
          0 0.25 1
          0.125 0.25 1
          0.25 0.25 1
          0.375 0.25 1
          0.5 0.25 1
          0.625 0.25 1
          0.75 0.25 1
          0.875 0.25 1
          1 0.25 1
          1.125 0.25 1
          1.25 0.25 1
          1.375 0.25 1
          1.5 0.25 1
          1.625 0.25 1
          1.75 0.25 1
          1.875 0.25 1
          2 0.25 1
          2.125 0.25 1
          2.25 0.25 1
          2.375 0.25 1
          2.5 0.25 1
          2.625 0.25 1
          2.75 0.25 1
          2.875 0.25 1
          3 0.25 1
          3.125 0.25 1
          3.25 0.25 1
          3.375 0.25 1
          3.5 0.25 1
          3.625 0.25 1
          3.75 0.25 1
          3.875 0.25 1
          4 0.25 1
          4.125 0.25 1
          4.25 0.25 1
          4.375 0.25 1
          4.5 0.25 1
          4.625 0.25 1
          4.75 0.25 1
          4.875 0.25 1
          5 0.25 1
          5.125 0.25 1
          5.25 0.25 1
          5.375 0.25 1
          5.5 0.25 1
          5.625 0.25 1
          5.75 0.25 1
          5.875 0.25 1
          6 0.25 1
          6.125 0.25 1
          6.25 0.25 1
          6.375 0.25 1
          6.5 0.25 1
          6.625 0.25 1
          6.75 0.25 1
          6.875 0.25 1
          7 0.25 1
          0 0.5 1
          0.125 0.5 1
          0.25 0.5 1
          0.375 0.5 1
          0.5 0.5 1
          0.625 0.5 1
          0.75 0.5 1
          0.875 0.5 1
          1 0.5 1
          1.125 0.5 1
          1.25 0.5 1
          1.375 0.5 1
          1.5 0.5 1
          1.625 0.5 1
          1.75 0.5 1
          1.875 0.5 1
          2 0.5 1
          2.125 0.5 1
          2.25 0.5 1
          2.375 0.5 1
          2.5 0.5 1
          2.625 0.5 1
          2.75 0.5 1
          2.875 0.5 1
          3 0.5 1
          3.125 0.5 1
          3.25 0.5 1
          3.375 0.5 1
          3.5 0.5 1
          3.625 0.5 1
          3.75 0.5 1
          3.875 0.5 1
          4 0.5 1
          4.125 0.5 1
          4.25 0.5 1
          4.375 0.5 1
          4.5 0.5 1
          4.625 0.5 1
          4.75 0.5 1
          4.875 0.5 1
          5 0.5 1
          5.125 0.5 1
          5.25 0.5 1
          5.375 0.5 1
          5.5 0.5 1
          5.625 0.5 1
          5.75 0.5 1
          5.875 0.5 1
          6 0.5 1
          6.125 0.5 1
          6.25 0.5 1
          6.375 0.5 1
          6.5 0.5 1
          6.625 0.5 1
          6.75 0.5 1
          6.875 0.5 1
          7 0.5 1
          0 0.75 1
          0.125 0.75 1
          0.25 0.75 1
          0.375 0.75 1
          0.5 0.75 1
          0.625 0.75 1
          0.75 0.75 1
          0.875 0.75 1
          1 0.75 1
          1.125 0.75 1
          1.25 0.75 1
          1.375 0.75 1
          1.5 0.75 1
          1.625 0.75 1
          1.75 0.75 1
          1.875 0.75 1
          2 0.75 1
          2.125 0.75 1
          2.25 0.75 1
          2.375 0.75 1
          2.5 0.75 1
          2.625 0.75 1
          2.75 0.75 1
          2.875 0.75 1
          3 0.75 1
          3.125 0.75 1
          3.25 0.75 1
          3.375 0.75 1
          3.5 0.75 1
          3.625 0.75 1
          3.75 0.75 1
          3.875 0.75 1
          4 0.75 1
          4.125 0.75 1
          4.25 0.75 1
          4.375 0.75 1
          4.5 0.75 1
          4.625 0.75 1
          4.75 0.75 1
          4.875 0.75 1
          5 0.75 1
          5.125 0.75 1
          5.25 0.75 1
          5.375 0.75 1
          5.5 0.75 1
          5.625 0.75 1
          5.75 0.75 1
          5.875 0.75 1
          6 0.75 1
          6.125 0.75 1
          6.25 0.75 1
          6.375 0.75 1
          6.5 0.75 1
          6.625 0.75 1
          6.75 0.75 1
          6.875 0.75 1
          7 0.75 1
          0 1 1
          0.125 1 1
          0.25 1 1
          0.375 1 1
          0.5 1 1
          0.625 1 1
          0.75 1 1
          0.875 1 1
          1 1 1
          1.125 1 1
          1.25 1 1
          1.375 1 1
          1.5 1 1
          1.625 1 1
          1.75 1 1
          1.875 1 1
          2 1 1
          2.125 1 1
          2.25 1 1
          2.375 1 1
          2.5 1 1
          2.625 1 1
          2.75 1 1
          2.875 1 1
          3 1 1
          3.125 1 1
          3.25 1 1
          3.375 1 1
          3.5 1 1
          3.625 1 1
          3.75 1 1
          3.875 1 1
          4 1 1
          4.125 1 1
          4.25 1 1
          4.375 1 1
          4.5 1 1
          4.625 1 1
          4.75 1 1
          4.875 1 1
          5 1 1
          5.125 1 1
          5.25 1 1
          5.375 1 1
          5.5 1 1
          5.625 1 1
          5.75 1 1
          5.875 1 1
          6 1 1
          6.125 1 1
          6.25 1 1
          6.375 1 1
          6.5 1 1
          6.625 1 1
          6.75 1 1
          6.875 1 1
          7 1 1
          0 1.25 1
          0.125 1.25 1
          0.25 1.25 1
          0.375 1.25 1
          0.5 1.25 1
          0.625 1.25 1
          0.75 1.25 1
          0.875 1.25 1
          1 1.25 1
          1.125 1.25 1
          1.25 1.25 1
          1.375 1.25 1
          1.5 1.25 1
          1.625 1.25 1
          1.75 1.25 1
          1.875 1.25 1
          2 1.25 1
          2.125 1.25 1
          2.25 1.25 1
          2.375 1.25 1
          2.5 1.25 1
          2.625 1.25 1
          2.75 1.25 1
          2.875 1.25 1
          3 1.25 1
          3.125 1.25 1
          3.25 1.25 1
          3.375 1.25 1
          3.5 1.25 1
          3.625 1.25 1
          3.75 1.25 1
          3.875 1.25 1
          4 1.25 1
          4.125 1.25 1
          4.25 1.25 1
          4.375 1.25 1
          4.5 1.25 1
          4.625 1.25 1
          4.75 1.25 1
          4.875 1.25 1
          5 1.25 1
          5.125 1.25 1
          5.25 1.25 1
          5.375 1.25 1
          5.5 1.25 1
          5.625 1.25 1
          5.75 1.25 1
          5.875 1.25 1
          6 1.25 1
          6.125 1.25 1
          6.25 1.25 1
          6.375 1.25 1
          6.5 1.25 1
          6.625 1.25 1
          6.75 1.25 1
          6.875 1.25 1
          7 1.25 1
          0 1.5 1
          0.125 1.5 1
          0.25 1.5 1
          0.375 1.5 1
          0.5 1.5 1
          0.625 1.5 1
          0.75 1.5 1
          0.875 1.5 1
          1 1.5 1
          1.125 1.5 1
          1.25 1.5 1
          1.375 1.5 1
          1.5 1.5 1
          1.625 1.5 1
          1.75 1.5 1
          1.875 1.5 1
          2 1.5 1
          2.125 1.5 1
          2.25 1.5 1
          2.375 1.5 1
          2.5 1.5 1
          2.625 1.5 1
          2.75 1.5 1
          2.875 1.5 1
          3 1.5 1
          3.125 1.5 1
          3.25 1.5 1
          3.375 1.5 1
          3.5 1.5 1
          3.625 1.5 1
          3.75 1.5 1
          3.875 1.5 1
          4 1.5 1
          4.125 1.5 1
          4.25 1.5 1
          4.375 1.5 1
          4.5 1.5 1
          4.625 1.5 1
          4.75 1.5 1
          4.875 1.5 1
          5 1.5 1
          5.125 1.5 1
          5.25 1.5 1
          5.375 1.5 1
          5.5 1.5 1
          5.625 1.5 1
          5.75 1.5 1
          5.875 1.5 1
          6 1.5 1
          6.125 1.5 1
          6.25 1.5 1
          6.375 1.5 1
          6.5 1.5 1
          6.625 1.5 1
          6.75 1.5 1
          6.875 1.5 1
          7 1.5 1
          0 1.75 1
          0.125 1.75 1
          0.25 1.75 1
          0.375 1.75 1
          0.5 1.75 1
          0.625 1.75 1
          0.75 1.75 1
          0.875 1.75 1
          1 1.75 1
          1.125 1.75 1
          1.25 1.75 1
          1.375 1.75 1
          1.5 1.75 1
          1.625 1.75 1
          1.75 1.75 1
          1.875 1.75 1
          2 1.75 1
          2.125 1.75 1
          2.25 1.75 1
          2.375 1.75 1
          2.5 1.75 1
          2.625 1.75 1
          2.75 1.75 1
          2.875 1.75 1
          3 1.75 1
          3.125 1.75 1
          3.25 1.75 1
          3.375 1.75 1
          3.5 1.75 1
          3.625 1.75 1
          3.75 1.75 1
          3.875 1.75 1
          4 1.75 1
          4.125 1.75 1
          4.25 1.75 1
          4.375 1.75 1
          4.5 1.75 1
          4.625 1.75 1
          4.75 1.75 1
          4.875 1.75 1
          5 1.75 1
          5.125 1.75 1
          5.25 1.75 1
          5.375 1.75 1
          5.5 1.75 1
          5.625 1.75 1
          5.75 1.75 1
          5.875 1.75 1
          6 1.75 1
          6.125 1.75 1
          6.25 1.75 1
          6.375 1.75 1
          6.5 1.75 1
          6.625 1.75 1
          6.75 1.75 1
          6.875 1.75 1
          7 1.75 1
          0 2 1
          0.125 2 1
          0.25 2 1
          0.375 2 1
          0.5 2 1
          0.625 2 1
          0.75 2 1
          0.875 2 1
          1 2 1
          1.125 2 1
          1.25 2 1
          1.375 2 1
          1.5 2 1
          1.625 2 1
          1.75 2 1
          1.875 2 1
          2 2 1
          2.125 2 1
          2.25 2 1
          2.375 2 1
          2.5 2 1
          2.625 2 1
          2.75 2 1
          2.875 2 1
          3 2 1
          3.125 2 1
          3.25 2 1
          3.375 2 1
          3.5 2 1
          3.625 2 1
          3.75 2 1
          3.875 2 1
          4 2 1
          4.125 2 1
          4.25 2 1
          4.375 2 1
          4.5 2 1
          4.625 2 1
          4.75 2 1
          4.875 2 1
          5 2 1
          5.125 2 1
          5.25 2 1
          5.375 2 1
          5.5 2 1
          5.625 2 1
          5.75 2 1
          5.875 2 1
          6 2 1
          6.125 2 1
          6.25 2 1
          6.375 2 1
          6.5 2 1
          6.625 2 1
          6.75 2 1
          6.875 2 1
          7 2 1
          0 2.25 1
          0.125 2.25 1
          0.25 2.25 1
          0.375 2.25 1
          0.5 2.25 1
          0.625 2.25 1
          0.75 2.25 1
          0.875 2.25 1
          1 2.25 1
          1.125 2.25 1
          1.25 2.25 1
          1.375 2.25 1
          1.5 2.25 1
          1.625 2.25 1
          1.75 2.25 1
          1.875 2.25 1
          2 2.25 1
          2.125 2.25 1
          2.25 2.25 1
          2.375 2.25 1
          2.5 2.25 1
          2.625 2.25 1
          2.75 2.25 1
          2.875 2.25 1
          3 2.25 1
          3.125 2.25 1
          3.25 2.25 1
          3.375 2.25 1
          3.5 2.25 1
          3.625 2.25 1
          3.75 2.25 1
          3.875 2.25 1
          4 2.25 1
          4.125 2.25 1
          4.25 2.25 1
          4.375 2.25 1
          4.5 2.25 1
          4.625 2.25 1
          4.75 2.25 1
          4.875 2.25 1
          5 2.25 1
          5.125 2.25 1
          5.25 2.25 1
          5.375 2.25 1
          5.5 2.25 1
          5.625 2.25 1
          5.75 2.25 1
          5.875 2.25 1
          6 2.25 1
          6.125 2.25 1
          6.25 2.25 1
          6.375 2.25 1
          6.5 2.25 1
          6.625 2.25 1
          6.75 2.25 1
          6.875 2.25 1
          7 2.25 1
          0 2.5 1
          0.125 2.5 1
          0.25 2.5 1
          0.375 2.5 1
          0.5 2.5 1
          0.625 2.5 1
          0.75 2.5 1
          0.875 2.5 1
          1 2.5 1
          1.125 2.5 1
          1.25 2.5 1
          1.375 2.5 1
          1.5 2.5 1
          1.625 2.5 1
          1.75 2.5 1
          1.875 2.5 1
          2 2.5 1
          2.125 2.5 1
          2.25 2.5 1
          2.375 2.5 1
          2.5 2.5 1
          2.625 2.5 1
          2.75 2.5 1
          2.875 2.5 1
          3 2.5 1
          3.125 2.5 1
          3.25 2.5 1
          3.375 2.5 1
          3.5 2.5 1
          3.625 2.5 1
          3.75 2.5 1
          3.875 2.5 1
          4 2.5 1
          4.125 2.5 1
          4.25 2.5 1
          4.375 2.5 1
          4.5 2.5 1
          4.625 2.5 1
          4.75 2.5 1
          4.875 2.5 1
          5 2.5 1
          5.125 2.5 1
          5.25 2.5 1
          5.375 2.5 1
          5.5 2.5 1
          5.625 2.5 1
          5.75 2.5 1
          5.875 2.5 1
          6 2.5 1
          6.125 2.5 1
          6.25 2.5 1
          6.375 2.5 1
          6.5 2.5 1
          6.625 2.5 1
          6.75 2.5 1
          6.875 2.5 1
          7 2.5 1
          0 2.75 1
          0.125 2.75 1
          0.25 2.75 1
          0.375 2.75 1
          0.5 2.75 1
          0.625 2.75 1
          0.75 2.75 1
          0.875 2.75 1
          1 2.75 1
          1.125 2.75 1
          1.25 2.75 1
          1.375 2.75 1
          1.5 2.75 1
          1.625 2.75 1
          1.75 2.75 1
          1.875 2.75 1
          2 2.75 1
          2.125 2.75 1
          2.25 2.75 1
          2.375 2.75 1
          2.5 2.75 1
          2.625 2.75 1
          2.75 2.75 1
          2.875 2.75 1
          3 2.75 1
          3.125 2.75 1
          3.25 2.75 1
          3.375 2.75 1
          3.5 2.75 1
          3.625 2.75 1
          3.75 2.75 1
          3.875 2.75 1
          4 2.75 1
          4.125 2.75 1
          4.25 2.75 1
          4.375 2.75 1
          4.5 2.75 1
          4.625 2.75 1
          4.75 2.75 1
          4.875 2.75 1
          5 2.75 1
          5.125 2.75 1
          5.25 2.75 1
          5.375 2.75 1
          5.5 2.75 1
          5.625 2.75 1
          5.75 2.75 1
          5.875 2.75 1
          6 2.75 1
          6.125 2.75 1
          6.25 2.75 1
          6.375 2.75 1
          6.5 2.75 1
          6.625 2.75 1
          6.75 2.75 1
          6.875 2.75 1
          7 2.75 1
          0 3 1
          0.125 3 1
          0.25 3 1
          0.375 3 1
          0.5 3 1
          0.625 3 1
          0.75 3 1
          0.875 3 1
          1 3 1
          1.125 3 1
          1.25 3 1
          1.375 3 1
          1.5 3 1
          1.625 3 1
          1.75 3 1
          1.875 3 1
          2 3 1
          2.125 3 1
          2.25 3 1
          2.375 3 1
          2.5 3 1
          2.625 3 1
          2.75 3 1
          2.875 3 1
          3 3 1
          3.125 3 1
          3.25 3 1
          3.375 3 1
          3.5 3 1
          3.625 3 1
          3.75 3 1
          3.875 3 1
          4 3 1
          4.125 3 1
          4.25 3 1
          4.375 3 1
          4.5 3 1
          4.625 3 1
          4.75 3 1
          4.875 3 1
          5 3 1
          5.125 3 1
          5.25 3 1
          5.375 3 1
          5.5 3 1
          5.625 3 1
          5.75 3 1
          5.875 3 1
          6 3 1
          6.125 3 1
          6.25 3 1
          6.375 3 1
          6.5 3 1
          6.625 3 1
          6.75 3 1
          6.875 3 1
          7 3 1
          0 0 1.25
          0.125 0 1.25
          0.25 0 1.25
          0.375 0 1.25
          0.5 0 1.25
          0.625 0 1.25
          0.75 0 1.25
          0.875 0 1.25
          1 0 1.25
          1.125 0 1.25
          1.25 0 1.25
          1.375 0 1.25
          1.5 0 1.25
          1.625 0 1.25
          1.75 0 1.25
          1.875 0 1.25
          2 0 1.25
          2.125 0 1.25
          2.25 0 1.25
          2.375 0 1.25
          2.5 0 1.25
          2.625 0 1.25
          2.75 0 1.25
          2.875 0 1.25
          3 0 1.25
          3.125 0 1.25
          3.25 0 1.25
          3.375 0 1.25
          3.5 0 1.25
          3.625 0 1.25
          3.75 0 1.25
          3.875 0 1.25
          4 0 1.25
          4.125 0 1.25
          4.25 0 1.25
          4.375 0 1.25
          4.5 0 1.25
          4.625 0 1.25
          4.75 0 1.25
          4.875 0 1.25
          5 0 1.25
          5.125 0 1.25
          5.25 0 1.25
          5.375 0 1.25
          5.5 0 1.25
          5.625 0 1.25
          5.75 0 1.25
          5.875 0 1.25
          6 0 1.25
          6.125 0 1.25
          6.25 0 1.25
          6.375 0 1.25
          6.5 0 1.25
          6.625 0 1.25
          6.75 0 1.25
          6.875 0 1.25
          7 0 1.25
          0 0.25 1.25
          0.125 0.25 1.25
          0.25 0.25 1.25
          0.375 0.25 1.25
          0.5 0.25 1.25
          0.625 0.25 1.25
          0.75 0.25 1.25
          0.875 0.25 1.25
          1 0.25 1.25
          1.125 0.25 1.25
          1.25 0.25 1.25
          1.375 0.25 1.25
          1.5 0.25 1.25
          1.625 0.25 1.25
          1.75 0.25 1.25
          1.875 0.25 1.25
          2 0.25 1.25
          2.125 0.25 1.25
          2.25 0.25 1.25
          2.375 0.25 1.25
          2.5 0.25 1.25
          2.625 0.25 1.25
          2.75 0.25 1.25
          2.875 0.25 1.25
          3 0.25 1.25
          3.125 0.25 1.25
          3.25 0.25 1.25
          3.375 0.25 1.25
          3.5 0.25 1.25
          3.625 0.25 1.25
          3.75 0.25 1.25
          3.875 0.25 1.25
          4 0.25 1.25
          4.125 0.25 1.25
          4.25 0.25 1.25
          4.375 0.25 1.25
          4.5 0.25 1.25
          4.625 0.25 1.25
          4.75 0.25 1.25
          4.875 0.25 1.25
          5 0.25 1.25
          5.125 0.25 1.25
          5.25 0.25 1.25
          5.375 0.25 1.25
          5.5 0.25 1.25
          5.625 0.25 1.25
          5.75 0.25 1.25
          5.875 0.25 1.25
          6 0.25 1.25
          6.125 0.25 1.25
          6.25 0.25 1.25
          6.375 0.25 1.25
          6.5 0.25 1.25
          6.625 0.25 1.25
          6.75 0.25 1.25
          6.875 0.25 1.25
          7 0.25 1.25
          0 0.5 1.25
          0.125 0.5 1.25
          0.25 0.5 1.25
          0.375 0.5 1.25
          0.5 0.5 1.25
          0.625 0.5 1.25
          0.75 0.5 1.25
          0.875 0.5 1.25
          1 0.5 1.25
          1.125 0.5 1.25
          1.25 0.5 1.25
          1.375 0.5 1.25
          1.5 0.5 1.25
          1.625 0.5 1.25
          1.75 0.5 1.25
          1.875 0.5 1.25
          2 0.5 1.25
          2.125 0.5 1.25
          2.25 0.5 1.25
          2.375 0.5 1.25
          2.5 0.5 1.25
          2.625 0.5 1.25
          2.75 0.5 1.25
          2.875 0.5 1.25
          3 0.5 1.25
          3.125 0.5 1.25
          3.25 0.5 1.25
          3.375 0.5 1.25
          3.5 0.5 1.25
          3.625 0.5 1.25
          3.75 0.5 1.25
          3.875 0.5 1.25
          4 0.5 1.25
          4.125 0.5 1.25
          4.25 0.5 1.25
          4.375 0.5 1.25
          4.5 0.5 1.25
          4.625 0.5 1.25
          4.75 0.5 1.25
          4.875 0.5 1.25
          5 0.5 1.25
          5.125 0.5 1.25
          5.25 0.5 1.25
          5.375 0.5 1.25
          5.5 0.5 1.25
          5.625 0.5 1.25
          5.75 0.5 1.25
          5.875 0.5 1.25
          6 0.5 1.25
          6.125 0.5 1.25
          6.25 0.5 1.25
          6.375 0.5 1.25
          6.5 0.5 1.25
          6.625 0.5 1.25
          6.75 0.5 1.25
          6.875 0.5 1.25
          7 0.5 1.25
          0 0.75 1.25
          0.125 0.75 1.25
          0.25 0.75 1.25
          0.375 0.75 1.25
          0.5 0.75 1.25
          0.625 0.75 1.25
          0.75 0.75 1.25
          0.875 0.75 1.25
          1 0.75 1.25
          1.125 0.75 1.25
          1.25 0.75 1.25
          1.375 0.75 1.25
          1.5 0.75 1.25
          1.625 0.75 1.25
          1.75 0.75 1.25
          1.875 0.75 1.25
          2 0.75 1.25
          2.125 0.75 1.25
          2.25 0.75 1.25
          2.375 0.75 1.25
          2.5 0.75 1.25
          2.625 0.75 1.25
          2.75 0.75 1.25
          2.875 0.75 1.25
          3 0.75 1.25
          3.125 0.75 1.25
          3.25 0.75 1.25
          3.375 0.75 1.25
          3.5 0.75 1.25
          3.625 0.75 1.25
          3.75 0.75 1.25
          3.875 0.75 1.25
          4 0.75 1.25
          4.125 0.75 1.25
          4.25 0.75 1.25
          4.375 0.75 1.25
          4.5 0.75 1.25
          4.625 0.75 1.25
          4.75 0.75 1.25
          4.875 0.75 1.25
          5 0.75 1.25
          5.125 0.75 1.25
          5.25 0.75 1.25
          5.375 0.75 1.25
          5.5 0.75 1.25
          5.625 0.75 1.25
          5.75 0.75 1.25
          5.875 0.75 1.25
          6 0.75 1.25
          6.125 0.75 1.25
          6.25 0.75 1.25
          6.375 0.75 1.25
          6.5 0.75 1.25
          6.625 0.75 1.25
          6.75 0.75 1.25
          6.875 0.75 1.25
          7 0.75 1.25
          0 1 1.25
          0.125 1 1.25
          0.25 1 1.25
          0.375 1 1.25
          0.5 1 1.25
          0.625 1 1.25
          0.75 1 1.25
          0.875 1 1.25
          1 1 1.25
          1.125 1 1.25
          1.25 1 1.25
          1.375 1 1.25
          1.5 1 1.25
          1.625 1 1.25
          1.75 1 1.25
          1.875 1 1.25
          2 1 1.25
          2.125 1 1.25
          2.25 1 1.25
          2.375 1 1.25
          2.5 1 1.25
          2.625 1 1.25
          2.75 1 1.25
          2.875 1 1.25
          3 1 1.25
          3.125 1 1.25
          3.25 1 1.25
          3.375 1 1.25
          3.5 1 1.25
          3.625 1 1.25
          3.75 1 1.25
          3.875 1 1.25
          4 1 1.25
          4.125 1 1.25
          4.25 1 1.25
          4.375 1 1.25
          4.5 1 1.25
          4.625 1 1.25
          4.75 1 1.25
          4.875 1 1.25
          5 1 1.25
          5.125 1 1.25
          5.25 1 1.25
          5.375 1 1.25
          5.5 1 1.25
          5.625 1 1.25
          5.75 1 1.25
          5.875 1 1.25
          6 1 1.25
          6.125 1 1.25
          6.25 1 1.25
          6.375 1 1.25
          6.5 1 1.25
          6.625 1 1.25
          6.75 1 1.25
          6.875 1 1.25
          7 1 1.25
          0 1.25 1.25
          0.125 1.25 1.25
          0.25 1.25 1.25
          0.375 1.25 1.25
          0.5 1.25 1.25
          0.625 1.25 1.25
          0.75 1.25 1.25
          0.875 1.25 1.25
          1 1.25 1.25
          1.125 1.25 1.25
          1.25 1.25 1.25
          1.375 1.25 1.25
          1.5 1.25 1.25
          1.625 1.25 1.25
          1.75 1.25 1.25
          1.875 1.25 1.25
          2 1.25 1.25
          2.125 1.25 1.25
          2.25 1.25 1.25
          2.375 1.25 1.25
          2.5 1.25 1.25
          2.625 1.25 1.25
          2.75 1.25 1.25
          2.875 1.25 1.25
          3 1.25 1.25
          3.125 1.25 1.25
          3.25 1.25 1.25
          3.375 1.25 1.25
          3.5 1.25 1.25
          3.625 1.25 1.25
          3.75 1.25 1.25
          3.875 1.25 1.25
          4 1.25 1.25
          4.125 1.25 1.25
          4.25 1.25 1.25
          4.375 1.25 1.25
          4.5 1.25 1.25
          4.625 1.25 1.25
          4.75 1.25 1.25
          4.875 1.25 1.25
          5 1.25 1.25
          5.125 1.25 1.25
          5.25 1.25 1.25
          5.375 1.25 1.25
          5.5 1.25 1.25
          5.625 1.25 1.25
          5.75 1.25 1.25
          5.875 1.25 1.25
          6 1.25 1.25
          6.125 1.25 1.25
          6.25 1.25 1.25
          6.375 1.25 1.25
          6.5 1.25 1.25
          6.625 1.25 1.25
          6.75 1.25 1.25
          6.875 1.25 1.25
          7 1.25 1.25
          0 1.5 1.25
          0.125 1.5 1.25
          0.25 1.5 1.25
          0.375 1.5 1.25
          0.5 1.5 1.25
          0.625 1.5 1.25
          0.75 1.5 1.25
          0.875 1.5 1.25
          1 1.5 1.25
          1.125 1.5 1.25
          1.25 1.5 1.25
          1.375 1.5 1.25
          1.5 1.5 1.25
          1.625 1.5 1.25
          1.75 1.5 1.25
          1.875 1.5 1.25
          2 1.5 1.25
          2.125 1.5 1.25
          2.25 1.5 1.25
          2.375 1.5 1.25
          2.5 1.5 1.25
          2.625 1.5 1.25
          2.75 1.5 1.25
          2.875 1.5 1.25
          3 1.5 1.25
          3.125 1.5 1.25
          3.25 1.5 1.25
          3.375 1.5 1.25
          3.5 1.5 1.25
          3.625 1.5 1.25
          3.75 1.5 1.25
          3.875 1.5 1.25
          4 1.5 1.25
          4.125 1.5 1.25
          4.25 1.5 1.25
          4.375 1.5 1.25
          4.5 1.5 1.25
          4.625 1.5 1.25
          4.75 1.5 1.25
          4.875 1.5 1.25
          5 1.5 1.25
          5.125 1.5 1.25
          5.25 1.5 1.25
          5.375 1.5 1.25
          5.5 1.5 1.25
          5.625 1.5 1.25
          5.75 1.5 1.25
          5.875 1.5 1.25
          6 1.5 1.25
          6.125 1.5 1.25
          6.25 1.5 1.25
          6.375 1.5 1.25
          6.5 1.5 1.25
          6.625 1.5 1.25
          6.75 1.5 1.25
          6.875 1.5 1.25
          7 1.5 1.25
          0 1.75 1.25
          0.125 1.75 1.25
          0.25 1.75 1.25
          0.375 1.75 1.25
          0.5 1.75 1.25
          0.625 1.75 1.25
          0.75 1.75 1.25
          0.875 1.75 1.25
          1 1.75 1.25
          1.125 1.75 1.25
          1.25 1.75 1.25
          1.375 1.75 1.25
          1.5 1.75 1.25
          1.625 1.75 1.25
          1.75 1.75 1.25
          1.875 1.75 1.25
          2 1.75 1.25
          2.125 1.75 1.25
          2.25 1.75 1.25
          2.375 1.75 1.25
          2.5 1.75 1.25
          2.625 1.75 1.25
          2.75 1.75 1.25
          2.875 1.75 1.25
          3 1.75 1.25
          3.125 1.75 1.25
          3.25 1.75 1.25
          3.375 1.75 1.25
          3.5 1.75 1.25
          3.625 1.75 1.25
          3.75 1.75 1.25
          3.875 1.75 1.25
          4 1.75 1.25
          4.125 1.75 1.25
          4.25 1.75 1.25
          4.375 1.75 1.25
          4.5 1.75 1.25
          4.625 1.75 1.25
          4.75 1.75 1.25
          4.875 1.75 1.25
          5 1.75 1.25
          5.125 1.75 1.25
          5.25 1.75 1.25
          5.375 1.75 1.25
          5.5 1.75 1.25
          5.625 1.75 1.25
          5.75 1.75 1.25
          5.875 1.75 1.25
          6 1.75 1.25
          6.125 1.75 1.25
          6.25 1.75 1.25
          6.375 1.75 1.25
          6.5 1.75 1.25
          6.625 1.75 1.25
          6.75 1.75 1.25
          6.875 1.75 1.25
          7 1.75 1.25
          0 2 1.25
          0.125 2 1.25
          0.25 2 1.25
          0.375 2 1.25
          0.5 2 1.25
          0.625 2 1.25
          0.75 2 1.25
          0.875 2 1.25
          1 2 1.25
          1.125 2 1.25
          1.25 2 1.25
          1.375 2 1.25
          1.5 2 1.25
          1.625 2 1.25
          1.75 2 1.25
          1.875 2 1.25
          2 2 1.25
          2.125 2 1.25
          2.25 2 1.25
          2.375 2 1.25
          2.5 2 1.25
          2.625 2 1.25
          2.75 2 1.25
          2.875 2 1.25
          3 2 1.25
          3.125 2 1.25
          3.25 2 1.25
          3.375 2 1.25
          3.5 2 1.25
          3.625 2 1.25
          3.75 2 1.25
          3.875 2 1.25
          4 2 1.25
          4.125 2 1.25
          4.25 2 1.25
          4.375 2 1.25
          4.5 2 1.25
          4.625 2 1.25
          4.75 2 1.25
          4.875 2 1.25
          5 2 1.25
          5.125 2 1.25
          5.25 2 1.25
          5.375 2 1.25
          5.5 2 1.25
          5.625 2 1.25
          5.75 2 1.25
          5.875 2 1.25
          6 2 1.25
          6.125 2 1.25
          6.25 2 1.25
          6.375 2 1.25
          6.5 2 1.25
          6.625 2 1.25
          6.75 2 1.25
          6.875 2 1.25
          7 2 1.25
          0 2.25 1.25
          0.125 2.25 1.25
          0.25 2.25 1.25
          0.375 2.25 1.25
          0.5 2.25 1.25
          0.625 2.25 1.25
          0.75 2.25 1.25
          0.875 2.25 1.25
          1 2.25 1.25
          1.125 2.25 1.25
          1.25 2.25 1.25
          1.375 2.25 1.25
          1.5 2.25 1.25
          1.625 2.25 1.25
          1.75 2.25 1.25
          1.875 2.25 1.25
          2 2.25 1.25
          2.125 2.25 1.25
          2.25 2.25 1.25
          2.375 2.25 1.25
          2.5 2.25 1.25
          2.625 2.25 1.25
          2.75 2.25 1.25
          2.875 2.25 1.25
          3 2.25 1.25
          3.125 2.25 1.25
          3.25 2.25 1.25
          3.375 2.25 1.25
          3.5 2.25 1.25
          3.625 2.25 1.25
          3.75 2.25 1.25
          3.875 2.25 1.25
          4 2.25 1.25
          4.125 2.25 1.25
          4.25 2.25 1.25
          4.375 2.25 1.25
          4.5 2.25 1.25
          4.625 2.25 1.25
          4.75 2.25 1.25
          4.875 2.25 1.25
          5 2.25 1.25
          5.125 2.25 1.25
          5.25 2.25 1.25
          5.375 2.25 1.25
          5.5 2.25 1.25
          5.625 2.25 1.25
          5.75 2.25 1.25
          5.875 2.25 1.25
          6 2.25 1.25
          6.125 2.25 1.25
          6.25 2.25 1.25
          6.375 2.25 1.25
          6.5 2.25 1.25
          6.625 2.25 1.25
          6.75 2.25 1.25
          6.875 2.25 1.25
          7 2.25 1.25
          0 2.5 1.25
          0.125 2.5 1.25
          0.25 2.5 1.25
          0.375 2.5 1.25
          0.5 2.5 1.25
          0.625 2.5 1.25
          0.75 2.5 1.25
          0.875 2.5 1.25
          1 2.5 1.25
          1.125 2.5 1.25
          1.25 2.5 1.25
          1.375 2.5 1.25
          1.5 2.5 1.25
          1.625 2.5 1.25
          1.75 2.5 1.25
          1.875 2.5 1.25
          2 2.5 1.25
          2.125 2.5 1.25
          2.25 2.5 1.25
          2.375 2.5 1.25
          2.5 2.5 1.25
          2.625 2.5 1.25
          2.75 2.5 1.25
          2.875 2.5 1.25
          3 2.5 1.25
          3.125 2.5 1.25
          3.25 2.5 1.25
          3.375 2.5 1.25
          3.5 2.5 1.25
          3.625 2.5 1.25
          3.75 2.5 1.25
          3.875 2.5 1.25
          4 2.5 1.25
          4.125 2.5 1.25
          4.25 2.5 1.25
          4.375 2.5 1.25
          4.5 2.5 1.25
          4.625 2.5 1.25
          4.75 2.5 1.25
          4.875 2.5 1.25
          5 2.5 1.25
          5.125 2.5 1.25
          5.25 2.5 1.25
          5.375 2.5 1.25
          5.5 2.5 1.25
          5.625 2.5 1.25
          5.75 2.5 1.25
          5.875 2.5 1.25
          6 2.5 1.25
          6.125 2.5 1.25
          6.25 2.5 1.25
          6.375 2.5 1.25
          6.5 2.5 1.25
          6.625 2.5 1.25
          6.75 2.5 1.25
          6.875 2.5 1.25
          7 2.5 1.25
          0 2.75 1.25
          0.125 2.75 1.25
          0.25 2.75 1.25
          0.375 2.75 1.25
          0.5 2.75 1.25
          0.625 2.75 1.25
          0.75 2.75 1.25
          0.875 2.75 1.25
          1 2.75 1.25
          1.125 2.75 1.25
          1.25 2.75 1.25
          1.375 2.75 1.25
          1.5 2.75 1.25
          1.625 2.75 1.25
          1.75 2.75 1.25
          1.875 2.75 1.25
          2 2.75 1.25
          2.125 2.75 1.25
          2.25 2.75 1.25
          2.375 2.75 1.25
          2.5 2.75 1.25
          2.625 2.75 1.25
          2.75 2.75 1.25
          2.875 2.75 1.25
          3 2.75 1.25
          3.125 2.75 1.25
          3.25 2.75 1.25
          3.375 2.75 1.25
          3.5 2.75 1.25
          3.625 2.75 1.25
          3.75 2.75 1.25
          3.875 2.75 1.25
          4 2.75 1.25
          4.125 2.75 1.25
          4.25 2.75 1.25
          4.375 2.75 1.25
          4.5 2.75 1.25
          4.625 2.75 1.25
          4.75 2.75 1.25
          4.875 2.75 1.25
          5 2.75 1.25
          5.125 2.75 1.25
          5.25 2.75 1.25
          5.375 2.75 1.25
          5.5 2.75 1.25
          5.625 2.75 1.25
          5.75 2.75 1.25
          5.875 2.75 1.25
          6 2.75 1.25
          6.125 2.75 1.25
          6.25 2.75 1.25
          6.375 2.75 1.25
          6.5 2.75 1.25
          6.625 2.75 1.25
          6.75 2.75 1.25
          6.875 2.75 1.25
          7 2.75 1.25
          0 3 1.25
          0.125 3 1.25
          0.25 3 1.25
          0.375 3 1.25
          0.5 3 1.25
          0.625 3 1.25
          0.75 3 1.25
          0.875 3 1.25
          1 3 1.25
          1.125 3 1.25
          1.25 3 1.25
          1.375 3 1.25
          1.5 3 1.25
          1.625 3 1.25
          1.75 3 1.25
          1.875 3 1.25
          2 3 1.25
          2.125 3 1.25
          2.25 3 1.25
          2.375 3 1.25
          2.5 3 1.25
          2.625 3 1.25
          2.75 3 1.25
          2.875 3 1.25
          3 3 1.25
          3.125 3 1.25
          3.25 3 1.25
          3.375 3 1.25
          3.5 3 1.25
          3.625 3 1.25
          3.75 3 1.25
          3.875 3 1.25
          4 3 1.25
          4.125 3 1.25
          4.25 3 1.25
          4.375 3 1.25
          4.5 3 1.25
          4.625 3 1.25
          4.75 3 1.25
          4.875 3 1.25
          5 3 1.25
          5.125 3 1.25
          5.25 3 1.25
          5.375 3 1.25
          5.5 3 1.25
          5.625 3 1.25
          5.75 3 1.25
          5.875 3 1.25
          6 3 1.25
          6.125 3 1.25
          6.25 3 1.25
          6.375 3 1.25
          6.5 3 1.25
          6.625 3 1.25
          6.75 3 1.25
          6.875 3 1.25
          7 3 1.25
          0 0 1.5
          0.125 0 1.5
          0.25 0 1.5
          0.375 0 1.5
          0.5 0 1.5
          0.625 0 1.5
          0.75 0 1.5
          0.875 0 1.5
          1 0 1.5
          1.125 0 1.5
          1.25 0 1.5
          1.375 0 1.5
          1.5 0 1.5
          1.625 0 1.5
          1.75 0 1.5
          1.875 0 1.5
          2 0 1.5
          2.125 0 1.5
          2.25 0 1.5
          2.375 0 1.5
          2.5 0 1.5
          2.625 0 1.5
          2.75 0 1.5
          2.875 0 1.5
          3 0 1.5
          3.125 0 1.5
          3.25 0 1.5
          3.375 0 1.5
          3.5 0 1.5
          3.625 0 1.5
          3.75 0 1.5
          3.875 0 1.5
          4 0 1.5
          4.125 0 1.5
          4.25 0 1.5
          4.375 0 1.5
          4.5 0 1.5
          4.625 0 1.5
          4.75 0 1.5
          4.875 0 1.5
          5 0 1.5
          5.125 0 1.5
          5.25 0 1.5
          5.375 0 1.5
          5.5 0 1.5
          5.625 0 1.5
          5.75 0 1.5
          5.875 0 1.5
          6 0 1.5
          6.125 0 1.5
          6.25 0 1.5
          6.375 0 1.5
          6.5 0 1.5
          6.625 0 1.5
          6.75 0 1.5
          6.875 0 1.5
          7 0 1.5
          0 0.25 1.5
          0.125 0.25 1.5
          0.25 0.25 1.5
          0.375 0.25 1.5
          0.5 0.25 1.5
          0.625 0.25 1.5
          0.75 0.25 1.5
          0.875 0.25 1.5
          1 0.25 1.5
          1.125 0.25 1.5
          1.25 0.25 1.5
          1.375 0.25 1.5
          1.5 0.25 1.5
          1.625 0.25 1.5
          1.75 0.25 1.5
          1.875 0.25 1.5
          2 0.25 1.5
          2.125 0.25 1.5
          2.25 0.25 1.5
          2.375 0.25 1.5
          2.5 0.25 1.5
          2.625 0.25 1.5
          2.75 0.25 1.5
          2.875 0.25 1.5
          3 0.25 1.5
          3.125 0.25 1.5
          3.25 0.25 1.5
          3.375 0.25 1.5
          3.5 0.25 1.5
          3.625 0.25 1.5
          3.75 0.25 1.5
          3.875 0.25 1.5
          4 0.25 1.5
          4.125 0.25 1.5
          4.25 0.25 1.5
          4.375 0.25 1.5
          4.5 0.25 1.5
          4.625 0.25 1.5
          4.75 0.25 1.5
          4.875 0.25 1.5
          5 0.25 1.5
          5.125 0.25 1.5
          5.25 0.25 1.5
          5.375 0.25 1.5
          5.5 0.25 1.5
          5.625 0.25 1.5
          5.75 0.25 1.5
          5.875 0.25 1.5
          6 0.25 1.5
          6.125 0.25 1.5
          6.25 0.25 1.5
          6.375 0.25 1.5
          6.5 0.25 1.5
          6.625 0.25 1.5
          6.75 0.25 1.5
          6.875 0.25 1.5
          7 0.25 1.5
          0 0.5 1.5
          0.125 0.5 1.5
          0.25 0.5 1.5
          0.375 0.5 1.5
          0.5 0.5 1.5
          0.625 0.5 1.5
          0.75 0.5 1.5
          0.875 0.5 1.5
          1 0.5 1.5
          1.125 0.5 1.5
          1.25 0.5 1.5
          1.375 0.5 1.5
          1.5 0.5 1.5
          1.625 0.5 1.5
          1.75 0.5 1.5
          1.875 0.5 1.5
          2 0.5 1.5
          2.125 0.5 1.5
          2.25 0.5 1.5
          2.375 0.5 1.5
          2.5 0.5 1.5
          2.625 0.5 1.5
          2.75 0.5 1.5
          2.875 0.5 1.5
          3 0.5 1.5
          3.125 0.5 1.5
          3.25 0.5 1.5
          3.375 0.5 1.5
          3.5 0.5 1.5
          3.625 0.5 1.5
          3.75 0.5 1.5
          3.875 0.5 1.5
          4 0.5 1.5
          4.125 0.5 1.5
          4.25 0.5 1.5
          4.375 0.5 1.5
          4.5 0.5 1.5
          4.625 0.5 1.5
          4.75 0.5 1.5
          4.875 0.5 1.5
          5 0.5 1.5
          5.125 0.5 1.5
          5.25 0.5 1.5
          5.375 0.5 1.5
          5.5 0.5 1.5
          5.625 0.5 1.5
          5.75 0.5 1.5
          5.875 0.5 1.5
          6 0.5 1.5
          6.125 0.5 1.5
          6.25 0.5 1.5
          6.375 0.5 1.5
          6.5 0.5 1.5
          6.625 0.5 1.5
          6.75 0.5 1.5
          6.875 0.5 1.5
          7 0.5 1.5
          0 0.75 1.5
          0.125 0.75 1.5
          0.25 0.75 1.5
          0.375 0.75 1.5
          0.5 0.75 1.5
          0.625 0.75 1.5
          0.75 0.75 1.5
          0.875 0.75 1.5
          1 0.75 1.5
          1.125 0.75 1.5
          1.25 0.75 1.5
          1.375 0.75 1.5
          1.5 0.75 1.5
          1.625 0.75 1.5
          1.75 0.75 1.5
          1.875 0.75 1.5
          2 0.75 1.5
          2.125 0.75 1.5
          2.25 0.75 1.5
          2.375 0.75 1.5
          2.5 0.75 1.5
          2.625 0.75 1.5
          2.75 0.75 1.5
          2.875 0.75 1.5
          3 0.75 1.5
          3.125 0.75 1.5
          3.25 0.75 1.5
          3.375 0.75 1.5
          3.5 0.75 1.5
          3.625 0.75 1.5
          3.75 0.75 1.5
          3.875 0.75 1.5
          4 0.75 1.5
          4.125 0.75 1.5
          4.25 0.75 1.5
          4.375 0.75 1.5
          4.5 0.75 1.5
          4.625 0.75 1.5
          4.75 0.75 1.5
          4.875 0.75 1.5
          5 0.75 1.5
          5.125 0.75 1.5
          5.25 0.75 1.5
          5.375 0.75 1.5
          5.5 0.75 1.5
          5.625 0.75 1.5
          5.75 0.75 1.5
          5.875 0.75 1.5
          6 0.75 1.5
          6.125 0.75 1.5
          6.25 0.75 1.5
          6.375 0.75 1.5
          6.5 0.75 1.5
          6.625 0.75 1.5
          6.75 0.75 1.5
          6.875 0.75 1.5
          7 0.75 1.5
          0 1 1.5
          0.125 1 1.5
          0.25 1 1.5
          0.375 1 1.5
          0.5 1 1.5
          0.625 1 1.5
          0.75 1 1.5
          0.875 1 1.5
          1 1 1.5
          1.125 1 1.5
          1.25 1 1.5
          1.375 1 1.5
          1.5 1 1.5
          1.625 1 1.5
          1.75 1 1.5
          1.875 1 1.5
          2 1 1.5
          2.125 1 1.5
          2.25 1 1.5
          2.375 1 1.5
          2.5 1 1.5
          2.625 1 1.5
          2.75 1 1.5
          2.875 1 1.5
          3 1 1.5
          3.125 1 1.5
          3.25 1 1.5
          3.375 1 1.5
          3.5 1 1.5
          3.625 1 1.5
          3.75 1 1.5
          3.875 1 1.5
          4 1 1.5
          4.125 1 1.5
          4.25 1 1.5
          4.375 1 1.5
          4.5 1 1.5
          4.625 1 1.5
          4.75 1 1.5
          4.875 1 1.5
          5 1 1.5
          5.125 1 1.5
          5.25 1 1.5
          5.375 1 1.5
          5.5 1 1.5
          5.625 1 1.5
          5.75 1 1.5
          5.875 1 1.5
          6 1 1.5
          6.125 1 1.5
          6.25 1 1.5
          6.375 1 1.5
          6.5 1 1.5
          6.625 1 1.5
          6.75 1 1.5
          6.875 1 1.5
          7 1 1.5
          0 1.25 1.5
          0.125 1.25 1.5
          0.25 1.25 1.5
          0.375 1.25 1.5
          0.5 1.25 1.5
          0.625 1.25 1.5
          0.75 1.25 1.5
          0.875 1.25 1.5
          1 1.25 1.5
          1.125 1.25 1.5
          1.25 1.25 1.5
          1.375 1.25 1.5
          1.5 1.25 1.5
          1.625 1.25 1.5
          1.75 1.25 1.5
          1.875 1.25 1.5
          2 1.25 1.5
          2.125 1.25 1.5
          2.25 1.25 1.5
          2.375 1.25 1.5
          2.5 1.25 1.5
          2.625 1.25 1.5
          2.75 1.25 1.5
          2.875 1.25 1.5
          3 1.25 1.5
          3.125 1.25 1.5
          3.25 1.25 1.5
          3.375 1.25 1.5
          3.5 1.25 1.5
          3.625 1.25 1.5
          3.75 1.25 1.5
          3.875 1.25 1.5
          4 1.25 1.5
          4.125 1.25 1.5
          4.25 1.25 1.5
          4.375 1.25 1.5
          4.5 1.25 1.5
          4.625 1.25 1.5
          4.75 1.25 1.5
          4.875 1.25 1.5
          5 1.25 1.5
          5.125 1.25 1.5
          5.25 1.25 1.5
          5.375 1.25 1.5
          5.5 1.25 1.5
          5.625 1.25 1.5
          5.75 1.25 1.5
          5.875 1.25 1.5
          6 1.25 1.5
          6.125 1.25 1.5
          6.25 1.25 1.5
          6.375 1.25 1.5
          6.5 1.25 1.5
          6.625 1.25 1.5
          6.75 1.25 1.5
          6.875 1.25 1.5
          7 1.25 1.5
          0 1.5 1.5
          0.125 1.5 1.5
          0.25 1.5 1.5
          0.375 1.5 1.5
          0.5 1.5 1.5
          0.625 1.5 1.5
          0.75 1.5 1.5
          0.875 1.5 1.5
          1 1.5 1.5
          1.125 1.5 1.5
          1.25 1.5 1.5
          1.375 1.5 1.5
          1.5 1.5 1.5
          1.625 1.5 1.5
          1.75 1.5 1.5
          1.875 1.5 1.5
          2 1.5 1.5
          2.125 1.5 1.5
          2.25 1.5 1.5
          2.375 1.5 1.5
          2.5 1.5 1.5
          2.625 1.5 1.5
          2.75 1.5 1.5
          2.875 1.5 1.5
          3 1.5 1.5
          3.125 1.5 1.5
          3.25 1.5 1.5
          3.375 1.5 1.5
          3.5 1.5 1.5
          3.625 1.5 1.5
          3.75 1.5 1.5
          3.875 1.5 1.5
          4 1.5 1.5
          4.125 1.5 1.5
          4.25 1.5 1.5
          4.375 1.5 1.5
          4.5 1.5 1.5
          4.625 1.5 1.5
          4.75 1.5 1.5
          4.875 1.5 1.5
          5 1.5 1.5
          5.125 1.5 1.5
          5.25 1.5 1.5
          5.375 1.5 1.5
          5.5 1.5 1.5
          5.625 1.5 1.5
          5.75 1.5 1.5
          5.875 1.5 1.5
          6 1.5 1.5
          6.125 1.5 1.5
          6.25 1.5 1.5
          6.375 1.5 1.5
          6.5 1.5 1.5
          6.625 1.5 1.5
          6.75 1.5 1.5
          6.875 1.5 1.5
          7 1.5 1.5
          0 1.75 1.5
          0.125 1.75 1.5
          0.25 1.75 1.5
          0.375 1.75 1.5
          0.5 1.75 1.5
          0.625 1.75 1.5
          0.75 1.75 1.5
          0.875 1.75 1.5
          1 1.75 1.5
          1.125 1.75 1.5
          1.25 1.75 1.5
          1.375 1.75 1.5
          1.5 1.75 1.5
          1.625 1.75 1.5
          1.75 1.75 1.5
          1.875 1.75 1.5
          2 1.75 1.5
          2.125 1.75 1.5
          2.25 1.75 1.5
          2.375 1.75 1.5
          2.5 1.75 1.5
          2.625 1.75 1.5
          2.75 1.75 1.5
          2.875 1.75 1.5
          3 1.75 1.5
          3.125 1.75 1.5
          3.25 1.75 1.5
          3.375 1.75 1.5
          3.5 1.75 1.5
          3.625 1.75 1.5
          3.75 1.75 1.5
          3.875 1.75 1.5
          4 1.75 1.5
          4.125 1.75 1.5
          4.25 1.75 1.5
          4.375 1.75 1.5
          4.5 1.75 1.5
          4.625 1.75 1.5
          4.75 1.75 1.5
          4.875 1.75 1.5
          5 1.75 1.5
          5.125 1.75 1.5
          5.25 1.75 1.5
          5.375 1.75 1.5
          5.5 1.75 1.5
          5.625 1.75 1.5
          5.75 1.75 1.5
          5.875 1.75 1.5
          6 1.75 1.5
          6.125 1.75 1.5
          6.25 1.75 1.5
          6.375 1.75 1.5
          6.5 1.75 1.5
          6.625 1.75 1.5
          6.75 1.75 1.5
          6.875 1.75 1.5
          7 1.75 1.5
          0 2 1.5
          0.125 2 1.5
          0.25 2 1.5
          0.375 2 1.5
          0.5 2 1.5
          0.625 2 1.5
          0.75 2 1.5
          0.875 2 1.5
          1 2 1.5
          1.125 2 1.5
          1.25 2 1.5
          1.375 2 1.5
          1.5 2 1.5
          1.625 2 1.5
          1.75 2 1.5
          1.875 2 1.5
          2 2 1.5
          2.125 2 1.5
          2.25 2 1.5
          2.375 2 1.5
          2.5 2 1.5
          2.625 2 1.5
          2.75 2 1.5
          2.875 2 1.5
          3 2 1.5
          3.125 2 1.5
          3.25 2 1.5
          3.375 2 1.5
          3.5 2 1.5
          3.625 2 1.5
          3.75 2 1.5
          3.875 2 1.5
          4 2 1.5
          4.125 2 1.5
          4.25 2 1.5
          4.375 2 1.5
          4.5 2 1.5
          4.625 2 1.5
          4.75 2 1.5
          4.875 2 1.5
          5 2 1.5
          5.125 2 1.5
          5.25 2 1.5
          5.375 2 1.5
          5.5 2 1.5
          5.625 2 1.5
          5.75 2 1.5
          5.875 2 1.5
          6 2 1.5
          6.125 2 1.5
          6.25 2 1.5
          6.375 2 1.5
          6.5 2 1.5
          6.625 2 1.5
          6.75 2 1.5
          6.875 2 1.5
          7 2 1.5
          0 2.25 1.5
          0.125 2.25 1.5
          0.25 2.25 1.5
          0.375 2.25 1.5
          0.5 2.25 1.5
          0.625 2.25 1.5
          0.75 2.25 1.5
          0.875 2.25 1.5
          1 2.25 1.5
          1.125 2.25 1.5
          1.25 2.25 1.5
          1.375 2.25 1.5
          1.5 2.25 1.5
          1.625 2.25 1.5
          1.75 2.25 1.5
          1.875 2.25 1.5
          2 2.25 1.5
          2.125 2.25 1.5
          2.25 2.25 1.5
          2.375 2.25 1.5
          2.5 2.25 1.5
          2.625 2.25 1.5
          2.75 2.25 1.5
          2.875 2.25 1.5
          3 2.25 1.5
          3.125 2.25 1.5
          3.25 2.25 1.5
          3.375 2.25 1.5
          3.5 2.25 1.5
          3.625 2.25 1.5
          3.75 2.25 1.5
          3.875 2.25 1.5
          4 2.25 1.5
          4.125 2.25 1.5
          4.25 2.25 1.5
          4.375 2.25 1.5
          4.5 2.25 1.5
          4.625 2.25 1.5
          4.75 2.25 1.5
          4.875 2.25 1.5
          5 2.25 1.5
          5.125 2.25 1.5
          5.25 2.25 1.5
          5.375 2.25 1.5
          5.5 2.25 1.5
          5.625 2.25 1.5
          5.75 2.25 1.5
          5.875 2.25 1.5
          6 2.25 1.5
          6.125 2.25 1.5
          6.25 2.25 1.5
          6.375 2.25 1.5
          6.5 2.25 1.5
          6.625 2.25 1.5
          6.75 2.25 1.5
          6.875 2.25 1.5
          7 2.25 1.5
          0 2.5 1.5
          0.125 2.5 1.5
          0.25 2.5 1.5
          0.375 2.5 1.5
          0.5 2.5 1.5
          0.625 2.5 1.5
          0.75 2.5 1.5
          0.875 2.5 1.5
          1 2.5 1.5
          1.125 2.5 1.5
          1.25 2.5 1.5
          1.375 2.5 1.5
          1.5 2.5 1.5
          1.625 2.5 1.5
          1.75 2.5 1.5
          1.875 2.5 1.5
          2 2.5 1.5
          2.125 2.5 1.5
          2.25 2.5 1.5
          2.375 2.5 1.5
          2.5 2.5 1.5
          2.625 2.5 1.5
          2.75 2.5 1.5
          2.875 2.5 1.5
          3 2.5 1.5
          3.125 2.5 1.5
          3.25 2.5 1.5
          3.375 2.5 1.5
          3.5 2.5 1.5
          3.625 2.5 1.5
          3.75 2.5 1.5
          3.875 2.5 1.5
          4 2.5 1.5
          4.125 2.5 1.5
          4.25 2.5 1.5
          4.375 2.5 1.5
          4.5 2.5 1.5
          4.625 2.5 1.5
          4.75 2.5 1.5
          4.875 2.5 1.5
          5 2.5 1.5
          5.125 2.5 1.5
          5.25 2.5 1.5
          5.375 2.5 1.5
          5.5 2.5 1.5
          5.625 2.5 1.5
          5.75 2.5 1.5
          5.875 2.5 1.5
          6 2.5 1.5
          6.125 2.5 1.5
          6.25 2.5 1.5
          6.375 2.5 1.5
          6.5 2.5 1.5
          6.625 2.5 1.5
          6.75 2.5 1.5
          6.875 2.5 1.5
          7 2.5 1.5
          0 2.75 1.5
          0.125 2.75 1.5
          0.25 2.75 1.5
          0.375 2.75 1.5
          0.5 2.75 1.5
          0.625 2.75 1.5
          0.75 2.75 1.5
          0.875 2.75 1.5
          1 2.75 1.5
          1.125 2.75 1.5
          1.25 2.75 1.5
          1.375 2.75 1.5
          1.5 2.75 1.5
          1.625 2.75 1.5
          1.75 2.75 1.5
          1.875 2.75 1.5
          2 2.75 1.5
          2.125 2.75 1.5
          2.25 2.75 1.5
          2.375 2.75 1.5
          2.5 2.75 1.5
          2.625 2.75 1.5
          2.75 2.75 1.5
          2.875 2.75 1.5
          3 2.75 1.5
          3.125 2.75 1.5
          3.25 2.75 1.5
          3.375 2.75 1.5
          3.5 2.75 1.5
          3.625 2.75 1.5
          3.75 2.75 1.5
          3.875 2.75 1.5
          4 2.75 1.5
          4.125 2.75 1.5
          4.25 2.75 1.5
          4.375 2.75 1.5
          4.5 2.75 1.5
          4.625 2.75 1.5
          4.75 2.75 1.5
          4.875 2.75 1.5
          5 2.75 1.5
          5.125 2.75 1.5
          5.25 2.75 1.5
          5.375 2.75 1.5
          5.5 2.75 1.5
          5.625 2.75 1.5
          5.75 2.75 1.5
          5.875 2.75 1.5
          6 2.75 1.5
          6.125 2.75 1.5
          6.25 2.75 1.5
          6.375 2.75 1.5
          6.5 2.75 1.5
          6.625 2.75 1.5
          6.75 2.75 1.5
          6.875 2.75 1.5
          7 2.75 1.5
          0 3 1.5
          0.125 3 1.5
          0.25 3 1.5
          0.375 3 1.5
          0.5 3 1.5
          0.625 3 1.5
          0.75 3 1.5
          0.875 3 1.5
          1 3 1.5
          1.125 3 1.5
          1.25 3 1.5
          1.375 3 1.5
          1.5 3 1.5
          1.625 3 1.5
          1.75 3 1.5
          1.875 3 1.5
          2 3 1.5
          2.125 3 1.5
          2.25 3 1.5
          2.375 3 1.5
          2.5 3 1.5
          2.625 3 1.5
          2.75 3 1.5
          2.875 3 1.5
          3 3 1.5
          3.125 3 1.5
          3.25 3 1.5
          3.375 3 1.5
          3.5 3 1.5
          3.625 3 1.5
          3.75 3 1.5
          3.875 3 1.5
          4 3 1.5
          4.125 3 1.5
          4.25 3 1.5
          4.375 3 1.5
          4.5 3 1.5
          4.625 3 1.5
          4.75 3 1.5
          4.875 3 1.5
          5 3 1.5
          5.125 3 1.5
          5.25 3 1.5
          5.375 3 1.5
          5.5 3 1.5
          5.625 3 1.5
          5.75 3 1.5
          5.875 3 1.5
          6 3 1.5
          6.125 3 1.5
          6.25 3 1.5
          6.375 3 1.5
          6.5 3 1.5
          6.625 3 1.5
          6.75 3 1.5
          6.875 3 1.5
          7 3 1.5
          0 0 1.75
          0.125 0 1.75
          0.25 0 1.75
          0.375 0 1.75
          0.5 0 1.75
          0.625 0 1.75
          0.75 0 1.75
          0.875 0 1.75
          1 0 1.75
          1.125 0 1.75
          1.25 0 1.75
          1.375 0 1.75
          1.5 0 1.75
          1.625 0 1.75
          1.75 0 1.75
          1.875 0 1.75
          2 0 1.75
          2.125 0 1.75
          2.25 0 1.75
          2.375 0 1.75
          2.5 0 1.75
          2.625 0 1.75
          2.75 0 1.75
          2.875 0 1.75
          3 0 1.75
          3.125 0 1.75
          3.25 0 1.75
          3.375 0 1.75
          3.5 0 1.75
          3.625 0 1.75
          3.75 0 1.75
          3.875 0 1.75
          4 0 1.75
          4.125 0 1.75
          4.25 0 1.75
          4.375 0 1.75
          4.5 0 1.75
          4.625 0 1.75
          4.75 0 1.75
          4.875 0 1.75
          5 0 1.75
          5.125 0 1.75
          5.25 0 1.75
          5.375 0 1.75
          5.5 0 1.75
          5.625 0 1.75
          5.75 0 1.75
          5.875 0 1.75
          6 0 1.75
          6.125 0 1.75
          6.25 0 1.75
          6.375 0 1.75
          6.5 0 1.75
          6.625 0 1.75
          6.75 0 1.75
          6.875 0 1.75
          7 0 1.75
          0 0.25 1.75
          0.125 0.25 1.75
          0.25 0.25 1.75
          0.375 0.25 1.75
          0.5 0.25 1.75
          0.625 0.25 1.75
          0.75 0.25 1.75
          0.875 0.25 1.75
          1 0.25 1.75
          1.125 0.25 1.75
          1.25 0.25 1.75
          1.375 0.25 1.75
          1.5 0.25 1.75
          1.625 0.25 1.75
          1.75 0.25 1.75
          1.875 0.25 1.75
          2 0.25 1.75
          2.125 0.25 1.75
          2.25 0.25 1.75
          2.375 0.25 1.75
          2.5 0.25 1.75
          2.625 0.25 1.75
          2.75 0.25 1.75
          2.875 0.25 1.75
          3 0.25 1.75
          3.125 0.25 1.75
          3.25 0.25 1.75
          3.375 0.25 1.75
          3.5 0.25 1.75
          3.625 0.25 1.75
          3.75 0.25 1.75
          3.875 0.25 1.75
          4 0.25 1.75
          4.125 0.25 1.75
          4.25 0.25 1.75
          4.375 0.25 1.75
          4.5 0.25 1.75
          4.625 0.25 1.75
          4.75 0.25 1.75
          4.875 0.25 1.75
          5 0.25 1.75
          5.125 0.25 1.75
          5.25 0.25 1.75
          5.375 0.25 1.75
          5.5 0.25 1.75
          5.625 0.25 1.75
          5.75 0.25 1.75
          5.875 0.25 1.75
          6 0.25 1.75
          6.125 0.25 1.75
          6.25 0.25 1.75
          6.375 0.25 1.75
          6.5 0.25 1.75
          6.625 0.25 1.75
          6.75 0.25 1.75
          6.875 0.25 1.75
          7 0.25 1.75
          0 0.5 1.75
          0.125 0.5 1.75
          0.25 0.5 1.75
          0.375 0.5 1.75
          0.5 0.5 1.75
          0.625 0.5 1.75
          0.75 0.5 1.75
          0.875 0.5 1.75
          1 0.5 1.75
          1.125 0.5 1.75
          1.25 0.5 1.75
          1.375 0.5 1.75
          1.5 0.5 1.75
          1.625 0.5 1.75
          1.75 0.5 1.75
          1.875 0.5 1.75
          2 0.5 1.75
          2.125 0.5 1.75
          2.25 0.5 1.75
          2.375 0.5 1.75
          2.5 0.5 1.75
          2.625 0.5 1.75
          2.75 0.5 1.75
          2.875 0.5 1.75
          3 0.5 1.75
          3.125 0.5 1.75
          3.25 0.5 1.75
          3.375 0.5 1.75
          3.5 0.5 1.75
          3.625 0.5 1.75
          3.75 0.5 1.75
          3.875 0.5 1.75
          4 0.5 1.75
          4.125 0.5 1.75
          4.25 0.5 1.75
          4.375 0.5 1.75
          4.5 0.5 1.75
          4.625 0.5 1.75
          4.75 0.5 1.75
          4.875 0.5 1.75
          5 0.5 1.75
          5.125 0.5 1.75
          5.25 0.5 1.75
          5.375 0.5 1.75
          5.5 0.5 1.75
          5.625 0.5 1.75
          5.75 0.5 1.75
          5.875 0.5 1.75
          6 0.5 1.75
          6.125 0.5 1.75
          6.25 0.5 1.75
          6.375 0.5 1.75
          6.5 0.5 1.75
          6.625 0.5 1.75
          6.75 0.5 1.75
          6.875 0.5 1.75
          7 0.5 1.75
          0 0.75 1.75
          0.125 0.75 1.75
          0.25 0.75 1.75
          0.375 0.75 1.75
          0.5 0.75 1.75
          0.625 0.75 1.75
          0.75 0.75 1.75
          0.875 0.75 1.75
          1 0.75 1.75
          1.125 0.75 1.75
          1.25 0.75 1.75
          1.375 0.75 1.75
          1.5 0.75 1.75
          1.625 0.75 1.75
          1.75 0.75 1.75
          1.875 0.75 1.75
          2 0.75 1.75
          2.125 0.75 1.75
          2.25 0.75 1.75
          2.375 0.75 1.75
          2.5 0.75 1.75
          2.625 0.75 1.75
          2.75 0.75 1.75
          2.875 0.75 1.75
          3 0.75 1.75
          3.125 0.75 1.75
          3.25 0.75 1.75
          3.375 0.75 1.75
          3.5 0.75 1.75
          3.625 0.75 1.75
          3.75 0.75 1.75
          3.875 0.75 1.75
          4 0.75 1.75
          4.125 0.75 1.75
          4.25 0.75 1.75
          4.375 0.75 1.75
          4.5 0.75 1.75
          4.625 0.75 1.75
          4.75 0.75 1.75
          4.875 0.75 1.75
          5 0.75 1.75
          5.125 0.75 1.75
          5.25 0.75 1.75
          5.375 0.75 1.75
          5.5 0.75 1.75
          5.625 0.75 1.75
          5.75 0.75 1.75
          5.875 0.75 1.75
          6 0.75 1.75
          6.125 0.75 1.75
          6.25 0.75 1.75
          6.375 0.75 1.75
          6.5 0.75 1.75
          6.625 0.75 1.75
          6.75 0.75 1.75
          6.875 0.75 1.75
          7 0.75 1.75
          0 1 1.75
          0.125 1 1.75
          0.25 1 1.75
          0.375 1 1.75
          0.5 1 1.75
          0.625 1 1.75
          0.75 1 1.75
          0.875 1 1.75
          1 1 1.75
          1.125 1 1.75
          1.25 1 1.75
          1.375 1 1.75
          1.5 1 1.75
          1.625 1 1.75
          1.75 1 1.75
          1.875 1 1.75
          2 1 1.75
          2.125 1 1.75
          2.25 1 1.75
          2.375 1 1.75
          2.5 1 1.75
          2.625 1 1.75
          2.75 1 1.75
          2.875 1 1.75
          3 1 1.75
          3.125 1 1.75
          3.25 1 1.75
          3.375 1 1.75
          3.5 1 1.75
          3.625 1 1.75
          3.75 1 1.75
          3.875 1 1.75
          4 1 1.75
          4.125 1 1.75
          4.25 1 1.75
          4.375 1 1.75
          4.5 1 1.75
          4.625 1 1.75
          4.75 1 1.75
          4.875 1 1.75
          5 1 1.75
          5.125 1 1.75
          5.25 1 1.75
          5.375 1 1.75
          5.5 1 1.75
          5.625 1 1.75
          5.75 1 1.75
          5.875 1 1.75
          6 1 1.75
          6.125 1 1.75
          6.25 1 1.75
          6.375 1 1.75
          6.5 1 1.75
          6.625 1 1.75
          6.75 1 1.75
          6.875 1 1.75
          7 1 1.75
          0 1.25 1.75
          0.125 1.25 1.75
          0.25 1.25 1.75
          0.375 1.25 1.75
          0.5 1.25 1.75
          0.625 1.25 1.75
          0.75 1.25 1.75
          0.875 1.25 1.75
          1 1.25 1.75
          1.125 1.25 1.75
          1.25 1.25 1.75
          1.375 1.25 1.75
          1.5 1.25 1.75
          1.625 1.25 1.75
          1.75 1.25 1.75
          1.875 1.25 1.75
          2 1.25 1.75
          2.125 1.25 1.75
          2.25 1.25 1.75
          2.375 1.25 1.75
          2.5 1.25 1.75
          2.625 1.25 1.75
          2.75 1.25 1.75
          2.875 1.25 1.75
          3 1.25 1.75
          3.125 1.25 1.75
          3.25 1.25 1.75
          3.375 1.25 1.75
          3.5 1.25 1.75
          3.625 1.25 1.75
          3.75 1.25 1.75
          3.875 1.25 1.75
          4 1.25 1.75
          4.125 1.25 1.75
          4.25 1.25 1.75
          4.375 1.25 1.75
          4.5 1.25 1.75
          4.625 1.25 1.75
          4.75 1.25 1.75
          4.875 1.25 1.75
          5 1.25 1.75
          5.125 1.25 1.75
          5.25 1.25 1.75
          5.375 1.25 1.75
          5.5 1.25 1.75
          5.625 1.25 1.75
          5.75 1.25 1.75
          5.875 1.25 1.75
          6 1.25 1.75
          6.125 1.25 1.75
          6.25 1.25 1.75
          6.375 1.25 1.75
          6.5 1.25 1.75
          6.625 1.25 1.75
          6.75 1.25 1.75
          6.875 1.25 1.75
          7 1.25 1.75
          0 1.5 1.75
          0.125 1.5 1.75
          0.25 1.5 1.75
          0.375 1.5 1.75
          0.5 1.5 1.75
          0.625 1.5 1.75
          0.75 1.5 1.75
          0.875 1.5 1.75
          1 1.5 1.75
          1.125 1.5 1.75
          1.25 1.5 1.75
          1.375 1.5 1.75
          1.5 1.5 1.75
          1.625 1.5 1.75
          1.75 1.5 1.75
          1.875 1.5 1.75
          2 1.5 1.75
          2.125 1.5 1.75
          2.25 1.5 1.75
          2.375 1.5 1.75
          2.5 1.5 1.75
          2.625 1.5 1.75
          2.75 1.5 1.75
          2.875 1.5 1.75
          3 1.5 1.75
          3.125 1.5 1.75
          3.25 1.5 1.75
          3.375 1.5 1.75
          3.5 1.5 1.75
          3.625 1.5 1.75
          3.75 1.5 1.75
          3.875 1.5 1.75
          4 1.5 1.75
          4.125 1.5 1.75
          4.25 1.5 1.75
          4.375 1.5 1.75
          4.5 1.5 1.75
          4.625 1.5 1.75
          4.75 1.5 1.75
          4.875 1.5 1.75
          5 1.5 1.75
          5.125 1.5 1.75
          5.25 1.5 1.75
          5.375 1.5 1.75
          5.5 1.5 1.75
          5.625 1.5 1.75
          5.75 1.5 1.75
          5.875 1.5 1.75
          6 1.5 1.75
          6.125 1.5 1.75
          6.25 1.5 1.75
          6.375 1.5 1.75
          6.5 1.5 1.75
          6.625 1.5 1.75
          6.75 1.5 1.75
          6.875 1.5 1.75
          7 1.5 1.75
          0 1.75 1.75
          0.125 1.75 1.75
          0.25 1.75 1.75
          0.375 1.75 1.75
          0.5 1.75 1.75
          0.625 1.75 1.75
          0.75 1.75 1.75
          0.875 1.75 1.75
          1 1.75 1.75
          1.125 1.75 1.75
          1.25 1.75 1.75
          1.375 1.75 1.75
          1.5 1.75 1.75
          1.625 1.75 1.75
          1.75 1.75 1.75
          1.875 1.75 1.75
          2 1.75 1.75
          2.125 1.75 1.75
          2.25 1.75 1.75
          2.375 1.75 1.75
          2.5 1.75 1.75
          2.625 1.75 1.75
          2.75 1.75 1.75
          2.875 1.75 1.75
          3 1.75 1.75
          3.125 1.75 1.75
          3.25 1.75 1.75
          3.375 1.75 1.75
          3.5 1.75 1.75
          3.625 1.75 1.75
          3.75 1.75 1.75
          3.875 1.75 1.75
          4 1.75 1.75
          4.125 1.75 1.75
          4.25 1.75 1.75
          4.375 1.75 1.75
          4.5 1.75 1.75
          4.625 1.75 1.75
          4.75 1.75 1.75
          4.875 1.75 1.75
          5 1.75 1.75
          5.125 1.75 1.75
          5.25 1.75 1.75
          5.375 1.75 1.75
          5.5 1.75 1.75
          5.625 1.75 1.75
          5.75 1.75 1.75
          5.875 1.75 1.75
          6 1.75 1.75
          6.125 1.75 1.75
          6.25 1.75 1.75
          6.375 1.75 1.75
          6.5 1.75 1.75
          6.625 1.75 1.75
          6.75 1.75 1.75
          6.875 1.75 1.75
          7 1.75 1.75
          0 2 1.75
          0.125 2 1.75
          0.25 2 1.75
          0.375 2 1.75
          0.5 2 1.75
          0.625 2 1.75
          0.75 2 1.75
          0.875 2 1.75
          1 2 1.75
          1.125 2 1.75
          1.25 2 1.75
          1.375 2 1.75
          1.5 2 1.75
          1.625 2 1.75
          1.75 2 1.75
          1.875 2 1.75
          2 2 1.75
          2.125 2 1.75
          2.25 2 1.75
          2.375 2 1.75
          2.5 2 1.75
          2.625 2 1.75
          2.75 2 1.75
          2.875 2 1.75
          3 2 1.75
          3.125 2 1.75
          3.25 2 1.75
          3.375 2 1.75
          3.5 2 1.75
          3.625 2 1.75
          3.75 2 1.75
          3.875 2 1.75
          4 2 1.75
          4.125 2 1.75
          4.25 2 1.75
          4.375 2 1.75
          4.5 2 1.75
          4.625 2 1.75
          4.75 2 1.75
          4.875 2 1.75
          5 2 1.75
          5.125 2 1.75
          5.25 2 1.75
          5.375 2 1.75
          5.5 2 1.75
          5.625 2 1.75
          5.75 2 1.75
          5.875 2 1.75
          6 2 1.75
          6.125 2 1.75
          6.25 2 1.75
          6.375 2 1.75
          6.5 2 1.75
          6.625 2 1.75
          6.75 2 1.75
          6.875 2 1.75
          7 2 1.75
          0 2.25 1.75
          0.125 2.25 1.75
          0.25 2.25 1.75
          0.375 2.25 1.75
          0.5 2.25 1.75
          0.625 2.25 1.75
          0.75 2.25 1.75
          0.875 2.25 1.75
          1 2.25 1.75
          1.125 2.25 1.75
          1.25 2.25 1.75
          1.375 2.25 1.75
          1.5 2.25 1.75
          1.625 2.25 1.75
          1.75 2.25 1.75
          1.875 2.25 1.75
          2 2.25 1.75
          2.125 2.25 1.75
          2.25 2.25 1.75
          2.375 2.25 1.75
          2.5 2.25 1.75
          2.625 2.25 1.75
          2.75 2.25 1.75
          2.875 2.25 1.75
          3 2.25 1.75
          3.125 2.25 1.75
          3.25 2.25 1.75
          3.375 2.25 1.75
          3.5 2.25 1.75
          3.625 2.25 1.75
          3.75 2.25 1.75
          3.875 2.25 1.75
          4 2.25 1.75
          4.125 2.25 1.75
          4.25 2.25 1.75
          4.375 2.25 1.75
          4.5 2.25 1.75
          4.625 2.25 1.75
          4.75 2.25 1.75
          4.875 2.25 1.75
          5 2.25 1.75
          5.125 2.25 1.75
          5.25 2.25 1.75
          5.375 2.25 1.75
          5.5 2.25 1.75
          5.625 2.25 1.75
          5.75 2.25 1.75
          5.875 2.25 1.75
          6 2.25 1.75
          6.125 2.25 1.75
          6.25 2.25 1.75
          6.375 2.25 1.75
          6.5 2.25 1.75
          6.625 2.25 1.75
          6.75 2.25 1.75
          6.875 2.25 1.75
          7 2.25 1.75
          0 2.5 1.75
          0.125 2.5 1.75
          0.25 2.5 1.75
          0.375 2.5 1.75
          0.5 2.5 1.75
          0.625 2.5 1.75
          0.75 2.5 1.75
          0.875 2.5 1.75
          1 2.5 1.75
          1.125 2.5 1.75
          1.25 2.5 1.75
          1.375 2.5 1.75
          1.5 2.5 1.75
          1.625 2.5 1.75
          1.75 2.5 1.75
          1.875 2.5 1.75
          2 2.5 1.75
          2.125 2.5 1.75
          2.25 2.5 1.75
          2.375 2.5 1.75
          2.5 2.5 1.75
          2.625 2.5 1.75
          2.75 2.5 1.75
          2.875 2.5 1.75
          3 2.5 1.75
          3.125 2.5 1.75
          3.25 2.5 1.75
          3.375 2.5 1.75
          3.5 2.5 1.75
          3.625 2.5 1.75
          3.75 2.5 1.75
          3.875 2.5 1.75
          4 2.5 1.75
          4.125 2.5 1.75
          4.25 2.5 1.75
          4.375 2.5 1.75
          4.5 2.5 1.75
          4.625 2.5 1.75
          4.75 2.5 1.75
          4.875 2.5 1.75
          5 2.5 1.75
          5.125 2.5 1.75
          5.25 2.5 1.75
          5.375 2.5 1.75
          5.5 2.5 1.75
          5.625 2.5 1.75
          5.75 2.5 1.75
          5.875 2.5 1.75
          6 2.5 1.75
          6.125 2.5 1.75
          6.25 2.5 1.75
          6.375 2.5 1.75
          6.5 2.5 1.75
          6.625 2.5 1.75
          6.75 2.5 1.75
          6.875 2.5 1.75
          7 2.5 1.75
          0 2.75 1.75
          0.125 2.75 1.75
          0.25 2.75 1.75
          0.375 2.75 1.75
          0.5 2.75 1.75
          0.625 2.75 1.75
          0.75 2.75 1.75
          0.875 2.75 1.75
          1 2.75 1.75
          1.125 2.75 1.75
          1.25 2.75 1.75
          1.375 2.75 1.75
          1.5 2.75 1.75
          1.625 2.75 1.75
          1.75 2.75 1.75
          1.875 2.75 1.75
          2 2.75 1.75
          2.125 2.75 1.75
          2.25 2.75 1.75
          2.375 2.75 1.75
          2.5 2.75 1.75
          2.625 2.75 1.75
          2.75 2.75 1.75
          2.875 2.75 1.75
          3 2.75 1.75
          3.125 2.75 1.75
          3.25 2.75 1.75
          3.375 2.75 1.75
          3.5 2.75 1.75
          3.625 2.75 1.75
          3.75 2.75 1.75
          3.875 2.75 1.75
          4 2.75 1.75
          4.125 2.75 1.75
          4.25 2.75 1.75
          4.375 2.75 1.75
          4.5 2.75 1.75
          4.625 2.75 1.75
          4.75 2.75 1.75
          4.875 2.75 1.75
          5 2.75 1.75
          5.125 2.75 1.75
          5.25 2.75 1.75
          5.375 2.75 1.75
          5.5 2.75 1.75
          5.625 2.75 1.75
          5.75 2.75 1.75
          5.875 2.75 1.75
          6 2.75 1.75
          6.125 2.75 1.75
          6.25 2.75 1.75
          6.375 2.75 1.75
          6.5 2.75 1.75
          6.625 2.75 1.75
          6.75 2.75 1.75
          6.875 2.75 1.75
          7 2.75 1.75
          0 3 1.75
          0.125 3 1.75
          0.25 3 1.75
          0.375 3 1.75
          0.5 3 1.75
          0.625 3 1.75
          0.75 3 1.75
          0.875 3 1.75
          1 3 1.75
          1.125 3 1.75
          1.25 3 1.75
          1.375 3 1.75
          1.5 3 1.75
          1.625 3 1.75
          1.75 3 1.75
          1.875 3 1.75
          2 3 1.75
          2.125 3 1.75
          2.25 3 1.75
          2.375 3 1.75
          2.5 3 1.75
          2.625 3 1.75
          2.75 3 1.75
          2.875 3 1.75
          3 3 1.75
          3.125 3 1.75
          3.25 3 1.75
          3.375 3 1.75
          3.5 3 1.75
          3.625 3 1.75
          3.75 3 1.75
          3.875 3 1.75
          4 3 1.75
          4.125 3 1.75
          4.25 3 1.75
          4.375 3 1.75
          4.5 3 1.75
          4.625 3 1.75
          4.75 3 1.75
          4.875 3 1.75
          5 3 1.75
          5.125 3 1.75
          5.25 3 1.75
          5.375 3 1.75
          5.5 3 1.75
          5.625 3 1.75
          5.75 3 1.75
          5.875 3 1.75
          6 3 1.75
          6.125 3 1.75
          6.25 3 1.75
          6.375 3 1.75
          6.5 3 1.75
          6.625 3 1.75
          6.75 3 1.75
          6.875 3 1.75
          7 3 1.75
          0 0 2
          0.125 0 2
          0.25 0 2
          0.375 0 2
          0.5 0 2
          0.625 0 2
          0.75 0 2
          0.875 0 2
          1 0 2
          1.125 0 2
          1.25 0 2
          1.375 0 2
          1.5 0 2
          1.625 0 2
          1.75 0 2
          1.875 0 2
          2 0 2
          2.125 0 2
          2.25 0 2
          2.375 0 2
          2.5 0 2
          2.625 0 2
          2.75 0 2
          2.875 0 2
          3 0 2
          3.125 0 2
          3.25 0 2
          3.375 0 2
          3.5 0 2
          3.625 0 2
          3.75 0 2
          3.875 0 2
          4 0 2
          4.125 0 2
          4.25 0 2
          4.375 0 2
          4.5 0 2
          4.625 0 2
          4.75 0 2
          4.875 0 2
          5 0 2
          5.125 0 2
          5.25 0 2
          5.375 0 2
          5.5 0 2
          5.625 0 2
          5.75 0 2
          5.875 0 2
          6 0 2
          6.125 0 2
          6.25 0 2
          6.375 0 2
          6.5 0 2
          6.625 0 2
          6.75 0 2
          6.875 0 2
          7 0 2
          0 0.25 2
          0.125 0.25 2
          0.25 0.25 2
          0.375 0.25 2
          0.5 0.25 2
          0.625 0.25 2
          0.75 0.25 2
          0.875 0.25 2
          1 0.25 2
          1.125 0.25 2
          1.25 0.25 2
          1.375 0.25 2
          1.5 0.25 2
          1.625 0.25 2
          1.75 0.25 2
          1.875 0.25 2
          2 0.25 2
          2.125 0.25 2
          2.25 0.25 2
          2.375 0.25 2
          2.5 0.25 2
          2.625 0.25 2
          2.75 0.25 2
          2.875 0.25 2
          3 0.25 2
          3.125 0.25 2
          3.25 0.25 2
          3.375 0.25 2
          3.5 0.25 2
          3.625 0.25 2
          3.75 0.25 2
          3.875 0.25 2
          4 0.25 2
          4.125 0.25 2
          4.25 0.25 2
          4.375 0.25 2
          4.5 0.25 2
          4.625 0.25 2
          4.75 0.25 2
          4.875 0.25 2
          5 0.25 2
          5.125 0.25 2
          5.25 0.25 2
          5.375 0.25 2
          5.5 0.25 2
          5.625 0.25 2
          5.75 0.25 2
          5.875 0.25 2
          6 0.25 2
          6.125 0.25 2
          6.25 0.25 2
          6.375 0.25 2
          6.5 0.25 2
          6.625 0.25 2
          6.75 0.25 2
          6.875 0.25 2
          7 0.25 2
          0 0.5 2
          0.125 0.5 2
          0.25 0.5 2
          0.375 0.5 2
          0.5 0.5 2
          0.625 0.5 2
          0.75 0.5 2
          0.875 0.5 2
          1 0.5 2
          1.125 0.5 2
          1.25 0.5 2
          1.375 0.5 2
          1.5 0.5 2
          1.625 0.5 2
          1.75 0.5 2
          1.875 0.5 2
          2 0.5 2
          2.125 0.5 2
          2.25 0.5 2
          2.375 0.5 2
          2.5 0.5 2
          2.625 0.5 2
          2.75 0.5 2
          2.875 0.5 2
          3 0.5 2
          3.125 0.5 2
          3.25 0.5 2
          3.375 0.5 2
          3.5 0.5 2
          3.625 0.5 2
          3.75 0.5 2
          3.875 0.5 2
          4 0.5 2
          4.125 0.5 2
          4.25 0.5 2
          4.375 0.5 2
          4.5 0.5 2
          4.625 0.5 2
          4.75 0.5 2
          4.875 0.5 2
          5 0.5 2
          5.125 0.5 2
          5.25 0.5 2
          5.375 0.5 2
          5.5 0.5 2
          5.625 0.5 2
          5.75 0.5 2
          5.875 0.5 2
          6 0.5 2
          6.125 0.5 2
          6.25 0.5 2
          6.375 0.5 2
          6.5 0.5 2
          6.625 0.5 2
          6.75 0.5 2
          6.875 0.5 2
          7 0.5 2
          0 0.75 2
          0.125 0.75 2
          0.25 0.75 2
          0.375 0.75 2
          0.5 0.75 2
          0.625 0.75 2
          0.75 0.75 2
          0.875 0.75 2
          1 0.75 2
          1.125 0.75 2
          1.25 0.75 2
          1.375 0.75 2
          1.5 0.75 2
          1.625 0.75 2
          1.75 0.75 2
          1.875 0.75 2
          2 0.75 2
          2.125 0.75 2
          2.25 0.75 2
          2.375 0.75 2
          2.5 0.75 2
          2.625 0.75 2
          2.75 0.75 2
          2.875 0.75 2
          3 0.75 2
          3.125 0.75 2
          3.25 0.75 2
          3.375 0.75 2
          3.5 0.75 2
          3.625 0.75 2
          3.75 0.75 2
          3.875 0.75 2
          4 0.75 2
          4.125 0.75 2
          4.25 0.75 2
          4.375 0.75 2
          4.5 0.75 2
          4.625 0.75 2
          4.75 0.75 2
          4.875 0.75 2
          5 0.75 2
          5.125 0.75 2
          5.25 0.75 2
          5.375 0.75 2
          5.5 0.75 2
          5.625 0.75 2
          5.75 0.75 2
          5.875 0.75 2
          6 0.75 2
          6.125 0.75 2
          6.25 0.75 2
          6.375 0.75 2
          6.5 0.75 2
          6.625 0.75 2
          6.75 0.75 2
          6.875 0.75 2
          7 0.75 2
          0 1 2
          0.125 1 2
          0.25 1 2
          0.375 1 2
          0.5 1 2
          0.625 1 2
          0.75 1 2
          0.875 1 2
          1 1 2
          1.125 1 2
          1.25 1 2
          1.375 1 2
          1.5 1 2
          1.625 1 2
          1.75 1 2
          1.875 1 2
          2 1 2
          2.125 1 2
          2.25 1 2
          2.375 1 2
          2.5 1 2
          2.625 1 2
          2.75 1 2
          2.875 1 2
          3 1 2
          3.125 1 2
          3.25 1 2
          3.375 1 2
          3.5 1 2
          3.625 1 2
          3.75 1 2
          3.875 1 2
          4 1 2
          4.125 1 2
          4.25 1 2
          4.375 1 2
          4.5 1 2
          4.625 1 2
          4.75 1 2
          4.875 1 2
          5 1 2
          5.125 1 2
          5.25 1 2
          5.375 1 2
          5.5 1 2
          5.625 1 2
          5.75 1 2
          5.875 1 2
          6 1 2
          6.125 1 2
          6.25 1 2
          6.375 1 2
          6.5 1 2
          6.625 1 2
          6.75 1 2
          6.875 1 2
          7 1 2
          0 1.25 2
          0.125 1.25 2
          0.25 1.25 2
          0.375 1.25 2
          0.5 1.25 2
          0.625 1.25 2
          0.75 1.25 2
          0.875 1.25 2
          1 1.25 2
          1.125 1.25 2
          1.25 1.25 2
          1.375 1.25 2
          1.5 1.25 2
          1.625 1.25 2
          1.75 1.25 2
          1.875 1.25 2
          2 1.25 2
          2.125 1.25 2
          2.25 1.25 2
          2.375 1.25 2
          2.5 1.25 2
          2.625 1.25 2
          2.75 1.25 2
          2.875 1.25 2
          3 1.25 2
          3.125 1.25 2
          3.25 1.25 2
          3.375 1.25 2
          3.5 1.25 2
          3.625 1.25 2
          3.75 1.25 2
          3.875 1.25 2
          4 1.25 2
          4.125 1.25 2
          4.25 1.25 2
          4.375 1.25 2
          4.5 1.25 2
          4.625 1.25 2
          4.75 1.25 2
          4.875 1.25 2
          5 1.25 2
          5.125 1.25 2
          5.25 1.25 2
          5.375 1.25 2
          5.5 1.25 2
          5.625 1.25 2
          5.75 1.25 2
          5.875 1.25 2
          6 1.25 2
          6.125 1.25 2
          6.25 1.25 2
          6.375 1.25 2
          6.5 1.25 2
          6.625 1.25 2
          6.75 1.25 2
          6.875 1.25 2
          7 1.25 2
          0 1.5 2
          0.125 1.5 2
          0.25 1.5 2
          0.375 1.5 2
          0.5 1.5 2
          0.625 1.5 2
          0.75 1.5 2
          0.875 1.5 2
          1 1.5 2
          1.125 1.5 2
          1.25 1.5 2
          1.375 1.5 2
          1.5 1.5 2
          1.625 1.5 2
          1.75 1.5 2
          1.875 1.5 2
          2 1.5 2
          2.125 1.5 2
          2.25 1.5 2
          2.375 1.5 2
          2.5 1.5 2
          2.625 1.5 2
          2.75 1.5 2
          2.875 1.5 2
          3 1.5 2
          3.125 1.5 2
          3.25 1.5 2
          3.375 1.5 2
          3.5 1.5 2
          3.625 1.5 2
          3.75 1.5 2
          3.875 1.5 2
          4 1.5 2
          4.125 1.5 2
          4.25 1.5 2
          4.375 1.5 2
          4.5 1.5 2
          4.625 1.5 2
          4.75 1.5 2
          4.875 1.5 2
          5 1.5 2
          5.125 1.5 2
          5.25 1.5 2
          5.375 1.5 2
          5.5 1.5 2
          5.625 1.5 2
          5.75 1.5 2
          5.875 1.5 2
          6 1.5 2
          6.125 1.5 2
          6.25 1.5 2
          6.375 1.5 2
          6.5 1.5 2
          6.625 1.5 2
          6.75 1.5 2
          6.875 1.5 2
          7 1.5 2
          0 1.75 2
          0.125 1.75 2
          0.25 1.75 2
          0.375 1.75 2
          0.5 1.75 2
          0.625 1.75 2
          0.75 1.75 2
          0.875 1.75 2
          1 1.75 2
          1.125 1.75 2
          1.25 1.75 2
          1.375 1.75 2
          1.5 1.75 2
          1.625 1.75 2
          1.75 1.75 2
          1.875 1.75 2
          2 1.75 2
          2.125 1.75 2
          2.25 1.75 2
          2.375 1.75 2
          2.5 1.75 2
          2.625 1.75 2
          2.75 1.75 2
          2.875 1.75 2
          3 1.75 2
          3.125 1.75 2
          3.25 1.75 2
          3.375 1.75 2
          3.5 1.75 2
          3.625 1.75 2
          3.75 1.75 2
          3.875 1.75 2
          4 1.75 2
          4.125 1.75 2
          4.25 1.75 2
          4.375 1.75 2
          4.5 1.75 2
          4.625 1.75 2
          4.75 1.75 2
          4.875 1.75 2
          5 1.75 2
          5.125 1.75 2
          5.25 1.75 2
          5.375 1.75 2
          5.5 1.75 2
          5.625 1.75 2
          5.75 1.75 2
          5.875 1.75 2
          6 1.75 2
          6.125 1.75 2
          6.25 1.75 2
          6.375 1.75 2
          6.5 1.75 2
          6.625 1.75 2
          6.75 1.75 2
          6.875 1.75 2
          7 1.75 2
          0 2 2
          0.125 2 2
          0.25 2 2
          0.375 2 2
          0.5 2 2
          0.625 2 2
          0.75 2 2
          0.875 2 2
          1 2 2
          1.125 2 2
          1.25 2 2
          1.375 2 2
          1.5 2 2
          1.625 2 2
          1.75 2 2
          1.875 2 2
          2 2 2
          2.125 2 2
          2.25 2 2
          2.375 2 2
          2.5 2 2
          2.625 2 2
          2.75 2 2
          2.875 2 2
          3 2 2
          3.125 2 2
          3.25 2 2
          3.375 2 2
          3.5 2 2
          3.625 2 2
          3.75 2 2
          3.875 2 2
          4 2 2
          4.125 2 2
          4.25 2 2
          4.375 2 2
          4.5 2 2
          4.625 2 2
          4.75 2 2
          4.875 2 2
          5 2 2
          5.125 2 2
          5.25 2 2
          5.375 2 2
          5.5 2 2
          5.625 2 2
          5.75 2 2
          5.875 2 2
          6 2 2
          6.125 2 2
          6.25 2 2
          6.375 2 2
          6.5 2 2
          6.625 2 2
          6.75 2 2
          6.875 2 2
          7 2 2
          0 2.25 2
          0.125 2.25 2
          0.25 2.25 2
          0.375 2.25 2
          0.5 2.25 2
          0.625 2.25 2
          0.75 2.25 2
          0.875 2.25 2
          1 2.25 2
          1.125 2.25 2
          1.25 2.25 2
          1.375 2.25 2
          1.5 2.25 2
          1.625 2.25 2
          1.75 2.25 2
          1.875 2.25 2
          2 2.25 2
          2.125 2.25 2
          2.25 2.25 2
          2.375 2.25 2
          2.5 2.25 2
          2.625 2.25 2
          2.75 2.25 2
          2.875 2.25 2
          3 2.25 2
          3.125 2.25 2
          3.25 2.25 2
          3.375 2.25 2
          3.5 2.25 2
          3.625 2.25 2
          3.75 2.25 2
          3.875 2.25 2
          4 2.25 2
          4.125 2.25 2
          4.25 2.25 2
          4.375 2.25 2
          4.5 2.25 2
          4.625 2.25 2
          4.75 2.25 2
          4.875 2.25 2
          5 2.25 2
          5.125 2.25 2
          5.25 2.25 2
          5.375 2.25 2
          5.5 2.25 2
          5.625 2.25 2
          5.75 2.25 2
          5.875 2.25 2
          6 2.25 2
          6.125 2.25 2
          6.25 2.25 2
          6.375 2.25 2
          6.5 2.25 2
          6.625 2.25 2
          6.75 2.25 2
          6.875 2.25 2
          7 2.25 2
          0 2.5 2
          0.125 2.5 2
          0.25 2.5 2
          0.375 2.5 2
          0.5 2.5 2
          0.625 2.5 2
          0.75 2.5 2
          0.875 2.5 2
          1 2.5 2
          1.125 2.5 2
          1.25 2.5 2
          1.375 2.5 2
          1.5 2.5 2
          1.625 2.5 2
          1.75 2.5 2
          1.875 2.5 2
          2 2.5 2
          2.125 2.5 2
          2.25 2.5 2
          2.375 2.5 2
          2.5 2.5 2
          2.625 2.5 2
          2.75 2.5 2
          2.875 2.5 2
          3 2.5 2
          3.125 2.5 2
          3.25 2.5 2
          3.375 2.5 2
          3.5 2.5 2
          3.625 2.5 2
          3.75 2.5 2
          3.875 2.5 2
          4 2.5 2
          4.125 2.5 2
          4.25 2.5 2
          4.375 2.5 2
          4.5 2.5 2
          4.625 2.5 2
          4.75 2.5 2
          4.875 2.5 2
          5 2.5 2
          5.125 2.5 2
          5.25 2.5 2
          5.375 2.5 2
          5.5 2.5 2
          5.625 2.5 2
          5.75 2.5 2
          5.875 2.5 2
          6 2.5 2
          6.125 2.5 2
          6.25 2.5 2
          6.375 2.5 2
          6.5 2.5 2
          6.625 2.5 2
          6.75 2.5 2
          6.875 2.5 2
          7 2.5 2
          0 2.75 2
          0.125 2.75 2
          0.25 2.75 2
          0.375 2.75 2
          0.5 2.75 2
          0.625 2.75 2
          0.75 2.75 2
          0.875 2.75 2
          1 2.75 2
          1.125 2.75 2
          1.25 2.75 2
          1.375 2.75 2
          1.5 2.75 2
          1.625 2.75 2
          1.75 2.75 2
          1.875 2.75 2
          2 2.75 2
          2.125 2.75 2
          2.25 2.75 2
          2.375 2.75 2
          2.5 2.75 2
          2.625 2.75 2
          2.75 2.75 2
          2.875 2.75 2
          3 2.75 2
          3.125 2.75 2
          3.25 2.75 2
          3.375 2.75 2
          3.5 2.75 2
          3.625 2.75 2
          3.75 2.75 2
          3.875 2.75 2
          4 2.75 2
          4.125 2.75 2
          4.25 2.75 2
          4.375 2.75 2
          4.5 2.75 2
          4.625 2.75 2
          4.75 2.75 2
          4.875 2.75 2
          5 2.75 2
          5.125 2.75 2
          5.25 2.75 2
          5.375 2.75 2
          5.5 2.75 2
          5.625 2.75 2
          5.75 2.75 2
          5.875 2.75 2
          6 2.75 2
          6.125 2.75 2
          6.25 2.75 2
          6.375 2.75 2
          6.5 2.75 2
          6.625 2.75 2
          6.75 2.75 2
          6.875 2.75 2
          7 2.75 2
          0 3 2
          0.125 3 2
          0.25 3 2
          0.375 3 2
          0.5 3 2
          0.625 3 2
          0.75 3 2
          0.875 3 2
          1 3 2
          1.125 3 2
          1.25 3 2
          1.375 3 2
          1.5 3 2
          1.625 3 2
          1.75 3 2
          1.875 3 2
          2 3 2
          2.125 3 2
          2.25 3 2
          2.375 3 2
          2.5 3 2
          2.625 3 2
          2.75 3 2
          2.875 3 2
          3 3 2
          3.125 3 2
          3.25 3 2
          3.375 3 2
          3.5 3 2
          3.625 3 2
          3.75 3 2
          3.875 3 2
          4 3 2
          4.125 3 2
          4.25 3 2
          4.375 3 2
          4.5 3 2
          4.625 3 2
          4.75 3 2
          4.875 3 2
          5 3 2
          5.125 3 2
          5.25 3 2
          5.375 3 2
          5.5 3 2
          5.625 3 2
          5.75 3 2
          5.875 3 2
          6 3 2
          6.125 3 2
          6.25 3 2
          6.375 3 2
          6.5 3 2
          6.625 3 2
          6.75 3 2
          6.875 3 2
          7 3 2
          0 0 2.25
          0.125 0 2.25
          0.25 0 2.25
          0.375 0 2.25
          0.5 0 2.25
          0.625 0 2.25
          0.75 0 2.25
          0.875 0 2.25
          1 0 2.25
          1.125 0 2.25
          1.25 0 2.25
          1.375 0 2.25
          1.5 0 2.25
          1.625 0 2.25
          1.75 0 2.25
          1.875 0 2.25
          2 0 2.25
          2.125 0 2.25
          2.25 0 2.25
          2.375 0 2.25
          2.5 0 2.25
          2.625 0 2.25
          2.75 0 2.25
          2.875 0 2.25
          3 0 2.25
          3.125 0 2.25
          3.25 0 2.25
          3.375 0 2.25
          3.5 0 2.25
          3.625 0 2.25
          3.75 0 2.25
          3.875 0 2.25
          4 0 2.25
          4.125 0 2.25
          4.25 0 2.25
          4.375 0 2.25
          4.5 0 2.25
          4.625 0 2.25
          4.75 0 2.25
          4.875 0 2.25
          5 0 2.25
          5.125 0 2.25
          5.25 0 2.25
          5.375 0 2.25
          5.5 0 2.25
          5.625 0 2.25
          5.75 0 2.25
          5.875 0 2.25
          6 0 2.25
          6.125 0 2.25
          6.25 0 2.25
          6.375 0 2.25
          6.5 0 2.25
          6.625 0 2.25
          6.75 0 2.25
          6.875 0 2.25
          7 0 2.25
          0 0.25 2.25
          0.125 0.25 2.25
          0.25 0.25 2.25
          0.375 0.25 2.25
          0.5 0.25 2.25
          0.625 0.25 2.25
          0.75 0.25 2.25
          0.875 0.25 2.25
          1 0.25 2.25
          1.125 0.25 2.25
          1.25 0.25 2.25
          1.375 0.25 2.25
          1.5 0.25 2.25
          1.625 0.25 2.25
          1.75 0.25 2.25
          1.875 0.25 2.25
          2 0.25 2.25
          2.125 0.25 2.25
          2.25 0.25 2.25
          2.375 0.25 2.25
          2.5 0.25 2.25
          2.625 0.25 2.25
          2.75 0.25 2.25
          2.875 0.25 2.25
          3 0.25 2.25
          3.125 0.25 2.25
          3.25 0.25 2.25
          3.375 0.25 2.25
          3.5 0.25 2.25
          3.625 0.25 2.25
          3.75 0.25 2.25
          3.875 0.25 2.25
          4 0.25 2.25
          4.125 0.25 2.25
          4.25 0.25 2.25
          4.375 0.25 2.25
          4.5 0.25 2.25
          4.625 0.25 2.25
          4.75 0.25 2.25
          4.875 0.25 2.25
          5 0.25 2.25
          5.125 0.25 2.25
          5.25 0.25 2.25
          5.375 0.25 2.25
          5.5 0.25 2.25
          5.625 0.25 2.25
          5.75 0.25 2.25
          5.875 0.25 2.25
          6 0.25 2.25
          6.125 0.25 2.25
          6.25 0.25 2.25
          6.375 0.25 2.25
          6.5 0.25 2.25
          6.625 0.25 2.25
          6.75 0.25 2.25
          6.875 0.25 2.25
          7 0.25 2.25
          0 0.5 2.25
          0.125 0.5 2.25
          0.25 0.5 2.25
          0.375 0.5 2.25
          0.5 0.5 2.25
          0.625 0.5 2.25
          0.75 0.5 2.25
          0.875 0.5 2.25
          1 0.5 2.25
          1.125 0.5 2.25
          1.25 0.5 2.25
          1.375 0.5 2.25
          1.5 0.5 2.25
          1.625 0.5 2.25
          1.75 0.5 2.25
          1.875 0.5 2.25
          2 0.5 2.25
          2.125 0.5 2.25
          2.25 0.5 2.25
          2.375 0.5 2.25
          2.5 0.5 2.25
          2.625 0.5 2.25
          2.75 0.5 2.25
          2.875 0.5 2.25
          3 0.5 2.25
          3.125 0.5 2.25
          3.25 0.5 2.25
          3.375 0.5 2.25
          3.5 0.5 2.25
          3.625 0.5 2.25
          3.75 0.5 2.25
          3.875 0.5 2.25
          4 0.5 2.25
          4.125 0.5 2.25
          4.25 0.5 2.25
          4.375 0.5 2.25
          4.5 0.5 2.25
          4.625 0.5 2.25
          4.75 0.5 2.25
          4.875 0.5 2.25
          5 0.5 2.25
          5.125 0.5 2.25
          5.25 0.5 2.25
          5.375 0.5 2.25
          5.5 0.5 2.25
          5.625 0.5 2.25
          5.75 0.5 2.25
          5.875 0.5 2.25
          6 0.5 2.25
          6.125 0.5 2.25
          6.25 0.5 2.25
          6.375 0.5 2.25
          6.5 0.5 2.25
          6.625 0.5 2.25
          6.75 0.5 2.25
          6.875 0.5 2.25
          7 0.5 2.25
          0 0.75 2.25
          0.125 0.75 2.25
          0.25 0.75 2.25
          0.375 0.75 2.25
          0.5 0.75 2.25
          0.625 0.75 2.25
          0.75 0.75 2.25
          0.875 0.75 2.25
          1 0.75 2.25
          1.125 0.75 2.25
          1.25 0.75 2.25
          1.375 0.75 2.25
          1.5 0.75 2.25
          1.625 0.75 2.25
          1.75 0.75 2.25
          1.875 0.75 2.25
          2 0.75 2.25
          2.125 0.75 2.25
          2.25 0.75 2.25
          2.375 0.75 2.25
          2.5 0.75 2.25
          2.625 0.75 2.25
          2.75 0.75 2.25
          2.875 0.75 2.25
          3 0.75 2.25
          3.125 0.75 2.25
          3.25 0.75 2.25
          3.375 0.75 2.25
          3.5 0.75 2.25
          3.625 0.75 2.25
          3.75 0.75 2.25
          3.875 0.75 2.25
          4 0.75 2.25
          4.125 0.75 2.25
          4.25 0.75 2.25
          4.375 0.75 2.25
          4.5 0.75 2.25
          4.625 0.75 2.25
          4.75 0.75 2.25
          4.875 0.75 2.25
          5 0.75 2.25
          5.125 0.75 2.25
          5.25 0.75 2.25
          5.375 0.75 2.25
          5.5 0.75 2.25
          5.625 0.75 2.25
          5.75 0.75 2.25
          5.875 0.75 2.25
          6 0.75 2.25
          6.125 0.75 2.25
          6.25 0.75 2.25
          6.375 0.75 2.25
          6.5 0.75 2.25
          6.625 0.75 2.25
          6.75 0.75 2.25
          6.875 0.75 2.25
          7 0.75 2.25
          0 1 2.25
          0.125 1 2.25
          0.25 1 2.25
          0.375 1 2.25
          0.5 1 2.25
          0.625 1 2.25
          0.75 1 2.25
          0.875 1 2.25
          1 1 2.25
          1.125 1 2.25
          1.25 1 2.25
          1.375 1 2.25
          1.5 1 2.25
          1.625 1 2.25
          1.75 1 2.25
          1.875 1 2.25
          2 1 2.25
          2.125 1 2.25
          2.25 1 2.25
          2.375 1 2.25
          2.5 1 2.25
          2.625 1 2.25
          2.75 1 2.25
          2.875 1 2.25
          3 1 2.25
          3.125 1 2.25
          3.25 1 2.25
          3.375 1 2.25
          3.5 1 2.25
          3.625 1 2.25
          3.75 1 2.25
          3.875 1 2.25
          4 1 2.25
          4.125 1 2.25
          4.25 1 2.25
          4.375 1 2.25
          4.5 1 2.25
          4.625 1 2.25
          4.75 1 2.25
          4.875 1 2.25
          5 1 2.25
          5.125 1 2.25
          5.25 1 2.25
          5.375 1 2.25
          5.5 1 2.25
          5.625 1 2.25
          5.75 1 2.25
          5.875 1 2.25
          6 1 2.25
          6.125 1 2.25
          6.25 1 2.25
          6.375 1 2.25
          6.5 1 2.25
          6.625 1 2.25
          6.75 1 2.25
          6.875 1 2.25
          7 1 2.25
          0 1.25 2.25
          0.125 1.25 2.25
          0.25 1.25 2.25
          0.375 1.25 2.25
          0.5 1.25 2.25
          0.625 1.25 2.25
          0.75 1.25 2.25
          0.875 1.25 2.25
          1 1.25 2.25
          1.125 1.25 2.25
          1.25 1.25 2.25
          1.375 1.25 2.25
          1.5 1.25 2.25
          1.625 1.25 2.25
          1.75 1.25 2.25
          1.875 1.25 2.25
          2 1.25 2.25
          2.125 1.25 2.25
          2.25 1.25 2.25
          2.375 1.25 2.25
          2.5 1.25 2.25
          2.625 1.25 2.25
          2.75 1.25 2.25
          2.875 1.25 2.25
          3 1.25 2.25
          3.125 1.25 2.25
          3.25 1.25 2.25
          3.375 1.25 2.25
          3.5 1.25 2.25
          3.625 1.25 2.25
          3.75 1.25 2.25
          3.875 1.25 2.25
          4 1.25 2.25
          4.125 1.25 2.25
          4.25 1.25 2.25
          4.375 1.25 2.25
          4.5 1.25 2.25
          4.625 1.25 2.25
          4.75 1.25 2.25
          4.875 1.25 2.25
          5 1.25 2.25
          5.125 1.25 2.25
          5.25 1.25 2.25
          5.375 1.25 2.25
          5.5 1.25 2.25
          5.625 1.25 2.25
          5.75 1.25 2.25
          5.875 1.25 2.25
          6 1.25 2.25
          6.125 1.25 2.25
          6.25 1.25 2.25
          6.375 1.25 2.25
          6.5 1.25 2.25
          6.625 1.25 2.25
          6.75 1.25 2.25
          6.875 1.25 2.25
          7 1.25 2.25
          0 1.5 2.25
          0.125 1.5 2.25
          0.25 1.5 2.25
          0.375 1.5 2.25
          0.5 1.5 2.25
          0.625 1.5 2.25
          0.75 1.5 2.25
          0.875 1.5 2.25
          1 1.5 2.25
          1.125 1.5 2.25
          1.25 1.5 2.25
          1.375 1.5 2.25
          1.5 1.5 2.25
          1.625 1.5 2.25
          1.75 1.5 2.25
          1.875 1.5 2.25
          2 1.5 2.25
          2.125 1.5 2.25
          2.25 1.5 2.25
          2.375 1.5 2.25
          2.5 1.5 2.25
          2.625 1.5 2.25
          2.75 1.5 2.25
          2.875 1.5 2.25
          3 1.5 2.25
          3.125 1.5 2.25
          3.25 1.5 2.25
          3.375 1.5 2.25
          3.5 1.5 2.25
          3.625 1.5 2.25
          3.75 1.5 2.25
          3.875 1.5 2.25
          4 1.5 2.25
          4.125 1.5 2.25
          4.25 1.5 2.25
          4.375 1.5 2.25
          4.5 1.5 2.25
          4.625 1.5 2.25
          4.75 1.5 2.25
          4.875 1.5 2.25
          5 1.5 2.25
          5.125 1.5 2.25
          5.25 1.5 2.25
          5.375 1.5 2.25
          5.5 1.5 2.25
          5.625 1.5 2.25
          5.75 1.5 2.25
          5.875 1.5 2.25
          6 1.5 2.25
          6.125 1.5 2.25
          6.25 1.5 2.25
          6.375 1.5 2.25
          6.5 1.5 2.25
          6.625 1.5 2.25
          6.75 1.5 2.25
          6.875 1.5 2.25
          7 1.5 2.25
          0 1.75 2.25
          0.125 1.75 2.25
          0.25 1.75 2.25
          0.375 1.75 2.25
          0.5 1.75 2.25
          0.625 1.75 2.25
          0.75 1.75 2.25
          0.875 1.75 2.25
          1 1.75 2.25
          1.125 1.75 2.25
          1.25 1.75 2.25
          1.375 1.75 2.25
          1.5 1.75 2.25
          1.625 1.75 2.25
          1.75 1.75 2.25
          1.875 1.75 2.25
          2 1.75 2.25
          2.125 1.75 2.25
          2.25 1.75 2.25
          2.375 1.75 2.25
          2.5 1.75 2.25
          2.625 1.75 2.25
          2.75 1.75 2.25
          2.875 1.75 2.25
          3 1.75 2.25
          3.125 1.75 2.25
          3.25 1.75 2.25
          3.375 1.75 2.25
          3.5 1.75 2.25
          3.625 1.75 2.25
          3.75 1.75 2.25
          3.875 1.75 2.25
          4 1.75 2.25
          4.125 1.75 2.25
          4.25 1.75 2.25
          4.375 1.75 2.25
          4.5 1.75 2.25
          4.625 1.75 2.25
          4.75 1.75 2.25
          4.875 1.75 2.25
          5 1.75 2.25
          5.125 1.75 2.25
          5.25 1.75 2.25
          5.375 1.75 2.25
          5.5 1.75 2.25
          5.625 1.75 2.25
          5.75 1.75 2.25
          5.875 1.75 2.25
          6 1.75 2.25
          6.125 1.75 2.25
          6.25 1.75 2.25
          6.375 1.75 2.25
          6.5 1.75 2.25
          6.625 1.75 2.25
          6.75 1.75 2.25
          6.875 1.75 2.25
          7 1.75 2.25
          0 2 2.25
          0.125 2 2.25
          0.25 2 2.25
          0.375 2 2.25
          0.5 2 2.25
          0.625 2 2.25
          0.75 2 2.25
          0.875 2 2.25
          1 2 2.25
          1.125 2 2.25
          1.25 2 2.25
          1.375 2 2.25
          1.5 2 2.25
          1.625 2 2.25
          1.75 2 2.25
          1.875 2 2.25
          2 2 2.25
          2.125 2 2.25
          2.25 2 2.25
          2.375 2 2.25
          2.5 2 2.25
          2.625 2 2.25
          2.75 2 2.25
          2.875 2 2.25
          3 2 2.25
          3.125 2 2.25
          3.25 2 2.25
          3.375 2 2.25
          3.5 2 2.25
          3.625 2 2.25
          3.75 2 2.25
          3.875 2 2.25
          4 2 2.25
          4.125 2 2.25
          4.25 2 2.25
          4.375 2 2.25
          4.5 2 2.25
          4.625 2 2.25
          4.75 2 2.25
          4.875 2 2.25
          5 2 2.25
          5.125 2 2.25
          5.25 2 2.25
          5.375 2 2.25
          5.5 2 2.25
          5.625 2 2.25
          5.75 2 2.25
          5.875 2 2.25
          6 2 2.25
          6.125 2 2.25
          6.25 2 2.25
          6.375 2 2.25
          6.5 2 2.25
          6.625 2 2.25
          6.75 2 2.25
          6.875 2 2.25
          7 2 2.25
          0 2.25 2.25
          0.125 2.25 2.25
          0.25 2.25 2.25
          0.375 2.25 2.25
          0.5 2.25 2.25
          0.625 2.25 2.25
          0.75 2.25 2.25
          0.875 2.25 2.25
          1 2.25 2.25
          1.125 2.25 2.25
          1.25 2.25 2.25
          1.375 2.25 2.25
          1.5 2.25 2.25
          1.625 2.25 2.25
          1.75 2.25 2.25
          1.875 2.25 2.25
          2 2.25 2.25
          2.125 2.25 2.25
          2.25 2.25 2.25
          2.375 2.25 2.25
          2.5 2.25 2.25
          2.625 2.25 2.25
          2.75 2.25 2.25
          2.875 2.25 2.25
          3 2.25 2.25
          3.125 2.25 2.25
          3.25 2.25 2.25
          3.375 2.25 2.25
          3.5 2.25 2.25
          3.625 2.25 2.25
          3.75 2.25 2.25
          3.875 2.25 2.25
          4 2.25 2.25
          4.125 2.25 2.25
          4.25 2.25 2.25
          4.375 2.25 2.25
          4.5 2.25 2.25
          4.625 2.25 2.25
          4.75 2.25 2.25
          4.875 2.25 2.25
          5 2.25 2.25
          5.125 2.25 2.25
          5.25 2.25 2.25
          5.375 2.25 2.25
          5.5 2.25 2.25
          5.625 2.25 2.25
          5.75 2.25 2.25
          5.875 2.25 2.25
          6 2.25 2.25
          6.125 2.25 2.25
          6.25 2.25 2.25
          6.375 2.25 2.25
          6.5 2.25 2.25
          6.625 2.25 2.25
          6.75 2.25 2.25
          6.875 2.25 2.25
          7 2.25 2.25
          0 2.5 2.25
          0.125 2.5 2.25
          0.25 2.5 2.25
          0.375 2.5 2.25
          0.5 2.5 2.25
          0.625 2.5 2.25
          0.75 2.5 2.25
          0.875 2.5 2.25
          1 2.5 2.25
          1.125 2.5 2.25
          1.25 2.5 2.25
          1.375 2.5 2.25
          1.5 2.5 2.25
          1.625 2.5 2.25
          1.75 2.5 2.25
          1.875 2.5 2.25
          2 2.5 2.25
          2.125 2.5 2.25
          2.25 2.5 2.25
          2.375 2.5 2.25
          2.5 2.5 2.25
          2.625 2.5 2.25
          2.75 2.5 2.25
          2.875 2.5 2.25
          3 2.5 2.25
          3.125 2.5 2.25
          3.25 2.5 2.25
          3.375 2.5 2.25
          3.5 2.5 2.25
          3.625 2.5 2.25
          3.75 2.5 2.25
          3.875 2.5 2.25
          4 2.5 2.25
          4.125 2.5 2.25
          4.25 2.5 2.25
          4.375 2.5 2.25
          4.5 2.5 2.25
          4.625 2.5 2.25
          4.75 2.5 2.25
          4.875 2.5 2.25
          5 2.5 2.25
          5.125 2.5 2.25
          5.25 2.5 2.25
          5.375 2.5 2.25
          5.5 2.5 2.25
          5.625 2.5 2.25
          5.75 2.5 2.25
          5.875 2.5 2.25
          6 2.5 2.25
          6.125 2.5 2.25
          6.25 2.5 2.25
          6.375 2.5 2.25
          6.5 2.5 2.25
          6.625 2.5 2.25
          6.75 2.5 2.25
          6.875 2.5 2.25
          7 2.5 2.25
          0 2.75 2.25
          0.125 2.75 2.25
          0.25 2.75 2.25
          0.375 2.75 2.25
          0.5 2.75 2.25
          0.625 2.75 2.25
          0.75 2.75 2.25
          0.875 2.75 2.25
          1 2.75 2.25
          1.125 2.75 2.25
          1.25 2.75 2.25
          1.375 2.75 2.25
          1.5 2.75 2.25
          1.625 2.75 2.25
          1.75 2.75 2.25
          1.875 2.75 2.25
          2 2.75 2.25
          2.125 2.75 2.25
          2.25 2.75 2.25
          2.375 2.75 2.25
          2.5 2.75 2.25
          2.625 2.75 2.25
          2.75 2.75 2.25
          2.875 2.75 2.25
          3 2.75 2.25
          3.125 2.75 2.25
          3.25 2.75 2.25
          3.375 2.75 2.25
          3.5 2.75 2.25
          3.625 2.75 2.25
          3.75 2.75 2.25
          3.875 2.75 2.25
          4 2.75 2.25
          4.125 2.75 2.25
          4.25 2.75 2.25
          4.375 2.75 2.25
          4.5 2.75 2.25
          4.625 2.75 2.25
          4.75 2.75 2.25
          4.875 2.75 2.25
          5 2.75 2.25
          5.125 2.75 2.25
          5.25 2.75 2.25
          5.375 2.75 2.25
          5.5 2.75 2.25
          5.625 2.75 2.25
          5.75 2.75 2.25
          5.875 2.75 2.25
          6 2.75 2.25
          6.125 2.75 2.25
          6.25 2.75 2.25
          6.375 2.75 2.25
          6.5 2.75 2.25
          6.625 2.75 2.25
          6.75 2.75 2.25
          6.875 2.75 2.25
          7 2.75 2.25
          0 3 2.25
          0.125 3 2.25
          0.25 3 2.25
          0.375 3 2.25
          0.5 3 2.25
          0.625 3 2.25
          0.75 3 2.25
          0.875 3 2.25
          1 3 2.25
          1.125 3 2.25
          1.25 3 2.25
          1.375 3 2.25
          1.5 3 2.25
          1.625 3 2.25
          1.75 3 2.25
          1.875 3 2.25
          2 3 2.25
          2.125 3 2.25
          2.25 3 2.25
          2.375 3 2.25
          2.5 3 2.25
          2.625 3 2.25
          2.75 3 2.25
          2.875 3 2.25
          3 3 2.25
          3.125 3 2.25
          3.25 3 2.25
          3.375 3 2.25
          3.5 3 2.25
          3.625 3 2.25
          3.75 3 2.25
          3.875 3 2.25
          4 3 2.25
          4.125 3 2.25
          4.25 3 2.25
          4.375 3 2.25
          4.5 3 2.25
          4.625 3 2.25
          4.75 3 2.25
          4.875 3 2.25
          5 3 2.25
          5.125 3 2.25
          5.25 3 2.25
          5.375 3 2.25
          5.5 3 2.25
          5.625 3 2.25
          5.75 3 2.25
          5.875 3 2.25
          6 3 2.25
          6.125 3 2.25
          6.25 3 2.25
          6.375 3 2.25
          6.5 3 2.25
          6.625 3 2.25
          6.75 3 2.25
          6.875 3 2.25
          7 3 2.25
          0 0 2.5
          0.125 0 2.5
          0.25 0 2.5
          0.375 0 2.5
          0.5 0 2.5
          0.625 0 2.5
          0.75 0 2.5
          0.875 0 2.5
          1 0 2.5
          1.125 0 2.5
          1.25 0 2.5
          1.375 0 2.5
          1.5 0 2.5
          1.625 0 2.5
          1.75 0 2.5
          1.875 0 2.5
          2 0 2.5
          2.125 0 2.5
          2.25 0 2.5
          2.375 0 2.5
          2.5 0 2.5
          2.625 0 2.5
          2.75 0 2.5
          2.875 0 2.5
          3 0 2.5
          3.125 0 2.5
          3.25 0 2.5
          3.375 0 2.5
          3.5 0 2.5
          3.625 0 2.5
          3.75 0 2.5
          3.875 0 2.5
          4 0 2.5
          4.125 0 2.5
          4.25 0 2.5
          4.375 0 2.5
          4.5 0 2.5
          4.625 0 2.5
          4.75 0 2.5
          4.875 0 2.5
          5 0 2.5
          5.125 0 2.5
          5.25 0 2.5
          5.375 0 2.5
          5.5 0 2.5
          5.625 0 2.5
          5.75 0 2.5
          5.875 0 2.5
          6 0 2.5
          6.125 0 2.5
          6.25 0 2.5
          6.375 0 2.5
          6.5 0 2.5
          6.625 0 2.5
          6.75 0 2.5
          6.875 0 2.5
          7 0 2.5
          0 0.25 2.5
          0.125 0.25 2.5
          0.25 0.25 2.5
          0.375 0.25 2.5
          0.5 0.25 2.5
          0.625 0.25 2.5
          0.75 0.25 2.5
          0.875 0.25 2.5
          1 0.25 2.5
          1.125 0.25 2.5
          1.25 0.25 2.5
          1.375 0.25 2.5
          1.5 0.25 2.5
          1.625 0.25 2.5
          1.75 0.25 2.5
          1.875 0.25 2.5
          2 0.25 2.5
          2.125 0.25 2.5
          2.25 0.25 2.5
          2.375 0.25 2.5
          2.5 0.25 2.5
          2.625 0.25 2.5
          2.75 0.25 2.5
          2.875 0.25 2.5
          3 0.25 2.5
          3.125 0.25 2.5
          3.25 0.25 2.5
          3.375 0.25 2.5
          3.5 0.25 2.5
          3.625 0.25 2.5
          3.75 0.25 2.5
          3.875 0.25 2.5
          4 0.25 2.5
          4.125 0.25 2.5
          4.25 0.25 2.5
          4.375 0.25 2.5
          4.5 0.25 2.5
          4.625 0.25 2.5
          4.75 0.25 2.5
          4.875 0.25 2.5
          5 0.25 2.5
          5.125 0.25 2.5
          5.25 0.25 2.5
          5.375 0.25 2.5
          5.5 0.25 2.5
          5.625 0.25 2.5
          5.75 0.25 2.5
          5.875 0.25 2.5
          6 0.25 2.5
          6.125 0.25 2.5
          6.25 0.25 2.5
          6.375 0.25 2.5
          6.5 0.25 2.5
          6.625 0.25 2.5
          6.75 0.25 2.5
          6.875 0.25 2.5
          7 0.25 2.5
          0 0.5 2.5
          0.125 0.5 2.5
          0.25 0.5 2.5
          0.375 0.5 2.5
          0.5 0.5 2.5
          0.625 0.5 2.5
          0.75 0.5 2.5
          0.875 0.5 2.5
          1 0.5 2.5
          1.125 0.5 2.5
          1.25 0.5 2.5
          1.375 0.5 2.5
          1.5 0.5 2.5
          1.625 0.5 2.5
          1.75 0.5 2.5
          1.875 0.5 2.5
          2 0.5 2.5
          2.125 0.5 2.5
          2.25 0.5 2.5
          2.375 0.5 2.5
          2.5 0.5 2.5
          2.625 0.5 2.5
          2.75 0.5 2.5
          2.875 0.5 2.5
          3 0.5 2.5
          3.125 0.5 2.5
          3.25 0.5 2.5
          3.375 0.5 2.5
          3.5 0.5 2.5
          3.625 0.5 2.5
          3.75 0.5 2.5
          3.875 0.5 2.5
          4 0.5 2.5
          4.125 0.5 2.5
          4.25 0.5 2.5
          4.375 0.5 2.5
          4.5 0.5 2.5
          4.625 0.5 2.5
          4.75 0.5 2.5
          4.875 0.5 2.5
          5 0.5 2.5
          5.125 0.5 2.5
          5.25 0.5 2.5
          5.375 0.5 2.5
          5.5 0.5 2.5
          5.625 0.5 2.5
          5.75 0.5 2.5
          5.875 0.5 2.5
          6 0.5 2.5
          6.125 0.5 2.5
          6.25 0.5 2.5
          6.375 0.5 2.5
          6.5 0.5 2.5
          6.625 0.5 2.5
          6.75 0.5 2.5
          6.875 0.5 2.5
          7 0.5 2.5
          0 0.75 2.5
          0.125 0.75 2.5
          0.25 0.75 2.5
          0.375 0.75 2.5
          0.5 0.75 2.5
          0.625 0.75 2.5
          0.75 0.75 2.5
          0.875 0.75 2.5
          1 0.75 2.5
          1.125 0.75 2.5
          1.25 0.75 2.5
          1.375 0.75 2.5
          1.5 0.75 2.5
          1.625 0.75 2.5
          1.75 0.75 2.5
          1.875 0.75 2.5
          2 0.75 2.5
          2.125 0.75 2.5
          2.25 0.75 2.5
          2.375 0.75 2.5
          2.5 0.75 2.5
          2.625 0.75 2.5
          2.75 0.75 2.5
          2.875 0.75 2.5
          3 0.75 2.5
          3.125 0.75 2.5
          3.25 0.75 2.5
          3.375 0.75 2.5
          3.5 0.75 2.5
          3.625 0.75 2.5
          3.75 0.75 2.5
          3.875 0.75 2.5
          4 0.75 2.5
          4.125 0.75 2.5
          4.25 0.75 2.5
          4.375 0.75 2.5
          4.5 0.75 2.5
          4.625 0.75 2.5
          4.75 0.75 2.5
          4.875 0.75 2.5
          5 0.75 2.5
          5.125 0.75 2.5
          5.25 0.75 2.5
          5.375 0.75 2.5
          5.5 0.75 2.5
          5.625 0.75 2.5
          5.75 0.75 2.5
          5.875 0.75 2.5
          6 0.75 2.5
          6.125 0.75 2.5
          6.25 0.75 2.5
          6.375 0.75 2.5
          6.5 0.75 2.5
          6.625 0.75 2.5
          6.75 0.75 2.5
          6.875 0.75 2.5
          7 0.75 2.5
          0 1 2.5
          0.125 1 2.5
          0.25 1 2.5
          0.375 1 2.5
          0.5 1 2.5
          0.625 1 2.5
          0.75 1 2.5
          0.875 1 2.5
          1 1 2.5
          1.125 1 2.5
          1.25 1 2.5
          1.375 1 2.5
          1.5 1 2.5
          1.625 1 2.5
          1.75 1 2.5
          1.875 1 2.5
          2 1 2.5
          2.125 1 2.5
          2.25 1 2.5
          2.375 1 2.5
          2.5 1 2.5
          2.625 1 2.5
          2.75 1 2.5
          2.875 1 2.5
          3 1 2.5
          3.125 1 2.5
          3.25 1 2.5
          3.375 1 2.5
          3.5 1 2.5
          3.625 1 2.5
          3.75 1 2.5
          3.875 1 2.5
          4 1 2.5
          4.125 1 2.5
          4.25 1 2.5
          4.375 1 2.5
          4.5 1 2.5
          4.625 1 2.5
          4.75 1 2.5
          4.875 1 2.5
          5 1 2.5
          5.125 1 2.5
          5.25 1 2.5
          5.375 1 2.5
          5.5 1 2.5
          5.625 1 2.5
          5.75 1 2.5
          5.875 1 2.5
          6 1 2.5
          6.125 1 2.5
          6.25 1 2.5
          6.375 1 2.5
          6.5 1 2.5
          6.625 1 2.5
          6.75 1 2.5
          6.875 1 2.5
          7 1 2.5
          0 1.25 2.5
          0.125 1.25 2.5
          0.25 1.25 2.5
          0.375 1.25 2.5
          0.5 1.25 2.5
          0.625 1.25 2.5
          0.75 1.25 2.5
          0.875 1.25 2.5
          1 1.25 2.5
          1.125 1.25 2.5
          1.25 1.25 2.5
          1.375 1.25 2.5
          1.5 1.25 2.5
          1.625 1.25 2.5
          1.75 1.25 2.5
          1.875 1.25 2.5
          2 1.25 2.5
          2.125 1.25 2.5
          2.25 1.25 2.5
          2.375 1.25 2.5
          2.5 1.25 2.5
          2.625 1.25 2.5
          2.75 1.25 2.5
          2.875 1.25 2.5
          3 1.25 2.5
          3.125 1.25 2.5
          3.25 1.25 2.5
          3.375 1.25 2.5
          3.5 1.25 2.5
          3.625 1.25 2.5
          3.75 1.25 2.5
          3.875 1.25 2.5
          4 1.25 2.5
          4.125 1.25 2.5
          4.25 1.25 2.5
          4.375 1.25 2.5
          4.5 1.25 2.5
          4.625 1.25 2.5
          4.75 1.25 2.5
          4.875 1.25 2.5
          5 1.25 2.5
          5.125 1.25 2.5
          5.25 1.25 2.5
          5.375 1.25 2.5
          5.5 1.25 2.5
          5.625 1.25 2.5
          5.75 1.25 2.5
          5.875 1.25 2.5
          6 1.25 2.5
          6.125 1.25 2.5
          6.25 1.25 2.5
          6.375 1.25 2.5
          6.5 1.25 2.5
          6.625 1.25 2.5
          6.75 1.25 2.5
          6.875 1.25 2.5
          7 1.25 2.5
          0 1.5 2.5
          0.125 1.5 2.5
          0.25 1.5 2.5
          0.375 1.5 2.5
          0.5 1.5 2.5
          0.625 1.5 2.5
          0.75 1.5 2.5
          0.875 1.5 2.5
          1 1.5 2.5
          1.125 1.5 2.5
          1.25 1.5 2.5
          1.375 1.5 2.5
          1.5 1.5 2.5
          1.625 1.5 2.5
          1.75 1.5 2.5
          1.875 1.5 2.5
          2 1.5 2.5
          2.125 1.5 2.5
          2.25 1.5 2.5
          2.375 1.5 2.5
          2.5 1.5 2.5
          2.625 1.5 2.5
          2.75 1.5 2.5
          2.875 1.5 2.5
          3 1.5 2.5
          3.125 1.5 2.5
          3.25 1.5 2.5
          3.375 1.5 2.5
          3.5 1.5 2.5
          3.625 1.5 2.5
          3.75 1.5 2.5
          3.875 1.5 2.5
          4 1.5 2.5
          4.125 1.5 2.5
          4.25 1.5 2.5
          4.375 1.5 2.5
          4.5 1.5 2.5
          4.625 1.5 2.5
          4.75 1.5 2.5
          4.875 1.5 2.5
          5 1.5 2.5
          5.125 1.5 2.5
          5.25 1.5 2.5
          5.375 1.5 2.5
          5.5 1.5 2.5
          5.625 1.5 2.5
          5.75 1.5 2.5
          5.875 1.5 2.5
          6 1.5 2.5
          6.125 1.5 2.5
          6.25 1.5 2.5
          6.375 1.5 2.5
          6.5 1.5 2.5
          6.625 1.5 2.5
          6.75 1.5 2.5
          6.875 1.5 2.5
          7 1.5 2.5
          0 1.75 2.5
          0.125 1.75 2.5
          0.25 1.75 2.5
          0.375 1.75 2.5
          0.5 1.75 2.5
          0.625 1.75 2.5
          0.75 1.75 2.5
          0.875 1.75 2.5
          1 1.75 2.5
          1.125 1.75 2.5
          1.25 1.75 2.5
          1.375 1.75 2.5
          1.5 1.75 2.5
          1.625 1.75 2.5
          1.75 1.75 2.5
          1.875 1.75 2.5
          2 1.75 2.5
          2.125 1.75 2.5
          2.25 1.75 2.5
          2.375 1.75 2.5
          2.5 1.75 2.5
          2.625 1.75 2.5
          2.75 1.75 2.5
          2.875 1.75 2.5
          3 1.75 2.5
          3.125 1.75 2.5
          3.25 1.75 2.5
          3.375 1.75 2.5
          3.5 1.75 2.5
          3.625 1.75 2.5
          3.75 1.75 2.5
          3.875 1.75 2.5
          4 1.75 2.5
          4.125 1.75 2.5
          4.25 1.75 2.5
          4.375 1.75 2.5
          4.5 1.75 2.5
          4.625 1.75 2.5
          4.75 1.75 2.5
          4.875 1.75 2.5
          5 1.75 2.5
          5.125 1.75 2.5
          5.25 1.75 2.5
          5.375 1.75 2.5
          5.5 1.75 2.5
          5.625 1.75 2.5
          5.75 1.75 2.5
          5.875 1.75 2.5
          6 1.75 2.5
          6.125 1.75 2.5
          6.25 1.75 2.5
          6.375 1.75 2.5
          6.5 1.75 2.5
          6.625 1.75 2.5
          6.75 1.75 2.5
          6.875 1.75 2.5
          7 1.75 2.5
          0 2 2.5
          0.125 2 2.5
          0.25 2 2.5
          0.375 2 2.5
          0.5 2 2.5
          0.625 2 2.5
          0.75 2 2.5
          0.875 2 2.5
          1 2 2.5
          1.125 2 2.5
          1.25 2 2.5
          1.375 2 2.5
          1.5 2 2.5
          1.625 2 2.5
          1.75 2 2.5
          1.875 2 2.5
          2 2 2.5
          2.125 2 2.5
          2.25 2 2.5
          2.375 2 2.5
          2.5 2 2.5
          2.625 2 2.5
          2.75 2 2.5
          2.875 2 2.5
          3 2 2.5
          3.125 2 2.5
          3.25 2 2.5
          3.375 2 2.5
          3.5 2 2.5
          3.625 2 2.5
          3.75 2 2.5
          3.875 2 2.5
          4 2 2.5
          4.125 2 2.5
          4.25 2 2.5
          4.375 2 2.5
          4.5 2 2.5
          4.625 2 2.5
          4.75 2 2.5
          4.875 2 2.5
          5 2 2.5
          5.125 2 2.5
          5.25 2 2.5
          5.375 2 2.5
          5.5 2 2.5
          5.625 2 2.5
          5.75 2 2.5
          5.875 2 2.5
          6 2 2.5
          6.125 2 2.5
          6.25 2 2.5
          6.375 2 2.5
          6.5 2 2.5
          6.625 2 2.5
          6.75 2 2.5
          6.875 2 2.5
          7 2 2.5
          0 2.25 2.5
          0.125 2.25 2.5
          0.25 2.25 2.5
          0.375 2.25 2.5
          0.5 2.25 2.5
          0.625 2.25 2.5
          0.75 2.25 2.5
          0.875 2.25 2.5
          1 2.25 2.5
          1.125 2.25 2.5
          1.25 2.25 2.5
          1.375 2.25 2.5
          1.5 2.25 2.5
          1.625 2.25 2.5
          1.75 2.25 2.5
          1.875 2.25 2.5
          2 2.25 2.5
          2.125 2.25 2.5
          2.25 2.25 2.5
          2.375 2.25 2.5
          2.5 2.25 2.5
          2.625 2.25 2.5
          2.75 2.25 2.5
          2.875 2.25 2.5
          3 2.25 2.5
          3.125 2.25 2.5
          3.25 2.25 2.5
          3.375 2.25 2.5
          3.5 2.25 2.5
          3.625 2.25 2.5
          3.75 2.25 2.5
          3.875 2.25 2.5
          4 2.25 2.5
          4.125 2.25 2.5
          4.25 2.25 2.5
          4.375 2.25 2.5
          4.5 2.25 2.5
          4.625 2.25 2.5
          4.75 2.25 2.5
          4.875 2.25 2.5
          5 2.25 2.5
          5.125 2.25 2.5
          5.25 2.25 2.5
          5.375 2.25 2.5
          5.5 2.25 2.5
          5.625 2.25 2.5
          5.75 2.25 2.5
          5.875 2.25 2.5
          6 2.25 2.5
          6.125 2.25 2.5
          6.25 2.25 2.5
          6.375 2.25 2.5
          6.5 2.25 2.5
          6.625 2.25 2.5
          6.75 2.25 2.5
          6.875 2.25 2.5
          7 2.25 2.5
          0 2.5 2.5
          0.125 2.5 2.5
          0.25 2.5 2.5
          0.375 2.5 2.5
          0.5 2.5 2.5
          0.625 2.5 2.5
          0.75 2.5 2.5
          0.875 2.5 2.5
          1 2.5 2.5
          1.125 2.5 2.5
          1.25 2.5 2.5
          1.375 2.5 2.5
          1.5 2.5 2.5
          1.625 2.5 2.5
          1.75 2.5 2.5
          1.875 2.5 2.5
          2 2.5 2.5
          2.125 2.5 2.5
          2.25 2.5 2.5
          2.375 2.5 2.5
          2.5 2.5 2.5
          2.625 2.5 2.5
          2.75 2.5 2.5
          2.875 2.5 2.5
          3 2.5 2.5
          3.125 2.5 2.5
          3.25 2.5 2.5
          3.375 2.5 2.5
          3.5 2.5 2.5
          3.625 2.5 2.5
          3.75 2.5 2.5
          3.875 2.5 2.5
          4 2.5 2.5
          4.125 2.5 2.5
          4.25 2.5 2.5
          4.375 2.5 2.5
          4.5 2.5 2.5
          4.625 2.5 2.5
          4.75 2.5 2.5
          4.875 2.5 2.5
          5 2.5 2.5
          5.125 2.5 2.5
          5.25 2.5 2.5
          5.375 2.5 2.5
          5.5 2.5 2.5
          5.625 2.5 2.5
          5.75 2.5 2.5
          5.875 2.5 2.5
          6 2.5 2.5
          6.125 2.5 2.5
          6.25 2.5 2.5
          6.375 2.5 2.5
          6.5 2.5 2.5
          6.625 2.5 2.5
          6.75 2.5 2.5
          6.875 2.5 2.5
          7 2.5 2.5
          0 2.75 2.5
          0.125 2.75 2.5
          0.25 2.75 2.5
          0.375 2.75 2.5
          0.5 2.75 2.5
          0.625 2.75 2.5
          0.75 2.75 2.5
          0.875 2.75 2.5
          1 2.75 2.5
          1.125 2.75 2.5
          1.25 2.75 2.5
          1.375 2.75 2.5
          1.5 2.75 2.5
          1.625 2.75 2.5
          1.75 2.75 2.5
          1.875 2.75 2.5
          2 2.75 2.5
          2.125 2.75 2.5
          2.25 2.75 2.5
          2.375 2.75 2.5
          2.5 2.75 2.5
          2.625 2.75 2.5
          2.75 2.75 2.5
          2.875 2.75 2.5
          3 2.75 2.5
          3.125 2.75 2.5
          3.25 2.75 2.5
          3.375 2.75 2.5
          3.5 2.75 2.5
          3.625 2.75 2.5
          3.75 2.75 2.5
          3.875 2.75 2.5
          4 2.75 2.5
          4.125 2.75 2.5
          4.25 2.75 2.5
          4.375 2.75 2.5
          4.5 2.75 2.5
          4.625 2.75 2.5
          4.75 2.75 2.5
          4.875 2.75 2.5
          5 2.75 2.5
          5.125 2.75 2.5
          5.25 2.75 2.5
          5.375 2.75 2.5
          5.5 2.75 2.5
          5.625 2.75 2.5
          5.75 2.75 2.5
          5.875 2.75 2.5
          6 2.75 2.5
          6.125 2.75 2.5
          6.25 2.75 2.5
          6.375 2.75 2.5
          6.5 2.75 2.5
          6.625 2.75 2.5
          6.75 2.75 2.5
          6.875 2.75 2.5
          7 2.75 2.5
          0 3 2.5
          0.125 3 2.5
          0.25 3 2.5
          0.375 3 2.5
          0.5 3 2.5
          0.625 3 2.5
          0.75 3 2.5
          0.875 3 2.5
          1 3 2.5
          1.125 3 2.5
          1.25 3 2.5
          1.375 3 2.5
          1.5 3 2.5
          1.625 3 2.5
          1.75 3 2.5
          1.875 3 2.5
          2 3 2.5
          2.125 3 2.5
          2.25 3 2.5
          2.375 3 2.5
          2.5 3 2.5
          2.625 3 2.5
          2.75 3 2.5
          2.875 3 2.5
          3 3 2.5
          3.125 3 2.5
          3.25 3 2.5
          3.375 3 2.5
          3.5 3 2.5
          3.625 3 2.5
          3.75 3 2.5
          3.875 3 2.5
          4 3 2.5
          4.125 3 2.5
          4.25 3 2.5
          4.375 3 2.5
          4.5 3 2.5
          4.625 3 2.5
          4.75 3 2.5
          4.875 3 2.5
          5 3 2.5
          5.125 3 2.5
          5.25 3 2.5
          5.375 3 2.5
          5.5 3 2.5
          5.625 3 2.5
          5.75 3 2.5
          5.875 3 2.5
          6 3 2.5
          6.125 3 2.5
          6.25 3 2.5
          6.375 3 2.5
          6.5 3 2.5
          6.625 3 2.5
          6.75 3 2.5
          6.875 3 2.5
          7 3 2.5
          0 0 2.75
          0.125 0 2.75
          0.25 0 2.75
          0.375 0 2.75
          0.5 0 2.75
          0.625 0 2.75
          0.75 0 2.75
          0.875 0 2.75
          1 0 2.75
          1.125 0 2.75
          1.25 0 2.75
          1.375 0 2.75
          1.5 0 2.75
          1.625 0 2.75
          1.75 0 2.75
          1.875 0 2.75
          2 0 2.75
          2.125 0 2.75
          2.25 0 2.75
          2.375 0 2.75
          2.5 0 2.75
          2.625 0 2.75
          2.75 0 2.75
          2.875 0 2.75
          3 0 2.75
          3.125 0 2.75
          3.25 0 2.75
          3.375 0 2.75
          3.5 0 2.75
          3.625 0 2.75
          3.75 0 2.75
          3.875 0 2.75
          4 0 2.75
          4.125 0 2.75
          4.25 0 2.75
          4.375 0 2.75
          4.5 0 2.75
          4.625 0 2.75
          4.75 0 2.75
          4.875 0 2.75
          5 0 2.75
          5.125 0 2.75
          5.25 0 2.75
          5.375 0 2.75
          5.5 0 2.75
          5.625 0 2.75
          5.75 0 2.75
          5.875 0 2.75
          6 0 2.75
          6.125 0 2.75
          6.25 0 2.75
          6.375 0 2.75
          6.5 0 2.75
          6.625 0 2.75
          6.75 0 2.75
          6.875 0 2.75
          7 0 2.75
          0 0.25 2.75
          0.125 0.25 2.75
          0.25 0.25 2.75
          0.375 0.25 2.75
          0.5 0.25 2.75
          0.625 0.25 2.75
          0.75 0.25 2.75
          0.875 0.25 2.75
          1 0.25 2.75
          1.125 0.25 2.75
          1.25 0.25 2.75
          1.375 0.25 2.75
          1.5 0.25 2.75
          1.625 0.25 2.75
          1.75 0.25 2.75
          1.875 0.25 2.75
          2 0.25 2.75
          2.125 0.25 2.75
          2.25 0.25 2.75
          2.375 0.25 2.75
          2.5 0.25 2.75
          2.625 0.25 2.75
          2.75 0.25 2.75
          2.875 0.25 2.75
          3 0.25 2.75
          3.125 0.25 2.75
          3.25 0.25 2.75
          3.375 0.25 2.75
          3.5 0.25 2.75
          3.625 0.25 2.75
          3.75 0.25 2.75
          3.875 0.25 2.75
          4 0.25 2.75
          4.125 0.25 2.75
          4.25 0.25 2.75
          4.375 0.25 2.75
          4.5 0.25 2.75
          4.625 0.25 2.75
          4.75 0.25 2.75
          4.875 0.25 2.75
          5 0.25 2.75
          5.125 0.25 2.75
          5.25 0.25 2.75
          5.375 0.25 2.75
          5.5 0.25 2.75
          5.625 0.25 2.75
          5.75 0.25 2.75
          5.875 0.25 2.75
          6 0.25 2.75
          6.125 0.25 2.75
          6.25 0.25 2.75
          6.375 0.25 2.75
          6.5 0.25 2.75
          6.625 0.25 2.75
          6.75 0.25 2.75
          6.875 0.25 2.75
          7 0.25 2.75
          0 0.5 2.75
          0.125 0.5 2.75
          0.25 0.5 2.75
          0.375 0.5 2.75
          0.5 0.5 2.75
          0.625 0.5 2.75
          0.75 0.5 2.75
          0.875 0.5 2.75
          1 0.5 2.75
          1.125 0.5 2.75
          1.25 0.5 2.75
          1.375 0.5 2.75
          1.5 0.5 2.75
          1.625 0.5 2.75
          1.75 0.5 2.75
          1.875 0.5 2.75
          2 0.5 2.75
          2.125 0.5 2.75
          2.25 0.5 2.75
          2.375 0.5 2.75
          2.5 0.5 2.75
          2.625 0.5 2.75
          2.75 0.5 2.75
          2.875 0.5 2.75
          3 0.5 2.75
          3.125 0.5 2.75
          3.25 0.5 2.75
          3.375 0.5 2.75
          3.5 0.5 2.75
          3.625 0.5 2.75
          3.75 0.5 2.75
          3.875 0.5 2.75
          4 0.5 2.75
          4.125 0.5 2.75
          4.25 0.5 2.75
          4.375 0.5 2.75
          4.5 0.5 2.75
          4.625 0.5 2.75
          4.75 0.5 2.75
          4.875 0.5 2.75
          5 0.5 2.75
          5.125 0.5 2.75
          5.25 0.5 2.75
          5.375 0.5 2.75
          5.5 0.5 2.75
          5.625 0.5 2.75
          5.75 0.5 2.75
          5.875 0.5 2.75
          6 0.5 2.75
          6.125 0.5 2.75
          6.25 0.5 2.75
          6.375 0.5 2.75
          6.5 0.5 2.75
          6.625 0.5 2.75
          6.75 0.5 2.75
          6.875 0.5 2.75
          7 0.5 2.75
          0 0.75 2.75
          0.125 0.75 2.75
          0.25 0.75 2.75
          0.375 0.75 2.75
          0.5 0.75 2.75
          0.625 0.75 2.75
          0.75 0.75 2.75
          0.875 0.75 2.75
          1 0.75 2.75
          1.125 0.75 2.75
          1.25 0.75 2.75
          1.375 0.75 2.75
          1.5 0.75 2.75
          1.625 0.75 2.75
          1.75 0.75 2.75
          1.875 0.75 2.75
          2 0.75 2.75
          2.125 0.75 2.75
          2.25 0.75 2.75
          2.375 0.75 2.75
          2.5 0.75 2.75
          2.625 0.75 2.75
          2.75 0.75 2.75
          2.875 0.75 2.75
          3 0.75 2.75
          3.125 0.75 2.75
          3.25 0.75 2.75
          3.375 0.75 2.75
          3.5 0.75 2.75
          3.625 0.75 2.75
          3.75 0.75 2.75
          3.875 0.75 2.75
          4 0.75 2.75
          4.125 0.75 2.75
          4.25 0.75 2.75
          4.375 0.75 2.75
          4.5 0.75 2.75
          4.625 0.75 2.75
          4.75 0.75 2.75
          4.875 0.75 2.75
          5 0.75 2.75
          5.125 0.75 2.75
          5.25 0.75 2.75
          5.375 0.75 2.75
          5.5 0.75 2.75
          5.625 0.75 2.75
          5.75 0.75 2.75
          5.875 0.75 2.75
          6 0.75 2.75
          6.125 0.75 2.75
          6.25 0.75 2.75
          6.375 0.75 2.75
          6.5 0.75 2.75
          6.625 0.75 2.75
          6.75 0.75 2.75
          6.875 0.75 2.75
          7 0.75 2.75
          0 1 2.75
          0.125 1 2.75
          0.25 1 2.75
          0.375 1 2.75
          0.5 1 2.75
          0.625 1 2.75
          0.75 1 2.75
          0.875 1 2.75
          1 1 2.75
          1.125 1 2.75
          1.25 1 2.75
          1.375 1 2.75
          1.5 1 2.75
          1.625 1 2.75
          1.75 1 2.75
          1.875 1 2.75
          2 1 2.75
          2.125 1 2.75
          2.25 1 2.75
          2.375 1 2.75
          2.5 1 2.75
          2.625 1 2.75
          2.75 1 2.75
          2.875 1 2.75
          3 1 2.75
          3.125 1 2.75
          3.25 1 2.75
          3.375 1 2.75
          3.5 1 2.75
          3.625 1 2.75
          3.75 1 2.75
          3.875 1 2.75
          4 1 2.75
          4.125 1 2.75
          4.25 1 2.75
          4.375 1 2.75
          4.5 1 2.75
          4.625 1 2.75
          4.75 1 2.75
          4.875 1 2.75
          5 1 2.75
          5.125 1 2.75
          5.25 1 2.75
          5.375 1 2.75
          5.5 1 2.75
          5.625 1 2.75
          5.75 1 2.75
          5.875 1 2.75
          6 1 2.75
          6.125 1 2.75
          6.25 1 2.75
          6.375 1 2.75
          6.5 1 2.75
          6.625 1 2.75
          6.75 1 2.75
          6.875 1 2.75
          7 1 2.75
          0 1.25 2.75
          0.125 1.25 2.75
          0.25 1.25 2.75
          0.375 1.25 2.75
          0.5 1.25 2.75
          0.625 1.25 2.75
          0.75 1.25 2.75
          0.875 1.25 2.75
          1 1.25 2.75
          1.125 1.25 2.75
          1.25 1.25 2.75
          1.375 1.25 2.75
          1.5 1.25 2.75
          1.625 1.25 2.75
          1.75 1.25 2.75
          1.875 1.25 2.75
          2 1.25 2.75
          2.125 1.25 2.75
          2.25 1.25 2.75
          2.375 1.25 2.75
          2.5 1.25 2.75
          2.625 1.25 2.75
          2.75 1.25 2.75
          2.875 1.25 2.75
          3 1.25 2.75
          3.125 1.25 2.75
          3.25 1.25 2.75
          3.375 1.25 2.75
          3.5 1.25 2.75
          3.625 1.25 2.75
          3.75 1.25 2.75
          3.875 1.25 2.75
          4 1.25 2.75
          4.125 1.25 2.75
          4.25 1.25 2.75
          4.375 1.25 2.75
          4.5 1.25 2.75
          4.625 1.25 2.75
          4.75 1.25 2.75
          4.875 1.25 2.75
          5 1.25 2.75
          5.125 1.25 2.75
          5.25 1.25 2.75
          5.375 1.25 2.75
          5.5 1.25 2.75
          5.625 1.25 2.75
          5.75 1.25 2.75
          5.875 1.25 2.75
          6 1.25 2.75
          6.125 1.25 2.75
          6.25 1.25 2.75
          6.375 1.25 2.75
          6.5 1.25 2.75
          6.625 1.25 2.75
          6.75 1.25 2.75
          6.875 1.25 2.75
          7 1.25 2.75
          0 1.5 2.75
          0.125 1.5 2.75
          0.25 1.5 2.75
          0.375 1.5 2.75
          0.5 1.5 2.75
          0.625 1.5 2.75
          0.75 1.5 2.75
          0.875 1.5 2.75
          1 1.5 2.75
          1.125 1.5 2.75
          1.25 1.5 2.75
          1.375 1.5 2.75
          1.5 1.5 2.75
          1.625 1.5 2.75
          1.75 1.5 2.75
          1.875 1.5 2.75
          2 1.5 2.75
          2.125 1.5 2.75
          2.25 1.5 2.75
          2.375 1.5 2.75
          2.5 1.5 2.75
          2.625 1.5 2.75
          2.75 1.5 2.75
          2.875 1.5 2.75
          3 1.5 2.75
          3.125 1.5 2.75
          3.25 1.5 2.75
          3.375 1.5 2.75
          3.5 1.5 2.75
          3.625 1.5 2.75
          3.75 1.5 2.75
          3.875 1.5 2.75
          4 1.5 2.75
          4.125 1.5 2.75
          4.25 1.5 2.75
          4.375 1.5 2.75
          4.5 1.5 2.75
          4.625 1.5 2.75
          4.75 1.5 2.75
          4.875 1.5 2.75
          5 1.5 2.75
          5.125 1.5 2.75
          5.25 1.5 2.75
          5.375 1.5 2.75
          5.5 1.5 2.75
          5.625 1.5 2.75
          5.75 1.5 2.75
          5.875 1.5 2.75
          6 1.5 2.75
          6.125 1.5 2.75
          6.25 1.5 2.75
          6.375 1.5 2.75
          6.5 1.5 2.75
          6.625 1.5 2.75
          6.75 1.5 2.75
          6.875 1.5 2.75
          7 1.5 2.75
          0 1.75 2.75
          0.125 1.75 2.75
          0.25 1.75 2.75
          0.375 1.75 2.75
          0.5 1.75 2.75
          0.625 1.75 2.75
          0.75 1.75 2.75
          0.875 1.75 2.75
          1 1.75 2.75
          1.125 1.75 2.75
          1.25 1.75 2.75
          1.375 1.75 2.75
          1.5 1.75 2.75
          1.625 1.75 2.75
          1.75 1.75 2.75
          1.875 1.75 2.75
          2 1.75 2.75
          2.125 1.75 2.75
          2.25 1.75 2.75
          2.375 1.75 2.75
          2.5 1.75 2.75
          2.625 1.75 2.75
          2.75 1.75 2.75
          2.875 1.75 2.75
          3 1.75 2.75
          3.125 1.75 2.75
          3.25 1.75 2.75
          3.375 1.75 2.75
          3.5 1.75 2.75
          3.625 1.75 2.75
          3.75 1.75 2.75
          3.875 1.75 2.75
          4 1.75 2.75
          4.125 1.75 2.75
          4.25 1.75 2.75
          4.375 1.75 2.75
          4.5 1.75 2.75
          4.625 1.75 2.75
          4.75 1.75 2.75
          4.875 1.75 2.75
          5 1.75 2.75
          5.125 1.75 2.75
          5.25 1.75 2.75
          5.375 1.75 2.75
          5.5 1.75 2.75
          5.625 1.75 2.75
          5.75 1.75 2.75
          5.875 1.75 2.75
          6 1.75 2.75
          6.125 1.75 2.75
          6.25 1.75 2.75
          6.375 1.75 2.75
          6.5 1.75 2.75
          6.625 1.75 2.75
          6.75 1.75 2.75
          6.875 1.75 2.75
          7 1.75 2.75
          0 2 2.75
          0.125 2 2.75
          0.25 2 2.75
          0.375 2 2.75
          0.5 2 2.75
          0.625 2 2.75
          0.75 2 2.75
          0.875 2 2.75
          1 2 2.75
          1.125 2 2.75
          1.25 2 2.75
          1.375 2 2.75
          1.5 2 2.75
          1.625 2 2.75
          1.75 2 2.75
          1.875 2 2.75
          2 2 2.75
          2.125 2 2.75
          2.25 2 2.75
          2.375 2 2.75
          2.5 2 2.75
          2.625 2 2.75
          2.75 2 2.75
          2.875 2 2.75
          3 2 2.75
          3.125 2 2.75
          3.25 2 2.75
          3.375 2 2.75
          3.5 2 2.75
          3.625 2 2.75
          3.75 2 2.75
          3.875 2 2.75
          4 2 2.75
          4.125 2 2.75
          4.25 2 2.75
          4.375 2 2.75
          4.5 2 2.75
          4.625 2 2.75
          4.75 2 2.75
          4.875 2 2.75
          5 2 2.75
          5.125 2 2.75
          5.25 2 2.75
          5.375 2 2.75
          5.5 2 2.75
          5.625 2 2.75
          5.75 2 2.75
          5.875 2 2.75
          6 2 2.75
          6.125 2 2.75
          6.25 2 2.75
          6.375 2 2.75
          6.5 2 2.75
          6.625 2 2.75
          6.75 2 2.75
          6.875 2 2.75
          7 2 2.75
          0 2.25 2.75
          0.125 2.25 2.75
          0.25 2.25 2.75
          0.375 2.25 2.75
          0.5 2.25 2.75
          0.625 2.25 2.75
          0.75 2.25 2.75
          0.875 2.25 2.75
          1 2.25 2.75
          1.125 2.25 2.75
          1.25 2.25 2.75
          1.375 2.25 2.75
          1.5 2.25 2.75
          1.625 2.25 2.75
          1.75 2.25 2.75
          1.875 2.25 2.75
          2 2.25 2.75
          2.125 2.25 2.75
          2.25 2.25 2.75
          2.375 2.25 2.75
          2.5 2.25 2.75
          2.625 2.25 2.75
          2.75 2.25 2.75
          2.875 2.25 2.75
          3 2.25 2.75
          3.125 2.25 2.75
          3.25 2.25 2.75
          3.375 2.25 2.75
          3.5 2.25 2.75
          3.625 2.25 2.75
          3.75 2.25 2.75
          3.875 2.25 2.75
          4 2.25 2.75
          4.125 2.25 2.75
          4.25 2.25 2.75
          4.375 2.25 2.75
          4.5 2.25 2.75
          4.625 2.25 2.75
          4.75 2.25 2.75
          4.875 2.25 2.75
          5 2.25 2.75
          5.125 2.25 2.75
          5.25 2.25 2.75
          5.375 2.25 2.75
          5.5 2.25 2.75
          5.625 2.25 2.75
          5.75 2.25 2.75
          5.875 2.25 2.75
          6 2.25 2.75
          6.125 2.25 2.75
          6.25 2.25 2.75
          6.375 2.25 2.75
          6.5 2.25 2.75
          6.625 2.25 2.75
          6.75 2.25 2.75
          6.875 2.25 2.75
          7 2.25 2.75
          0 2.5 2.75
          0.125 2.5 2.75
          0.25 2.5 2.75
          0.375 2.5 2.75
          0.5 2.5 2.75
          0.625 2.5 2.75
          0.75 2.5 2.75
          0.875 2.5 2.75
          1 2.5 2.75
          1.125 2.5 2.75
          1.25 2.5 2.75
          1.375 2.5 2.75
          1.5 2.5 2.75
          1.625 2.5 2.75
          1.75 2.5 2.75
          1.875 2.5 2.75
          2 2.5 2.75
          2.125 2.5 2.75
          2.25 2.5 2.75
          2.375 2.5 2.75
          2.5 2.5 2.75
          2.625 2.5 2.75
          2.75 2.5 2.75
          2.875 2.5 2.75
          3 2.5 2.75
          3.125 2.5 2.75
          3.25 2.5 2.75
          3.375 2.5 2.75
          3.5 2.5 2.75
          3.625 2.5 2.75
          3.75 2.5 2.75
          3.875 2.5 2.75
          4 2.5 2.75
          4.125 2.5 2.75
          4.25 2.5 2.75
          4.375 2.5 2.75
          4.5 2.5 2.75
          4.625 2.5 2.75
          4.75 2.5 2.75
          4.875 2.5 2.75
          5 2.5 2.75
          5.125 2.5 2.75
          5.25 2.5 2.75
          5.375 2.5 2.75
          5.5 2.5 2.75
          5.625 2.5 2.75
          5.75 2.5 2.75
          5.875 2.5 2.75
          6 2.5 2.75
          6.125 2.5 2.75
          6.25 2.5 2.75
          6.375 2.5 2.75
          6.5 2.5 2.75
          6.625 2.5 2.75
          6.75 2.5 2.75
          6.875 2.5 2.75
          7 2.5 2.75
          0 2.75 2.75
          0.125 2.75 2.75
          0.25 2.75 2.75
          0.375 2.75 2.75
          0.5 2.75 2.75
          0.625 2.75 2.75
          0.75 2.75 2.75
          0.875 2.75 2.75
          1 2.75 2.75
          1.125 2.75 2.75
          1.25 2.75 2.75
          1.375 2.75 2.75
          1.5 2.75 2.75
          1.625 2.75 2.75
          1.75 2.75 2.75
          1.875 2.75 2.75
          2 2.75 2.75
          2.125 2.75 2.75
          2.25 2.75 2.75
          2.375 2.75 2.75
          2.5 2.75 2.75
          2.625 2.75 2.75
          2.75 2.75 2.75
          2.875 2.75 2.75
          3 2.75 2.75
          3.125 2.75 2.75
          3.25 2.75 2.75
          3.375 2.75 2.75
          3.5 2.75 2.75
          3.625 2.75 2.75
          3.75 2.75 2.75
          3.875 2.75 2.75
          4 2.75 2.75
          4.125 2.75 2.75
          4.25 2.75 2.75
          4.375 2.75 2.75
          4.5 2.75 2.75
          4.625 2.75 2.75
          4.75 2.75 2.75
          4.875 2.75 2.75
          5 2.75 2.75
          5.125 2.75 2.75
          5.25 2.75 2.75
          5.375 2.75 2.75
          5.5 2.75 2.75
          5.625 2.75 2.75
          5.75 2.75 2.75
          5.875 2.75 2.75
          6 2.75 2.75
          6.125 2.75 2.75
          6.25 2.75 2.75
          6.375 2.75 2.75
          6.5 2.75 2.75
          6.625 2.75 2.75
          6.75 2.75 2.75
          6.875 2.75 2.75
          7 2.75 2.75
          0 3 2.75
          0.125 3 2.75
          0.25 3 2.75
          0.375 3 2.75
          0.5 3 2.75
          0.625 3 2.75
          0.75 3 2.75
          0.875 3 2.75
          1 3 2.75
          1.125 3 2.75
          1.25 3 2.75
          1.375 3 2.75
          1.5 3 2.75
          1.625 3 2.75
          1.75 3 2.75
          1.875 3 2.75
          2 3 2.75
          2.125 3 2.75
          2.25 3 2.75
          2.375 3 2.75
          2.5 3 2.75
          2.625 3 2.75
          2.75 3 2.75
          2.875 3 2.75
          3 3 2.75
          3.125 3 2.75
          3.25 3 2.75
          3.375 3 2.75
          3.5 3 2.75
          3.625 3 2.75
          3.75 3 2.75
          3.875 3 2.75
          4 3 2.75
          4.125 3 2.75
          4.25 3 2.75
          4.375 3 2.75
          4.5 3 2.75
          4.625 3 2.75
          4.75 3 2.75
          4.875 3 2.75
          5 3 2.75
          5.125 3 2.75
          5.25 3 2.75
          5.375 3 2.75
          5.5 3 2.75
          5.625 3 2.75
          5.75 3 2.75
          5.875 3 2.75
          6 3 2.75
          6.125 3 2.75
          6.25 3 2.75
          6.375 3 2.75
          6.5 3 2.75
          6.625 3 2.75
          6.75 3 2.75
          6.875 3 2.75
          7 3 2.75
          0 0 3
          0.125 0 3
          0.25 0 3
          0.375 0 3
          0.5 0 3
          0.625 0 3
          0.75 0 3
          0.875 0 3
          1 0 3
          1.125 0 3
          1.25 0 3
          1.375 0 3
          1.5 0 3
          1.625 0 3
          1.75 0 3
          1.875 0 3
          2 0 3
          2.125 0 3
          2.25 0 3
          2.375 0 3
          2.5 0 3
          2.625 0 3
          2.75 0 3
          2.875 0 3
          3 0 3
          3.125 0 3
          3.25 0 3
          3.375 0 3
          3.5 0 3
          3.625 0 3
          3.75 0 3
          3.875 0 3
          4 0 3
          4.125 0 3
          4.25 0 3
          4.375 0 3
          4.5 0 3
          4.625 0 3
          4.75 0 3
          4.875 0 3
          5 0 3
          5.125 0 3
          5.25 0 3
          5.375 0 3
          5.5 0 3
          5.625 0 3
          5.75 0 3
          5.875 0 3
          6 0 3
          6.125 0 3
          6.25 0 3
          6.375 0 3
          6.5 0 3
          6.625 0 3
          6.75 0 3
          6.875 0 3
          7 0 3
          0 0.25 3
          0.125 0.25 3
          0.25 0.25 3
          0.375 0.25 3
          0.5 0.25 3
          0.625 0.25 3
          0.75 0.25 3
          0.875 0.25 3
          1 0.25 3
          1.125 0.25 3
          1.25 0.25 3
          1.375 0.25 3
          1.5 0.25 3
          1.625 0.25 3
          1.75 0.25 3
          1.875 0.25 3
          2 0.25 3
          2.125 0.25 3
          2.25 0.25 3
          2.375 0.25 3
          2.5 0.25 3
          2.625 0.25 3
          2.75 0.25 3
          2.875 0.25 3
          3 0.25 3
          3.125 0.25 3
          3.25 0.25 3
          3.375 0.25 3
          3.5 0.25 3
          3.625 0.25 3
          3.75 0.25 3
          3.875 0.25 3
          4 0.25 3
          4.125 0.25 3
          4.25 0.25 3
          4.375 0.25 3
          4.5 0.25 3
          4.625 0.25 3
          4.75 0.25 3
          4.875 0.25 3
          5 0.25 3
          5.125 0.25 3
          5.25 0.25 3
          5.375 0.25 3
          5.5 0.25 3
          5.625 0.25 3
          5.75 0.25 3
          5.875 0.25 3
          6 0.25 3
          6.125 0.25 3
          6.25 0.25 3
          6.375 0.25 3
          6.5 0.25 3
          6.625 0.25 3
          6.75 0.25 3
          6.875 0.25 3
          7 0.25 3
          0 0.5 3
          0.125 0.5 3
          0.25 0.5 3
          0.375 0.5 3
          0.5 0.5 3
          0.625 0.5 3
          0.75 0.5 3
          0.875 0.5 3
          1 0.5 3
          1.125 0.5 3
          1.25 0.5 3
          1.375 0.5 3
          1.5 0.5 3
          1.625 0.5 3
          1.75 0.5 3
          1.875 0.5 3
          2 0.5 3
          2.125 0.5 3
          2.25 0.5 3
          2.375 0.5 3
          2.5 0.5 3
          2.625 0.5 3
          2.75 0.5 3
          2.875 0.5 3
          3 0.5 3
          3.125 0.5 3
          3.25 0.5 3
          3.375 0.5 3
          3.5 0.5 3
          3.625 0.5 3
          3.75 0.5 3
          3.875 0.5 3
          4 0.5 3
          4.125 0.5 3
          4.25 0.5 3
          4.375 0.5 3
          4.5 0.5 3
          4.625 0.5 3
          4.75 0.5 3
          4.875 0.5 3
          5 0.5 3
          5.125 0.5 3
          5.25 0.5 3
          5.375 0.5 3
          5.5 0.5 3
          5.625 0.5 3
          5.75 0.5 3
          5.875 0.5 3
          6 0.5 3
          6.125 0.5 3
          6.25 0.5 3
          6.375 0.5 3
          6.5 0.5 3
          6.625 0.5 3
          6.75 0.5 3
          6.875 0.5 3
          7 0.5 3
          0 0.75 3
          0.125 0.75 3
          0.25 0.75 3
          0.375 0.75 3
          0.5 0.75 3
          0.625 0.75 3
          0.75 0.75 3
          0.875 0.75 3
          1 0.75 3
          1.125 0.75 3
          1.25 0.75 3
          1.375 0.75 3
          1.5 0.75 3
          1.625 0.75 3
          1.75 0.75 3
          1.875 0.75 3
          2 0.75 3
          2.125 0.75 3
          2.25 0.75 3
          2.375 0.75 3
          2.5 0.75 3
          2.625 0.75 3
          2.75 0.75 3
          2.875 0.75 3
          3 0.75 3
          3.125 0.75 3
          3.25 0.75 3
          3.375 0.75 3
          3.5 0.75 3
          3.625 0.75 3
          3.75 0.75 3
          3.875 0.75 3
          4 0.75 3
          4.125 0.75 3
          4.25 0.75 3
          4.375 0.75 3
          4.5 0.75 3
          4.625 0.75 3
          4.75 0.75 3
          4.875 0.75 3
          5 0.75 3
          5.125 0.75 3
          5.25 0.75 3
          5.375 0.75 3
          5.5 0.75 3
          5.625 0.75 3
          5.75 0.75 3
          5.875 0.75 3
          6 0.75 3
          6.125 0.75 3
          6.25 0.75 3
          6.375 0.75 3
          6.5 0.75 3
          6.625 0.75 3
          6.75 0.75 3
          6.875 0.75 3
          7 0.75 3
          0 1 3
          0.125 1 3
          0.25 1 3
          0.375 1 3
          0.5 1 3
          0.625 1 3
          0.75 1 3
          0.875 1 3
          1 1 3
          1.125 1 3
          1.25 1 3
          1.375 1 3
          1.5 1 3
          1.625 1 3
          1.75 1 3
          1.875 1 3
          2 1 3
          2.125 1 3
          2.25 1 3
          2.375 1 3
          2.5 1 3
          2.625 1 3
          2.75 1 3
          2.875 1 3
          3 1 3
          3.125 1 3
          3.25 1 3
          3.375 1 3
          3.5 1 3
          3.625 1 3
          3.75 1 3
          3.875 1 3
          4 1 3
          4.125 1 3
          4.25 1 3
          4.375 1 3
          4.5 1 3
          4.625 1 3
          4.75 1 3
          4.875 1 3
          5 1 3
          5.125 1 3
          5.25 1 3
          5.375 1 3
          5.5 1 3
          5.625 1 3
          5.75 1 3
          5.875 1 3
          6 1 3
          6.125 1 3
          6.25 1 3
          6.375 1 3
          6.5 1 3
          6.625 1 3
          6.75 1 3
          6.875 1 3
          7 1 3
          0 1.25 3
          0.125 1.25 3
          0.25 1.25 3
          0.375 1.25 3
          0.5 1.25 3
          0.625 1.25 3
          0.75 1.25 3
          0.875 1.25 3
          1 1.25 3
          1.125 1.25 3
          1.25 1.25 3
          1.375 1.25 3
          1.5 1.25 3
          1.625 1.25 3
          1.75 1.25 3
          1.875 1.25 3
          2 1.25 3
          2.125 1.25 3
          2.25 1.25 3
          2.375 1.25 3
          2.5 1.25 3
          2.625 1.25 3
          2.75 1.25 3
          2.875 1.25 3
          3 1.25 3
          3.125 1.25 3
          3.25 1.25 3
          3.375 1.25 3
          3.5 1.25 3
          3.625 1.25 3
          3.75 1.25 3
          3.875 1.25 3
          4 1.25 3
          4.125 1.25 3
          4.25 1.25 3
          4.375 1.25 3
          4.5 1.25 3
          4.625 1.25 3
          4.75 1.25 3
          4.875 1.25 3
          5 1.25 3
          5.125 1.25 3
          5.25 1.25 3
          5.375 1.25 3
          5.5 1.25 3
          5.625 1.25 3
          5.75 1.25 3
          5.875 1.25 3
          6 1.25 3
          6.125 1.25 3
          6.25 1.25 3
          6.375 1.25 3
          6.5 1.25 3
          6.625 1.25 3
          6.75 1.25 3
          6.875 1.25 3
          7 1.25 3
          0 1.5 3
          0.125 1.5 3
          0.25 1.5 3
          0.375 1.5 3
          0.5 1.5 3
          0.625 1.5 3
          0.75 1.5 3
          0.875 1.5 3
          1 1.5 3
          1.125 1.5 3
          1.25 1.5 3
          1.375 1.5 3
          1.5 1.5 3
          1.625 1.5 3
          1.75 1.5 3
          1.875 1.5 3
          2 1.5 3
          2.125 1.5 3
          2.25 1.5 3
          2.375 1.5 3
          2.5 1.5 3
          2.625 1.5 3
          2.75 1.5 3
          2.875 1.5 3
          3 1.5 3
          3.125 1.5 3
          3.25 1.5 3
          3.375 1.5 3
          3.5 1.5 3
          3.625 1.5 3
          3.75 1.5 3
          3.875 1.5 3
          4 1.5 3
          4.125 1.5 3
          4.25 1.5 3
          4.375 1.5 3
          4.5 1.5 3
          4.625 1.5 3
          4.75 1.5 3
          4.875 1.5 3
          5 1.5 3
          5.125 1.5 3
          5.25 1.5 3
          5.375 1.5 3
          5.5 1.5 3
          5.625 1.5 3
          5.75 1.5 3
          5.875 1.5 3
          6 1.5 3
          6.125 1.5 3
          6.25 1.5 3
          6.375 1.5 3
          6.5 1.5 3
          6.625 1.5 3
          6.75 1.5 3
          6.875 1.5 3
          7 1.5 3
          0 1.75 3
          0.125 1.75 3
          0.25 1.75 3
          0.375 1.75 3
          0.5 1.75 3
          0.625 1.75 3
          0.75 1.75 3
          0.875 1.75 3
          1 1.75 3
          1.125 1.75 3
          1.25 1.75 3
          1.375 1.75 3
          1.5 1.75 3
          1.625 1.75 3
          1.75 1.75 3
          1.875 1.75 3
          2 1.75 3
          2.125 1.75 3
          2.25 1.75 3
          2.375 1.75 3
          2.5 1.75 3
          2.625 1.75 3
          2.75 1.75 3
          2.875 1.75 3
          3 1.75 3
          3.125 1.75 3
          3.25 1.75 3
          3.375 1.75 3
          3.5 1.75 3
          3.625 1.75 3
          3.75 1.75 3
          3.875 1.75 3
          4 1.75 3
          4.125 1.75 3
          4.25 1.75 3
          4.375 1.75 3
          4.5 1.75 3
          4.625 1.75 3
          4.75 1.75 3
          4.875 1.75 3
          5 1.75 3
          5.125 1.75 3
          5.25 1.75 3
          5.375 1.75 3
          5.5 1.75 3
          5.625 1.75 3
          5.75 1.75 3
          5.875 1.75 3
          6 1.75 3
          6.125 1.75 3
          6.25 1.75 3
          6.375 1.75 3
          6.5 1.75 3
          6.625 1.75 3
          6.75 1.75 3
          6.875 1.75 3
          7 1.75 3
          0 2 3
          0.125 2 3
          0.25 2 3
          0.375 2 3
          0.5 2 3
          0.625 2 3
          0.75 2 3
          0.875 2 3
          1 2 3
          1.125 2 3
          1.25 2 3
          1.375 2 3
          1.5 2 3
          1.625 2 3
          1.75 2 3
          1.875 2 3
          2 2 3
          2.125 2 3
          2.25 2 3
          2.375 2 3
          2.5 2 3
          2.625 2 3
          2.75 2 3
          2.875 2 3
          3 2 3
          3.125 2 3
          3.25 2 3
          3.375 2 3
          3.5 2 3
          3.625 2 3
          3.75 2 3
          3.875 2 3
          4 2 3
          4.125 2 3
          4.25 2 3
          4.375 2 3
          4.5 2 3
          4.625 2 3
          4.75 2 3
          4.875 2 3
          5 2 3
          5.125 2 3
          5.25 2 3
          5.375 2 3
          5.5 2 3
          5.625 2 3
          5.75 2 3
          5.875 2 3
          6 2 3
          6.125 2 3
          6.25 2 3
          6.375 2 3
          6.5 2 3
          6.625 2 3
          6.75 2 3
          6.875 2 3
          7 2 3
          0 2.25 3
          0.125 2.25 3
          0.25 2.25 3
          0.375 2.25 3
          0.5 2.25 3
          0.625 2.25 3
          0.75 2.25 3
          0.875 2.25 3
          1 2.25 3
          1.125 2.25 3
          1.25 2.25 3
          1.375 2.25 3
          1.5 2.25 3
          1.625 2.25 3
          1.75 2.25 3
          1.875 2.25 3
          2 2.25 3
          2.125 2.25 3
          2.25 2.25 3
          2.375 2.25 3
          2.5 2.25 3
          2.625 2.25 3
          2.75 2.25 3
          2.875 2.25 3
          3 2.25 3
          3.125 2.25 3
          3.25 2.25 3
          3.375 2.25 3
          3.5 2.25 3
          3.625 2.25 3
          3.75 2.25 3
          3.875 2.25 3
          4 2.25 3
          4.125 2.25 3
          4.25 2.25 3
          4.375 2.25 3
          4.5 2.25 3
          4.625 2.25 3
          4.75 2.25 3
          4.875 2.25 3
          5 2.25 3
          5.125 2.25 3
          5.25 2.25 3
          5.375 2.25 3
          5.5 2.25 3
          5.625 2.25 3
          5.75 2.25 3
          5.875 2.25 3
          6 2.25 3
          6.125 2.25 3
          6.25 2.25 3
          6.375 2.25 3
          6.5 2.25 3
          6.625 2.25 3
          6.75 2.25 3
          6.875 2.25 3
          7 2.25 3
          0 2.5 3
          0.125 2.5 3
          0.25 2.5 3
          0.375 2.5 3
          0.5 2.5 3
          0.625 2.5 3
          0.75 2.5 3
          0.875 2.5 3
          1 2.5 3
          1.125 2.5 3
          1.25 2.5 3
          1.375 2.5 3
          1.5 2.5 3
          1.625 2.5 3
          1.75 2.5 3
          1.875 2.5 3
          2 2.5 3
          2.125 2.5 3
          2.25 2.5 3
          2.375 2.5 3
          2.5 2.5 3
          2.625 2.5 3
          2.75 2.5 3
          2.875 2.5 3
          3 2.5 3
          3.125 2.5 3
          3.25 2.5 3
          3.375 2.5 3
          3.5 2.5 3
          3.625 2.5 3
          3.75 2.5 3
          3.875 2.5 3
          4 2.5 3
          4.125 2.5 3
          4.25 2.5 3
          4.375 2.5 3
          4.5 2.5 3
          4.625 2.5 3
          4.75 2.5 3
          4.875 2.5 3
          5 2.5 3
          5.125 2.5 3
          5.25 2.5 3
          5.375 2.5 3
          5.5 2.5 3
          5.625 2.5 3
          5.75 2.5 3
          5.875 2.5 3
          6 2.5 3
          6.125 2.5 3
          6.25 2.5 3
          6.375 2.5 3
          6.5 2.5 3
          6.625 2.5 3
          6.75 2.5 3
          6.875 2.5 3
          7 2.5 3
          0 2.75 3
          0.125 2.75 3
          0.25 2.75 3
          0.375 2.75 3
          0.5 2.75 3
          0.625 2.75 3
          0.75 2.75 3
          0.875 2.75 3
          1 2.75 3
          1.125 2.75 3
          1.25 2.75 3
          1.375 2.75 3
          1.5 2.75 3
          1.625 2.75 3
          1.75 2.75 3
          1.875 2.75 3
          2 2.75 3
          2.125 2.75 3
          2.25 2.75 3
          2.375 2.75 3
          2.5 2.75 3
          2.625 2.75 3
          2.75 2.75 3
          2.875 2.75 3
          3 2.75 3
          3.125 2.75 3
          3.25 2.75 3
          3.375 2.75 3
          3.5 2.75 3
          3.625 2.75 3
          3.75 2.75 3
          3.875 2.75 3
          4 2.75 3
          4.125 2.75 3
          4.25 2.75 3
          4.375 2.75 3
          4.5 2.75 3
          4.625 2.75 3
          4.75 2.75 3
          4.875 2.75 3
          5 2.75 3
          5.125 2.75 3
          5.25 2.75 3
          5.375 2.75 3
          5.5 2.75 3
          5.625 2.75 3
          5.75 2.75 3
          5.875 2.75 3
          6 2.75 3
          6.125 2.75 3
          6.25 2.75 3
          6.375 2.75 3
          6.5 2.75 3
          6.625 2.75 3
          6.75 2.75 3
          6.875 2.75 3
          7 2.75 3
          0 3 3
          0.125 3 3
          0.25 3 3
          0.375 3 3
          0.5 3 3
          0.625 3 3
          0.75 3 3
          0.875 3 3
          1 3 3
          1.125 3 3
          1.25 3 3
          1.375 3 3
          1.5 3 3
          1.625 3 3
          1.75 3 3
          1.875 3 3
          2 3 3
          2.125 3 3
          2.25 3 3
          2.375 3 3
          2.5 3 3
          2.625 3 3
          2.75 3 3
          2.875 3 3
          3 3 3
          3.125 3 3
          3.25 3 3
          3.375 3 3
          3.5 3 3
          3.625 3 3
          3.75 3 3
          3.875 3 3
          4 3 3
          4.125 3 3
          4.25 3 3
          4.375 3 3
          4.5 3 3
          4.625 3 3
          4.75 3 3
          4.875 3 3
          5 3 3
          5.125 3 3
          5.25 3 3
          5.375 3 3
          5.5 3 3
          5.625 3 3
          5.75 3 3
          5.875 3 3
          6 3 3
          6.125 3 3
          6.25 3 3
          6.375 3 3
          6.5 3 3
          6.625 3 3
          6.75 3 3
          6.875 3 3
          7 3 3
        </DataArray>
      </Points>
      <Cells>
        <DataArray type="Int64" Name="connectivity" format="ascii">
          0 4 232 228 2964 2968 3196 3192 1 2 3 61 118 175 229 230 231 57 114 171 2965 2966 2967 3025 3082 3139 3193 3194 3195 3021 3078 3135 741 1482 2223 745 1486 2227 969 1710 2451 973 1714 2455 798 855 912 1539 1596 1653 2280 2337 2394 802 859 916 1543 1600 1657 2284 2341 2398 742 743 744 1483 1484 1485 2224 2225 2226 970 971 972 1711 1712 1713 2452 2453 2454 58 59 60 115 116 117 172 173 174 3022 3023 3024 3079 3080 3081 3136 3137 3138 799 800 801 856 857 858 913 914 915 1540 1541 1542 1597 1598 1599 1654 1655 1656 2281 2282 2283 2338 2339 2340 2395 2396 2397
          4 8 236 232 2968 2972 3200 3196 5 6 7 65 122 179 233 234 235 61 118 175 2969 2970 2971 3029 3086 3143 3197 3198 3199 3025 3082 3139 745 1486 2227 749 1490 2231 973 1714 2455 977 1718 2459 802 859 916 1543 1600 1657 2284 2341 2398 806 863 920 1547 1604 1661 2288 2345 2402 746 747 748 1487 1488 1489 2228 2229 2230 974 975 976 1715 1716 1717 2456 2457 2458 62 63 64 119 120 121 176 177 178 3026 3027 3028 3083 3084 3085 3140 3141 3142 803 804 805 860 861 862 917 918 919 1544 1545 1546 1601 1602 1603 1658 1659 1660 2285 2286 2287 2342 2343 2344 2399 2400 2401
          8 12 240 236 2972 2976 3204 3200 9 10 11 69 126 183 237 238 239 65 122 179 2973 2974 2975 3033 3090 3147 3201 3202 3203 3029 3086 3143 749 1490 2231 753 1494 2235 977 1718 2459 981 1722 2463 806 863 920 1547 1604 1661 2288 2345 2402 810 867 924 1551 1608 1665 2292 2349 2406 750 751 752 1491 1492 1493 2232 2233 2234 978 979 980 1719 1720 1721 2460 2461 2462 66 67 68 123 124 125 180 181 182 3030 3031 3032 3087 3088 3089 3144 3145 3146 807 808 809 864 865 866 921 922 923 1548 1549 1550 1605 1606 1607 1662 1663 1664 2289 2290 2291 2346 2347 2348 2403 2404 2405
          12 16 244 240 2976 2980 3208 3204 13 14 15 73 130 187 241 242 243 69 126 183 2977 2978 2979 3037 3094 3151 3205 3206 3207 3033 3090 3147 753 1494 2235 757 1498 2239 981 1722 2463 985 1726 2467 810 867 924 1551 1608 1665 2292 2349 2406 814 871 928 1555 1612 1669 2296 2353 2410 754 755 756 1495 1496 1497 2236 2237 2238 982 983 984 1723 1724 1725 2464 2465 2466 70 71 72 127 128 129 184 185 186 3034 3035 3036 3091 3092 3093 3148 3149 3150 811 812 813 868 869 870 925 926 927 1552 1553 1554 1609 1610 1611 1666 1667 1668 2293 2294 2295 2350 2351 2352 2407 2408 2409
          16 20 248 244 2980 2984 3212 3208 17 18 19 77 134 191 245 246 247 73 130 187 2981 2982 2983 3041 3098 3155 3209 3210 3211 3037 3094 3151 757 1498 2239 761 1502 2243 985 1726 2467 989 1730 2471 814 871 928 1555 1612 1669 2296 2353 2410 818 875 932 1559 1616 1673 2300 2357 2414 758 759 760 1499 1500 1501 2240 2241 2242 986 987 988 1727 1728 1729 2468 2469 2470 74 75 76 131 132 133 188 189 190 3038 3039 3040 3095 3096 3097 3152 3153 3154 815 816 817 872 873 874 929 930 931 1556 1557 1558 1613 1614 1615 1670 1671 1672 2297 2298 2299 2354 2355 2356 2411 2412 2413
          20 24 252 248 2984 2988 3216 3212 21 22 23 81 138 195 249 250 251 77 134 191 2985 2986 2987 3045 3102 3159 3213 3214 3215 3041 3098 3155 761 1502 2243 765 1506 2247 989 1730 2471 993 1734 2475 818 875 932 1559 1616 1673 2300 2357 2414 822 879 936 1563 1620 1677 2304 2361 2418 762 763 764 1503 1504 1505 2244 2245 2246 990 991 992 1731 1732 1733 2472 2473 2474 78 79 80 135 136 137 192 193 194 3042 3043 3044 3099 3100 3101 3156 3157 3158 819 820 821 876 877 878 933 934 935 1560 1561 1562 1617 1618 1619 1674 1675 1676 2301 2302 2303 2358 2359 2360 2415 2416 2417
          24 28 256 252 2988 2992 3220 3216 25 26 27 85 142 199 253 254 255 81 138 195 2989 2990 2991 3049 3106 3163 3217 3218 3219 3045 3102 3159 765 1506 2247 769 1510 2251 993 1734 2475 997 1738 2479 822 879 936 1563 1620 1677 2304 2361 2418 826 883 940 1567 1624 1681 2308 2365 2422 766 767 768 1507 1508 1509 2248 2249 2250 994 995 996 1735 1736 1737 2476 2477 2478 82 83 84 139 140 141 196 197 198 3046 3047 3048 3103 3104 3105 3160 3161 3162 823 824 825 880 881 882 937 938 939 1564 1565 1566 1621 1622 1623 1678 1679 1680 2305 2306 2307 2362 2363 2364 2419 2420 2421
          28 32 260 256 2992 2996 3224 3220 29 30 31 89 146 203 257 258 259 85 142 199 2993 2994 2995 3053 3110 3167 3221 3222 3223 3049 3106 3163 769 1510 2251 773 1514 2255 997 1738 2479 1001 1742 2483 826 883 940 1567 1624 1681 2308 2365 2422 830 887 944 1571 1628 1685 2312 2369 2426 770 771 772 1511 1512 1513 2252 2253 2254 998 999 1000 1739 1740 1741 2480 2481 2482 86 87 88 143 144 145 200 201 202 3050 3051 3052 3107 3108 3109 3164 3165 3166 827 828 829 884 885 886 941 942 943 1568 1569 1570 1625 1626 1627 1682 1683 1684 2309 2310 2311 2366 2367 2368 2423 2424 2425
          32 36 264 260 2996 3000 3228 3224 33 34 35 93 150 207 261 262 263 89 146 203 2997 2998 2999 3057 3114 3171 3225 3226 3227 3053 3110 3167 773 1514 2255 777 1518 2259 1001 1742 2483 1005 1746 2487 830 887 944 1571 1628 1685 2312 2369 2426 834 891 948 1575 1632 1689 2316 2373 2430 774 775 776 1515 1516 1517 2256 2257 2258 1002 1003 1004 1743 1744 1745 2484 2485 2486 90 91 92 147 148 149 204 205 206 3054 3055 3056 3111 3112 3113 3168 3169 3170 831 832 833 888 889 890 945 946 947 1572 1573 1574 1629 1630 1631 1686 1687 1688 2313 2314 2315 2370 2371 2372 2427 2428 2429
          36 40 268 264 3000 3004 3232 3228 37 38 39 97 154 211 265 266 267 93 150 207 3001 3002 3003 3061 3118 3175 3229 3230 3231 3057 3114 3171 777 1518 2259 781 1522 2263 1005 1746 2487 1009 1750 2491 834 891 948 1575 1632 1689 2316 2373 2430 838 895 952 1579 1636 1693 2320 2377 2434 778 779 780 1519 1520 1521 2260 2261 2262 1006 1007 1008 1747 1748 1749 2488 2489 2490 94 95 96 151 152 153 208 209 210 3058 3059 3060 3115 3116 3117 3172 3173 3174 835 836 837 892 893 894 949 950 951 1576 1577 1578 1633 1634 1635 1690 1691 1692 2317 2318 2319 2374 2375 2376 2431 2432 2433
          40 44 272 268 3004 3008 3236 3232 41 42 43 101 158 215 269 270 271 97 154 211 3005 3006 3007 3065 3122 3179 3233 3234 3235 3061 3118 3175 781 1522 2263 785 1526 2267 1009 1750 2491 1013 1754 2495 838 895 952 1579 1636 1693 2320 2377 2434 842 899 956 1583 1640 1697 2324 2381 2438 782 783 784 1523 1524 1525 2264 2265 2266 1010 1011 1012 1751 1752 1753 2492 2493 2494 98 99 100 155 156 157 212 213 214 3062 3063 3064 3119 3120 3121 3176 3177 3178 839 840 841 896 897 898 953 954 955 1580 1581 1582 1637 1638 1639 1694 1695 1696 2321 2322 2323 2378 2379 2380 2435 2436 2437
          44 48 276 272 3008 3012 3240 3236 45 46 47 105 162 219 273 274 275 101 158 215 3009 3010 3011 3069 3126 3183 3237 3238 3239 3065 3122 3179 785 1526 2267 789 1530 2271 1013 1754 2495 1017 1758 2499 842 899 956 1583 1640 1697 2324 2381 2438 846 903 960 1587 1644 1701 2328 2385 2442 786 787 788 1527 1528 1529 2268 2269 2270 1014 1015 1016 1755 1756 1757 2496 2497 2498 102 103 104 159 160 161 216 217 218 3066 3067 3068 3123 3124 3125 3180 3181 3182 843 844 845 900 901 902 957 958 959 1584 1585 1586 1641 1642 1643 1698 1699 1700 2325 2326 2327 2382 2383 2384 2439 2440 2441
          48 52 280 276 3012 3016 3244 3240 49 50 51 109 166 223 277 278 279 105 162 219 3013 3014 3015 3073 3130 3187 3241 3242 3243 3069 3126 3183 789 1530 2271 793 1534 2275 1017 1758 2499 1021 1762 2503 846 903 960 1587 1644 1701 2328 2385 2442 850 907 964 1591 1648 1705 2332 2389 2446 790 791 792 1531 1532 1533 2272 2273 2274 1018 1019 1020 1759 1760 1761 2500 2501 2502 106 107 108 163 164 165 220 221 222 3070 3071 3072 3127 3128 3129 3184 3185 3186 847 848 849 904 905 906 961 962 963 1588 1589 1590 1645 1646 1647 1702 1703 1704 2329 2330 2331 2386 2387 2388 2443 2444 2445
          52 56 284 280 3016 3020 3248 3244 53 54 55 113 170 227 281 282 283 109 166 223 3017 3018 3019 3077 3134 3191 3245 3246 3247 3073 3130 3187 793 1534 2275 797 1538 2279 1021 1762 2503 1025 1766 2507 850 907 964 1591 1648 1705 2332 2389 2446 854 911 968 1595 1652 1709 2336 2393 2450 794 795 796 1535 1536 1537 2276 2277 2278 1022 1023 1024 1763 1764 1765 2504 2505 2506 110 111 112 167 168 169 224 225 226 3074 3075 3076 3131 3132 3133 3188 3189 3190 851 852 853 908 909 910 965 966 967 1592 1593 1594 1649 1650 1651 1706 1707 1708 2333 2334 2335 2390 2391 2392 2447 2448 2449
          228 232 460 456 3192 3196 3424 3420 229 230 231 289 346 403 457 458 459 285 342 399 3193 3194 3195 3253 3310 3367 3421 3422 3423 3249 3306 3363 969 1710 2451 973 1714 2455 1197 1938 2679 1201 1942 2683 1026 1083 1140 1767 1824 1881 2508 2565 2622 1030 1087 1144 1771 1828 1885 2512 2569 2626 970 971 972 1711 1712 1713 2452 2453 2454 1198 1199 1200 1939 1940 1941 2680 2681 2682 286 287 288 343 344 345 400 401 402 3250 3251 3252 3307 3308 3309 3364 3365 3366 1027 1028 1029 1084 1085 1086 1141 1142 1143 1768 1769 1770 1825 1826 1827 1882 1883 1884 2509 2510 2511 2566 2567 2568 2623 2624 2625
          232 236 464 460 3196 3200 3428 3424 233 234 235 293 350 407 461 462 463 289 346 403 3197 3198 3199 3257 3314 3371 3425 3426 3427 3253 3310 3367 973 1714 2455 977 1718 2459 1201 1942 2683 1205 1946 2687 1030 1087 1144 1771 1828 1885 2512 2569 2626 1034 1091 1148 1775 1832 1889 2516 2573 2630 974 975 976 1715 1716 1717 2456 2457 2458 1202 1203 1204 1943 1944 1945 2684 2685 2686 290 291 292 347 348 349 404 405 406 3254 3255 3256 3311 3312 3313 3368 3369 3370 1031 1032 1033 1088 1089 1090 1145 1146 1147 1772 1773 1774 1829 1830 1831 1886 1887 1888 2513 2514 2515 2570 2571 2572 2627 2628 2629
          236 240 468 464 3200 3204 3432 3428 237 238 239 297 354 411 465 466 467 293 350 407 3201 3202 3203 3261 3318 3375 3429 3430 3431 3257 3314 3371 977 1718 2459 981 1722 2463 1205 1946 2687 1209 1950 2691 1034 1091 1148 1775 1832 1889 2516 2573 2630 1038 1095 1152 1779 1836 1893 2520 2577 2634 978 979 980 1719 1720 1721 2460 2461 2462 1206 1207 1208 1947 1948 1949 2688 2689 2690 294 295 296 351 352 353 408 409 410 3258 3259 3260 3315 3316 3317 3372 3373 3374 1035 1036 1037 1092 1093 1094 1149 1150 1151 1776 1777 1778 1833 1834 1835 1890 1891 1892 2517 2518 2519 2574 2575 2576 2631 2632 2633
          240 244 472 468 3204 3208 3436 3432 241 242 243 301 358 415 469 470 471 297 354 411 3205 3206 3207 3265 3322 3379 3433 3434 3435 3261 3318 3375 981 1722 2463 985 1726 2467 1209 1950 2691 1213 1954 2695 1038 1095 1152 1779 1836 1893 2520 2577 2634 1042 1099 1156 1783 1840 1897 2524 2581 2638 982 983 984 1723 1724 1725 2464 2465 2466 1210 1211 1212 1951 1952 1953 2692 2693 2694 298 299 300 355 356 357 412 413 414 3262 3263 3264 3319 3320 3321 3376 3377 3378 1039 1040 1041 1096 1097 1098 1153 1154 1155 1780 1781 1782 1837 1838 1839 1894 1895 1896 2521 2522 2523 2578 2579 2580 2635 2636 2637
          244 248 476 472 3208 3212 3440 3436 245 246 247 305 362 419 473 474 475 301 358 415 3209 3210 3211 3269 3326 3383 3437 3438 3439 3265 3322 3379 985 1726 2467 989 1730 2471 1213 1954 2695 1217 1958 2699 1042 1099 1156 1783 1840 1897 2524 2581 2638 1046 1103 1160 1787 1844 1901 2528 2585 2642 986 987 988 1727 1728 1729 2468 2469 2470 1214 1215 1216 1955 1956 1957 2696 2697 2698 302 303 304 359 360 361 416 417 418 3266 3267 3268 3323 3324 3325 3380 3381 3382 1043 1044 1045 1100 1101 1102 1157 1158 1159 1784 1785 1786 1841 1842 1843 1898 1899 1900 2525 2526 2527 2582 2583 2584 2639 2640 2641
          248 252 480 476 3212 3216 3444 3440 249 250 251 309 366 423 477 478 479 305 362 419 3213 3214 3215 3273 3330 3387 3441 3442 3443 3269 3326 3383 989 1730 2471 993 1734 2475 1217 1958 2699 1221 1962 2703 1046 1103 1160 1787 1844 1901 2528 2585 2642 1050 1107 1164 1791 1848 1905 2532 2589 2646 990 991 992 1731 1732 1733 2472 2473 2474 1218 1219 1220 1959 1960 1961 2700 2701 2702 306 307 308 363 364 365 420 421 422 3270 3271 3272 3327 3328 3329 3384 3385 3386 1047 1048 1049 1104 1105 1106 1161 1162 1163 1788 1789 1790 1845 1846 1847 1902 1903 1904 2529 2530 2531 2586 2587 2588 2643 2644 2645
          252 256 484 480 3216 3220 3448 3444 253 254 255 313 370 427 481 482 483 309 366 423 3217 3218 3219 3277 3334 3391 3445 3446 3447 3273 3330 3387 993 1734 2475 997 1738 2479 1221 1962 2703 1225 1966 2707 1050 1107 1164 1791 1848 1905 2532 2589 2646 1054 1111 1168 1795 1852 1909 2536 2593 2650 994 995 996 1735 1736 1737 2476 2477 2478 1222 1223 1224 1963 1964 1965 2704 2705 2706 310 311 312 367 368 369 424 425 426 3274 3275 3276 3331 3332 3333 3388 3389 3390 1051 1052 1053 1108 1109 1110 1165 1166 1167 1792 1793 1794 1849 1850 1851 1906 1907 1908 2533 2534 2535 2590 2591 2592 2647 2648 2649
          256 260 488 484 3220 3224 3452 3448 257 258 259 317 374 431 485 486 487 313 370 427 3221 3222 3223 3281 3338 3395 3449 3450 3451 3277 3334 3391 997 1738 2479 1001 1742 2483 1225 1966 2707 1229 1970 2711 1054 1111 1168 1795 1852 1909 2536 2593 2650 1058 1115 1172 1799 1856 1913 2540 2597 2654 998 999 1000 1739 1740 1741 2480 2481 2482 1226 1227 1228 1967 1968 1969 2708 2709 2710 314 315 316 371 372 373 428 429 430 3278 3279 3280 3335 3336 3337 3392 3393 3394 1055 1056 1057 1112 1113 1114 1169 1170 1171 1796 1797 1798 1853 1854 1855 1910 1911 1912 2537 2538 2539 2594 2595 2596 2651 2652 2653
          260 264 492 488 3224 3228 3456 3452 261 262 263 321 378 435 489 490 491 317 374 431 3225 3226 3227 3285 3342 3399 3453 3454 3455 3281 3338 3395 1001 1742 2483 1005 1746 2487 1229 1970 2711 1233 1974 2715 1058 1115 1172 1799 1856 1913 2540 2597 2654 1062 1119 1176 1803 1860 1917 2544 2601 2658 1002 1003 1004 1743 1744 1745 2484 2485 2486 1230 1231 1232 1971 1972 1973 2712 2713 2714 318 319 320 375 376 377 432 433 434 3282 3283 3284 3339 3340 3341 3396 3397 3398 1059 1060 1061 1116 1117 1118 1173 1174 1175 1800 1801 1802 1857 1858 1859 1914 1915 1916 2541 2542 2543 2598 2599 2600 2655 2656 2657
          264 268 496 492 3228 3232 3460 3456 265 266 267 325 382 439 493 494 495 321 378 435 3229 3230 3231 3289 3346 3403 3457 3458 3459 3285 3342 3399 1005 1746 2487 1009 1750 2491 1233 1974 2715 1237 1978 2719 1062 1119 1176 1803 1860 1917 2544 2601 2658 1066 1123 1180 1807 1864 1921 2548 2605 2662 1006 1007 1008 1747 1748 1749 2488 2489 2490 1234 1235 1236 1975 1976 1977 2716 2717 2718 322 323 324 379 380 381 436 437 438 3286 3287 3288 3343 3344 3345 3400 3401 3402 1063 1064 1065 1120 1121 1122 1177 1178 1179 1804 1805 1806 1861 1862 1863 1918 1919 1920 2545 2546 2547 2602 2603 2604 2659 2660 2661
          268 272 500 496 3232 3236 3464 3460 269 270 271 329 386 443 497 498 499 325 382 439 3233 3234 3235 3293 3350 3407 3461 3462 3463 3289 3346 3403 1009 1750 2491 1013 1754 2495 1237 1978 2719 1241 1982 2723 1066 1123 1180 1807 1864 1921 2548 2605 2662 1070 1127 1184 1811 1868 1925 2552 2609 2666 1010 1011 1012 1751 1752 1753 2492 2493 2494 1238 1239 1240 1979 1980 1981 2720 2721 2722 326 327 328 383 384 385 440 441 442 3290 3291 3292 3347 3348 3349 3404 3405 3406 1067 1068 1069 1124 1125 1126 1181 1182 1183 1808 1809 1810 1865 1866 1867 1922 1923 1924 2549 2550 2551 2606 2607 2608 2663 2664 2665
          272 276 504 500 3236 3240 3468 3464 273 274 275 333 390 447 501 502 503 329 386 443 3237 3238 3239 3297 3354 3411 3465 3466 3467 3293 3350 3407 1013 1754 2495 1017 1758 2499 1241 1982 2723 1245 1986 2727 1070 1127 1184 1811 1868 1925 2552 2609 2666 1074 1131 1188 1815 1872 1929 2556 2613 2670 1014 1015 1016 1755 1756 1757 2496 2497 2498 1242 1243 1244 1983 1984 1985 2724 2725 2726 330 331 332 387 388 389 444 445 446 3294 3295 3296 3351 3352 3353 3408 3409 3410 1071 1072 1073 1128 1129 1130 1185 1186 1187 1812 1813 1814 1869 1870 1871 1926 1927 1928 2553 2554 2555 2610 2611 2612 2667 2668 2669
          276 280 508 504 3240 3244 3472 3468 277 278 279 337 394 451 505 506 507 333 390 447 3241 3242 3243 3301 3358 3415 3469 3470 3471 3297 3354 3411 1017 1758 2499 1021 1762 2503 1245 1986 2727 1249 1990 2731 1074 1131 1188 1815 1872 1929 2556 2613 2670 1078 1135 1192 1819 1876 1933 2560 2617 2674 1018 1019 1020 1759 1760 1761 2500 2501 2502 1246 1247 1248 1987 1988 1989 2728 2729 2730 334 335 336 391 392 393 448 449 450 3298 3299 3300 3355 3356 3357 3412 3413 3414 1075 1076 1077 1132 1133 1134 1189 1190 1191 1816 1817 1818 1873 1874 1875 1930 1931 1932 2557 2558 2559 2614 2615 2616 2671 2672 2673
          280 284 512 508 3244 3248 3476 3472 281 282 283 341 398 455 509 510 511 337 394 451 3245 3246 3247 3305 3362 3419 3473 3474 3475 3301 3358 3415 1021 1762 2503 1025 1766 2507 1249 1990 2731 1253 1994 2735 1078 1135 1192 1819 1876 1933 2560 2617 2674 1082 1139 1196 1823 1880 1937 2564 2621 2678 1022 1023 1024 1763 1764 1765 2504 2505 2506 1250 1251 1252 1991 1992 1993 2732 2733 2734 338 339 340 395 396 397 452 453 454 3302 3303 3304 3359 3360 3361 3416 3417 3418 1079 1080 1081 1136 1137 1138 1193 1194 1195 1820 1821 1822 1877 1878 1879 1934 1935 1936 2561 2562 2563 2618 2619 2620 2675 2676 2677
          456 460 688 684 3420 3424 3652 3648 457 458 459 517 574 631 685 686 687 513 570 627 3421 3422 3423 3481 3538 3595 3649 3650 3651 3477 3534 3591 1197 1938 2679 1201 1942 2683 1425 2166 2907 1429 2170 2911 1254 1311 1368 1995 2052 2109 2736 2793 2850 1258 1315 1372 1999 2056 2113 2740 2797 2854 1198 1199 1200 1939 1940 1941 2680 2681 2682 1426 1427 1428 2167 2168 2169 2908 2909 2910 514 515 516 571 572 573 628 629 630 3478 3479 3480 3535 3536 3537 3592 3593 3594 1255 1256 1257 1312 1313 1314 1369 1370 1371 1996 1997 1998 2053 2054 2055 2110 2111 2112 2737 2738 2739 2794 2795 2796 2851 2852 2853
          460 464 692 688 3424 3428 3656 3652 461 462 463 521 578 635 689 690 691 517 574 631 3425 3426 3427 3485 3542 3599 3653 3654 3655 3481 3538 3595 1201 1942 2683 1205 1946 2687 1429 2170 2911 1433 2174 2915 1258 1315 1372 1999 2056 2113 2740 2797 2854 1262 1319 1376 2003 2060 2117 2744 2801 2858 1202 1203 1204 1943 1944 1945 2684 2685 2686 1430 1431 1432 2171 2172 2173 2912 2913 2914 518 519 520 575 576 577 632 633 634 3482 3483 3484 3539 3540 3541 3596 3597 3598 1259 1260 1261 1316 1317 1318 1373 1374 1375 2000 2001 2002 2057 2058 2059 2114 2115 2116 2741 2742 2743 2798 2799 2800 2855 2856 2857
          464 468 696 692 3428 3432 3660 3656 465 466 467 525 582 639 693 694 695 521 578 635 3429 3430 3431 3489 3546 3603 3657 3658 3659 3485 3542 3599 1205 1946 2687 1209 1950 2691 1433 2174 2915 1437 2178 2919 1262 1319 1376 2003 2060 2117 2744 2801 2858 1266 1323 1380 2007 2064 2121 2748 2805 2862 1206 1207 1208 1947 1948 1949 2688 2689 2690 1434 1435 1436 2175 2176 2177 2916 2917 2918 522 523 524 579 580 581 636 637 638 3486 3487 3488 3543 3544 3545 3600 3601 3602 1263 1264 1265 1320 1321 1322 1377 1378 1379 2004 2005 2006 2061 2062 2063 2118 2119 2120 2745 2746 2747 2802 2803 2804 2859 2860 2861
          468 472 700 696 3432 3436 3664 3660 469 470 471 529 586 643 697 698 699 525 582 639 3433 3434 3435 3493 3550 3607 3661 3662 3663 3489 3546 3603 1209 1950 2691 1213 1954 2695 1437 2178 2919 1441 2182 2923 1266 1323 1380 2007 2064 2121 2748 2805 2862 1270 1327 1384 2011 2068 2125 2752 2809 2866 1210 1211 1212 1951 1952 1953 2692 2693 2694 1438 1439 1440 2179 2180 2181 2920 2921 2922 526 527 528 583 584 585 640 641 642 3490 3491 3492 3547 3548 3549 3604 3605 3606 1267 1268 1269 1324 1325 1326 1381 1382 1383 2008 2009 2010 2065 2066 2067 2122 2123 2124 2749 2750 2751 2806 2807 2808 2863 2864 2865
          472 476 704 700 3436 3440 3668 3664 473 474 475 533 590 647 701 702 703 529 586 643 3437 3438 3439 3497 3554 3611 3665 3666 3667 3493 3550 3607 1213 1954 2695 1217 1958 2699 1441 2182 2923 1445 2186 2927 1270 1327 1384 2011 2068 2125 2752 2809 2866 1274 1331 1388 2015 2072 2129 2756 2813 2870 1214 1215 1216 1955 1956 1957 2696 2697 2698 1442 1443 1444 2183 2184 2185 2924 2925 2926 530 531 532 587 588 589 644 645 646 3494 3495 3496 3551 3552 3553 3608 3609 3610 1271 1272 1273 1328 1329 1330 1385 1386 1387 2012 2013 2014 2069 2070 2071 2126 2127 2128 2753 2754 2755 2810 2811 2812 2867 2868 2869
          476 480 708 704 3440 3444 3672 3668 477 478 479 537 594 651 705 706 707 533 590 647 3441 3442 3443 3501 3558 3615 3669 3670 3671 3497 3554 3611 1217 1958 2699 1221 1962 2703 1445 2186 2927 1449 2190 2931 1274 1331 1388 2015 2072 2129 2756 2813 2870 1278 1335 1392 2019 2076 2133 2760 2817 2874 1218 1219 1220 1959 1960 1961 2700 2701 2702 1446 1447 1448 2187 2188 2189 2928 2929 2930 534 535 536 591 592 593 648 649 650 3498 3499 3500 3555 3556 3557 3612 3613 3614 1275 1276 1277 1332 1333 1334 1389 1390 1391 2016 2017 2018 2073 2074 2075 2130 2131 2132 2757 2758 2759 2814 2815 2816 2871 2872 2873
          480 484 712 708 3444 3448 3676 3672 481 482 483 541 598 655 709 710 711 537 594 651 3445 3446 3447 3505 3562 3619 3673 3674 3675 3501 3558 3615 1221 1962 2703 1225 1966 2707 1449 2190 2931 1453 2194 2935 1278 1335 1392 2019 2076 2133 2760 2817 2874 1282 1339 1396 2023 2080 2137 2764 2821 2878 1222 1223 1224 1963 1964 1965 2704 2705 2706 1450 1451 1452 2191 2192 2193 2932 2933 2934 538 539 540 595 596 597 652 653 654 3502 3503 3504 3559 3560 3561 3616 3617 3618 1279 1280 1281 1336 1337 1338 1393 1394 1395 2020 2021 2022 2077 2078 2079 2134 2135 2136 2761 2762 2763 2818 2819 2820 2875 2876 2877
          484 488 716 712 3448 3452 3680 3676 485 486 487 545 602 659 713 714 715 541 598 655 3449 3450 3451 3509 3566 3623 3677 3678 3679 3505 3562 3619 1225 1966 2707 1229 1970 2711 1453 2194 2935 1457 2198 2939 1282 1339 1396 2023 2080 2137 2764 2821 2878 1286 1343 1400 2027 2084 2141 2768 2825 2882 1226 1227 1228 1967 1968 1969 2708 2709 2710 1454 1455 1456 2195 2196 2197 2936 2937 2938 542 543 544 599 600 601 656 657 658 3506 3507 3508 3563 3564 3565 3620 3621 3622 1283 1284 1285 1340 1341 1342 1397 1398 1399 2024 2025 2026 2081 2082 2083 2138 2139 2140 2765 2766 2767 2822 2823 2824 2879 2880 2881
          488 492 720 716 3452 3456 3684 3680 489 490 491 549 606 663 717 718 719 545 602 659 3453 3454 3455 3513 3570 3627 3681 3682 3683 3509 3566 3623 1229 1970 2711 1233 1974 2715 1457 2198 2939 1461 2202 2943 1286 1343 1400 2027 2084 2141 2768 2825 2882 1290 1347 1404 2031 2088 2145 2772 2829 2886 1230 1231 1232 1971 1972 1973 2712 2713 2714 1458 1459 1460 2199 2200 2201 2940 2941 2942 546 547 548 603 604 605 660 661 662 3510 3511 3512 3567 3568 3569 3624 3625 3626 1287 1288 1289 1344 1345 1346 1401 1402 1403 2028 2029 2030 2085 2086 2087 2142 2143 2144 2769 2770 2771 2826 2827 2828 2883 2884 2885
          492 496 724 720 3456 3460 3688 3684 493 494 495 553 610 667 721 722 723 549 606 663 3457 3458 3459 3517 3574 3631 3685 3686 3687 3513 3570 3627 1233 1974 2715 1237 1978 2719 1461 2202 2943 1465 2206 2947 1290 1347 1404 2031 2088 2145 2772 2829 2886 1294 1351 1408 2035 2092 2149 2776 2833 2890 1234 1235 1236 1975 1976 1977 2716 2717 2718 1462 1463 1464 2203 2204 2205 2944 2945 2946 550 551 552 607 608 609 664 665 666 3514 3515 3516 3571 3572 3573 3628 3629 3630 1291 1292 1293 1348 1349 1350 1405 1406 1407 2032 2033 2034 2089 2090 2091 2146 2147 2148 2773 2774 2775 2830 2831 2832 2887 2888 2889
          496 500 728 724 3460 3464 3692 3688 497 498 499 557 614 671 725 726 727 553 610 667 3461 3462 3463 3521 3578 3635 3689 3690 3691 3517 3574 3631 1237 1978 2719 1241 1982 2723 1465 2206 2947 1469 2210 2951 1294 1351 1408 2035 2092 2149 2776 2833 2890 1298 1355 1412 2039 2096 2153 2780 2837 2894 1238 1239 1240 1979 1980 1981 2720 2721 2722 1466 1467 1468 2207 2208 2209 2948 2949 2950 554 555 556 611 612 613 668 669 670 3518 3519 3520 3575 3576 3577 3632 3633 3634 1295 1296 1297 1352 1353 1354 1409 1410 1411 2036 2037 2038 2093 2094 2095 2150 2151 2152 2777 2778 2779 2834 2835 2836 2891 2892 2893
          500 504 732 728 3464 3468 3696 3692 501 502 503 561 618 675 729 730 731 557 614 671 3465 3466 3467 3525 3582 3639 3693 3694 3695 3521 3578 3635 1241 1982 2723 1245 1986 2727 1469 2210 2951 1473 2214 2955 1298 1355 1412 2039 2096 2153 2780 2837 2894 1302 1359 1416 2043 2100 2157 2784 2841 2898 1242 1243 1244 1983 1984 1985 2724 2725 2726 1470 1471 1472 2211 2212 2213 2952 2953 2954 558 559 560 615 616 617 672 673 674 3522 3523 3524 3579 3580 3581 3636 3637 3638 1299 1300 1301 1356 1357 1358 1413 1414 1415 2040 2041 2042 2097 2098 2099 2154 2155 2156 2781 2782 2783 2838 2839 2840 2895 2896 2897
          504 508 736 732 3468 3472 3700 3696 505 506 507 565 622 679 733 734 735 561 618 675 3469 3470 3471 3529 3586 3643 3697 3698 3699 3525 3582 3639 1245 1986 2727 1249 1990 2731 1473 2214 2955 1477 2218 2959 1302 1359 1416 2043 2100 2157 2784 2841 2898 1306 1363 1420 2047 2104 2161 2788 2845 2902 1246 1247 1248 1987 1988 1989 2728 2729 2730 1474 1475 1476 2215 2216 2217 2956 2957 2958 562 563 564 619 620 621 676 677 678 3526 3527 3528 3583 3584 3585 3640 3641 3642 1303 1304 1305 1360 1361 1362 1417 1418 1419 2044 2045 2046 2101 2102 2103 2158 2159 2160 2785 2786 2787 2842 2843 2844 2899 2900 2901
          508 512 740 736 3472 3476 3704 3700 509 510 511 569 626 683 737 738 739 565 622 679 3473 3474 3475 3533 3590 3647 3701 3702 3703 3529 3586 3643 1249 1990 2731 1253 1994 2735 1477 2218 2959 1481 2222 2963 1306 1363 1420 2047 2104 2161 2788 2845 2902 1310 1367 1424 2051 2108 2165 2792 2849 2906 1250 1251 1252 1991 1992 1993 2732 2733 2734 1478 1479 1480 2219 2220 2221 2960 2961 2962 566 567 568 623 624 625 680 681 682 3530 3531 3532 3587 3588 3589 3644 3645 3646 1307 1308 1309 1364 1365 1366 1421 1422 1423 2048 2049 2050 2105 2106 2107 2162 2163 2164 2789 2790 2791 2846 2847 2848 2903 2904 2905
          2964 2968 3196 3192 5928 5932 6160 6156 2965 2966 2967 3025 3082 3139 3193 3194 3195 3021 3078 3135 5929 5930 5931 5989 6046 6103 6157 6158 6159 5985 6042 6099 3705 4446 5187 3709 4450 5191 3933 4674 5415 3937 4678 5419 3762 3819 3876 4503 4560 4617 5244 5301 5358 3766 3823 3880 4507 4564 4621 5248 5305 5362 3706 3707 3708 4447 4448 4449 5188 5189 5190 3934 3935 3936 4675 4676 4677 5416 5417 5418 3022 3023 3024 3079 3080 3081 3136 3137 3138 5986 5987 5988 6043 6044 6045 6100 6101 6102 3763 3764 3765 3820 3821 3822 3877 3878 3879 4504 4505 4506 4561 4562 4563 4618 4619 4620 5245 5246 5247 5302 5303 5304 5359 5360 5361
          2968 2972 3200 3196 5932 5936 6164 6160 2969 2970 2971 3029 3086 3143 3197 3198 3199 3025 3082 3139 5933 5934 5935 5993 6050 6107 6161 6162 6163 5989 6046 6103 3709 4450 5191 3713 4454 5195 3937 4678 5419 3941 4682 5423 3766 3823 3880 4507 4564 4621 5248 5305 5362 3770 3827 3884 4511 4568 4625 5252 5309 5366 3710 3711 3712 4451 4452 4453 5192 5193 5194 3938 3939 3940 4679 4680 4681 5420 5421 5422 3026 3027 3028 3083 3084 3085 3140 3141 3142 5990 5991 5992 6047 6048 6049 6104 6105 6106 3767 3768 3769 3824 3825 3826 3881 3882 3883 4508 4509 4510 4565 4566 4567 4622 4623 4624 5249 5250 5251 5306 5307 5308 5363 5364 5365
          2972 2976 3204 3200 5936 5940 6168 6164 2973 2974 2975 3033 3090 3147 3201 3202 3203 3029 3086 3143 5937 5938 5939 5997 6054 6111 6165 6166 6167 5993 6050 6107 3713 4454 5195 3717 4458 5199 3941 4682 5423 3945 4686 5427 3770 3827 3884 4511 4568 4625 5252 5309 5366 3774 3831 3888 4515 4572 4629 5256 5313 5370 3714 3715 3716 4455 4456 4457 5196 5197 5198 3942 3943 3944 4683 4684 4685 5424 5425 5426 3030 3031 3032 3087 3088 3089 3144 3145 3146 5994 5995 5996 6051 6052 6053 6108 6109 6110 3771 3772 3773 3828 3829 3830 3885 3886 3887 4512 4513 4514 4569 4570 4571 4626 4627 4628 5253 5254 5255 5310 5311 5312 5367 5368 5369
          2976 2980 3208 3204 5940 5944 6172 6168 2977 2978 2979 3037 3094 3151 3205 3206 3207 3033 3090 3147 5941 5942 5943 6001 6058 6115 6169 6170 6171 5997 6054 6111 3717 4458 5199 3721 4462 5203 3945 4686 5427 3949 4690 5431 3774 3831 3888 4515 4572 4629 5256 5313 5370 3778 3835 3892 4519 4576 4633 5260 5317 5374 3718 3719 3720 4459 4460 4461 5200 5201 5202 3946 3947 3948 4687 4688 4689 5428 5429 5430 3034 3035 3036 3091 3092 3093 3148 3149 3150 5998 5999 6000 6055 6056 6057 6112 6113 6114 3775 3776 3777 3832 3833 3834 3889 3890 3891 4516 4517 4518 4573 4574 4575 4630 4631 4632 5257 5258 5259 5314 5315 5316 5371 5372 5373
          2980 2984 3212 3208 5944 5948 6176 6172 2981 2982 2983 3041 3098 3155 3209 3210 3211 3037 3094 3151 5945 5946 5947 6005 6062 6119 6173 6174 6175 6001 6058 6115 3721 4462 5203 3725 4466 5207 3949 4690 5431 3953 4694 5435 3778 3835 3892 4519 4576 4633 5260 5317 5374 3782 3839 3896 4523 4580 4637 5264 5321 5378 3722 3723 3724 4463 4464 4465 5204 5205 5206 3950 3951 3952 4691 4692 4693 5432 5433 5434 3038 3039 3040 3095 3096 3097 3152 3153 3154 6002 6003 6004 6059 6060 6061 6116 6117 6118 3779 3780 3781 3836 3837 3838 3893 3894 3895 4520 4521 4522 4577 4578 4579 4634 4635 4636 5261 5262 5263 5318 5319 5320 5375 5376 5377
          2984 2988 3216 3212 5948 5952 6180 6176 2985 2986 2987 3045 3102 3159 3213 3214 3215 3041 3098 3155 5949 5950 5951 6009 6066 6123 6177 6178 6179 6005 6062 6119 3725 4466 5207 3729 4470 5211 3953 4694 5435 3957 4698 5439 3782 3839 3896 4523 4580 4637 5264 5321 5378 3786 3843 3900 4527 4584 4641 5268 5325 5382 3726 3727 3728 4467 4468 4469 5208 5209 5210 3954 3955 3956 4695 4696 4697 5436 5437 5438 3042 3043 3044 3099 3100 3101 3156 3157 3158 6006 6007 6008 6063 6064 6065 6120 6121 6122 3783 3784 3785 3840 3841 3842 3897 3898 3899 4524 4525 4526 4581 4582 4583 4638 4639 4640 5265 5266 5267 5322 5323 5324 5379 5380 5381
          2988 2992 3220 3216 5952 5956 6184 6180 2989 2990 2991 3049 3106 3163 3217 3218 3219 3045 3102 3159 5953 5954 5955 6013 6070 6127 6181 6182 6183 6009 6066 6123 3729 4470 5211 3733 4474 5215 3957 4698 5439 3961 4702 5443 3786 3843 3900 4527 4584 4641 5268 5325 5382 3790 3847 3904 4531 4588 4645 5272 5329 5386 3730 3731 3732 4471 4472 4473 5212 5213 5214 3958 3959 3960 4699 4700 4701 5440 5441 5442 3046 3047 3048 3103 3104 3105 3160 3161 3162 6010 6011 6012 6067 6068 6069 6124 6125 6126 3787 3788 3789 3844 3845 3846 3901 3902 3903 4528 4529 4530 4585 4586 4587 4642 4643 4644 5269 5270 5271 5326 5327 5328 5383 5384 5385
          2992 2996 3224 3220 5956 5960 6188 6184 2993 2994 2995 3053 3110 3167 3221 3222 3223 3049 3106 3163 5957 5958 5959 6017 6074 6131 6185 6186 6187 6013 6070 6127 3733 4474 5215 3737 4478 5219 3961 4702 5443 3965 4706 5447 3790 3847 3904 4531 4588 4645 5272 5329 5386 3794 3851 3908 4535 4592 4649 5276 5333 5390 3734 3735 3736 4475 4476 4477 5216 5217 5218 3962 3963 3964 4703 4704 4705 5444 5445 5446 3050 3051 3052 3107 3108 3109 3164 3165 3166 6014 6015 6016 6071 6072 6073 6128 6129 6130 3791 3792 3793 3848 3849 3850 3905 3906 3907 4532 4533 4534 4589 4590 4591 4646 4647 4648 5273 5274 5275 5330 5331 5332 5387 5388 5389
          2996 3000 3228 3224 5960 5964 6192 6188 2997 2998 2999 3057 3114 3171 3225 3226 3227 3053 3110 3167 5961 5962 5963 6021 6078 6135 6189 6190 6191 6017 6074 6131 3737 4478 5219 3741 4482 5223 3965 4706 5447 3969 4710 5451 3794 3851 3908 4535 4592 4649 5276 5333 5390 3798 3855 3912 4539 4596 4653 5280 5337 5394 3738 3739 3740 4479 4480 4481 5220 5221 5222 3966 3967 3968 4707 4708 4709 5448 5449 5450 3054 3055 3056 3111 3112 3113 3168 3169 3170 6018 6019 6020 6075 6076 6077 6132 6133 6134 3795 3796 3797 3852 3853 3854 3909 3910 3911 4536 4537 4538 4593 4594 4595 4650 4651 4652 5277 5278 5279 5334 5335 5336 5391 5392 5393
          3000 3004 3232 3228 5964 5968 6196 6192 3001 3002 3003 3061 3118 3175 3229 3230 3231 3057 3114 3171 5965 5966 5967 6025 6082 6139 6193 6194 6195 6021 6078 6135 3741 4482 5223 3745 4486 5227 3969 4710 5451 3973 4714 5455 3798 3855 3912 4539 4596 4653 5280 5337 5394 3802 3859 3916 4543 4600 4657 5284 5341 5398 3742 3743 3744 4483 4484 4485 5224 5225 5226 3970 3971 3972 4711 4712 4713 5452 5453 5454 3058 3059 3060 3115 3116 3117 3172 3173 3174 6022 6023 6024 6079 6080 6081 6136 6137 6138 3799 3800 3801 3856 3857 3858 3913 3914 3915 4540 4541 4542 4597 4598 4599 4654 4655 4656 5281 5282 5283 5338 5339 5340 5395 5396 5397
          3004 3008 3236 3232 5968 5972 6200 6196 3005 3006 3007 3065 3122 3179 3233 3234 3235 3061 3118 3175 5969 5970 5971 6029 6086 6143 6197 6198 6199 6025 6082 6139 3745 4486 5227 3749 4490 5231 3973 4714 5455 3977 4718 5459 3802 3859 3916 4543 4600 4657 5284 5341 5398 3806 3863 3920 4547 4604 4661 5288 5345 5402 3746 3747 3748 4487 4488 4489 5228 5229 5230 3974 3975 3976 4715 4716 4717 5456 5457 5458 3062 3063 3064 3119 3120 3121 3176 3177 3178 6026 6027 6028 6083 6084 6085 6140 6141 6142 3803 3804 3805 3860 3861 3862 3917 3918 3919 4544 4545 4546 4601 4602 4603 4658 4659 4660 5285 5286 5287 5342 5343 5344 5399 5400 5401
          3008 3012 3240 3236 5972 5976 6204 6200 3009 3010 3011 3069 3126 3183 3237 3238 3239 3065 3122 3179 5973 5974 5975 6033 6090 6147 6201 6202 6203 6029 6086 6143 3749 4490 5231 3753 4494 5235 3977 4718 5459 3981 4722 5463 3806 3863 3920 4547 4604 4661 5288 5345 5402 3810 3867 3924 4551 4608 4665 5292 5349 5406 3750 3751 3752 4491 4492 4493 5232 5233 5234 3978 3979 3980 4719 4720 4721 5460 5461 5462 3066 3067 3068 3123 3124 3125 3180 3181 3182 6030 6031 6032 6087 6088 6089 6144 6145 6146 3807 3808 3809 3864 3865 3866 3921 3922 3923 4548 4549 4550 4605 4606 4607 4662 4663 4664 5289 5290 5291 5346 5347 5348 5403 5404 5405
          3012 3016 3244 3240 5976 5980 6208 6204 3013 3014 3015 3073 3130 3187 3241 3242 3243 3069 3126 3183 5977 5978 5979 6037 6094 6151 6205 6206 6207 6033 6090 6147 3753 4494 5235 3757 4498 5239 3981 4722 5463 3985 4726 5467 3810 3867 3924 4551 4608 4665 5292 5349 5406 3814 3871 3928 4555 4612 4669 5296 5353 5410 3754 3755 3756 4495 4496 4497 5236 5237 5238 3982 3983 3984 4723 4724 4725 5464 5465 5466 3070 3071 3072 3127 3128 3129 3184 3185 3186 6034 6035 6036 6091 6092 6093 6148 6149 6150 3811 3812 3813 3868 3869 3870 3925 3926 3927 4552 4553 4554 4609 4610 4611 4666 4667 4668 5293 5294 5295 5350 5351 5352 5407 5408 5409
          3016 3020 3248 3244 5980 5984 6212 6208 3017 3018 3019 3077 3134 3191 3245 3246 3247 3073 3130 3187 5981 5982 5983 6041 6098 6155 6209 6210 6211 6037 6094 6151 3757 4498 5239 3761 4502 5243 3985 4726 5467 3989 4730 5471 3814 3871 3928 4555 4612 4669 5296 5353 5410 3818 3875 3932 4559 4616 4673 5300 5357 5414 3758 3759 3760 4499 4500 4501 5240 5241 5242 3986 3987 3988 4727 4728 4729 5468 5469 5470 3074 3075 3076 3131 3132 3133 3188 3189 3190 6038 6039 6040 6095 6096 6097 6152 6153 6154 3815 3816 3817 3872 3873 3874 3929 3930 3931 4556 4557 4558 4613 4614 4615 4670 4671 4672 5297 5298 5299 5354 5355 5356 5411 5412 5413
          3192 3196 3424 3420 6156 6160 6388 6384 3193 3194 3195 3253 3310 3367 3421 3422 3423 3249 3306 3363 6157 6158 6159 6217 6274 6331 6385 6386 6387 6213 6270 6327 3933 4674 5415 3937 4678 5419 4161 4902 5643 4165 4906 5647 3990 4047 4104 4731 4788 4845 5472 5529 5586 3994 4051 4108 4735 4792 4849 5476 5533 5590 3934 3935 3936 4675 4676 4677 5416 5417 5418 4162 4163 4164 4903 4904 4905 5644 5645 5646 3250 3251 3252 3307 3308 3309 3364 3365 3366 6214 6215 6216 6271 6272 6273 6328 6329 6330 3991 3992 3993 4048 4049 4050 4105 4106 4107 4732 4733 4734 4789 4790 4791 4846 4847 4848 5473 5474 5475 5530 5531 5532 5587 5588 5589
          3196 3200 3428 3424 6160 6164 6392 6388 3197 3198 3199 3257 3314 3371 3425 3426 3427 3253 3310 3367 6161 6162 6163 6221 6278 6335 6389 6390 6391 6217 6274 6331 3937 4678 5419 3941 4682 5423 4165 4906 5647 4169 4910 5651 3994 4051 4108 4735 4792 4849 5476 5533 5590 3998 4055 4112 4739 4796 4853 5480 5537 5594 3938 3939 3940 4679 4680 4681 5420 5421 5422 4166 4167 4168 4907 4908 4909 5648 5649 5650 3254 3255 3256 3311 3312 3313 3368 3369 3370 6218 6219 6220 6275 6276 6277 6332 6333 6334 3995 3996 3997 4052 4053 4054 4109 4110 4111 4736 4737 4738 4793 4794 4795 4850 4851 4852 5477 5478 5479 5534 5535 5536 5591 5592 5593
          3200 3204 3432 3428 6164 6168 6396 6392 3201 3202 3203 3261 3318 3375 3429 3430 3431 3257 3314 3371 6165 6166 6167 6225 6282 6339 6393 6394 6395 6221 6278 6335 3941 4682 5423 3945 4686 5427 4169 4910 5651 4173 4914 5655 3998 4055 4112 4739 4796 4853 5480 5537 5594 4002 4059 4116 4743 4800 4857 5484 5541 5598 3942 3943 3944 4683 4684 4685 5424 5425 5426 4170 4171 4172 4911 4912 4913 5652 5653 5654 3258 3259 3260 3315 3316 3317 3372 3373 3374 6222 6223 6224 6279 6280 6281 6336 6337 6338 3999 4000 4001 4056 4057 4058 4113 4114 4115 4740 4741 4742 4797 4798 4799 4854 4855 4856 5481 5482 5483 5538 5539 5540 5595 5596 5597
          3204 3208 3436 3432 6168 6172 6400 6396 3205 3206 3207 3265 3322 3379 3433 3434 3435 3261 3318 3375 6169 6170 6171 6229 6286 6343 6397 6398 6399 6225 6282 6339 3945 4686 5427 3949 4690 5431 4173 4914 5655 4177 4918 5659 4002 4059 4116 4743 4800 4857 5484 5541 5598 4006 4063 4120 4747 4804 4861 5488 5545 5602 3946 3947 3948 4687 4688 4689 5428 5429 5430 4174 4175 4176 4915 4916 4917 5656 5657 5658 3262 3263 3264 3319 3320 3321 3376 3377 3378 6226 6227 6228 6283 6284 6285 6340 6341 6342 4003 4004 4005 4060 4061 4062 4117 4118 4119 4744 4745 4746 4801 4802 4803 4858 4859 4860 5485 5486 5487 5542 5543 5544 5599 5600 5601
          3208 3212 3440 3436 6172 6176 6404 6400 3209 3210 3211 3269 3326 3383 3437 3438 3439 3265 3322 3379 6173 6174 6175 6233 6290 6347 6401 6402 6403 6229 6286 6343 3949 4690 5431 3953 4694 5435 4177 4918 5659 4181 4922 5663 4006 4063 4120 4747 4804 4861 5488 5545 5602 4010 4067 4124 4751 4808 4865 5492 5549 5606 3950 3951 3952 4691 4692 4693 5432 5433 5434 4178 4179 4180 4919 4920 4921 5660 5661 5662 3266 3267 3268 3323 3324 3325 3380 3381 3382 6230 6231 6232 6287 6288 6289 6344 6345 6346 4007 4008 4009 4064 4065 4066 4121 4122 4123 4748 4749 4750 4805 4806 4807 4862 4863 4864 5489 5490 5491 5546 5547 5548 5603 5604 5605
          3212 3216 3444 3440 6176 6180 6408 6404 3213 3214 3215 3273 3330 3387 3441 3442 3443 3269 3326 3383 6177 6178 6179 6237 6294 6351 6405 6406 6407 6233 6290 6347 3953 4694 5435 3957 4698 5439 4181 4922 5663 4185 4926 5667 4010 4067 4124 4751 4808 4865 5492 5549 5606 4014 4071 4128 4755 4812 4869 5496 5553 5610 3954 3955 3956 4695 4696 4697 5436 5437 5438 4182 4183 4184 4923 4924 4925 5664 5665 5666 3270 3271 3272 3327 3328 3329 3384 3385 3386 6234 6235 6236 6291 6292 6293 6348 6349 6350 4011 4012 4013 4068 4069 4070 4125 4126 4127 4752 4753 4754 4809 4810 4811 4866 4867 4868 5493 5494 5495 5550 5551 5552 5607 5608 5609
          3216 3220 3448 3444 6180 6184 6412 6408 3217 3218 3219 3277 3334 3391 3445 3446 3447 3273 3330 3387 6181 6182 6183 6241 6298 6355 6409 6410 6411 6237 6294 6351 3957 4698 5439 3961 4702 5443 4185 4926 5667 4189 4930 5671 4014 4071 4128 4755 4812 4869 5496 5553 5610 4018 4075 4132 4759 4816 4873 5500 5557 5614 3958 3959 3960 4699 4700 4701 5440 5441 5442 4186 4187 4188 4927 4928 4929 5668 5669 5670 3274 3275 3276 3331 3332 3333 3388 3389 3390 6238 6239 6240 6295 6296 6297 6352 6353 6354 4015 4016 4017 4072 4073 4074 4129 4130 4131 4756 4757 4758 4813 4814 4815 4870 4871 4872 5497 5498 5499 5554 5555 5556 5611 5612 5613
          3220 3224 3452 3448 6184 6188 6416 6412 3221 3222 3223 3281 3338 3395 3449 3450 3451 3277 3334 3391 6185 6186 6187 6245 6302 6359 6413 6414 6415 6241 6298 6355 3961 4702 5443 3965 4706 5447 4189 4930 5671 4193 4934 5675 4018 4075 4132 4759 4816 4873 5500 5557 5614 4022 4079 4136 4763 4820 4877 5504 5561 5618 3962 3963 3964 4703 4704 4705 5444 5445 5446 4190 4191 4192 4931 4932 4933 5672 5673 5674 3278 3279 3280 3335 3336 3337 3392 3393 3394 6242 6243 6244 6299 6300 6301 6356 6357 6358 4019 4020 4021 4076 4077 4078 4133 4134 4135 4760 4761 4762 4817 4818 4819 4874 4875 4876 5501 5502 5503 5558 5559 5560 5615 5616 5617
          3224 3228 3456 3452 6188 6192 6420 6416 3225 3226 3227 3285 3342 3399 3453 3454 3455 3281 3338 3395 6189 6190 6191 6249 6306 6363 6417 6418 6419 6245 6302 6359 3965 4706 5447 3969 4710 5451 4193 4934 5675 4197 4938 5679 4022 4079 4136 4763 4820 4877 5504 5561 5618 4026 4083 4140 4767 4824 4881 5508 5565 5622 3966 3967 3968 4707 4708 4709 5448 5449 5450 4194 4195 4196 4935 4936 4937 5676 5677 5678 3282 3283 3284 3339 3340 3341 3396 3397 3398 6246 6247 6248 6303 6304 6305 6360 6361 6362 4023 4024 4025 4080 4081 4082 4137 4138 4139 4764 4765 4766 4821 4822 4823 4878 4879 4880 5505 5506 5507 5562 5563 5564 5619 5620 5621
          3228 3232 3460 3456 6192 6196 6424 6420 3229 3230 3231 3289 3346 3403 3457 3458 3459 3285 3342 3399 6193 6194 6195 6253 6310 6367 6421 6422 6423 6249 6306 6363 3969 4710 5451 3973 4714 5455 4197 4938 5679 4201 4942 5683 4026 4083 4140 4767 4824 4881 5508 5565 5622 4030 4087 4144 4771 4828 4885 5512 5569 5626 3970 3971 3972 4711 4712 4713 5452 5453 5454 4198 4199 4200 4939 4940 4941 5680 5681 5682 3286 3287 3288 3343 3344 3345 3400 3401 3402 6250 6251 6252 6307 6308 6309 6364 6365 6366 4027 4028 4029 4084 4085 4086 4141 4142 4143 4768 4769 4770 4825 4826 4827 4882 4883 4884 5509 5510 5511 5566 5567 5568 5623 5624 5625
          3232 3236 3464 3460 6196 6200 6428 6424 3233 3234 3235 3293 3350 3407 3461 3462 3463 3289 3346 3403 6197 6198 6199 6257 6314 6371 6425 6426 6427 6253 6310 6367 3973 4714 5455 3977 4718 5459 4201 4942 5683 4205 4946 5687 4030 4087 4144 4771 4828 4885 5512 5569 5626 4034 4091 4148 4775 4832 4889 5516 5573 5630 3974 3975 3976 4715 4716 4717 5456 5457 5458 4202 4203 4204 4943 4944 4945 5684 5685 5686 3290 3291 3292 3347 3348 3349 3404 3405 3406 6254 6255 6256 6311 6312 6313 6368 6369 6370 4031 4032 4033 4088 4089 4090 4145 4146 4147 4772 4773 4774 4829 4830 4831 4886 4887 4888 5513 5514 5515 5570 5571 5572 5627 5628 5629
          3236 3240 3468 3464 6200 6204 6432 6428 3237 3238 3239 3297 3354 3411 3465 3466 3467 3293 3350 3407 6201 6202 6203 6261 6318 6375 6429 6430 6431 6257 6314 6371 3977 4718 5459 3981 4722 5463 4205 4946 5687 4209 4950 5691 4034 4091 4148 4775 4832 4889 5516 5573 5630 4038 4095 4152 4779 4836 4893 5520 5577 5634 3978 3979 3980 4719 4720 4721 5460 5461 5462 4206 4207 4208 4947 4948 4949 5688 5689 5690 3294 3295 3296 3351 3352 3353 3408 3409 3410 6258 6259 6260 6315 6316 6317 6372 6373 6374 4035 4036 4037 4092 4093 4094 4149 4150 4151 4776 4777 4778 4833 4834 4835 4890 4891 4892 5517 5518 5519 5574 5575 5576 5631 5632 5633
          3240 3244 3472 3468 6204 6208 6436 6432 3241 3242 3243 3301 3358 3415 3469 3470 3471 3297 3354 3411 6205 6206 6207 6265 6322 6379 6433 6434 6435 6261 6318 6375 3981 4722 5463 3985 4726 5467 4209 4950 5691 4213 4954 5695 4038 4095 4152 4779 4836 4893 5520 5577 5634 4042 4099 4156 4783 4840 4897 5524 5581 5638 3982 3983 3984 4723 4724 4725 5464 5465 5466 4210 4211 4212 4951 4952 4953 5692 5693 5694 3298 3299 3300 3355 3356 3357 3412 3413 3414 6262 6263 6264 6319 6320 6321 6376 6377 6378 4039 4040 4041 4096 4097 4098 4153 4154 4155 4780 4781 4782 4837 4838 4839 4894 4895 4896 5521 5522 5523 5578 5579 5580 5635 5636 5637
          3244 3248 3476 3472 6208 6212 6440 6436 3245 3246 3247 3305 3362 3419 3473 3474 3475 3301 3358 3415 6209 6210 6211 6269 6326 6383 6437 6438 6439 6265 6322 6379 3985 4726 5467 3989 4730 5471 4213 4954 5695 4217 4958 5699 4042 4099 4156 4783 4840 4897 5524 5581 5638 4046 4103 4160 4787 4844 4901 5528 5585 5642 3986 3987 3988 4727 4728 4729 5468 5469 5470 4214 4215 4216 4955 4956 4957 5696 5697 5698 3302 3303 3304 3359 3360 3361 3416 3417 3418 6266 6267 6268 6323 6324 6325 6380 6381 6382 4043 4044 4045 4100 4101 4102 4157 4158 4159 4784 4785 4786 4841 4842 4843 4898 4899 4900 5525 5526 5527 5582 5583 5584 5639 5640 5641
          3420 3424 3652 3648 6384 6388 6616 6612 3421 3422 3423 3481 3538 3595 3649 3650 3651 3477 3534 3591 6385 6386 6387 6445 6502 6559 6613 6614 6615 6441 6498 6555 4161 4902 5643 4165 4906 5647 4389 5130 5871 4393 5134 5875 4218 4275 4332 4959 5016 5073 5700 5757 5814 4222 4279 4336 4963 5020 5077 5704 5761 5818 4162 4163 4164 4903 4904 4905 5644 5645 5646 4390 4391 4392 5131 5132 5133 5872 5873 5874 3478 3479 3480 3535 3536 3537 3592 3593 3594 6442 6443 6444 6499 6500 6501 6556 6557 6558 4219 4220 4221 4276 4277 4278 4333 4334 4335 4960 4961 4962 5017 5018 5019 5074 5075 5076 5701 5702 5703 5758 5759 5760 5815 5816 5817
          3424 3428 3656 3652 6388 6392 6620 6616 3425 3426 3427 3485 3542 3599 3653 3654 3655 3481 3538 3595 6389 6390 6391 6449 6506 6563 6617 6618 6619 6445 6502 6559 4165 4906 5647 4169 4910 5651 4393 5134 5875 4397 5138 5879 4222 4279 4336 4963 5020 5077 5704 5761 5818 4226 4283 4340 4967 5024 5081 5708 5765 5822 4166 4167 4168 4907 4908 4909 5648 5649 5650 4394 4395 4396 5135 5136 5137 5876 5877 5878 3482 3483 3484 3539 3540 3541 3596 3597 3598 6446 6447 6448 6503 6504 6505 6560 6561 6562 4223 4224 4225 4280 4281 4282 4337 4338 4339 4964 4965 4966 5021 5022 5023 5078 5079 5080 5705 5706 5707 5762 5763 5764 5819 5820 5821
          3428 3432 3660 3656 6392 6396 6624 6620 3429 3430 3431 3489 3546 3603 3657 3658 3659 3485 3542 3599 6393 6394 6395 6453 6510 6567 6621 6622 6623 6449 6506 6563 4169 4910 5651 4173 4914 5655 4397 5138 5879 4401 5142 5883 4226 4283 4340 4967 5024 5081 5708 5765 5822 4230 4287 4344 4971 5028 5085 5712 5769 5826 4170 4171 4172 4911 4912 4913 5652 5653 5654 4398 4399 4400 5139 5140 5141 5880 5881 5882 3486 3487 3488 3543 3544 3545 3600 3601 3602 6450 6451 6452 6507 6508 6509 6564 6565 6566 4227 4228 4229 4284 4285 4286 4341 4342 4343 4968 4969 4970 5025 5026 5027 5082 5083 5084 5709 5710 5711 5766 5767 5768 5823 5824 5825
          3432 3436 3664 3660 6396 6400 6628 6624 3433 3434 3435 3493 3550 3607 3661 3662 3663 3489 3546 3603 6397 6398 6399 6457 6514 6571 6625 6626 6627 6453 6510 6567 4173 4914 5655 4177 4918 5659 4401 5142 5883 4405 5146 5887 4230 4287 4344 4971 5028 5085 5712 5769 5826 4234 4291 4348 4975 5032 5089 5716 5773 5830 4174 4175 4176 4915 4916 4917 5656 5657 5658 4402 4403 4404 5143 5144 5145 5884 5885 5886 3490 3491 3492 3547 3548 3549 3604 3605 3606 6454 6455 6456 6511 6512 6513 6568 6569 6570 4231 4232 4233 4288 4289 4290 4345 4346 4347 4972 4973 4974 5029 5030 5031 5086 5087 5088 5713 5714 5715 5770 5771 5772 5827 5828 5829
          3436 3440 3668 3664 6400 6404 6632 6628 3437 3438 3439 3497 3554 3611 3665 3666 3667 3493 3550 3607 6401 6402 6403 6461 6518 6575 6629 6630 6631 6457 6514 6571 4177 4918 5659 4181 4922 5663 4405 5146 5887 4409 5150 5891 4234 4291 4348 4975 5032 5089 5716 5773 5830 4238 4295 4352 4979 5036 5093 5720 5777 5834 4178 4179 4180 4919 4920 4921 5660 5661 5662 4406 4407 4408 5147 5148 5149 5888 5889 5890 3494 3495 3496 3551 3552 3553 3608 3609 3610 6458 6459 6460 6515 6516 6517 6572 6573 6574 4235 4236 4237 4292 4293 4294 4349 4350 4351 4976 4977 4978 5033 5034 5035 5090 5091 5092 5717 5718 5719 5774 5775 5776 5831 5832 5833
          3440 3444 3672 3668 6404 6408 6636 6632 3441 3442 3443 3501 3558 3615 3669 3670 3671 3497 3554 3611 6405 6406 6407 6465 6522 6579 6633 6634 6635 6461 6518 6575 4181 4922 5663 4185 4926 5667 4409 5150 5891 4413 5154 5895 4238 4295 4352 4979 5036 5093 5720 5777 5834 4242 4299 4356 4983 5040 5097 5724 5781 5838 4182 4183 4184 4923 4924 4925 5664 5665 5666 4410 4411 4412 5151 5152 5153 5892 5893 5894 3498 3499 3500 3555 3556 3557 3612 3613 3614 6462 6463 6464 6519 6520 6521 6576 6577 6578 4239 4240 4241 4296 4297 4298 4353 4354 4355 4980 4981 4982 5037 5038 5039 5094 5095 5096 5721 5722 5723 5778 5779 5780 5835 5836 5837
          3444 3448 3676 3672 6408 6412 6640 6636 3445 3446 3447 3505 3562 3619 3673 3674 3675 3501 3558 3615 6409 6410 6411 6469 6526 6583 6637 6638 6639 6465 6522 6579 4185 4926 5667 4189 4930 5671 4413 5154 5895 4417 5158 5899 4242 4299 4356 4983 5040 5097 5724 5781 5838 4246 4303 4360 4987 5044 5101 5728 5785 5842 4186 4187 4188 4927 4928 4929 5668 5669 5670 4414 4415 4416 5155 5156 5157 5896 5897 5898 3502 3503 3504 3559 3560 3561 3616 3617 3618 6466 6467 6468 6523 6524 6525 6580 6581 6582 4243 4244 4245 4300 4301 4302 4357 4358 4359 4984 4985 4986 5041 5042 5043 5098 5099 5100 5725 5726 5727 5782 5783 5784 5839 5840 5841
          3448 3452 3680 3676 6412 6416 6644 6640 3449 3450 3451 3509 3566 3623 3677 3678 3679 3505 3562 3619 6413 6414 6415 6473 6530 6587 6641 6642 6643 6469 6526 6583 4189 4930 5671 4193 4934 5675 4417 5158 5899 4421 5162 5903 4246 4303 4360 4987 5044 5101 5728 5785 5842 4250 4307 4364 4991 5048 5105 5732 5789 5846 4190 4191 4192 4931 4932 4933 5672 5673 5674 4418 4419 4420 5159 5160 5161 5900 5901 5902 3506 3507 3508 3563 3564 3565 3620 3621 3622 6470 6471 6472 6527 6528 6529 6584 6585 6586 4247 4248 4249 4304 4305 4306 4361 4362 4363 4988 4989 4990 5045 5046 5047 5102 5103 5104 5729 5730 5731 5786 5787 5788 5843 5844 5845
          3452 3456 3684 3680 6416 6420 6648 6644 3453 3454 3455 3513 3570 3627 3681 3682 3683 3509 3566 3623 6417 6418 6419 6477 6534 6591 6645 6646 6647 6473 6530 6587 4193 4934 5675 4197 4938 5679 4421 5162 5903 4425 5166 5907 4250 4307 4364 4991 5048 5105 5732 5789 5846 4254 4311 4368 4995 5052 5109 5736 5793 5850 4194 4195 4196 4935 4936 4937 5676 5677 5678 4422 4423 4424 5163 5164 5165 5904 5905 5906 3510 3511 3512 3567 3568 3569 3624 3625 3626 6474 6475 6476 6531 6532 6533 6588 6589 6590 4251 4252 4253 4308 4309 4310 4365 4366 4367 4992 4993 4994 5049 5050 5051 5106 5107 5108 5733 5734 5735 5790 5791 5792 5847 5848 5849
          3456 3460 3688 3684 6420 6424 6652 6648 3457 3458 3459 3517 3574 3631 3685 3686 3687 3513 3570 3627 6421 6422 6423 6481 6538 6595 6649 6650 6651 6477 6534 6591 4197 4938 5679 4201 4942 5683 4425 5166 5907 4429 5170 5911 4254 4311 4368 4995 5052 5109 5736 5793 5850 4258 4315 4372 4999 5056 5113 5740 5797 5854 4198 4199 4200 4939 4940 4941 5680 5681 5682 4426 4427 4428 5167 5168 5169 5908 5909 5910 3514 3515 3516 3571 3572 3573 3628 3629 3630 6478 6479 6480 6535 6536 6537 6592 6593 6594 4255 4256 4257 4312 4313 4314 4369 4370 4371 4996 4997 4998 5053 5054 5055 5110 5111 5112 5737 5738 5739 5794 5795 5796 5851 5852 5853
          3460 3464 3692 3688 6424 6428 6656 6652 3461 3462 3463 3521 3578 3635 3689 3690 3691 3517 3574 3631 6425 6426 6427 6485 6542 6599 6653 6654 6655 6481 6538 6595 4201 4942 5683 4205 4946 5687 4429 5170 5911 4433 5174 5915 4258 4315 4372 4999 5056 5113 5740 5797 5854 4262 4319 4376 5003 5060 5117 5744 5801 5858 4202 4203 4204 4943 4944 4945 5684 5685 5686 4430 4431 4432 5171 5172 5173 5912 5913 5914 3518 3519 3520 3575 3576 3577 3632 3633 3634 6482 6483 6484 6539 6540 6541 6596 6597 6598 4259 4260 4261 4316 4317 4318 4373 4374 4375 5000 5001 5002 5057 5058 5059 5114 5115 5116 5741 5742 5743 5798 5799 5800 5855 5856 5857
          3464 3468 3696 3692 6428 6432 6660 6656 3465 3466 3467 3525 3582 3639 3693 3694 3695 3521 3578 3635 6429 6430 6431 6489 6546 6603 6657 6658 6659 6485 6542 6599 4205 4946 5687 4209 4950 5691 4433 5174 5915 4437 5178 5919 4262 4319 4376 5003 5060 5117 5744 5801 5858 4266 4323 4380 5007 5064 5121 5748 5805 5862 4206 4207 4208 4947 4948 4949 5688 5689 5690 4434 4435 4436 5175 5176 5177 5916 5917 5918 3522 3523 3524 3579 3580 3581 3636 3637 3638 6486 6487 6488 6543 6544 6545 6600 6601 6602 4263 4264 4265 4320 4321 4322 4377 4378 4379 5004 5005 5006 5061 5062 5063 5118 5119 5120 5745 5746 5747 5802 5803 5804 5859 5860 5861
          3468 3472 3700 3696 6432 6436 6664 6660 3469 3470 3471 3529 3586 3643 3697 3698 3699 3525 3582 3639 6433 6434 6435 6493 6550 6607 6661 6662 6663 6489 6546 6603 4209 4950 5691 4213 4954 5695 4437 5178 5919 4441 5182 5923 4266 4323 4380 5007 5064 5121 5748 5805 5862 4270 4327 4384 5011 5068 5125 5752 5809 5866 4210 4211 4212 4951 4952 4953 5692 5693 5694 4438 4439 4440 5179 5180 5181 5920 5921 5922 3526 3527 3528 3583 3584 3585 3640 3641 3642 6490 6491 6492 6547 6548 6549 6604 6605 6606 4267 4268 4269 4324 4325 4326 4381 4382 4383 5008 5009 5010 5065 5066 5067 5122 5123 5124 5749 5750 5751 5806 5807 5808 5863 5864 5865
          3472 3476 3704 3700 6436 6440 6668 6664 3473 3474 3475 3533 3590 3647 3701 3702 3703 3529 3586 3643 6437 6438 6439 6497 6554 6611 6665 6666 6667 6493 6550 6607 4213 4954 5695 4217 4958 5699 4441 5182 5923 4445 5186 5927 4270 4327 4384 5011 5068 5125 5752 5809 5866 4274 4331 4388 5015 5072 5129 5756 5813 5870 4214 4215 4216 4955 4956 4957 5696 5697 5698 4442 4443 4444 5183 5184 5185 5924 5925 5926 3530 3531 3532 3587 3588 3589 3644 3645 3646 6494 6495 6496 6551 6552 6553 6608 6609 6610 4271 4272 4273 4328 4329 4330 4385 4386 4387 5012 5013 5014 5069 5070 5071 5126 5127 5128 5753 5754 5755 5810 5811 5812 5867 5868 5869
          5928 5932 6160 6156 8892 8896 9124 9120 5929 5930 5931 5989 6046 6103 6157 6158 6159 5985 6042 6099 8893 8894 8895 8953 9010 9067 9121 9122 9123 8949 9006 9063 6669 7410 8151 6673 7414 8155 6897 7638 8379 6901 7642 8383 6726 6783 6840 7467 7524 7581 8208 8265 8322 6730 6787 6844 7471 7528 7585 8212 8269 8326 6670 6671 6672 7411 7412 7413 8152 8153 8154 6898 6899 6900 7639 7640 7641 8380 8381 8382 5986 5987 5988 6043 6044 6045 6100 6101 6102 8950 8951 8952 9007 9008 9009 9064 9065 9066 6727 6728 6729 6784 6785 6786 6841 6842 6843 7468 7469 7470 7525 7526 7527 7582 7583 7584 8209 8210 8211 8266 8267 8268 8323 8324 8325
          5932 5936 6164 6160 8896 8900 9128 9124 5933 5934 5935 5993 6050 6107 6161 6162 6163 5989 6046 6103 8897 8898 8899 8957 9014 9071 9125 9126 9127 8953 9010 9067 6673 7414 8155 6677 7418 8159 6901 7642 8383 6905 7646 8387 6730 6787 6844 7471 7528 7585 8212 8269 8326 6734 6791 6848 7475 7532 7589 8216 8273 8330 6674 6675 6676 7415 7416 7417 8156 8157 8158 6902 6903 6904 7643 7644 7645 8384 8385 8386 5990 5991 5992 6047 6048 6049 6104 6105 6106 8954 8955 8956 9011 9012 9013 9068 9069 9070 6731 6732 6733 6788 6789 6790 6845 6846 6847 7472 7473 7474 7529 7530 7531 7586 7587 7588 8213 8214 8215 8270 8271 8272 8327 8328 8329
          5936 5940 6168 6164 8900 8904 9132 9128 5937 5938 5939 5997 6054 6111 6165 6166 6167 5993 6050 6107 8901 8902 8903 8961 9018 9075 9129 9130 9131 8957 9014 9071 6677 7418 8159 6681 7422 8163 6905 7646 8387 6909 7650 8391 6734 6791 6848 7475 7532 7589 8216 8273 8330 6738 6795 6852 7479 7536 7593 8220 8277 8334 6678 6679 6680 7419 7420 7421 8160 8161 8162 6906 6907 6908 7647 7648 7649 8388 8389 8390 5994 5995 5996 6051 6052 6053 6108 6109 6110 8958 8959 8960 9015 9016 9017 9072 9073 9074 6735 6736 6737 6792 6793 6794 6849 6850 6851 7476 7477 7478 7533 7534 7535 7590 7591 7592 8217 8218 8219 8274 8275 8276 8331 8332 8333
          5940 5944 6172 6168 8904 8908 9136 9132 5941 5942 5943 6001 6058 6115 6169 6170 6171 5997 6054 6111 8905 8906 8907 8965 9022 9079 9133 9134 9135 8961 9018 9075 6681 7422 8163 6685 7426 8167 6909 7650 8391 6913 7654 8395 6738 6795 6852 7479 7536 7593 8220 8277 8334 6742 6799 6856 7483 7540 7597 8224 8281 8338 6682 6683 6684 7423 7424 7425 8164 8165 8166 6910 6911 6912 7651 7652 7653 8392 8393 8394 5998 5999 6000 6055 6056 6057 6112 6113 6114 8962 8963 8964 9019 9020 9021 9076 9077 9078 6739 6740 6741 6796 6797 6798 6853 6854 6855 7480 7481 7482 7537 7538 7539 7594 7595 7596 8221 8222 8223 8278 8279 8280 8335 8336 8337
          5944 5948 6176 6172 8908 8912 9140 9136 5945 5946 5947 6005 6062 6119 6173 6174 6175 6001 6058 6115 8909 8910 8911 8969 9026 9083 9137 9138 9139 8965 9022 9079 6685 7426 8167 6689 7430 8171 6913 7654 8395 6917 7658 8399 6742 6799 6856 7483 7540 7597 8224 8281 8338 6746 6803 6860 7487 7544 7601 8228 8285 8342 6686 6687 6688 7427 7428 7429 8168 8169 8170 6914 6915 6916 7655 7656 7657 8396 8397 8398 6002 6003 6004 6059 6060 6061 6116 6117 6118 8966 8967 8968 9023 9024 9025 9080 9081 9082 6743 6744 6745 6800 6801 6802 6857 6858 6859 7484 7485 7486 7541 7542 7543 7598 7599 7600 8225 8226 8227 8282 8283 8284 8339 8340 8341
          5948 5952 6180 6176 8912 8916 9144 9140 5949 5950 5951 6009 6066 6123 6177 6178 6179 6005 6062 6119 8913 8914 8915 8973 9030 9087 9141 9142 9143 8969 9026 9083 6689 7430 8171 6693 7434 8175 6917 7658 8399 6921 7662 8403 6746 6803 6860 7487 7544 7601 8228 8285 8342 6750 6807 6864 7491 7548 7605 8232 8289 8346 6690 6691 6692 7431 7432 7433 8172 8173 8174 6918 6919 6920 7659 7660 7661 8400 8401 8402 6006 6007 6008 6063 6064 6065 6120 6121 6122 8970 8971 8972 9027 9028 9029 9084 9085 9086 6747 6748 6749 6804 6805 6806 6861 6862 6863 7488 7489 7490 7545 7546 7547 7602 7603 7604 8229 8230 8231 8286 8287 8288 8343 8344 8345
          5952 5956 6184 6180 8916 8920 9148 9144 5953 5954 5955 6013 6070 6127 6181 6182 6183 6009 6066 6123 8917 8918 8919 8977 9034 9091 9145 9146 9147 8973 9030 9087 6693 7434 8175 6697 7438 8179 6921 7662 8403 6925 7666 8407 6750 6807 6864 7491 7548 7605 8232 8289 8346 6754 6811 6868 7495 7552 7609 8236 8293 8350 6694 6695 6696 7435 7436 7437 8176 8177 8178 6922 6923 6924 7663 7664 7665 8404 8405 8406 6010 6011 6012 6067 6068 6069 6124 6125 6126 8974 8975 8976 9031 9032 9033 9088 9089 9090 6751 6752 6753 6808 6809 6810 6865 6866 6867 7492 7493 7494 7549 7550 7551 7606 7607 7608 8233 8234 8235 8290 8291 8292 8347 8348 8349
          5956 5960 6188 6184 8920 8924 9152 9148 5957 5958 5959 6017 6074 6131 6185 6186 6187 6013 6070 6127 8921 8922 8923 8981 9038 9095 9149 9150 9151 8977 9034 9091 6697 7438 8179 6701 7442 8183 6925 7666 8407 6929 7670 8411 6754 6811 6868 7495 7552 7609 8236 8293 8350 6758 6815 6872 7499 7556 7613 8240 8297 8354 6698 6699 6700 7439 7440 7441 8180 8181 8182 6926 6927 6928 7667 7668 7669 8408 8409 8410 6014 6015 6016 6071 6072 6073 6128 6129 6130 8978 8979 8980 9035 9036 9037 9092 9093 9094 6755 6756 6757 6812 6813 6814 6869 6870 6871 7496 7497 7498 7553 7554 7555 7610 7611 7612 8237 8238 8239 8294 8295 8296 8351 8352 8353
          5960 5964 6192 6188 8924 8928 9156 9152 5961 5962 5963 6021 6078 6135 6189 6190 6191 6017 6074 6131 8925 8926 8927 8985 9042 9099 9153 9154 9155 8981 9038 9095 6701 7442 8183 6705 7446 8187 6929 7670 8411 6933 7674 8415 6758 6815 6872 7499 7556 7613 8240 8297 8354 6762 6819 6876 7503 7560 7617 8244 8301 8358 6702 6703 6704 7443 7444 7445 8184 8185 8186 6930 6931 6932 7671 7672 7673 8412 8413 8414 6018 6019 6020 6075 6076 6077 6132 6133 6134 8982 8983 8984 9039 9040 9041 9096 9097 9098 6759 6760 6761 6816 6817 6818 6873 6874 6875 7500 7501 7502 7557 7558 7559 7614 7615 7616 8241 8242 8243 8298 8299 8300 8355 8356 8357
          5964 5968 6196 6192 8928 8932 9160 9156 5965 5966 5967 6025 6082 6139 6193 6194 6195 6021 6078 6135 8929 8930 8931 8989 9046 9103 9157 9158 9159 8985 9042 9099 6705 7446 8187 6709 7450 8191 6933 7674 8415 6937 7678 8419 6762 6819 6876 7503 7560 7617 8244 8301 8358 6766 6823 6880 7507 7564 7621 8248 8305 8362 6706 6707 6708 7447 7448 7449 8188 8189 8190 6934 6935 6936 7675 7676 7677 8416 8417 8418 6022 6023 6024 6079 6080 6081 6136 6137 6138 8986 8987 8988 9043 9044 9045 9100 9101 9102 6763 6764 6765 6820 6821 6822 6877 6878 6879 7504 7505 7506 7561 7562 7563 7618 7619 7620 8245 8246 8247 8302 8303 8304 8359 8360 8361
          5968 5972 6200 6196 8932 8936 9164 9160 5969 5970 5971 6029 6086 6143 6197 6198 6199 6025 6082 6139 8933 8934 8935 8993 9050 9107 9161 9162 9163 8989 9046 9103 6709 7450 8191 6713 7454 8195 6937 7678 8419 6941 7682 8423 6766 6823 6880 7507 7564 7621 8248 8305 8362 6770 6827 6884 7511 7568 7625 8252 8309 8366 6710 6711 6712 7451 7452 7453 8192 8193 8194 6938 6939 6940 7679 7680 7681 8420 8421 8422 6026 6027 6028 6083 6084 6085 6140 6141 6142 8990 8991 8992 9047 9048 9049 9104 9105 9106 6767 6768 6769 6824 6825 6826 6881 6882 6883 7508 7509 7510 7565 7566 7567 7622 7623 7624 8249 8250 8251 8306 8307 8308 8363 8364 8365
          5972 5976 6204 6200 8936 8940 9168 9164 5973 5974 5975 6033 6090 6147 6201 6202 6203 6029 6086 6143 8937 8938 8939 8997 9054 9111 9165 9166 9167 8993 9050 9107 6713 7454 8195 6717 7458 8199 6941 7682 8423 6945 7686 8427 6770 6827 6884 7511 7568 7625 8252 8309 8366 6774 6831 6888 7515 7572 7629 8256 8313 8370 6714 6715 6716 7455 7456 7457 8196 8197 8198 6942 6943 6944 7683 7684 7685 8424 8425 8426 6030 6031 6032 6087 6088 6089 6144 6145 6146 8994 8995 8996 9051 9052 9053 9108 9109 9110 6771 6772 6773 6828 6829 6830 6885 6886 6887 7512 7513 7514 7569 7570 7571 7626 7627 7628 8253 8254 8255 8310 8311 8312 8367 8368 8369
          5976 5980 6208 6204 8940 8944 9172 9168 5977 5978 5979 6037 6094 6151 6205 6206 6207 6033 6090 6147 8941 8942 8943 9001 9058 9115 9169 9170 9171 8997 9054 9111 6717 7458 8199 6721 7462 8203 6945 7686 8427 6949 7690 8431 6774 6831 6888 7515 7572 7629 8256 8313 8370 6778 6835 6892 7519 7576 7633 8260 8317 8374 6718 6719 6720 7459 7460 7461 8200 8201 8202 6946 6947 6948 7687 7688 7689 8428 8429 8430 6034 6035 6036 6091 6092 6093 6148 6149 6150 8998 8999 9000 9055 9056 9057 9112 9113 9114 6775 6776 6777 6832 6833 6834 6889 6890 6891 7516 7517 7518 7573 7574 7575 7630 7631 7632 8257 8258 8259 8314 8315 8316 8371 8372 8373
          5980 5984 6212 6208 8944 8948 9176 9172 5981 5982 5983 6041 6098 6155 6209 6210 6211 6037 6094 6151 8945 8946 8947 9005 9062 9119 9173 9174 9175 9001 9058 9115 6721 7462 8203 6725 7466 8207 6949 7690 8431 6953 7694 8435 6778 6835 6892 7519 7576 7633 8260 8317 8374 6782 6839 6896 7523 7580 7637 8264 8321 8378 6722 6723 6724 7463 7464 7465 8204 8205 8206 6950 6951 6952 7691 7692 7693 8432 8433 8434 6038 6039 6040 6095 6096 6097 6152 6153 6154 9002 9003 9004 9059 9060 9061 9116 9117 9118 6779 6780 6781 6836 6837 6838 6893 6894 6895 7520 7521 7522 7577 7578 7579 7634 7635 7636 8261 8262 8263 8318 8319 8320 8375 8376 8377
          6156 6160 6388 6384 9120 9124 9352 9348 6157 6158 6159 6217 6274 6331 6385 6386 6387 6213 6270 6327 9121 9122 9123 9181 9238 9295 9349 9350 9351 9177 9234 9291 6897 7638 8379 6901 7642 8383 7125 7866 8607 7129 7870 8611 6954 7011 7068 7695 7752 7809 8436 8493 8550 6958 7015 7072 7699 7756 7813 8440 8497 8554 6898 6899 6900 7639 7640 7641 8380 8381 8382 7126 7127 7128 7867 7868 7869 8608 8609 8610 6214 6215 6216 6271 6272 6273 6328 6329 6330 9178 9179 9180 9235 9236 9237 9292 9293 9294 6955 6956 6957 7012 7013 7014 7069 7070 7071 7696 7697 7698 7753 7754 7755 7810 7811 7812 8437 8438 8439 8494 8495 8496 8551 8552 8553
          6160 6164 6392 6388 9124 9128 9356 9352 6161 6162 6163 6221 6278 6335 6389 6390 6391 6217 6274 6331 9125 9126 9127 9185 9242 9299 9353 9354 9355 9181 9238 9295 6901 7642 8383 6905 7646 8387 7129 7870 8611 7133 7874 8615 6958 7015 7072 7699 7756 7813 8440 8497 8554 6962 7019 7076 7703 7760 7817 8444 8501 8558 6902 6903 6904 7643 7644 7645 8384 8385 8386 7130 7131 7132 7871 7872 7873 8612 8613 8614 6218 6219 6220 6275 6276 6277 6332 6333 6334 9182 9183 9184 9239 9240 9241 9296 9297 9298 6959 6960 6961 7016 7017 7018 7073 7074 7075 7700 7701 7702 7757 7758 7759 7814 7815 7816 8441 8442 8443 8498 8499 8500 8555 8556 8557
          6164 6168 6396 6392 9128 9132 9360 9356 6165 6166 6167 6225 6282 6339 6393 6394 6395 6221 6278 6335 9129 9130 9131 9189 9246 9303 9357 9358 9359 9185 9242 9299 6905 7646 8387 6909 7650 8391 7133 7874 8615 7137 7878 8619 6962 7019 7076 7703 7760 7817 8444 8501 8558 6966 7023 7080 7707 7764 7821 8448 8505 8562 6906 6907 6908 7647 7648 7649 8388 8389 8390 7134 7135 7136 7875 7876 7877 8616 8617 8618 6222 6223 6224 6279 6280 6281 6336 6337 6338 9186 9187 9188 9243 9244 9245 9300 9301 9302 6963 6964 6965 7020 7021 7022 7077 7078 7079 7704 7705 7706 7761 7762 7763 7818 7819 7820 8445 8446 8447 8502 8503 8504 8559 8560 8561
          6168 6172 6400 6396 9132 9136 9364 9360 6169 6170 6171 6229 6286 6343 6397 6398 6399 6225 6282 6339 9133 9134 9135 9193 9250 9307 9361 9362 9363 9189 9246 9303 6909 7650 8391 6913 7654 8395 7137 7878 8619 7141 7882 8623 6966 7023 7080 7707 7764 7821 8448 8505 8562 6970 7027 7084 7711 7768 7825 8452 8509 8566 6910 6911 6912 7651 7652 7653 8392 8393 8394 7138 7139 7140 7879 7880 7881 8620 8621 8622 6226 6227 6228 6283 6284 6285 6340 6341 6342 9190 9191 9192 9247 9248 9249 9304 9305 9306 6967 6968 6969 7024 7025 7026 7081 7082 7083 7708 7709 7710 7765 7766 7767 7822 7823 7824 8449 8450 8451 8506 8507 8508 8563 8564 8565
          6172 6176 6404 6400 9136 9140 9368 9364 6173 6174 6175 6233 6290 6347 6401 6402 6403 6229 6286 6343 9137 9138 9139 9197 9254 9311 9365 9366 9367 9193 9250 9307 6913 7654 8395 6917 7658 8399 7141 7882 8623 7145 7886 8627 6970 7027 7084 7711 7768 7825 8452 8509 8566 6974 7031 7088 7715 7772 7829 8456 8513 8570 6914 6915 6916 7655 7656 7657 8396 8397 8398 7142 7143 7144 7883 7884 7885 8624 8625 8626 6230 6231 6232 6287 6288 6289 6344 6345 6346 9194 9195 9196 9251 9252 9253 9308 9309 9310 6971 6972 6973 7028 7029 7030 7085 7086 7087 7712 7713 7714 7769 7770 7771 7826 7827 7828 8453 8454 8455 8510 8511 8512 8567 8568 8569
          6176 6180 6408 6404 9140 9144 9372 9368 6177 6178 6179 6237 6294 6351 6405 6406 6407 6233 6290 6347 9141 9142 9143 9201 9258 9315 9369 9370 9371 9197 9254 9311 6917 7658 8399 6921 7662 8403 7145 7886 8627 7149 7890 8631 6974 7031 7088 7715 7772 7829 8456 8513 8570 6978 7035 7092 7719 7776 7833 8460 8517 8574 6918 6919 6920 7659 7660 7661 8400 8401 8402 7146 7147 7148 7887 7888 7889 8628 8629 8630 6234 6235 6236 6291 6292 6293 6348 6349 6350 9198 9199 9200 9255 9256 9257 9312 9313 9314 6975 6976 6977 7032 7033 7034 7089 7090 7091 7716 7717 7718 7773 7774 7775 7830 7831 7832 8457 8458 8459 8514 8515 8516 8571 8572 8573
          6180 6184 6412 6408 9144 9148 9376 9372 6181 6182 6183 6241 6298 6355 6409 6410 6411 6237 6294 6351 9145 9146 9147 9205 9262 9319 9373 9374 9375 9201 9258 9315 6921 7662 8403 6925 7666 8407 7149 7890 8631 7153 7894 8635 6978 7035 7092 7719 7776 7833 8460 8517 8574 6982 7039 7096 7723 7780 7837 8464 8521 8578 6922 6923 6924 7663 7664 7665 8404 8405 8406 7150 7151 7152 7891 7892 7893 8632 8633 8634 6238 6239 6240 6295 6296 6297 6352 6353 6354 9202 9203 9204 9259 9260 9261 9316 9317 9318 6979 6980 6981 7036 7037 7038 7093 7094 7095 7720 7721 7722 7777 7778 7779 7834 7835 7836 8461 8462 8463 8518 8519 8520 8575 8576 8577
          6184 6188 6416 6412 9148 9152 9380 9376 6185 6186 6187 6245 6302 6359 6413 6414 6415 6241 6298 6355 9149 9150 9151 9209 9266 9323 9377 9378 9379 9205 9262 9319 6925 7666 8407 6929 7670 8411 7153 7894 8635 7157 7898 8639 6982 7039 7096 7723 7780 7837 8464 8521 8578 6986 7043 7100 7727 7784 7841 8468 8525 8582 6926 6927 6928 7667 7668 7669 8408 8409 8410 7154 7155 7156 7895 7896 7897 8636 8637 8638 6242 6243 6244 6299 6300 6301 6356 6357 6358 9206 9207 9208 9263 9264 9265 9320 9321 9322 6983 6984 6985 7040 7041 7042 7097 7098 7099 7724 7725 7726 7781 7782 7783 7838 7839 7840 8465 8466 8467 8522 8523 8524 8579 8580 8581
          6188 6192 6420 6416 9152 9156 9384 9380 6189 6190 6191 6249 6306 6363 6417 6418 6419 6245 6302 6359 9153 9154 9155 9213 9270 9327 9381 9382 9383 9209 9266 9323 6929 7670 8411 6933 7674 8415 7157 7898 8639 7161 7902 8643 6986 7043 7100 7727 7784 7841 8468 8525 8582 6990 7047 7104 7731 7788 7845 8472 8529 8586 6930 6931 6932 7671 7672 7673 8412 8413 8414 7158 7159 7160 7899 7900 7901 8640 8641 8642 6246 6247 6248 6303 6304 6305 6360 6361 6362 9210 9211 9212 9267 9268 9269 9324 9325 9326 6987 6988 6989 7044 7045 7046 7101 7102 7103 7728 7729 7730 7785 7786 7787 7842 7843 7844 8469 8470 8471 8526 8527 8528 8583 8584 8585
          6192 6196 6424 6420 9156 9160 9388 9384 6193 6194 6195 6253 6310 6367 6421 6422 6423 6249 6306 6363 9157 9158 9159 9217 9274 9331 9385 9386 9387 9213 9270 9327 6933 7674 8415 6937 7678 8419 7161 7902 8643 7165 7906 8647 6990 7047 7104 7731 7788 7845 8472 8529 8586 6994 7051 7108 7735 7792 7849 8476 8533 8590 6934 6935 6936 7675 7676 7677 8416 8417 8418 7162 7163 7164 7903 7904 7905 8644 8645 8646 6250 6251 6252 6307 6308 6309 6364 6365 6366 9214 9215 9216 9271 9272 9273 9328 9329 9330 6991 6992 6993 7048 7049 7050 7105 7106 7107 7732 7733 7734 7789 7790 7791 7846 7847 7848 8473 8474 8475 8530 8531 8532 8587 8588 8589
          6196 6200 6428 6424 9160 9164 9392 9388 6197 6198 6199 6257 6314 6371 6425 6426 6427 6253 6310 6367 9161 9162 9163 9221 9278 9335 9389 9390 9391 9217 9274 9331 6937 7678 8419 6941 7682 8423 7165 7906 8647 7169 7910 8651 6994 7051 7108 7735 7792 7849 8476 8533 8590 6998 7055 7112 7739 7796 7853 8480 8537 8594 6938 6939 6940 7679 7680 7681 8420 8421 8422 7166 7167 7168 7907 7908 7909 8648 8649 8650 6254 6255 6256 6311 6312 6313 6368 6369 6370 9218 9219 9220 9275 9276 9277 9332 9333 9334 6995 6996 6997 7052 7053 7054 7109 7110 7111 7736 7737 7738 7793 7794 7795 7850 7851 7852 8477 8478 8479 8534 8535 8536 8591 8592 8593
          6200 6204 6432 6428 9164 9168 9396 9392 6201 6202 6203 6261 6318 6375 6429 6430 6431 6257 6314 6371 9165 9166 9167 9225 9282 9339 9393 9394 9395 9221 9278 9335 6941 7682 8423 6945 7686 8427 7169 7910 8651 7173 7914 8655 6998 7055 7112 7739 7796 7853 8480 8537 8594 7002 7059 7116 7743 7800 7857 8484 8541 8598 6942 6943 6944 7683 7684 7685 8424 8425 8426 7170 7171 7172 7911 7912 7913 8652 8653 8654 6258 6259 6260 6315 6316 6317 6372 6373 6374 9222 9223 9224 9279 9280 9281 9336 9337 9338 6999 7000 7001 7056 7057 7058 7113 7114 7115 7740 7741 7742 7797 7798 7799 7854 7855 7856 8481 8482 8483 8538 8539 8540 8595 8596 8597
          6204 6208 6436 6432 9168 9172 9400 9396 6205 6206 6207 6265 6322 6379 6433 6434 6435 6261 6318 6375 9169 9170 9171 9229 9286 9343 9397 9398 9399 9225 9282 9339 6945 7686 8427 6949 7690 8431 7173 7914 8655 7177 7918 8659 7002 7059 7116 7743 7800 7857 8484 8541 8598 7006 7063 7120 7747 7804 7861 8488 8545 8602 6946 6947 6948 7687 7688 7689 8428 8429 8430 7174 7175 7176 7915 7916 7917 8656 8657 8658 6262 6263 6264 6319 6320 6321 6376 6377 6378 9226 9227 9228 9283 9284 9285 9340 9341 9342 7003 7004 7005 7060 7061 7062 7117 7118 7119 7744 7745 7746 7801 7802 7803 7858 7859 7860 8485 8486 8487 8542 8543 8544 8599 8600 8601
          6208 6212 6440 6436 9172 9176 9404 9400 6209 6210 6211 6269 6326 6383 6437 6438 6439 6265 6322 6379 9173 9174 9175 9233 9290 9347 9401 9402 9403 9229 9286 9343 6949 7690 8431 6953 7694 8435 7177 7918 8659 7181 7922 8663 7006 7063 7120 7747 7804 7861 8488 8545 8602 7010 7067 7124 7751 7808 7865 8492 8549 8606 6950 6951 6952 7691 7692 7693 8432 8433 8434 7178 7179 7180 7919 7920 7921 8660 8661 8662 6266 6267 6268 6323 6324 6325 6380 6381 6382 9230 9231 9232 9287 9288 9289 9344 9345 9346 7007 7008 7009 7064 7065 7066 7121 7122 7123 7748 7749 7750 7805 7806 7807 7862 7863 7864 8489 8490 8491 8546 8547 8548 8603 8604 8605
          6384 6388 6616 6612 9348 9352 9580 9576 6385 6386 6387 6445 6502 6559 6613 6614 6615 6441 6498 6555 9349 9350 9351 9409 9466 9523 9577 9578 9579 9405 9462 9519 7125 7866 8607 7129 7870 8611 7353 8094 8835 7357 8098 8839 7182 7239 7296 7923 7980 8037 8664 8721 8778 7186 7243 7300 7927 7984 8041 8668 8725 8782 7126 7127 7128 7867 7868 7869 8608 8609 8610 7354 7355 7356 8095 8096 8097 8836 8837 8838 6442 6443 6444 6499 6500 6501 6556 6557 6558 9406 9407 9408 9463 9464 9465 9520 9521 9522 7183 7184 7185 7240 7241 7242 7297 7298 7299 7924 7925 7926 7981 7982 7983 8038 8039 8040 8665 8666 8667 8722 8723 8724 8779 8780 8781
          6388 6392 6620 6616 9352 9356 9584 9580 6389 6390 6391 6449 6506 6563 6617 6618 6619 6445 6502 6559 9353 9354 9355 9413 9470 9527 9581 9582 9583 9409 9466 9523 7129 7870 8611 7133 7874 8615 7357 8098 8839 7361 8102 8843 7186 7243 7300 7927 7984 8041 8668 8725 8782 7190 7247 7304 7931 7988 8045 8672 8729 8786 7130 7131 7132 7871 7872 7873 8612 8613 8614 7358 7359 7360 8099 8100 8101 8840 8841 8842 6446 6447 6448 6503 6504 6505 6560 6561 6562 9410 9411 9412 9467 9468 9469 9524 9525 9526 7187 7188 7189 7244 7245 7246 7301 7302 7303 7928 7929 7930 7985 7986 7987 8042 8043 8044 8669 8670 8671 8726 8727 8728 8783 8784 8785
          6392 6396 6624 6620 9356 9360 9588 9584 6393 6394 6395 6453 6510 6567 6621 6622 6623 6449 6506 6563 9357 9358 9359 9417 9474 9531 9585 9586 9587 9413 9470 9527 7133 7874 8615 7137 7878 8619 7361 8102 8843 7365 8106 8847 7190 7247 7304 7931 7988 8045 8672 8729 8786 7194 7251 7308 7935 7992 8049 8676 8733 8790 7134 7135 7136 7875 7876 7877 8616 8617 8618 7362 7363 7364 8103 8104 8105 8844 8845 8846 6450 6451 6452 6507 6508 6509 6564 6565 6566 9414 9415 9416 9471 9472 9473 9528 9529 9530 7191 7192 7193 7248 7249 7250 7305 7306 7307 7932 7933 7934 7989 7990 7991 8046 8047 8048 8673 8674 8675 8730 8731 8732 8787 8788 8789
          6396 6400 6628 6624 9360 9364 9592 9588 6397 6398 6399 6457 6514 6571 6625 6626 6627 6453 6510 6567 9361 9362 9363 9421 9478 9535 9589 9590 9591 9417 9474 9531 7137 7878 8619 7141 7882 8623 7365 8106 8847 7369 8110 8851 7194 7251 7308 7935 7992 8049 8676 8733 8790 7198 7255 7312 7939 7996 8053 8680 8737 8794 7138 7139 7140 7879 7880 7881 8620 8621 8622 7366 7367 7368 8107 8108 8109 8848 8849 8850 6454 6455 6456 6511 6512 6513 6568 6569 6570 9418 9419 9420 9475 9476 9477 9532 9533 9534 7195 7196 7197 7252 7253 7254 7309 7310 7311 7936 7937 7938 7993 7994 7995 8050 8051 8052 8677 8678 8679 8734 8735 8736 8791 8792 8793
          6400 6404 6632 6628 9364 9368 9596 9592 6401 6402 6403 6461 6518 6575 6629 6630 6631 6457 6514 6571 9365 9366 9367 9425 9482 9539 9593 9594 9595 9421 9478 9535 7141 7882 8623 7145 7886 8627 7369 8110 8851 7373 8114 8855 7198 7255 7312 7939 7996 8053 8680 8737 8794 7202 7259 7316 7943 8000 8057 8684 8741 8798 7142 7143 7144 7883 7884 7885 8624 8625 8626 7370 7371 7372 8111 8112 8113 8852 8853 8854 6458 6459 6460 6515 6516 6517 6572 6573 6574 9422 9423 9424 9479 9480 9481 9536 9537 9538 7199 7200 7201 7256 7257 7258 7313 7314 7315 7940 7941 7942 7997 7998 7999 8054 8055 8056 8681 8682 8683 8738 8739 8740 8795 8796 8797
          6404 6408 6636 6632 9368 9372 9600 9596 6405 6406 6407 6465 6522 6579 6633 6634 6635 6461 6518 6575 9369 9370 9371 9429 9486 9543 9597 9598 9599 9425 9482 9539 7145 7886 8627 7149 7890 8631 7373 8114 8855 7377 8118 8859 7202 7259 7316 7943 8000 8057 8684 8741 8798 7206 7263 7320 7947 8004 8061 8688 8745 8802 7146 7147 7148 7887 7888 7889 8628 8629 8630 7374 7375 7376 8115 8116 8117 8856 8857 8858 6462 6463 6464 6519 6520 6521 6576 6577 6578 9426 9427 9428 9483 9484 9485 9540 9541 9542 7203 7204 7205 7260 7261 7262 7317 7318 7319 7944 7945 7946 8001 8002 8003 8058 8059 8060 8685 8686 8687 8742 8743 8744 8799 8800 8801
          6408 6412 6640 6636 9372 9376 9604 9600 6409 6410 6411 6469 6526 6583 6637 6638 6639 6465 6522 6579 9373 9374 9375 9433 9490 9547 9601 9602 9603 9429 9486 9543 7149 7890 8631 7153 7894 8635 7377 8118 8859 7381 8122 8863 7206 7263 7320 7947 8004 8061 8688 8745 8802 7210 7267 7324 7951 8008 8065 8692 8749 8806 7150 7151 7152 7891 7892 7893 8632 8633 8634 7378 7379 7380 8119 8120 8121 8860 8861 8862 6466 6467 6468 6523 6524 6525 6580 6581 6582 9430 9431 9432 9487 9488 9489 9544 9545 9546 7207 7208 7209 7264 7265 7266 7321 7322 7323 7948 7949 7950 8005 8006 8007 8062 8063 8064 8689 8690 8691 8746 8747 8748 8803 8804 8805
          6412 6416 6644 6640 9376 9380 9608 9604 6413 6414 6415 6473 6530 6587 6641 6642 6643 6469 6526 6583 9377 9378 9379 9437 9494 9551 9605 9606 9607 9433 9490 9547 7153 7894 8635 7157 7898 8639 7381 8122 8863 7385 8126 8867 7210 7267 7324 7951 8008 8065 8692 8749 8806 7214 7271 7328 7955 8012 8069 8696 8753 8810 7154 7155 7156 7895 7896 7897 8636 8637 8638 7382 7383 7384 8123 8124 8125 8864 8865 8866 6470 6471 6472 6527 6528 6529 6584 6585 6586 9434 9435 9436 9491 9492 9493 9548 9549 9550 7211 7212 7213 7268 7269 7270 7325 7326 7327 7952 7953 7954 8009 8010 8011 8066 8067 8068 8693 8694 8695 8750 8751 8752 8807 8808 8809
          6416 6420 6648 6644 9380 9384 9612 9608 6417 6418 6419 6477 6534 6591 6645 6646 6647 6473 6530 6587 9381 9382 9383 9441 9498 9555 9609 9610 9611 9437 9494 9551 7157 7898 8639 7161 7902 8643 7385 8126 8867 7389 8130 8871 7214 7271 7328 7955 8012 8069 8696 8753 8810 7218 7275 7332 7959 8016 8073 8700 8757 8814 7158 7159 7160 7899 7900 7901 8640 8641 8642 7386 7387 7388 8127 8128 8129 8868 8869 8870 6474 6475 6476 6531 6532 6533 6588 6589 6590 9438 9439 9440 9495 9496 9497 9552 9553 9554 7215 7216 7217 7272 7273 7274 7329 7330 7331 7956 7957 7958 8013 8014 8015 8070 8071 8072 8697 8698 8699 8754 8755 8756 8811 8812 8813
          6420 6424 6652 6648 9384 9388 9616 9612 6421 6422 6423 6481 6538 6595 6649 6650 6651 6477 6534 6591 9385 9386 9387 9445 9502 9559 9613 9614 9615 9441 9498 9555 7161 7902 8643 7165 7906 8647 7389 8130 8871 7393 8134 8875 7218 7275 7332 7959 8016 8073 8700 8757 8814 7222 7279 7336 7963 8020 8077 8704 8761 8818 7162 7163 7164 7903 7904 7905 8644 8645 8646 7390 7391 7392 8131 8132 8133 8872 8873 8874 6478 6479 6480 6535 6536 6537 6592 6593 6594 9442 9443 9444 9499 9500 9501 9556 9557 9558 7219 7220 7221 7276 7277 7278 7333 7334 7335 7960 7961 7962 8017 8018 8019 8074 8075 8076 8701 8702 8703 8758 8759 8760 8815 8816 8817
          6424 6428 6656 6652 9388 9392 9620 9616 6425 6426 6427 6485 6542 6599 6653 6654 6655 6481 6538 6595 9389 9390 9391 9449 9506 9563 9617 9618 9619 9445 9502 9559 7165 7906 8647 7169 7910 8651 7393 8134 8875 7397 8138 8879 7222 7279 7336 7963 8020 8077 8704 8761 8818 7226 7283 7340 7967 8024 8081 8708 8765 8822 7166 7167 7168 7907 7908 7909 8648 8649 8650 7394 7395 7396 8135 8136 8137 8876 8877 8878 6482 6483 6484 6539 6540 6541 6596 6597 6598 9446 9447 9448 9503 9504 9505 9560 9561 9562 7223 7224 7225 7280 7281 7282 7337 7338 7339 7964 7965 7966 8021 8022 8023 8078 8079 8080 8705 8706 8707 8762 8763 8764 8819 8820 8821
          6428 6432 6660 6656 9392 9396 9624 9620 6429 6430 6431 6489 6546 6603 6657 6658 6659 6485 6542 6599 9393 9394 9395 9453 9510 9567 9621 9622 9623 9449 9506 9563 7169 7910 8651 7173 7914 8655 7397 8138 8879 7401 8142 8883 7226 7283 7340 7967 8024 8081 8708 8765 8822 7230 7287 7344 7971 8028 8085 8712 8769 8826 7170 7171 7172 7911 7912 7913 8652 8653 8654 7398 7399 7400 8139 8140 8141 8880 8881 8882 6486 6487 6488 6543 6544 6545 6600 6601 6602 9450 9451 9452 9507 9508 9509 9564 9565 9566 7227 7228 7229 7284 7285 7286 7341 7342 7343 7968 7969 7970 8025 8026 8027 8082 8083 8084 8709 8710 8711 8766 8767 8768 8823 8824 8825
          6432 6436 6664 6660 9396 9400 9628 9624 6433 6434 6435 6493 6550 6607 6661 6662 6663 6489 6546 6603 9397 9398 9399 9457 9514 9571 9625 9626 9627 9453 9510 9567 7173 7914 8655 7177 7918 8659 7401 8142 8883 7405 8146 8887 7230 7287 7344 7971 8028 8085 8712 8769 8826 7234 7291 7348 7975 8032 8089 8716 8773 8830 7174 7175 7176 7915 7916 7917 8656 8657 8658 7402 7403 7404 8143 8144 8145 8884 8885 8886 6490 6491 6492 6547 6548 6549 6604 6605 6606 9454 9455 9456 9511 9512 9513 9568 9569 9570 7231 7232 7233 7288 7289 7290 7345 7346 7347 7972 7973 7974 8029 8030 8031 8086 8087 8088 8713 8714 8715 8770 8771 8772 8827 8828 8829
          6436 6440 6668 6664 9400 9404 9632 9628 6437 6438 6439 6497 6554 6611 6665 6666 6667 6493 6550 6607 9401 9402 9403 9461 9518 9575 9629 9630 9631 9457 9514 9571 7177 7918 8659 7181 7922 8663 7405 8146 8887 7409 8150 8891 7234 7291 7348 7975 8032 8089 8716 8773 8830 7238 7295 7352 7979 8036 8093 8720 8777 8834 7178 7179 7180 7919 7920 7921 8660 8661 8662 7406 7407 7408 8147 8148 8149 8888 8889 8890 6494 6495 6496 6551 6552 6553 6608 6609 6610 9458 9459 9460 9515 9516 9517 9572 9573 9574 7235 7236 7237 7292 7293 7294 7349 7350 7351 7976 7977 7978 8033 8034 8035 8090 8091 8092 8717 8718 8719 8774 8775 8776 8831 8832 8833
        </DataArray>
        <DataArray type="Int64" Name="offsets" format="ascii">
          125
          250
          375
          500
          625
          750
          875
          1000
          1125
          1250
          1375
          1500
          1625
          1750
          1875
          2000
          2125
          2250
          2375
          2500
          2625
          2750
          2875
          3000
          3125
          3250
          3375
          3500
          3625
          3750
          3875
          4000
          4125
          4250
          4375
          4500
          4625
          4750
          4875
          5000
          5125
          5250
          5375
          5500
          5625
          5750
          5875
          6000
          6125
          6250
          6375
          6500
          6625
          6750
          6875
          7000
          7125
          7250
          7375
          7500
          7625
          7750
          7875
          8000
          8125
          8250
          8375
          8500
          8625
          8750
          8875
          9000
          9125
          9250
          9375
          9500
          9625
          9750
          9875
          10000
          10125
          10250
          10375
          10500
          10625
          10750
          10875
          11000
          11125
          11250
          11375
          11500
          11625
          11750
          11875
          12000
          12125
          12250
          12375
          12500
          12625
          12750
          12875
          13000
          13125
          13250
          13375
          13500
          13625
          13750
          13875
          14000
          14125
          14250
          14375
          14500
          14625
          14750
          14875
          15000
          15125
          15250
          15375
          15500
          15625
          15750
        </DataArray>
        <DataArray type="UInt8" Name="types" format="ascii">
          72
          72
          72
          72
          72
          72
          72
          72
          72
          72
          72
          72
          72
          72
          72
          72
          72
          72
          72
          72
          72
          72
          72
          72
          72
          72
          72
          72
          72
          72
          72
          72
          72
          72
          72
          72
          72
          72
          72
          72
          72
          72
          72
          72
          72
          72
          72
          72
          72
          72
          72
          72
          72
          72
          72
          72
          72
          72
          72
          72
          72
          72
          72
          72
          72
          72
          72
          72
          72
          72
          72
          72
          72
          72
          72
          72
          72
          72
          72
          72
          72
          72
          72
          72
          72
          72
          72
          72
          72
          72
          72
          72
          72
          72
          72
          72
          72
          72
          72
          72
          72
          72
          72
          72
          72
          72
          72
          72
          72
          72
          72
          72
          72
          72
          72
          72
          72
          72
          72
          72
          72
          72
          72
          72
          72
          72
        </DataArray>
      </Cells>
    </Piece>
  </UnstructuredGrid>
</VTKFile>
