<?xml version="1.0"?>
<VTKFile type="UnstructuredGrid" version="1.0" byte_order="LittleEndian">
  <UnstructuredGrid>
    <Piece NumberOfPoints="15523" NumberOfCells="504">
      <CellData>
        <DataArray type="Int32" Name="ObjectId" format="ascii">
          0
          0
          0
          0
          0
          0
          0
          0
          0
          0
          0
          0
          0
          0
          0
          0
          0
          0
          0
          0
          0
          0
          0
          0
          0
          0
          0
          0
          0
          0
          0
          0
          0
          0
          0
          0
          0
          0
          0
          0
          0
          0
          0
          0
          0
          0
          0
          0
          0
          0
          0
          0
          0
          0
          0
          0
          0
          0
          0
          0
          0
          0
          0
          0
          0
          0
          0
          0
          0
          0
          0
          0
          0
          0
          0
          0
          0
          0
          0
          0
          0
          0
          0
          0
          0
          0
          0
          0
          0
          0
          0
          0
          0
          0
          0
          0
          0
          0
          0
          0
          0
          0
          0
          0
          0
          0
          0
          0
          0
          0
          0
          0
          0
          0
          0
          0
          0
          0
          0
          0
          0
          0
          0
          0
          0
          0
          0
          0
          0
          0
          0
          0
          0
          0
          0
          0
          0
          0
          0
          0
          0
          0
          0
          0
          0
          0
          0
          0
          0
          0
          0
          0
          0
          0
          0
          0
          0
          0
          0
          0
          0
          0
          0
          0
          0
          0
          0
          0
          0
          0
          0
          0
          0
          0
          0
          0
          0
          0
          0
          0
          0
          0
          0
          0
          0
          0
          0
          0
          0
          0
          0
          0
          0
          0
          0
          0
          0
          0
          0
          0
          0
          0
          0
          0
          0
          0
          0
          0
          0
          0
          0
          0
          0
          0
          0
          0
          0
          0
          0
          0
          0
          0
          0
          0
          0
          0
          0
          0
          0
          0
          0
          0
          0
          0
          0
          0
          0
          0
          0
          0
          0
          0
          0
          0
          0
          0
          0
          0
          0
          0
          0
          0
          0
          0
          0
          0
          0
          0
          0
          0
          0
          0
          0
          0
          0
          0
          0
          0
          0
          0
          0
          0
          0
          0
          0
          0
          0
          0
          0
          0
          0
          0
          0
          0
          0
          0
          0
          0
          0
          0
          0
          0
          0
          0
          0
          0
          0
          0
          0
          0
          0
          0
          0
          0
          0
          0
          0
          0
          0
          0
          0
          0
          0
          0
          0
          0
          0
          0
          0
          0
          0
          0
          0
          0
          0
          0
          0
          0
          0
          0
          0
          0
          0
          0
          0
          0
          0
          0
          0
          0
          0
          0
          0
          0
          0
          0
          0
          0
          0
          0
          0
          0
          0
          0
          0
          0
          0
          0
          0
          0
          0
          0
          0
          0
          0
          0
          0
          0
          0
          0
          0
          0
          0
          0
          0
          0
          0
          0
          0
          0
          0
          0
          0
          0
          0
          0
          0
          0
          0
          0
          0
          0
          0
          0
          0
          0
          0
          0
          0
          0
          0
          0
          0
          0
          0
          0
          0
          0
          0
          0
          0
          0
          0
          0
          0
          0
          0
          0
          0
          0
          0
          0
          0
          0
          0
          0
          0
          0
          0
          0
          0
          0
          0
          0
          0
          0
          0
          0
          0
          0
          0
          0
          0
          0
          0
          0
          0
          0
          0
          0
          0
          0
          0
          0
          0
          0
          0
          0
          0
          0
          0
          0
          0
          0
          0
          0
          0
          0
          0
          0
          0
          0
          0
          0
          0
          0
          0
          0
          0
          0
          0
          0
          0
          0
          0
          0
          0
          0
          0
          0
          0
          0
          0
          0
          0
          0
          0
          0
          0
          0
          0
          0
          0
          0
        </DataArray>
      </CellData>
      <Points>
        <DataArray type="Float64" NumberOfComponents="3" Name="Points" format="ascii">
          0 0 0
          0.16666666666666666 0 0
          0.33333333333333331 0 0
          0.5 0 0
          0.66666666666666663 0 0
          0.83333333333333326 0 0
          1 0 0
          1.1666666666666665 0 0
          1.3333333333333333 0 0
          1.5 0 0
          1.6666666666666665 0 0
          1.8333333333333333 0 0
          2 0 0
          2.1666666666666665 0 0
          2.333333333333333 0 0
          2.5 0 0
          2.6666666666666665 0 0
          2.833333333333333 0 0
          3 0 0
          3.1666666666666665 0 0
          3.333333333333333 0 0
          3.5 0 0
          3.6666666666666665 0 0
          3.833333333333333 0 0
          4 0 0
          4.1666666666666661 0 0
          4.333333333333333 0 0
          4.5 0 0
          4.6666666666666661 0 0
          4.833333333333333 0 0
          5 0 0
          5.1666666666666661 0 0
          5.333333333333333 0 0
          5.5 0 0
          5.6666666666666661 0 0
          5.833333333333333 0 0
          6 0 0
          6.1666666666666661 0 0
          6.333333333333333 0 0
          6.5 0 0
          6.6666666666666661 0 0
          6.833333333333333 0 0
          7 0 0
          0 0.16666666666666666 0
          0.16666666666666666 0.16666666666666666 0
          0.33333333333333331 0.16666666666666666 0
          0.5 0.16666666666666666 0
          0.66666666666666663 0.16666666666666666 0
          0.83333333333333326 0.16666666666666666 0
          1 0.16666666666666666 0
          1.1666666666666665 0.16666666666666666 0
          1.3333333333333333 0.16666666666666666 0
          1.5 0.16666666666666666 0
          1.6666666666666665 0.16666666666666666 0
          1.8333333333333333 0.16666666666666666 0
          2 0.16666666666666666 0
          2.1666666666666665 0.16666666666666666 0
          2.333333333333333 0.16666666666666666 0
          2.5 0.16666666666666666 0
          2.6666666666666665 0.16666666666666666 0
          2.833333333333333 0.16666666666666666 0
          3 0.16666666666666666 0
          3.1666666666666665 0.16666666666666666 0
          3.333333333333333 0.16666666666666666 0
          3.5 0.16666666666666666 0
          3.6666666666666665 0.16666666666666666 0
          3.833333333333333 0.16666666666666666 0
          4 0.16666666666666666 0
          4.1666666666666661 0.16666666666666666 0
          4.333333333333333 0.16666666666666666 0
          4.5 0.16666666666666666 0
          4.6666666666666661 0.16666666666666666 0
          4.833333333333333 0.16666666666666666 0
          5 0.16666666666666666 0
          5.1666666666666661 0.16666666666666666 0
          5.333333333333333 0.16666666666666666 0
          5.5 0.16666666666666666 0
          5.6666666666666661 0.16666666666666666 0
          5.833333333333333 0.16666666666666666 0
          6 0.16666666666666666 0
          6.1666666666666661 0.16666666666666666 0
          6.333333333333333 0.16666666666666666 0
          6.5 0.16666666666666666 0
          6.6666666666666661 0.16666666666666666 0
          6.833333333333333 0.16666666666666666 0
          7 0.16666666666666666 0
          0 0.33333333333333331 0
          0.16666666666666666 0.33333333333333331 0
          0.33333333333333331 0.33333333333333331 0
          0.5 0.33333333333333331 0
          0.66666666666666663 0.33333333333333331 0
          0.83333333333333326 0.33333333333333331 0
          1 0.33333333333333331 0
          1.1666666666666665 0.33333333333333331 0
          1.3333333333333333 0.33333333333333331 0
          1.5 0.33333333333333331 0
          1.6666666666666665 0.33333333333333331 0
          1.8333333333333333 0.33333333333333331 0
          2 0.33333333333333331 0
          2.1666666666666665 0.33333333333333331 0
          2.333333333333333 0.33333333333333331 0
          2.5 0.33333333333333331 0
          2.6666666666666665 0.33333333333333331 0
          2.833333333333333 0.33333333333333331 0
          3 0.33333333333333331 0
          3.1666666666666665 0.33333333333333331 0
          3.333333333333333 0.33333333333333331 0
          3.5 0.33333333333333331 0
          3.6666666666666665 0.33333333333333331 0
          3.833333333333333 0.33333333333333331 0
          4 0.33333333333333331 0
          4.1666666666666661 0.33333333333333331 0
          4.333333333333333 0.33333333333333331 0
          4.5 0.33333333333333331 0
          4.6666666666666661 0.33333333333333331 0
          4.833333333333333 0.33333333333333331 0
          5 0.33333333333333331 0
          5.1666666666666661 0.33333333333333331 0
          5.333333333333333 0.33333333333333331 0
          5.5 0.33333333333333331 0
          5.6666666666666661 0.33333333333333331 0
          5.833333333333333 0.33333333333333331 0
          6 0.33333333333333331 0
          6.1666666666666661 0.33333333333333331 0
          6.333333333333333 0.33333333333333331 0
          6.5 0.33333333333333331 0
          6.6666666666666661 0.33333333333333331 0
          6.833333333333333 0.33333333333333331 0
          7 0.33333333333333331 0
          0 0.5 0
          0.16666666666666666 0.5 0
          0.33333333333333331 0.5 0
          0.5 0.5 0
          0.66666666666666663 0.5 0
          0.83333333333333326 0.5 0
          1 0.5 0
          1.1666666666666665 0.5 0
          1.3333333333333333 0.5 0
          1.5 0.5 0
          1.6666666666666665 0.5 0
          1.8333333333333333 0.5 0
          2 0.5 0
          2.1666666666666665 0.5 0
          2.333333333333333 0.5 0
          2.5 0.5 0
          2.6666666666666665 0.5 0
          2.833333333333333 0.5 0
          3 0.5 0
          3.1666666666666665 0.5 0
          3.333333333333333 0.5 0
          3.5 0.5 0
          3.6666666666666665 0.5 0
          3.833333333333333 0.5 0
          4 0.5 0
          4.1666666666666661 0.5 0
          4.333333333333333 0.5 0
          4.5 0.5 0
          4.6666666666666661 0.5 0
          4.833333333333333 0.5 0
          5 0.5 0
          5.1666666666666661 0.5 0
          5.333333333333333 0.5 0
          5.5 0.5 0
          5.6666666666666661 0.5 0
          5.833333333333333 0.5 0
          6 0.5 0
          6.1666666666666661 0.5 0
          6.333333333333333 0.5 0
          6.5 0.5 0
          6.6666666666666661 0.5 0
          6.833333333333333 0.5 0
          7 0.5 0
          0 0.66666666666666663 0
          0.16666666666666666 0.66666666666666663 0
          0.33333333333333331 0.66666666666666663 0
          0.5 0.66666666666666663 0
          0.66666666666666663 0.66666666666666663 0
          0.83333333333333326 0.66666666666666663 0
          1 0.66666666666666663 0
          1.1666666666666665 0.66666666666666663 0
          1.3333333333333333 0.66666666666666663 0
          1.5 0.66666666666666663 0
          1.6666666666666665 0.66666666666666663 0
          1.8333333333333333 0.66666666666666663 0
          2 0.66666666666666663 0
          2.1666666666666665 0.66666666666666663 0
          2.333333333333333 0.66666666666666663 0
          2.5 0.66666666666666663 0
          2.6666666666666665 0.66666666666666663 0
          2.833333333333333 0.66666666666666663 0
          3 0.66666666666666663 0
          3.1666666666666665 0.66666666666666663 0
          3.333333333333333 0.66666666666666663 0
          3.5 0.66666666666666663 0
          3.6666666666666665 0.66666666666666663 0
          3.833333333333333 0.66666666666666663 0
          4 0.66666666666666663 0
          4.1666666666666661 0.66666666666666663 0
          4.333333333333333 0.66666666666666663 0
          4.5 0.66666666666666663 0
          4.6666666666666661 0.66666666666666663 0
          4.833333333333333 0.66666666666666663 0
          5 0.66666666666666663 0
          5.1666666666666661 0.66666666666666663 0
          5.333333333333333 0.66666666666666663 0
          5.5 0.66666666666666663 0
          5.6666666666666661 0.66666666666666663 0
          5.833333333333333 0.66666666666666663 0
          6 0.66666666666666663 0
          6.1666666666666661 0.66666666666666663 0
          6.333333333333333 0.66666666666666663 0
          6.5 0.66666666666666663 0
          6.6666666666666661 0.66666666666666663 0
          6.833333333333333 0.66666666666666663 0
          7 0.66666666666666663 0
          0 0.83333333333333326 0
          0.16666666666666666 0.83333333333333326 0
          0.33333333333333331 0.83333333333333326 0
          0.5 0.83333333333333326 0
          0.66666666666666663 0.83333333333333326 0
          0.83333333333333326 0.83333333333333326 0
          1 0.83333333333333326 0
          1.1666666666666665 0.83333333333333326 0
          1.3333333333333333 0.83333333333333326 0
          1.5 0.83333333333333326 0
          1.6666666666666665 0.83333333333333326 0
          1.8333333333333333 0.83333333333333326 0
          2 0.83333333333333326 0
          2.1666666666666665 0.83333333333333326 0
          2.333333333333333 0.83333333333333326 0
          2.5 0.83333333333333326 0
          2.6666666666666665 0.83333333333333326 0
          2.833333333333333 0.83333333333333326 0
          3 0.83333333333333326 0
          3.1666666666666665 0.83333333333333326 0
          3.333333333333333 0.83333333333333326 0
          3.5 0.83333333333333326 0
          3.6666666666666665 0.83333333333333326 0
          3.833333333333333 0.83333333333333326 0
          4 0.83333333333333326 0
          4.1666666666666661 0.83333333333333326 0
          4.333333333333333 0.83333333333333326 0
          4.5 0.83333333333333326 0
          4.6666666666666661 0.83333333333333326 0
          4.833333333333333 0.83333333333333326 0
          5 0.83333333333333326 0
          5.1666666666666661 0.83333333333333326 0
          5.333333333333333 0.83333333333333326 0
          5.5 0.83333333333333326 0
          5.6666666666666661 0.83333333333333326 0
          5.833333333333333 0.83333333333333326 0
          6 0.83333333333333326 0
          6.1666666666666661 0.83333333333333326 0
          6.333333333333333 0.83333333333333326 0
          6.5 0.83333333333333326 0
          6.6666666666666661 0.83333333333333326 0
          6.833333333333333 0.83333333333333326 0
          7 0.83333333333333326 0
          0 1 0
          0.16666666666666666 1 0
          0.33333333333333331 1 0
          0.5 1 0
          0.66666666666666663 1 0
          0.83333333333333326 1 0
          1 1 0
          1.1666666666666665 1 0
          1.3333333333333333 1 0
          1.5 1 0
          1.6666666666666665 1 0
          1.8333333333333333 1 0
          2 1 0
          2.1666666666666665 1 0
          2.333333333333333 1 0
          2.5 1 0
          2.6666666666666665 1 0
          2.833333333333333 1 0
          3 1 0
          3.1666666666666665 1 0
          3.333333333333333 1 0
          3.5 1 0
          3.6666666666666665 1 0
          3.833333333333333 1 0
          4 1 0
          4.1666666666666661 1 0
          4.333333333333333 1 0
          4.5 1 0
          4.6666666666666661 1 0
          4.833333333333333 1 0
          5 1 0
          5.1666666666666661 1 0
          5.333333333333333 1 0
          5.5 1 0
          5.6666666666666661 1 0
          5.833333333333333 1 0
          6 1 0
          6.1666666666666661 1 0
          6.333333333333333 1 0
          6.5 1 0
          6.6666666666666661 1 0
          6.833333333333333 1 0
          7 1 0
          0 1.1666666666666665 0
          0.16666666666666666 1.1666666666666665 0
          0.33333333333333331 1.1666666666666665 0
          0.5 1.1666666666666665 0
          0.66666666666666663 1.1666666666666665 0
          0.83333333333333326 1.1666666666666665 0
          1 1.1666666666666665 0
          1.1666666666666665 1.1666666666666665 0
          1.3333333333333333 1.1666666666666665 0
          1.5 1.1666666666666665 0
          1.6666666666666665 1.1666666666666665 0
          1.8333333333333333 1.1666666666666665 0
          2 1.1666666666666665 0
          2.1666666666666665 1.1666666666666665 0
          2.333333333333333 1.1666666666666665 0
          2.5 1.1666666666666665 0
          2.6666666666666665 1.1666666666666665 0
          2.833333333333333 1.1666666666666665 0
          3 1.1666666666666665 0
          3.1666666666666665 1.1666666666666665 0
          3.333333333333333 1.1666666666666665 0
          3.5 1.1666666666666665 0
          3.6666666666666665 1.1666666666666665 0
          3.833333333333333 1.1666666666666665 0
          4 1.1666666666666665 0
          4.1666666666666661 1.1666666666666665 0
          4.333333333333333 1.1666666666666665 0
          4.5 1.1666666666666665 0
          4.6666666666666661 1.1666666666666665 0
          4.833333333333333 1.1666666666666665 0
          5 1.1666666666666665 0
          5.1666666666666661 1.1666666666666665 0
          5.333333333333333 1.1666666666666665 0
          5.5 1.1666666666666665 0
          5.6666666666666661 1.1666666666666665 0
          5.833333333333333 1.1666666666666665 0
          6 1.1666666666666665 0
          6.1666666666666661 1.1666666666666665 0
          6.333333333333333 1.1666666666666665 0
          6.5 1.1666666666666665 0
          6.6666666666666661 1.1666666666666665 0
          6.833333333333333 1.1666666666666665 0
          7 1.1666666666666665 0
          0 1.3333333333333333 0
          0.16666666666666666 1.3333333333333333 0
          0.33333333333333331 1.3333333333333333 0
          0.5 1.3333333333333333 0
          0.66666666666666663 1.3333333333333333 0
          0.83333333333333326 1.3333333333333333 0
          1 1.3333333333333333 0
          1.1666666666666665 1.3333333333333333 0
          1.3333333333333333 1.3333333333333333 0
          1.5 1.3333333333333333 0
          1.6666666666666665 1.3333333333333333 0
          1.8333333333333333 1.3333333333333333 0
          2 1.3333333333333333 0
          2.1666666666666665 1.3333333333333333 0
          2.333333333333333 1.3333333333333333 0
          2.5 1.3333333333333333 0
          2.6666666666666665 1.3333333333333333 0
          2.833333333333333 1.3333333333333333 0
          3 1.3333333333333333 0
          3.1666666666666665 1.3333333333333333 0
          3.333333333333333 1.3333333333333333 0
          3.5 1.3333333333333333 0
          3.6666666666666665 1.3333333333333333 0
          3.833333333333333 1.3333333333333333 0
          4 1.3333333333333333 0
          4.1666666666666661 1.3333333333333333 0
          4.333333333333333 1.3333333333333333 0
          4.5 1.3333333333333333 0
          4.6666666666666661 1.3333333333333333 0
          4.833333333333333 1.3333333333333333 0
          5 1.3333333333333333 0
          5.1666666666666661 1.3333333333333333 0
          5.333333333333333 1.3333333333333333 0
          5.5 1.3333333333333333 0
          5.6666666666666661 1.3333333333333333 0
          5.833333333333333 1.3333333333333333 0
          6 1.3333333333333333 0
          6.1666666666666661 1.3333333333333333 0
          6.333333333333333 1.3333333333333333 0
          6.5 1.3333333333333333 0
          6.6666666666666661 1.3333333333333333 0
          6.833333333333333 1.3333333333333333 0
          7 1.3333333333333333 0
          0 1.5 0
          0.16666666666666666 1.5 0
          0.33333333333333331 1.5 0
          0.5 1.5 0
          0.66666666666666663 1.5 0
          0.83333333333333326 1.5 0
          1 1.5 0
          1.1666666666666665 1.5 0
          1.3333333333333333 1.5 0
          1.5 1.5 0
          1.6666666666666665 1.5 0
          1.8333333333333333 1.5 0
          2 1.5 0
          2.1666666666666665 1.5 0
          2.333333333333333 1.5 0
          2.5 1.5 0
          2.6666666666666665 1.5 0
          2.833333333333333 1.5 0
          3 1.5 0
          3.1666666666666665 1.5 0
          3.333333333333333 1.5 0
          3.5 1.5 0
          3.6666666666666665 1.5 0
          3.833333333333333 1.5 0
          4 1.5 0
          4.1666666666666661 1.5 0
          4.333333333333333 1.5 0
          4.5 1.5 0
          4.6666666666666661 1.5 0
          4.833333333333333 1.5 0
          5 1.5 0
          5.1666666666666661 1.5 0
          5.333333333333333 1.5 0
          5.5 1.5 0
          5.6666666666666661 1.5 0
          5.833333333333333 1.5 0
          6 1.5 0
          6.1666666666666661 1.5 0
          6.333333333333333 1.5 0
          6.5 1.5 0
          6.6666666666666661 1.5 0
          6.833333333333333 1.5 0
          7 1.5 0
          0 1.6666666666666665 0
          0.16666666666666666 1.6666666666666665 0
          0.33333333333333331 1.6666666666666665 0
          0.5 1.6666666666666665 0
          0.66666666666666663 1.6666666666666665 0
          0.83333333333333326 1.6666666666666665 0
          1 1.6666666666666665 0
          1.1666666666666665 1.6666666666666665 0
          1.3333333333333333 1.6666666666666665 0
          1.5 1.6666666666666665 0
          1.6666666666666665 1.6666666666666665 0
          1.8333333333333333 1.6666666666666665 0
          2 1.6666666666666665 0
          2.1666666666666665 1.6666666666666665 0
          2.333333333333333 1.6666666666666665 0
          2.5 1.6666666666666665 0
          2.6666666666666665 1.6666666666666665 0
          2.833333333333333 1.6666666666666665 0
          3 1.6666666666666665 0
          3.1666666666666665 1.6666666666666665 0
          3.333333333333333 1.6666666666666665 0
          3.5 1.6666666666666665 0
          3.6666666666666665 1.6666666666666665 0
          3.833333333333333 1.6666666666666665 0
          4 1.6666666666666665 0
          4.1666666666666661 1.6666666666666665 0
          4.333333333333333 1.6666666666666665 0
          4.5 1.6666666666666665 0
          4.6666666666666661 1.6666666666666665 0
          4.833333333333333 1.6666666666666665 0
          5 1.6666666666666665 0
          5.1666666666666661 1.6666666666666665 0
          5.333333333333333 1.6666666666666665 0
          5.5 1.6666666666666665 0
          5.6666666666666661 1.6666666666666665 0
          5.833333333333333 1.6666666666666665 0
          6 1.6666666666666665 0
          6.1666666666666661 1.6666666666666665 0
          6.333333333333333 1.6666666666666665 0
          6.5 1.6666666666666665 0
          6.6666666666666661 1.6666666666666665 0
          6.833333333333333 1.6666666666666665 0
          7 1.6666666666666665 0
          0 1.8333333333333333 0
          0.16666666666666666 1.8333333333333333 0
          0.33333333333333331 1.8333333333333333 0
          0.5 1.8333333333333333 0
          0.66666666666666663 1.8333333333333333 0
          0.83333333333333326 1.8333333333333333 0
          1 1.8333333333333333 0
          1.1666666666666665 1.8333333333333333 0
          1.3333333333333333 1.8333333333333333 0
          1.5 1.8333333333333333 0
          1.6666666666666665 1.8333333333333333 0
          1.8333333333333333 1.8333333333333333 0
          2 1.8333333333333333 0
          2.1666666666666665 1.8333333333333333 0
          2.333333333333333 1.8333333333333333 0
          2.5 1.8333333333333333 0
          2.6666666666666665 1.8333333333333333 0
          2.833333333333333 1.8333333333333333 0
          3 1.8333333333333333 0
          3.1666666666666665 1.8333333333333333 0
          3.333333333333333 1.8333333333333333 0
          3.5 1.8333333333333333 0
          3.6666666666666665 1.8333333333333333 0
          3.833333333333333 1.8333333333333333 0
          4 1.8333333333333333 0
          4.1666666666666661 1.8333333333333333 0
          4.333333333333333 1.8333333333333333 0
          4.5 1.8333333333333333 0
          4.6666666666666661 1.8333333333333333 0
          4.833333333333333 1.8333333333333333 0
          5 1.8333333333333333 0
          5.1666666666666661 1.8333333333333333 0
          5.333333333333333 1.8333333333333333 0
          5.5 1.8333333333333333 0
          5.6666666666666661 1.8333333333333333 0
          5.833333333333333 1.8333333333333333 0
          6 1.8333333333333333 0
          6.1666666666666661 1.8333333333333333 0
          6.333333333333333 1.8333333333333333 0
          6.5 1.8333333333333333 0
          6.6666666666666661 1.8333333333333333 0
          6.833333333333333 1.8333333333333333 0
          7 1.8333333333333333 0
          0 2 0
          0.16666666666666666 2 0
          0.33333333333333331 2 0
          0.5 2 0
          0.66666666666666663 2 0
          0.83333333333333326 2 0
          1 2 0
          1.1666666666666665 2 0
          1.3333333333333333 2 0
          1.5 2 0
          1.6666666666666665 2 0
          1.8333333333333333 2 0
          2 2 0
          2.1666666666666665 2 0
          2.333333333333333 2 0
          2.5 2 0
          2.6666666666666665 2 0
          2.833333333333333 2 0
          3 2 0
          3.1666666666666665 2 0
          3.333333333333333 2 0
          3.5 2 0
          3.6666666666666665 2 0
          3.833333333333333 2 0
          4 2 0
          4.1666666666666661 2 0
          4.333333333333333 2 0
          4.5 2 0
          4.6666666666666661 2 0
          4.833333333333333 2 0
          5 2 0
          5.1666666666666661 2 0
          5.333333333333333 2 0
          5.5 2 0
          5.6666666666666661 2 0
          5.833333333333333 2 0
          6 2 0
          6.1666666666666661 2 0
          6.333333333333333 2 0
          6.5 2 0
          6.6666666666666661 2 0
          6.833333333333333 2 0
          7 2 0
          0 2.1666666666666665 0
          0.16666666666666666 2.1666666666666665 0
          0.33333333333333331 2.1666666666666665 0
          0.5 2.1666666666666665 0
          0.66666666666666663 2.1666666666666665 0
          0.83333333333333326 2.1666666666666665 0
          1 2.1666666666666665 0
          1.1666666666666665 2.1666666666666665 0
          1.3333333333333333 2.1666666666666665 0
          1.5 2.1666666666666665 0
          1.6666666666666665 2.1666666666666665 0
          1.8333333333333333 2.1666666666666665 0
          2 2.1666666666666665 0
          2.1666666666666665 2.1666666666666665 0
          2.333333333333333 2.1666666666666665 0
          2.5 2.1666666666666665 0
          2.6666666666666665 2.1666666666666665 0
          2.833333333333333 2.1666666666666665 0
          3 2.1666666666666665 0
          3.1666666666666665 2.1666666666666665 0
          3.333333333333333 2.1666666666666665 0
          3.5 2.1666666666666665 0
          3.6666666666666665 2.1666666666666665 0
          3.833333333333333 2.1666666666666665 0
          4 2.1666666666666665 0
          4.1666666666666661 2.1666666666666665 0
          4.333333333333333 2.1666666666666665 0
          4.5 2.1666666666666665 0
          4.6666666666666661 2.1666666666666665 0
          4.833333333333333 2.1666666666666665 0
          5 2.1666666666666665 0
          5.1666666666666661 2.1666666666666665 0
          5.333333333333333 2.1666666666666665 0
          5.5 2.1666666666666665 0
          5.6666666666666661 2.1666666666666665 0
          5.833333333333333 2.1666666666666665 0
          6 2.1666666666666665 0
          6.1666666666666661 2.1666666666666665 0
          6.333333333333333 2.1666666666666665 0
          6.5 2.1666666666666665 0
          6.6666666666666661 2.1666666666666665 0
          6.833333333333333 2.1666666666666665 0
          7 2.1666666666666665 0
          0 2.333333333333333 0
          0.16666666666666666 2.333333333333333 0
          0.33333333333333331 2.333333333333333 0
          0.5 2.333333333333333 0
          0.66666666666666663 2.333333333333333 0
          0.83333333333333326 2.333333333333333 0
          1 2.333333333333333 0
          1.1666666666666665 2.333333333333333 0
          1.3333333333333333 2.333333333333333 0
          1.5 2.333333333333333 0
          1.6666666666666665 2.333333333333333 0
          1.8333333333333333 2.333333333333333 0
          2 2.333333333333333 0
          2.1666666666666665 2.333333333333333 0
          2.333333333333333 2.333333333333333 0
          2.5 2.333333333333333 0
          2.6666666666666665 2.333333333333333 0
          2.833333333333333 2.333333333333333 0
          3 2.333333333333333 0
          3.1666666666666665 2.333333333333333 0
          3.333333333333333 2.333333333333333 0
          3.5 2.333333333333333 0
          3.6666666666666665 2.333333333333333 0
          3.833333333333333 2.333333333333333 0
          4 2.333333333333333 0
          4.1666666666666661 2.333333333333333 0
          4.333333333333333 2.333333333333333 0
          4.5 2.333333333333333 0
          4.6666666666666661 2.333333333333333 0
          4.833333333333333 2.333333333333333 0
          5 2.333333333333333 0
          5.1666666666666661 2.333333333333333 0
          5.333333333333333 2.333333333333333 0
          5.5 2.333333333333333 0
          5.6666666666666661 2.333333333333333 0
          5.833333333333333 2.333333333333333 0
          6 2.333333333333333 0
          6.1666666666666661 2.333333333333333 0
          6.333333333333333 2.333333333333333 0
          6.5 2.333333333333333 0
          6.6666666666666661 2.333333333333333 0
          6.833333333333333 2.333333333333333 0
          7 2.333333333333333 0
          0 2.5 0
          0.16666666666666666 2.5 0
          0.33333333333333331 2.5 0
          0.5 2.5 0
          0.66666666666666663 2.5 0
          0.83333333333333326 2.5 0
          1 2.5 0
          1.1666666666666665 2.5 0
          1.3333333333333333 2.5 0
          1.5 2.5 0
          1.6666666666666665 2.5 0
          1.8333333333333333 2.5 0
          2 2.5 0
          2.1666666666666665 2.5 0
          2.333333333333333 2.5 0
          2.5 2.5 0
          2.6666666666666665 2.5 0
          2.833333333333333 2.5 0
          3 2.5 0
          3.1666666666666665 2.5 0
          3.333333333333333 2.5 0
          3.5 2.5 0
          3.6666666666666665 2.5 0
          3.833333333333333 2.5 0
          4 2.5 0
          4.1666666666666661 2.5 0
          4.333333333333333 2.5 0
          4.5 2.5 0
          4.6666666666666661 2.5 0
          4.833333333333333 2.5 0
          5 2.5 0
          5.1666666666666661 2.5 0
          5.333333333333333 2.5 0
          5.5 2.5 0
          5.6666666666666661 2.5 0
          5.833333333333333 2.5 0
          6 2.5 0
          6.1666666666666661 2.5 0
          6.333333333333333 2.5 0
          6.5 2.5 0
          6.6666666666666661 2.5 0
          6.833333333333333 2.5 0
          7 2.5 0
          0 2.6666666666666665 0
          0.16666666666666666 2.6666666666666665 0
          0.33333333333333331 2.6666666666666665 0
          0.5 2.6666666666666665 0
          0.66666666666666663 2.6666666666666665 0
          0.83333333333333326 2.6666666666666665 0
          1 2.6666666666666665 0
          1.1666666666666665 2.6666666666666665 0
          1.3333333333333333 2.6666666666666665 0
          1.5 2.6666666666666665 0
          1.6666666666666665 2.6666666666666665 0
          1.8333333333333333 2.6666666666666665 0
          2 2.6666666666666665 0
          2.1666666666666665 2.6666666666666665 0
          2.333333333333333 2.6666666666666665 0
          2.5 2.6666666666666665 0
          2.6666666666666665 2.6666666666666665 0
          2.833333333333333 2.6666666666666665 0
          3 2.6666666666666665 0
          3.1666666666666665 2.6666666666666665 0
          3.333333333333333 2.6666666666666665 0
          3.5 2.6666666666666665 0
          3.6666666666666665 2.6666666666666665 0
          3.833333333333333 2.6666666666666665 0
          4 2.6666666666666665 0
          4.1666666666666661 2.6666666666666665 0
          4.333333333333333 2.6666666666666665 0
          4.5 2.6666666666666665 0
          4.6666666666666661 2.6666666666666665 0
          4.833333333333333 2.6666666666666665 0
          5 2.6666666666666665 0
          5.1666666666666661 2.6666666666666665 0
          5.333333333333333 2.6666666666666665 0
          5.5 2.6666666666666665 0
          5.6666666666666661 2.6666666666666665 0
          5.833333333333333 2.6666666666666665 0
          6 2.6666666666666665 0
          6.1666666666666661 2.6666666666666665 0
          6.333333333333333 2.6666666666666665 0
          6.5 2.6666666666666665 0
          6.6666666666666661 2.6666666666666665 0
          6.833333333333333 2.6666666666666665 0
          7 2.6666666666666665 0
          0 2.833333333333333 0
          0.16666666666666666 2.833333333333333 0
          0.33333333333333331 2.833333333333333 0
          0.5 2.833333333333333 0
          0.66666666666666663 2.833333333333333 0
          0.83333333333333326 2.833333333333333 0
          1 2.833333333333333 0
          1.1666666666666665 2.833333333333333 0
          1.3333333333333333 2.833333333333333 0
          1.5 2.833333333333333 0
          1.6666666666666665 2.833333333333333 0
          1.8333333333333333 2.833333333333333 0
          2 2.833333333333333 0
          2.1666666666666665 2.833333333333333 0
          2.333333333333333 2.833333333333333 0
          2.5 2.833333333333333 0
          2.6666666666666665 2.833333333333333 0
          2.833333333333333 2.833333333333333 0
          3 2.833333333333333 0
          3.1666666666666665 2.833333333333333 0
          3.333333333333333 2.833333333333333 0
          3.5 2.833333333333333 0
          3.6666666666666665 2.833333333333333 0
          3.833333333333333 2.833333333333333 0
          4 2.833333333333333 0
          4.1666666666666661 2.833333333333333 0
          4.333333333333333 2.833333333333333 0
          4.5 2.833333333333333 0
          4.6666666666666661 2.833333333333333 0
          4.833333333333333 2.833333333333333 0
          5 2.833333333333333 0
          5.1666666666666661 2.833333333333333 0
          5.333333333333333 2.833333333333333 0
          5.5 2.833333333333333 0
          5.6666666666666661 2.833333333333333 0
          5.833333333333333 2.833333333333333 0
          6 2.833333333333333 0
          6.1666666666666661 2.833333333333333 0
          6.333333333333333 2.833333333333333 0
          6.5 2.833333333333333 0
          6.6666666666666661 2.833333333333333 0
          6.833333333333333 2.833333333333333 0
          7 2.833333333333333 0
          0 3 0
          0.16666666666666666 3 0
          0.33333333333333331 3 0
          0.5 3 0
          0.66666666666666663 3 0
          0.83333333333333326 3 0
          1 3 0
          1.1666666666666665 3 0
          1.3333333333333333 3 0
          1.5 3 0
          1.6666666666666665 3 0
          1.8333333333333333 3 0
          2 3 0
          2.1666666666666665 3 0
          2.333333333333333 3 0
          2.5 3 0
          2.6666666666666665 3 0
          2.833333333333333 3 0
          3 3 0
          3.1666666666666665 3 0
          3.333333333333333 3 0
          3.5 3 0
          3.6666666666666665 3 0
          3.833333333333333 3 0
          4 3 0
          4.1666666666666661 3 0
          4.333333333333333 3 0
          4.5 3 0
          4.6666666666666661 3 0
          4.833333333333333 3 0
          5 3 0
          5.1666666666666661 3 0
          5.333333333333333 3 0
          5.5 3 0
          5.6666666666666661 3 0
          5.833333333333333 3 0
          6 3 0
          6.1666666666666661 3 0
          6.333333333333333 3 0
          6.5 3 0
          6.6666666666666661 3 0
          6.833333333333333 3 0
          7 3 0
          0 0 0.16666666666666666
          0.16666666666666666 0 0.16666666666666666
          0.33333333333333331 0 0.16666666666666666
          0.5 0 0.16666666666666666
          0.66666666666666663 0 0.16666666666666666
          0.83333333333333326 0 0.16666666666666666
          1 0 0.16666666666666666
          1.1666666666666665 0 0.16666666666666666
          1.3333333333333333 0 0.16666666666666666
          1.5 0 0.16666666666666666
          1.6666666666666665 0 0.16666666666666666
          1.8333333333333333 0 0.16666666666666666
          2 0 0.16666666666666666
          2.1666666666666665 0 0.16666666666666666
          2.333333333333333 0 0.16666666666666666
          2.5 0 0.16666666666666666
          2.6666666666666665 0 0.16666666666666666
          2.833333333333333 0 0.16666666666666666
          3 0 0.16666666666666666
          3.1666666666666665 0 0.16666666666666666
          3.333333333333333 0 0.16666666666666666
          3.5 0 0.16666666666666666
          3.6666666666666665 0 0.16666666666666666
          3.833333333333333 0 0.16666666666666666
          4 0 0.16666666666666666
          4.1666666666666661 0 0.16666666666666666
          4.333333333333333 0 0.16666666666666666
          4.5 0 0.16666666666666666
          4.6666666666666661 0 0.16666666666666666
          4.833333333333333 0 0.16666666666666666
          5 0 0.16666666666666666
          5.1666666666666661 0 0.16666666666666666
          5.333333333333333 0 0.16666666666666666
          5.5 0 0.16666666666666666
          5.6666666666666661 0 0.16666666666666666
          5.833333333333333 0 0.16666666666666666
          6 0 0.16666666666666666
          6.1666666666666661 0 0.16666666666666666
          6.333333333333333 0 0.16666666666666666
          6.5 0 0.16666666666666666
          6.6666666666666661 0 0.16666666666666666
          6.833333333333333 0 0.16666666666666666
          7 0 0.16666666666666666
          0 0.16666666666666666 0.16666666666666666
          0.16666666666666666 0.16666666666666666 0.16666666666666666
          0.33333333333333331 0.16666666666666666 0.16666666666666666
          0.5 0.16666666666666666 0.16666666666666666
          0.66666666666666663 0.16666666666666666 0.16666666666666666
          0.83333333333333326 0.16666666666666666 0.16666666666666666
          1 0.16666666666666666 0.16666666666666666
          1.1666666666666665 0.16666666666666666 0.16666666666666666
          1.3333333333333333 0.16666666666666666 0.16666666666666666
          1.5 0.16666666666666666 0.16666666666666666
          1.6666666666666665 0.16666666666666666 0.16666666666666666
          1.8333333333333333 0.16666666666666666 0.16666666666666666
          2 0.16666666666666666 0.16666666666666666
          2.1666666666666665 0.16666666666666666 0.16666666666666666
          2.333333333333333 0.16666666666666666 0.16666666666666666
          2.5 0.16666666666666666 0.16666666666666666
          2.6666666666666665 0.16666666666666666 0.16666666666666666
          2.833333333333333 0.16666666666666666 0.16666666666666666
          3 0.16666666666666666 0.16666666666666666
          3.1666666666666665 0.16666666666666666 0.16666666666666666
          3.333333333333333 0.16666666666666666 0.16666666666666666
          3.5 0.16666666666666666 0.16666666666666666
          3.6666666666666665 0.16666666666666666 0.16666666666666666
          3.833333333333333 0.16666666666666666 0.16666666666666666
          4 0.16666666666666666 0.16666666666666666
          4.1666666666666661 0.16666666666666666 0.16666666666666666
          4.333333333333333 0.16666666666666666 0.16666666666666666
          4.5 0.16666666666666666 0.16666666666666666
          4.6666666666666661 0.16666666666666666 0.16666666666666666
          4.833333333333333 0.16666666666666666 0.16666666666666666
          5 0.16666666666666666 0.16666666666666666
          5.1666666666666661 0.16666666666666666 0.16666666666666666
          5.333333333333333 0.16666666666666666 0.16666666666666666
          5.5 0.16666666666666666 0.16666666666666666
          5.6666666666666661 0.16666666666666666 0.16666666666666666
          5.833333333333333 0.16666666666666666 0.16666666666666666
          6 0.16666666666666666 0.16666666666666666
          6.1666666666666661 0.16666666666666666 0.16666666666666666
          6.333333333333333 0.16666666666666666 0.16666666666666666
          6.5 0.16666666666666666 0.16666666666666666
          6.6666666666666661 0.16666666666666666 0.16666666666666666
          6.833333333333333 0.16666666666666666 0.16666666666666666
          7 0.16666666666666666 0.16666666666666666
          0 0.33333333333333331 0.16666666666666666
          0.16666666666666666 0.33333333333333331 0.16666666666666666
          0.33333333333333331 0.33333333333333331 0.16666666666666666
          0.5 0.33333333333333331 0.16666666666666666
          0.66666666666666663 0.33333333333333331 0.16666666666666666
          0.83333333333333326 0.33333333333333331 0.16666666666666666
          1 0.33333333333333331 0.16666666666666666
          1.1666666666666665 0.33333333333333331 0.16666666666666666
          1.3333333333333333 0.33333333333333331 0.16666666666666666
          1.5 0.33333333333333331 0.16666666666666666
          1.6666666666666665 0.33333333333333331 0.16666666666666666
          1.8333333333333333 0.33333333333333331 0.16666666666666666
          2 0.33333333333333331 0.16666666666666666
          2.1666666666666665 0.33333333333333331 0.16666666666666666
          2.333333333333333 0.33333333333333331 0.16666666666666666
          2.5 0.33333333333333331 0.16666666666666666
          2.6666666666666665 0.33333333333333331 0.16666666666666666
          2.833333333333333 0.33333333333333331 0.16666666666666666
          3 0.33333333333333331 0.16666666666666666
          3.1666666666666665 0.33333333333333331 0.16666666666666666
          3.333333333333333 0.33333333333333331 0.16666666666666666
          3.5 0.33333333333333331 0.16666666666666666
          3.6666666666666665 0.33333333333333331 0.16666666666666666
          3.833333333333333 0.33333333333333331 0.16666666666666666
          4 0.33333333333333331 0.16666666666666666
          4.1666666666666661 0.33333333333333331 0.16666666666666666
          4.333333333333333 0.33333333333333331 0.16666666666666666
          4.5 0.33333333333333331 0.16666666666666666
          4.6666666666666661 0.33333333333333331 0.16666666666666666
          4.833333333333333 0.33333333333333331 0.16666666666666666
          5 0.33333333333333331 0.16666666666666666
          5.1666666666666661 0.33333333333333331 0.16666666666666666
          5.333333333333333 0.33333333333333331 0.16666666666666666
          5.5 0.33333333333333331 0.16666666666666666
          5.6666666666666661 0.33333333333333331 0.16666666666666666
          5.833333333333333 0.33333333333333331 0.16666666666666666
          6 0.33333333333333331 0.16666666666666666
          6.1666666666666661 0.33333333333333331 0.16666666666666666
          6.333333333333333 0.33333333333333331 0.16666666666666666
          6.5 0.33333333333333331 0.16666666666666666
          6.6666666666666661 0.33333333333333331 0.16666666666666666
          6.833333333333333 0.33333333333333331 0.16666666666666666
          7 0.33333333333333331 0.16666666666666666
          0 0.5 0.16666666666666666
          0.16666666666666666 0.5 0.16666666666666666
          0.33333333333333331 0.5 0.16666666666666666
          0.5 0.5 0.16666666666666666
          0.66666666666666663 0.5 0.16666666666666666
          0.83333333333333326 0.5 0.16666666666666666
          1 0.5 0.16666666666666666
          1.1666666666666665 0.5 0.16666666666666666
          1.3333333333333333 0.5 0.16666666666666666
          1.5 0.5 0.16666666666666666
          1.6666666666666665 0.5 0.16666666666666666
          1.8333333333333333 0.5 0.16666666666666666
          2 0.5 0.16666666666666666
          2.1666666666666665 0.5 0.16666666666666666
          2.333333333333333 0.5 0.16666666666666666
          2.5 0.5 0.16666666666666666
          2.6666666666666665 0.5 0.16666666666666666
          2.833333333333333 0.5 0.16666666666666666
          3 0.5 0.16666666666666666
          3.1666666666666665 0.5 0.16666666666666666
          3.333333333333333 0.5 0.16666666666666666
          3.5 0.5 0.16666666666666666
          3.6666666666666665 0.5 0.16666666666666666
          3.833333333333333 0.5 0.16666666666666666
          4 0.5 0.16666666666666666
          4.1666666666666661 0.5 0.16666666666666666
          4.333333333333333 0.5 0.16666666666666666
          4.5 0.5 0.16666666666666666
          4.6666666666666661 0.5 0.16666666666666666
          4.833333333333333 0.5 0.16666666666666666
          5 0.5 0.16666666666666666
          5.1666666666666661 0.5 0.16666666666666666
          5.333333333333333 0.5 0.16666666666666666
          5.5 0.5 0.16666666666666666
          5.6666666666666661 0.5 0.16666666666666666
          5.833333333333333 0.5 0.16666666666666666
          6 0.5 0.16666666666666666
          6.1666666666666661 0.5 0.16666666666666666
          6.333333333333333 0.5 0.16666666666666666
          6.5 0.5 0.16666666666666666
          6.6666666666666661 0.5 0.16666666666666666
          6.833333333333333 0.5 0.16666666666666666
          7 0.5 0.16666666666666666
          0 0.66666666666666663 0.16666666666666666
          0.16666666666666666 0.66666666666666663 0.16666666666666666
          0.33333333333333331 0.66666666666666663 0.16666666666666666
          0.5 0.66666666666666663 0.16666666666666666
          0.66666666666666663 0.66666666666666663 0.16666666666666666
          0.83333333333333326 0.66666666666666663 0.16666666666666666
          1 0.66666666666666663 0.16666666666666666
          1.1666666666666665 0.66666666666666663 0.16666666666666666
          1.3333333333333333 0.66666666666666663 0.16666666666666666
          1.5 0.66666666666666663 0.16666666666666666
          1.6666666666666665 0.66666666666666663 0.16666666666666666
          1.8333333333333333 0.66666666666666663 0.16666666666666666
          2 0.66666666666666663 0.16666666666666666
          2.1666666666666665 0.66666666666666663 0.16666666666666666
          2.333333333333333 0.66666666666666663 0.16666666666666666
          2.5 0.66666666666666663 0.16666666666666666
          2.6666666666666665 0.66666666666666663 0.16666666666666666
          2.833333333333333 0.66666666666666663 0.16666666666666666
          3 0.66666666666666663 0.16666666666666666
          3.1666666666666665 0.66666666666666663 0.16666666666666666
          3.333333333333333 0.66666666666666663 0.16666666666666666
          3.5 0.66666666666666663 0.16666666666666666
          3.6666666666666665 0.66666666666666663 0.16666666666666666
          3.833333333333333 0.66666666666666663 0.16666666666666666
          4 0.66666666666666663 0.16666666666666666
          4.1666666666666661 0.66666666666666663 0.16666666666666666
          4.333333333333333 0.66666666666666663 0.16666666666666666
          4.5 0.66666666666666663 0.16666666666666666
          4.6666666666666661 0.66666666666666663 0.16666666666666666
          4.833333333333333 0.66666666666666663 0.16666666666666666
          5 0.66666666666666663 0.16666666666666666
          5.1666666666666661 0.66666666666666663 0.16666666666666666
          5.333333333333333 0.66666666666666663 0.16666666666666666
          5.5 0.66666666666666663 0.16666666666666666
          5.6666666666666661 0.66666666666666663 0.16666666666666666
          5.833333333333333 0.66666666666666663 0.16666666666666666
          6 0.66666666666666663 0.16666666666666666
          6.1666666666666661 0.66666666666666663 0.16666666666666666
          6.333333333333333 0.66666666666666663 0.16666666666666666
          6.5 0.66666666666666663 0.16666666666666666
          6.6666666666666661 0.66666666666666663 0.16666666666666666
          6.833333333333333 0.66666666666666663 0.16666666666666666
          7 0.66666666666666663 0.16666666666666666
          0 0.83333333333333326 0.16666666666666666
          0.16666666666666666 0.83333333333333326 0.16666666666666666
          0.33333333333333331 0.83333333333333326 0.16666666666666666
          0.5 0.83333333333333326 0.16666666666666666
          0.66666666666666663 0.83333333333333326 0.16666666666666666
          0.83333333333333326 0.83333333333333326 0.16666666666666666
          1 0.83333333333333326 0.16666666666666666
          1.1666666666666665 0.83333333333333326 0.16666666666666666
          1.3333333333333333 0.83333333333333326 0.16666666666666666
          1.5 0.83333333333333326 0.16666666666666666
          1.6666666666666665 0.83333333333333326 0.16666666666666666
          1.8333333333333333 0.83333333333333326 0.16666666666666666
          2 0.83333333333333326 0.16666666666666666
          2.1666666666666665 0.83333333333333326 0.16666666666666666
          2.333333333333333 0.83333333333333326 0.16666666666666666
          2.5 0.83333333333333326 0.16666666666666666
          2.6666666666666665 0.83333333333333326 0.16666666666666666
          2.833333333333333 0.83333333333333326 0.16666666666666666
          3 0.83333333333333326 0.16666666666666666
          3.1666666666666665 0.83333333333333326 0.16666666666666666
          3.333333333333333 0.83333333333333326 0.16666666666666666
          3.5 0.83333333333333326 0.16666666666666666
          3.6666666666666665 0.83333333333333326 0.16666666666666666
          3.833333333333333 0.83333333333333326 0.16666666666666666
          4 0.83333333333333326 0.16666666666666666
          4.1666666666666661 0.83333333333333326 0.16666666666666666
          4.333333333333333 0.83333333333333326 0.16666666666666666
          4.5 0.83333333333333326 0.16666666666666666
          4.6666666666666661 0.83333333333333326 0.16666666666666666
          4.833333333333333 0.83333333333333326 0.16666666666666666
          5 0.83333333333333326 0.16666666666666666
          5.1666666666666661 0.83333333333333326 0.16666666666666666
          5.333333333333333 0.83333333333333326 0.16666666666666666
          5.5 0.83333333333333326 0.16666666666666666
          5.6666666666666661 0.83333333333333326 0.16666666666666666
          5.833333333333333 0.83333333333333326 0.16666666666666666
          6 0.83333333333333326 0.16666666666666666
          6.1666666666666661 0.83333333333333326 0.16666666666666666
          6.333333333333333 0.83333333333333326 0.16666666666666666
          6.5 0.83333333333333326 0.16666666666666666
          6.6666666666666661 0.83333333333333326 0.16666666666666666
          6.833333333333333 0.83333333333333326 0.16666666666666666
          7 0.83333333333333326 0.16666666666666666
          0 1 0.16666666666666666
          0.16666666666666666 1 0.16666666666666666
          0.33333333333333331 1 0.16666666666666666
          0.5 1 0.16666666666666666
          0.66666666666666663 1 0.16666666666666666
          0.83333333333333326 1 0.16666666666666666
          1 1 0.16666666666666666
          1.1666666666666665 1 0.16666666666666666
          1.3333333333333333 1 0.16666666666666666
          1.5 1 0.16666666666666666
          1.6666666666666665 1 0.16666666666666666
          1.8333333333333333 1 0.16666666666666666
          2 1 0.16666666666666666
          2.1666666666666665 1 0.16666666666666666
          2.333333333333333 1 0.16666666666666666
          2.5 1 0.16666666666666666
          2.6666666666666665 1 0.16666666666666666
          2.833333333333333 1 0.16666666666666666
          3 1 0.16666666666666666
          3.1666666666666665 1 0.16666666666666666
          3.333333333333333 1 0.16666666666666666
          3.5 1 0.16666666666666666
          3.6666666666666665 1 0.16666666666666666
          3.833333333333333 1 0.16666666666666666
          4 1 0.16666666666666666
          4.1666666666666661 1 0.16666666666666666
          4.333333333333333 1 0.16666666666666666
          4.5 1 0.16666666666666666
          4.6666666666666661 1 0.16666666666666666
          4.833333333333333 1 0.16666666666666666
          5 1 0.16666666666666666
          5.1666666666666661 1 0.16666666666666666
          5.333333333333333 1 0.16666666666666666
          5.5 1 0.16666666666666666
          5.6666666666666661 1 0.16666666666666666
          5.833333333333333 1 0.16666666666666666
          6 1 0.16666666666666666
          6.1666666666666661 1 0.16666666666666666
          6.333333333333333 1 0.16666666666666666
          6.5 1 0.16666666666666666
          6.6666666666666661 1 0.16666666666666666
          6.833333333333333 1 0.16666666666666666
          7 1 0.16666666666666666
          0 1.1666666666666665 0.16666666666666666
          0.16666666666666666 1.1666666666666665 0.16666666666666666
          0.33333333333333331 1.1666666666666665 0.16666666666666666
          0.5 1.1666666666666665 0.16666666666666666
          0.66666666666666663 1.1666666666666665 0.16666666666666666
          0.83333333333333326 1.1666666666666665 0.16666666666666666
          1 1.1666666666666665 0.16666666666666666
          1.1666666666666665 1.1666666666666665 0.16666666666666666
          1.3333333333333333 1.1666666666666665 0.16666666666666666
          1.5 1.1666666666666665 0.16666666666666666
          1.6666666666666665 1.1666666666666665 0.16666666666666666
          1.8333333333333333 1.1666666666666665 0.16666666666666666
          2 1.1666666666666665 0.16666666666666666
          2.1666666666666665 1.1666666666666665 0.16666666666666666
          2.333333333333333 1.1666666666666665 0.16666666666666666
          2.5 1.1666666666666665 0.16666666666666666
          2.6666666666666665 1.1666666666666665 0.16666666666666666
          2.833333333333333 1.1666666666666665 0.16666666666666666
          3 1.1666666666666665 0.16666666666666666
          3.1666666666666665 1.1666666666666665 0.16666666666666666
          3.333333333333333 1.1666666666666665 0.16666666666666666
          3.5 1.1666666666666665 0.16666666666666666
          3.6666666666666665 1.1666666666666665 0.16666666666666666
          3.833333333333333 1.1666666666666665 0.16666666666666666
          4 1.1666666666666665 0.16666666666666666
          4.1666666666666661 1.1666666666666665 0.16666666666666666
          4.333333333333333 1.1666666666666665 0.16666666666666666
          4.5 1.1666666666666665 0.16666666666666666
          4.6666666666666661 1.1666666666666665 0.16666666666666666
          4.833333333333333 1.1666666666666665 0.16666666666666666
          5 1.1666666666666665 0.16666666666666666
          5.1666666666666661 1.1666666666666665 0.16666666666666666
          5.333333333333333 1.1666666666666665 0.16666666666666666
          5.5 1.1666666666666665 0.16666666666666666
          5.6666666666666661 1.1666666666666665 0.16666666666666666
          5.833333333333333 1.1666666666666665 0.16666666666666666
          6 1.1666666666666665 0.16666666666666666
          6.1666666666666661 1.1666666666666665 0.16666666666666666
          6.333333333333333 1.1666666666666665 0.16666666666666666
          6.5 1.1666666666666665 0.16666666666666666
          6.6666666666666661 1.1666666666666665 0.16666666666666666
          6.833333333333333 1.1666666666666665 0.16666666666666666
          7 1.1666666666666665 0.16666666666666666
          0 1.3333333333333333 0.16666666666666666
          0.16666666666666666 1.3333333333333333 0.16666666666666666
          0.33333333333333331 1.3333333333333333 0.16666666666666666
          0.5 1.3333333333333333 0.16666666666666666
          0.66666666666666663 1.3333333333333333 0.16666666666666666
          0.83333333333333326 1.3333333333333333 0.16666666666666666
          1 1.3333333333333333 0.16666666666666666
          1.1666666666666665 1.3333333333333333 0.16666666666666666
          1.3333333333333333 1.3333333333333333 0.16666666666666666
          1.5 1.3333333333333333 0.16666666666666666
          1.6666666666666665 1.3333333333333333 0.16666666666666666
          1.8333333333333333 1.3333333333333333 0.16666666666666666
          2 1.3333333333333333 0.16666666666666666
          2.1666666666666665 1.3333333333333333 0.16666666666666666
          2.333333333333333 1.3333333333333333 0.16666666666666666
          2.5 1.3333333333333333 0.16666666666666666
          2.6666666666666665 1.3333333333333333 0.16666666666666666
          2.833333333333333 1.3333333333333333 0.16666666666666666
          3 1.3333333333333333 0.16666666666666666
          3.1666666666666665 1.3333333333333333 0.16666666666666666
          3.333333333333333 1.3333333333333333 0.16666666666666666
          3.5 1.3333333333333333 0.16666666666666666
          3.6666666666666665 1.3333333333333333 0.16666666666666666
          3.833333333333333 1.3333333333333333 0.16666666666666666
          4 1.3333333333333333 0.16666666666666666
          4.1666666666666661 1.3333333333333333 0.16666666666666666
          4.333333333333333 1.3333333333333333 0.16666666666666666
          4.5 1.3333333333333333 0.16666666666666666
          4.6666666666666661 1.3333333333333333 0.16666666666666666
          4.833333333333333 1.3333333333333333 0.16666666666666666
          5 1.3333333333333333 0.16666666666666666
          5.1666666666666661 1.3333333333333333 0.16666666666666666
          5.333333333333333 1.3333333333333333 0.16666666666666666
          5.5 1.3333333333333333 0.16666666666666666
          5.6666666666666661 1.3333333333333333 0.16666666666666666
          5.833333333333333 1.3333333333333333 0.16666666666666666
          6 1.3333333333333333 0.16666666666666666
          6.1666666666666661 1.3333333333333333 0.16666666666666666
          6.333333333333333 1.3333333333333333 0.16666666666666666
          6.5 1.3333333333333333 0.16666666666666666
          6.6666666666666661 1.3333333333333333 0.16666666666666666
          6.833333333333333 1.3333333333333333 0.16666666666666666
          7 1.3333333333333333 0.16666666666666666
          0 1.5 0.16666666666666666
          0.16666666666666666 1.5 0.16666666666666666
          0.33333333333333331 1.5 0.16666666666666666
          0.5 1.5 0.16666666666666666
          0.66666666666666663 1.5 0.16666666666666666
          0.83333333333333326 1.5 0.16666666666666666
          1 1.5 0.16666666666666666
          1.1666666666666665 1.5 0.16666666666666666
          1.3333333333333333 1.5 0.16666666666666666
          1.5 1.5 0.16666666666666666
          1.6666666666666665 1.5 0.16666666666666666
          1.8333333333333333 1.5 0.16666666666666666
          2 1.5 0.16666666666666666
          2.1666666666666665 1.5 0.16666666666666666
          2.333333333333333 1.5 0.16666666666666666
          2.5 1.5 0.16666666666666666
          2.6666666666666665 1.5 0.16666666666666666
          2.833333333333333 1.5 0.16666666666666666
          3 1.5 0.16666666666666666
          3.1666666666666665 1.5 0.16666666666666666
          3.333333333333333 1.5 0.16666666666666666
          3.5 1.5 0.16666666666666666
          3.6666666666666665 1.5 0.16666666666666666
          3.833333333333333 1.5 0.16666666666666666
          4 1.5 0.16666666666666666
          4.1666666666666661 1.5 0.16666666666666666
          4.333333333333333 1.5 0.16666666666666666
          4.5 1.5 0.16666666666666666
          4.6666666666666661 1.5 0.16666666666666666
          4.833333333333333 1.5 0.16666666666666666
          5 1.5 0.16666666666666666
          5.1666666666666661 1.5 0.16666666666666666
          5.333333333333333 1.5 0.16666666666666666
          5.5 1.5 0.16666666666666666
          5.6666666666666661 1.5 0.16666666666666666
          5.833333333333333 1.5 0.16666666666666666
          6 1.5 0.16666666666666666
          6.1666666666666661 1.5 0.16666666666666666
          6.333333333333333 1.5 0.16666666666666666
          6.5 1.5 0.16666666666666666
          6.6666666666666661 1.5 0.16666666666666666
          6.833333333333333 1.5 0.16666666666666666
          7 1.5 0.16666666666666666
          0 1.6666666666666665 0.16666666666666666
          0.16666666666666666 1.6666666666666665 0.16666666666666666
          0.33333333333333331 1.6666666666666665 0.16666666666666666
          0.5 1.6666666666666665 0.16666666666666666
          0.66666666666666663 1.6666666666666665 0.16666666666666666
          0.83333333333333326 1.6666666666666665 0.16666666666666666
          1 1.6666666666666665 0.16666666666666666
          1.1666666666666665 1.6666666666666665 0.16666666666666666
          1.3333333333333333 1.6666666666666665 0.16666666666666666
          1.5 1.6666666666666665 0.16666666666666666
          1.6666666666666665 1.6666666666666665 0.16666666666666666
          1.8333333333333333 1.6666666666666665 0.16666666666666666
          2 1.6666666666666665 0.16666666666666666
          2.1666666666666665 1.6666666666666665 0.16666666666666666
          2.333333333333333 1.6666666666666665 0.16666666666666666
          2.5 1.6666666666666665 0.16666666666666666
          2.6666666666666665 1.6666666666666665 0.16666666666666666
          2.833333333333333 1.6666666666666665 0.16666666666666666
          3 1.6666666666666665 0.16666666666666666
          3.1666666666666665 1.6666666666666665 0.16666666666666666
          3.333333333333333 1.6666666666666665 0.16666666666666666
          3.5 1.6666666666666665 0.16666666666666666
          3.6666666666666665 1.6666666666666665 0.16666666666666666
          3.833333333333333 1.6666666666666665 0.16666666666666666
          4 1.6666666666666665 0.16666666666666666
          4.1666666666666661 1.6666666666666665 0.16666666666666666
          4.333333333333333 1.6666666666666665 0.16666666666666666
          4.5 1.6666666666666665 0.16666666666666666
          4.6666666666666661 1.6666666666666665 0.16666666666666666
          4.833333333333333 1.6666666666666665 0.16666666666666666
          5 1.6666666666666665 0.16666666666666666
          5.1666666666666661 1.6666666666666665 0.16666666666666666
          5.333333333333333 1.6666666666666665 0.16666666666666666
          5.5 1.6666666666666665 0.16666666666666666
          5.6666666666666661 1.6666666666666665 0.16666666666666666
          5.833333333333333 1.6666666666666665 0.16666666666666666
          6 1.6666666666666665 0.16666666666666666
          6.1666666666666661 1.6666666666666665 0.16666666666666666
          6.333333333333333 1.6666666666666665 0.16666666666666666
          6.5 1.6666666666666665 0.16666666666666666
          6.6666666666666661 1.6666666666666665 0.16666666666666666
          6.833333333333333 1.6666666666666665 0.16666666666666666
          7 1.6666666666666665 0.16666666666666666
          0 1.8333333333333333 0.16666666666666666
          0.16666666666666666 1.8333333333333333 0.16666666666666666
          0.33333333333333331 1.8333333333333333 0.16666666666666666
          0.5 1.8333333333333333 0.16666666666666666
          0.66666666666666663 1.8333333333333333 0.16666666666666666
          0.83333333333333326 1.8333333333333333 0.16666666666666666
          1 1.8333333333333333 0.16666666666666666
          1.1666666666666665 1.8333333333333333 0.16666666666666666
          1.3333333333333333 1.8333333333333333 0.16666666666666666
          1.5 1.8333333333333333 0.16666666666666666
          1.6666666666666665 1.8333333333333333 0.16666666666666666
          1.8333333333333333 1.8333333333333333 0.16666666666666666
          2 1.8333333333333333 0.16666666666666666
          2.1666666666666665 1.8333333333333333 0.16666666666666666
          2.333333333333333 1.8333333333333333 0.16666666666666666
          2.5 1.8333333333333333 0.16666666666666666
          2.6666666666666665 1.8333333333333333 0.16666666666666666
          2.833333333333333 1.8333333333333333 0.16666666666666666
          3 1.8333333333333333 0.16666666666666666
          3.1666666666666665 1.8333333333333333 0.16666666666666666
          3.333333333333333 1.8333333333333333 0.16666666666666666
          3.5 1.8333333333333333 0.16666666666666666
          3.6666666666666665 1.8333333333333333 0.16666666666666666
          3.833333333333333 1.8333333333333333 0.16666666666666666
          4 1.8333333333333333 0.16666666666666666
          4.1666666666666661 1.8333333333333333 0.16666666666666666
          4.333333333333333 1.8333333333333333 0.16666666666666666
          4.5 1.8333333333333333 0.16666666666666666
          4.6666666666666661 1.8333333333333333 0.16666666666666666
          4.833333333333333 1.8333333333333333 0.16666666666666666
          5 1.8333333333333333 0.16666666666666666
          5.1666666666666661 1.8333333333333333 0.16666666666666666
          5.333333333333333 1.8333333333333333 0.16666666666666666
          5.5 1.8333333333333333 0.16666666666666666
          5.6666666666666661 1.8333333333333333 0.16666666666666666
          5.833333333333333 1.8333333333333333 0.16666666666666666
          6 1.8333333333333333 0.16666666666666666
          6.1666666666666661 1.8333333333333333 0.16666666666666666
          6.333333333333333 1.8333333333333333 0.16666666666666666
          6.5 1.8333333333333333 0.16666666666666666
          6.6666666666666661 1.8333333333333333 0.16666666666666666
          6.833333333333333 1.8333333333333333 0.16666666666666666
          7 1.8333333333333333 0.16666666666666666
          0 2 0.16666666666666666
          0.16666666666666666 2 0.16666666666666666
          0.33333333333333331 2 0.16666666666666666
          0.5 2 0.16666666666666666
          0.66666666666666663 2 0.16666666666666666
          0.83333333333333326 2 0.16666666666666666
          1 2 0.16666666666666666
          1.1666666666666665 2 0.16666666666666666
          1.3333333333333333 2 0.16666666666666666
          1.5 2 0.16666666666666666
          1.6666666666666665 2 0.16666666666666666
          1.8333333333333333 2 0.16666666666666666
          2 2 0.16666666666666666
          2.1666666666666665 2 0.16666666666666666
          2.333333333333333 2 0.16666666666666666
          2.5 2 0.16666666666666666
          2.6666666666666665 2 0.16666666666666666
          2.833333333333333 2 0.16666666666666666
          3 2 0.16666666666666666
          3.1666666666666665 2 0.16666666666666666
          3.333333333333333 2 0.16666666666666666
          3.5 2 0.16666666666666666
          3.6666666666666665 2 0.16666666666666666
          3.833333333333333 2 0.16666666666666666
          4 2 0.16666666666666666
          4.1666666666666661 2 0.16666666666666666
          4.333333333333333 2 0.16666666666666666
          4.5 2 0.16666666666666666
          4.6666666666666661 2 0.16666666666666666
          4.833333333333333 2 0.16666666666666666
          5 2 0.16666666666666666
          5.1666666666666661 2 0.16666666666666666
          5.333333333333333 2 0.16666666666666666
          5.5 2 0.16666666666666666
          5.6666666666666661 2 0.16666666666666666
          5.833333333333333 2 0.16666666666666666
          6 2 0.16666666666666666
          6.1666666666666661 2 0.16666666666666666
          6.333333333333333 2 0.16666666666666666
          6.5 2 0.16666666666666666
          6.6666666666666661 2 0.16666666666666666
          6.833333333333333 2 0.16666666666666666
          7 2 0.16666666666666666
          0 2.1666666666666665 0.16666666666666666
          0.16666666666666666 2.1666666666666665 0.16666666666666666
          0.33333333333333331 2.1666666666666665 0.16666666666666666
          0.5 2.1666666666666665 0.16666666666666666
          0.66666666666666663 2.1666666666666665 0.16666666666666666
          0.83333333333333326 2.1666666666666665 0.16666666666666666
          1 2.1666666666666665 0.16666666666666666
          1.1666666666666665 2.1666666666666665 0.16666666666666666
          1.3333333333333333 2.1666666666666665 0.16666666666666666
          1.5 2.1666666666666665 0.16666666666666666
          1.6666666666666665 2.1666666666666665 0.16666666666666666
          1.8333333333333333 2.1666666666666665 0.16666666666666666
          2 2.1666666666666665 0.16666666666666666
          2.1666666666666665 2.1666666666666665 0.16666666666666666
          2.333333333333333 2.1666666666666665 0.16666666666666666
          2.5 2.1666666666666665 0.16666666666666666
          2.6666666666666665 2.1666666666666665 0.16666666666666666
          2.833333333333333 2.1666666666666665 0.16666666666666666
          3 2.1666666666666665 0.16666666666666666
          3.1666666666666665 2.1666666666666665 0.16666666666666666
          3.333333333333333 2.1666666666666665 0.16666666666666666
          3.5 2.1666666666666665 0.16666666666666666
          3.6666666666666665 2.1666666666666665 0.16666666666666666
          3.833333333333333 2.1666666666666665 0.16666666666666666
          4 2.1666666666666665 0.16666666666666666
          4.1666666666666661 2.1666666666666665 0.16666666666666666
          4.333333333333333 2.1666666666666665 0.16666666666666666
          4.5 2.1666666666666665 0.16666666666666666
          4.6666666666666661 2.1666666666666665 0.16666666666666666
          4.833333333333333 2.1666666666666665 0.16666666666666666
          5 2.1666666666666665 0.16666666666666666
          5.1666666666666661 2.1666666666666665 0.16666666666666666
          5.333333333333333 2.1666666666666665 0.16666666666666666
          5.5 2.1666666666666665 0.16666666666666666
          5.6666666666666661 2.1666666666666665 0.16666666666666666
          5.833333333333333 2.1666666666666665 0.16666666666666666
          6 2.1666666666666665 0.16666666666666666
          6.1666666666666661 2.1666666666666665 0.16666666666666666
          6.333333333333333 2.1666666666666665 0.16666666666666666
          6.5 2.1666666666666665 0.16666666666666666
          6.6666666666666661 2.1666666666666665 0.16666666666666666
          6.833333333333333 2.1666666666666665 0.16666666666666666
          7 2.1666666666666665 0.16666666666666666
          0 2.333333333333333 0.16666666666666666
          0.16666666666666666 2.333333333333333 0.16666666666666666
          0.33333333333333331 2.333333333333333 0.16666666666666666
          0.5 2.333333333333333 0.16666666666666666
          0.66666666666666663 2.333333333333333 0.16666666666666666
          0.83333333333333326 2.333333333333333 0.16666666666666666
          1 2.333333333333333 0.16666666666666666
          1.1666666666666665 2.333333333333333 0.16666666666666666
          1.3333333333333333 2.333333333333333 0.16666666666666666
          1.5 2.333333333333333 0.16666666666666666
          1.6666666666666665 2.333333333333333 0.16666666666666666
          1.8333333333333333 2.333333333333333 0.16666666666666666
          2 2.333333333333333 0.16666666666666666
          2.1666666666666665 2.333333333333333 0.16666666666666666
          2.333333333333333 2.333333333333333 0.16666666666666666
          2.5 2.333333333333333 0.16666666666666666
          2.6666666666666665 2.333333333333333 0.16666666666666666
          2.833333333333333 2.333333333333333 0.16666666666666666
          3 2.333333333333333 0.16666666666666666
          3.1666666666666665 2.333333333333333 0.16666666666666666
          3.333333333333333 2.333333333333333 0.16666666666666666
          3.5 2.333333333333333 0.16666666666666666
          3.6666666666666665 2.333333333333333 0.16666666666666666
          3.833333333333333 2.333333333333333 0.16666666666666666
          4 2.333333333333333 0.16666666666666666
          4.1666666666666661 2.333333333333333 0.16666666666666666
          4.333333333333333 2.333333333333333 0.16666666666666666
          4.5 2.333333333333333 0.16666666666666666
          4.6666666666666661 2.333333333333333 0.16666666666666666
          4.833333333333333 2.333333333333333 0.16666666666666666
          5 2.333333333333333 0.16666666666666666
          5.1666666666666661 2.333333333333333 0.16666666666666666
          5.333333333333333 2.333333333333333 0.16666666666666666
          5.5 2.333333333333333 0.16666666666666666
          5.6666666666666661 2.333333333333333 0.16666666666666666
          5.833333333333333 2.333333333333333 0.16666666666666666
          6 2.333333333333333 0.16666666666666666
          6.1666666666666661 2.333333333333333 0.16666666666666666
          6.333333333333333 2.333333333333333 0.16666666666666666
          6.5 2.333333333333333 0.16666666666666666
          6.6666666666666661 2.333333333333333 0.16666666666666666
          6.833333333333333 2.333333333333333 0.16666666666666666
          7 2.333333333333333 0.16666666666666666
          0 2.5 0.16666666666666666
          0.16666666666666666 2.5 0.16666666666666666
          0.33333333333333331 2.5 0.16666666666666666
          0.5 2.5 0.16666666666666666
          0.66666666666666663 2.5 0.16666666666666666
          0.83333333333333326 2.5 0.16666666666666666
          1 2.5 0.16666666666666666
          1.1666666666666665 2.5 0.16666666666666666
          1.3333333333333333 2.5 0.16666666666666666
          1.5 2.5 0.16666666666666666
          1.6666666666666665 2.5 0.16666666666666666
          1.8333333333333333 2.5 0.16666666666666666
          2 2.5 0.16666666666666666
          2.1666666666666665 2.5 0.16666666666666666
          2.333333333333333 2.5 0.16666666666666666
          2.5 2.5 0.16666666666666666
          2.6666666666666665 2.5 0.16666666666666666
          2.833333333333333 2.5 0.16666666666666666
          3 2.5 0.16666666666666666
          3.1666666666666665 2.5 0.16666666666666666
          3.333333333333333 2.5 0.16666666666666666
          3.5 2.5 0.16666666666666666
          3.6666666666666665 2.5 0.16666666666666666
          3.833333333333333 2.5 0.16666666666666666
          4 2.5 0.16666666666666666
          4.1666666666666661 2.5 0.16666666666666666
          4.333333333333333 2.5 0.16666666666666666
          4.5 2.5 0.16666666666666666
          4.6666666666666661 2.5 0.16666666666666666
          4.833333333333333 2.5 0.16666666666666666
          5 2.5 0.16666666666666666
          5.1666666666666661 2.5 0.16666666666666666
          5.333333333333333 2.5 0.16666666666666666
          5.5 2.5 0.16666666666666666
          5.6666666666666661 2.5 0.16666666666666666
          5.833333333333333 2.5 0.16666666666666666
          6 2.5 0.16666666666666666
          6.1666666666666661 2.5 0.16666666666666666
          6.333333333333333 2.5 0.16666666666666666
          6.5 2.5 0.16666666666666666
          6.6666666666666661 2.5 0.16666666666666666
          6.833333333333333 2.5 0.16666666666666666
          7 2.5 0.16666666666666666
          0 2.6666666666666665 0.16666666666666666
          0.16666666666666666 2.6666666666666665 0.16666666666666666
          0.33333333333333331 2.6666666666666665 0.16666666666666666
          0.5 2.6666666666666665 0.16666666666666666
          0.66666666666666663 2.6666666666666665 0.16666666666666666
          0.83333333333333326 2.6666666666666665 0.16666666666666666
          1 2.6666666666666665 0.16666666666666666
          1.1666666666666665 2.6666666666666665 0.16666666666666666
          1.3333333333333333 2.6666666666666665 0.16666666666666666
          1.5 2.6666666666666665 0.16666666666666666
          1.6666666666666665 2.6666666666666665 0.16666666666666666
          1.8333333333333333 2.6666666666666665 0.16666666666666666
          2 2.6666666666666665 0.16666666666666666
          2.1666666666666665 2.6666666666666665 0.16666666666666666
          2.333333333333333 2.6666666666666665 0.16666666666666666
          2.5 2.6666666666666665 0.16666666666666666
          2.6666666666666665 2.6666666666666665 0.16666666666666666
          2.833333333333333 2.6666666666666665 0.16666666666666666
          3 2.6666666666666665 0.16666666666666666
          3.1666666666666665 2.6666666666666665 0.16666666666666666
          3.333333333333333 2.6666666666666665 0.16666666666666666
          3.5 2.6666666666666665 0.16666666666666666
          3.6666666666666665 2.6666666666666665 0.16666666666666666
          3.833333333333333 2.6666666666666665 0.16666666666666666
          4 2.6666666666666665 0.16666666666666666
          4.1666666666666661 2.6666666666666665 0.16666666666666666
          4.333333333333333 2.6666666666666665 0.16666666666666666
          4.5 2.6666666666666665 0.16666666666666666
          4.6666666666666661 2.6666666666666665 0.16666666666666666
          4.833333333333333 2.6666666666666665 0.16666666666666666
          5 2.6666666666666665 0.16666666666666666
          5.1666666666666661 2.6666666666666665 0.16666666666666666
          5.333333333333333 2.6666666666666665 0.16666666666666666
          5.5 2.6666666666666665 0.16666666666666666
          5.6666666666666661 2.6666666666666665 0.16666666666666666
          5.833333333333333 2.6666666666666665 0.16666666666666666
          6 2.6666666666666665 0.16666666666666666
          6.1666666666666661 2.6666666666666665 0.16666666666666666
          6.333333333333333 2.6666666666666665 0.16666666666666666
          6.5 2.6666666666666665 0.16666666666666666
          6.6666666666666661 2.6666666666666665 0.16666666666666666
          6.833333333333333 2.6666666666666665 0.16666666666666666
          7 2.6666666666666665 0.16666666666666666
          0 2.833333333333333 0.16666666666666666
          0.16666666666666666 2.833333333333333 0.16666666666666666
          0.33333333333333331 2.833333333333333 0.16666666666666666
          0.5 2.833333333333333 0.16666666666666666
          0.66666666666666663 2.833333333333333 0.16666666666666666
          0.83333333333333326 2.833333333333333 0.16666666666666666
          1 2.833333333333333 0.16666666666666666
          1.1666666666666665 2.833333333333333 0.16666666666666666
          1.3333333333333333 2.833333333333333 0.16666666666666666
          1.5 2.833333333333333 0.16666666666666666
          1.6666666666666665 2.833333333333333 0.16666666666666666
          1.8333333333333333 2.833333333333333 0.16666666666666666
          2 2.833333333333333 0.16666666666666666
          2.1666666666666665 2.833333333333333 0.16666666666666666
          2.333333333333333 2.833333333333333 0.16666666666666666
          2.5 2.833333333333333 0.16666666666666666
          2.6666666666666665 2.833333333333333 0.16666666666666666
          2.833333333333333 2.833333333333333 0.16666666666666666
          3 2.833333333333333 0.16666666666666666
          3.1666666666666665 2.833333333333333 0.16666666666666666
          3.333333333333333 2.833333333333333 0.16666666666666666
          3.5 2.833333333333333 0.16666666666666666
          3.6666666666666665 2.833333333333333 0.16666666666666666
          3.833333333333333 2.833333333333333 0.16666666666666666
          4 2.833333333333333 0.16666666666666666
          4.1666666666666661 2.833333333333333 0.16666666666666666
          4.333333333333333 2.833333333333333 0.16666666666666666
          4.5 2.833333333333333 0.16666666666666666
          4.6666666666666661 2.833333333333333 0.16666666666666666
          4.833333333333333 2.833333333333333 0.16666666666666666
          5 2.833333333333333 0.16666666666666666
          5.1666666666666661 2.833333333333333 0.16666666666666666
          5.333333333333333 2.833333333333333 0.16666666666666666
          5.5 2.833333333333333 0.16666666666666666
          5.6666666666666661 2.833333333333333 0.16666666666666666
          5.833333333333333 2.833333333333333 0.16666666666666666
          6 2.833333333333333 0.16666666666666666
          6.1666666666666661 2.833333333333333 0.16666666666666666
          6.333333333333333 2.833333333333333 0.16666666666666666
          6.5 2.833333333333333 0.16666666666666666
          6.6666666666666661 2.833333333333333 0.16666666666666666
          6.833333333333333 2.833333333333333 0.16666666666666666
          7 2.833333333333333 0.16666666666666666
          0 3 0.16666666666666666
          0.16666666666666666 3 0.16666666666666666
          0.33333333333333331 3 0.16666666666666666
          0.5 3 0.16666666666666666
          0.66666666666666663 3 0.16666666666666666
          0.83333333333333326 3 0.16666666666666666
          1 3 0.16666666666666666
          1.1666666666666665 3 0.16666666666666666
          1.3333333333333333 3 0.16666666666666666
          1.5 3 0.16666666666666666
          1.6666666666666665 3 0.16666666666666666
          1.8333333333333333 3 0.16666666666666666
          2 3 0.16666666666666666
          2.1666666666666665 3 0.16666666666666666
          2.333333333333333 3 0.16666666666666666
          2.5 3 0.16666666666666666
          2.6666666666666665 3 0.16666666666666666
          2.833333333333333 3 0.16666666666666666
          3 3 0.16666666666666666
          3.1666666666666665 3 0.16666666666666666
          3.333333333333333 3 0.16666666666666666
          3.5 3 0.16666666666666666
          3.6666666666666665 3 0.16666666666666666
          3.833333333333333 3 0.16666666666666666
          4 3 0.16666666666666666
          4.1666666666666661 3 0.16666666666666666
          4.333333333333333 3 0.16666666666666666
          4.5 3 0.16666666666666666
          4.6666666666666661 3 0.16666666666666666
          4.833333333333333 3 0.16666666666666666
          5 3 0.16666666666666666
          5.1666666666666661 3 0.16666666666666666
          5.333333333333333 3 0.16666666666666666
          5.5 3 0.16666666666666666
          5.6666666666666661 3 0.16666666666666666
          5.833333333333333 3 0.16666666666666666
          6 3 0.16666666666666666
          6.1666666666666661 3 0.16666666666666666
          6.333333333333333 3 0.16666666666666666
          6.5 3 0.16666666666666666
          6.6666666666666661 3 0.16666666666666666
          6.833333333333333 3 0.16666666666666666
          7 3 0.16666666666666666
          0 0 0.33333333333333331
          0.16666666666666666 0 0.33333333333333331
          0.33333333333333331 0 0.33333333333333331
          0.5 0 0.33333333333333331
          0.66666666666666663 0 0.33333333333333331
          0.83333333333333326 0 0.33333333333333331
          1 0 0.33333333333333331
          1.1666666666666665 0 0.33333333333333331
          1.3333333333333333 0 0.33333333333333331
          1.5 0 0.33333333333333331
          1.6666666666666665 0 0.33333333333333331
          1.8333333333333333 0 0.33333333333333331
          2 0 0.33333333333333331
          2.1666666666666665 0 0.33333333333333331
          2.333333333333333 0 0.33333333333333331
          2.5 0 0.33333333333333331
          2.6666666666666665 0 0.33333333333333331
          2.833333333333333 0 0.33333333333333331
          3 0 0.33333333333333331
          3.1666666666666665 0 0.33333333333333331
          3.333333333333333 0 0.33333333333333331
          3.5 0 0.33333333333333331
          3.6666666666666665 0 0.33333333333333331
          3.833333333333333 0 0.33333333333333331
          4 0 0.33333333333333331
          4.1666666666666661 0 0.33333333333333331
          4.333333333333333 0 0.33333333333333331
          4.5 0 0.33333333333333331
          4.6666666666666661 0 0.33333333333333331
          4.833333333333333 0 0.33333333333333331
          5 0 0.33333333333333331
          5.1666666666666661 0 0.33333333333333331
          5.333333333333333 0 0.33333333333333331
          5.5 0 0.33333333333333331
          5.6666666666666661 0 0.33333333333333331
          5.833333333333333 0 0.33333333333333331
          6 0 0.33333333333333331
          6.1666666666666661 0 0.33333333333333331
          6.333333333333333 0 0.33333333333333331
          6.5 0 0.33333333333333331
          6.6666666666666661 0 0.33333333333333331
          6.833333333333333 0 0.33333333333333331
          7 0 0.33333333333333331
          0 0.16666666666666666 0.33333333333333331
          0.16666666666666666 0.16666666666666666 0.33333333333333331
          0.33333333333333331 0.16666666666666666 0.33333333333333331
          0.5 0.16666666666666666 0.33333333333333331
          0.66666666666666663 0.16666666666666666 0.33333333333333331
          0.83333333333333326 0.16666666666666666 0.33333333333333331
          1 0.16666666666666666 0.33333333333333331
          1.1666666666666665 0.16666666666666666 0.33333333333333331
          1.3333333333333333 0.16666666666666666 0.33333333333333331
          1.5 0.16666666666666666 0.33333333333333331
          1.6666666666666665 0.16666666666666666 0.33333333333333331
          1.8333333333333333 0.16666666666666666 0.33333333333333331
          2 0.16666666666666666 0.33333333333333331
          2.1666666666666665 0.16666666666666666 0.33333333333333331
          2.333333333333333 0.16666666666666666 0.33333333333333331
          2.5 0.16666666666666666 0.33333333333333331
          2.6666666666666665 0.16666666666666666 0.33333333333333331
          2.833333333333333 0.16666666666666666 0.33333333333333331
          3 0.16666666666666666 0.33333333333333331
          3.1666666666666665 0.16666666666666666 0.33333333333333331
          3.333333333333333 0.16666666666666666 0.33333333333333331
          3.5 0.16666666666666666 0.33333333333333331
          3.6666666666666665 0.16666666666666666 0.33333333333333331
          3.833333333333333 0.16666666666666666 0.33333333333333331
          4 0.16666666666666666 0.33333333333333331
          4.1666666666666661 0.16666666666666666 0.33333333333333331
          4.333333333333333 0.16666666666666666 0.33333333333333331
          4.5 0.16666666666666666 0.33333333333333331
          4.6666666666666661 0.16666666666666666 0.33333333333333331
          4.833333333333333 0.16666666666666666 0.33333333333333331
          5 0.16666666666666666 0.33333333333333331
          5.1666666666666661 0.16666666666666666 0.33333333333333331
          5.333333333333333 0.16666666666666666 0.33333333333333331
          5.5 0.16666666666666666 0.33333333333333331
          5.6666666666666661 0.16666666666666666 0.33333333333333331
          5.833333333333333 0.16666666666666666 0.33333333333333331
          6 0.16666666666666666 0.33333333333333331
          6.1666666666666661 0.16666666666666666 0.33333333333333331
          6.333333333333333 0.16666666666666666 0.33333333333333331
          6.5 0.16666666666666666 0.33333333333333331
          6.6666666666666661 0.16666666666666666 0.33333333333333331
          6.833333333333333 0.16666666666666666 0.33333333333333331
          7 0.16666666666666666 0.33333333333333331
          0 0.33333333333333331 0.33333333333333331
          0.16666666666666666 0.33333333333333331 0.33333333333333331
          0.33333333333333331 0.33333333333333331 0.33333333333333331
          0.5 0.33333333333333331 0.33333333333333331
          0.66666666666666663 0.33333333333333331 0.33333333333333331
          0.83333333333333326 0.33333333333333331 0.33333333333333331
          1 0.33333333333333331 0.33333333333333331
          1.1666666666666665 0.33333333333333331 0.33333333333333331
          1.3333333333333333 0.33333333333333331 0.33333333333333331
          1.5 0.33333333333333331 0.33333333333333331
          1.6666666666666665 0.33333333333333331 0.33333333333333331
          1.8333333333333333 0.33333333333333331 0.33333333333333331
          2 0.33333333333333331 0.33333333333333331
          2.1666666666666665 0.33333333333333331 0.33333333333333331
          2.333333333333333 0.33333333333333331 0.33333333333333331
          2.5 0.33333333333333331 0.33333333333333331
          2.6666666666666665 0.33333333333333331 0.33333333333333331
          2.833333333333333 0.33333333333333331 0.33333333333333331
          3 0.33333333333333331 0.33333333333333331
          3.1666666666666665 0.33333333333333331 0.33333333333333331
          3.333333333333333 0.33333333333333331 0.33333333333333331
          3.5 0.33333333333333331 0.33333333333333331
          3.6666666666666665 0.33333333333333331 0.33333333333333331
          3.833333333333333 0.33333333333333331 0.33333333333333331
          4 0.33333333333333331 0.33333333333333331
          4.1666666666666661 0.33333333333333331 0.33333333333333331
          4.333333333333333 0.33333333333333331 0.33333333333333331
          4.5 0.33333333333333331 0.33333333333333331
          4.6666666666666661 0.33333333333333331 0.33333333333333331
          4.833333333333333 0.33333333333333331 0.33333333333333331
          5 0.33333333333333331 0.33333333333333331
          5.1666666666666661 0.33333333333333331 0.33333333333333331
          5.333333333333333 0.33333333333333331 0.33333333333333331
          5.5 0.33333333333333331 0.33333333333333331
          5.6666666666666661 0.33333333333333331 0.33333333333333331
          5.833333333333333 0.33333333333333331 0.33333333333333331
          6 0.33333333333333331 0.33333333333333331
          6.1666666666666661 0.33333333333333331 0.33333333333333331
          6.333333333333333 0.33333333333333331 0.33333333333333331
          6.5 0.33333333333333331 0.33333333333333331
          6.6666666666666661 0.33333333333333331 0.33333333333333331
          6.833333333333333 0.33333333333333331 0.33333333333333331
          7 0.33333333333333331 0.33333333333333331
          0 0.5 0.33333333333333331
          0.16666666666666666 0.5 0.33333333333333331
          0.33333333333333331 0.5 0.33333333333333331
          0.5 0.5 0.33333333333333331
          0.66666666666666663 0.5 0.33333333333333331
          0.83333333333333326 0.5 0.33333333333333331
          1 0.5 0.33333333333333331
          1.1666666666666665 0.5 0.33333333333333331
          1.3333333333333333 0.5 0.33333333333333331
          1.5 0.5 0.33333333333333331
          1.6666666666666665 0.5 0.33333333333333331
          1.8333333333333333 0.5 0.33333333333333331
          2 0.5 0.33333333333333331
          2.1666666666666665 0.5 0.33333333333333331
          2.333333333333333 0.5 0.33333333333333331
          2.5 0.5 0.33333333333333331
          2.6666666666666665 0.5 0.33333333333333331
          2.833333333333333 0.5 0.33333333333333331
          3 0.5 0.33333333333333331
          3.1666666666666665 0.5 0.33333333333333331
          3.333333333333333 0.5 0.33333333333333331
          3.5 0.5 0.33333333333333331
          3.6666666666666665 0.5 0.33333333333333331
          3.833333333333333 0.5 0.33333333333333331
          4 0.5 0.33333333333333331
          4.1666666666666661 0.5 0.33333333333333331
          4.333333333333333 0.5 0.33333333333333331
          4.5 0.5 0.33333333333333331
          4.6666666666666661 0.5 0.33333333333333331
          4.833333333333333 0.5 0.33333333333333331
          5 0.5 0.33333333333333331
          5.1666666666666661 0.5 0.33333333333333331
          5.333333333333333 0.5 0.33333333333333331
          5.5 0.5 0.33333333333333331
          5.6666666666666661 0.5 0.33333333333333331
          5.833333333333333 0.5 0.33333333333333331
          6 0.5 0.33333333333333331
          6.1666666666666661 0.5 0.33333333333333331
          6.333333333333333 0.5 0.33333333333333331
          6.5 0.5 0.33333333333333331
          6.6666666666666661 0.5 0.33333333333333331
          6.833333333333333 0.5 0.33333333333333331
          7 0.5 0.33333333333333331
          0 0.66666666666666663 0.33333333333333331
          0.16666666666666666 0.66666666666666663 0.33333333333333331
          0.33333333333333331 0.66666666666666663 0.33333333333333331
          0.5 0.66666666666666663 0.33333333333333331
          0.66666666666666663 0.66666666666666663 0.33333333333333331
          0.83333333333333326 0.66666666666666663 0.33333333333333331
          1 0.66666666666666663 0.33333333333333331
          1.1666666666666665 0.66666666666666663 0.33333333333333331
          1.3333333333333333 0.66666666666666663 0.33333333333333331
          1.5 0.66666666666666663 0.33333333333333331
          1.6666666666666665 0.66666666666666663 0.33333333333333331
          1.8333333333333333 0.66666666666666663 0.33333333333333331
          2 0.66666666666666663 0.33333333333333331
          2.1666666666666665 0.66666666666666663 0.33333333333333331
          2.333333333333333 0.66666666666666663 0.33333333333333331
          2.5 0.66666666666666663 0.33333333333333331
          2.6666666666666665 0.66666666666666663 0.33333333333333331
          2.833333333333333 0.66666666666666663 0.33333333333333331
          3 0.66666666666666663 0.33333333333333331
          3.1666666666666665 0.66666666666666663 0.33333333333333331
          3.333333333333333 0.66666666666666663 0.33333333333333331
          3.5 0.66666666666666663 0.33333333333333331
          3.6666666666666665 0.66666666666666663 0.33333333333333331
          3.833333333333333 0.66666666666666663 0.33333333333333331
          4 0.66666666666666663 0.33333333333333331
          4.1666666666666661 0.66666666666666663 0.33333333333333331
          4.333333333333333 0.66666666666666663 0.33333333333333331
          4.5 0.66666666666666663 0.33333333333333331
          4.6666666666666661 0.66666666666666663 0.33333333333333331
          4.833333333333333 0.66666666666666663 0.33333333333333331
          5 0.66666666666666663 0.33333333333333331
          5.1666666666666661 0.66666666666666663 0.33333333333333331
          5.333333333333333 0.66666666666666663 0.33333333333333331
          5.5 0.66666666666666663 0.33333333333333331
          5.6666666666666661 0.66666666666666663 0.33333333333333331
          5.833333333333333 0.66666666666666663 0.33333333333333331
          6 0.66666666666666663 0.33333333333333331
          6.1666666666666661 0.66666666666666663 0.33333333333333331
          6.333333333333333 0.66666666666666663 0.33333333333333331
          6.5 0.66666666666666663 0.33333333333333331
          6.6666666666666661 0.66666666666666663 0.33333333333333331
          6.833333333333333 0.66666666666666663 0.33333333333333331
          7 0.66666666666666663 0.33333333333333331
          0 0.83333333333333326 0.33333333333333331
          0.16666666666666666 0.83333333333333326 0.33333333333333331
          0.33333333333333331 0.83333333333333326 0.33333333333333331
          0.5 0.83333333333333326 0.33333333333333331
          0.66666666666666663 0.83333333333333326 0.33333333333333331
          0.83333333333333326 0.83333333333333326 0.33333333333333331
          1 0.83333333333333326 0.33333333333333331
          1.1666666666666665 0.83333333333333326 0.33333333333333331
          1.3333333333333333 0.83333333333333326 0.33333333333333331
          1.5 0.83333333333333326 0.33333333333333331
          1.6666666666666665 0.83333333333333326 0.33333333333333331
          1.8333333333333333 0.83333333333333326 0.33333333333333331
          2 0.83333333333333326 0.33333333333333331
          2.1666666666666665 0.83333333333333326 0.33333333333333331
          2.333333333333333 0.83333333333333326 0.33333333333333331
          2.5 0.83333333333333326 0.33333333333333331
          2.6666666666666665 0.83333333333333326 0.33333333333333331
          2.833333333333333 0.83333333333333326 0.33333333333333331
          3 0.83333333333333326 0.33333333333333331
          3.1666666666666665 0.83333333333333326 0.33333333333333331
          3.333333333333333 0.83333333333333326 0.33333333333333331
          3.5 0.83333333333333326 0.33333333333333331
          3.6666666666666665 0.83333333333333326 0.33333333333333331
          3.833333333333333 0.83333333333333326 0.33333333333333331
          4 0.83333333333333326 0.33333333333333331
          4.1666666666666661 0.83333333333333326 0.33333333333333331
          4.333333333333333 0.83333333333333326 0.33333333333333331
          4.5 0.83333333333333326 0.33333333333333331
          4.6666666666666661 0.83333333333333326 0.33333333333333331
          4.833333333333333 0.83333333333333326 0.33333333333333331
          5 0.83333333333333326 0.33333333333333331
          5.1666666666666661 0.83333333333333326 0.33333333333333331
          5.333333333333333 0.83333333333333326 0.33333333333333331
          5.5 0.83333333333333326 0.33333333333333331
          5.6666666666666661 0.83333333333333326 0.33333333333333331
          5.833333333333333 0.83333333333333326 0.33333333333333331
          6 0.83333333333333326 0.33333333333333331
          6.1666666666666661 0.83333333333333326 0.33333333333333331
          6.333333333333333 0.83333333333333326 0.33333333333333331
          6.5 0.83333333333333326 0.33333333333333331
          6.6666666666666661 0.83333333333333326 0.33333333333333331
          6.833333333333333 0.83333333333333326 0.33333333333333331
          7 0.83333333333333326 0.33333333333333331
          0 1 0.33333333333333331
          0.16666666666666666 1 0.33333333333333331
          0.33333333333333331 1 0.33333333333333331
          0.5 1 0.33333333333333331
          0.66666666666666663 1 0.33333333333333331
          0.83333333333333326 1 0.33333333333333331
          1 1 0.33333333333333331
          1.1666666666666665 1 0.33333333333333331
          1.3333333333333333 1 0.33333333333333331
          1.5 1 0.33333333333333331
          1.6666666666666665 1 0.33333333333333331
          1.8333333333333333 1 0.33333333333333331
          2 1 0.33333333333333331
          2.1666666666666665 1 0.33333333333333331
          2.333333333333333 1 0.33333333333333331
          2.5 1 0.33333333333333331
          2.6666666666666665 1 0.33333333333333331
          2.833333333333333 1 0.33333333333333331
          3 1 0.33333333333333331
          3.1666666666666665 1 0.33333333333333331
          3.333333333333333 1 0.33333333333333331
          3.5 1 0.33333333333333331
          3.6666666666666665 1 0.33333333333333331
          3.833333333333333 1 0.33333333333333331
          4 1 0.33333333333333331
          4.1666666666666661 1 0.33333333333333331
          4.333333333333333 1 0.33333333333333331
          4.5 1 0.33333333333333331
          4.6666666666666661 1 0.33333333333333331
          4.833333333333333 1 0.33333333333333331
          5 1 0.33333333333333331
          5.1666666666666661 1 0.33333333333333331
          5.333333333333333 1 0.33333333333333331
          5.5 1 0.33333333333333331
          5.6666666666666661 1 0.33333333333333331
          5.833333333333333 1 0.33333333333333331
          6 1 0.33333333333333331
          6.1666666666666661 1 0.33333333333333331
          6.333333333333333 1 0.33333333333333331
          6.5 1 0.33333333333333331
          6.6666666666666661 1 0.33333333333333331
          6.833333333333333 1 0.33333333333333331
          7 1 0.33333333333333331
          0 1.1666666666666665 0.33333333333333331
          0.16666666666666666 1.1666666666666665 0.33333333333333331
          0.33333333333333331 1.1666666666666665 0.33333333333333331
          0.5 1.1666666666666665 0.33333333333333331
          0.66666666666666663 1.1666666666666665 0.33333333333333331
          0.83333333333333326 1.1666666666666665 0.33333333333333331
          1 1.1666666666666665 0.33333333333333331
          1.1666666666666665 1.1666666666666665 0.33333333333333331
          1.3333333333333333 1.1666666666666665 0.33333333333333331
          1.5 1.1666666666666665 0.33333333333333331
          1.6666666666666665 1.1666666666666665 0.33333333333333331
          1.8333333333333333 1.1666666666666665 0.33333333333333331
          2 1.1666666666666665 0.33333333333333331
          2.1666666666666665 1.1666666666666665 0.33333333333333331
          2.333333333333333 1.1666666666666665 0.33333333333333331
          2.5 1.1666666666666665 0.33333333333333331
          2.6666666666666665 1.1666666666666665 0.33333333333333331
          2.833333333333333 1.1666666666666665 0.33333333333333331
          3 1.1666666666666665 0.33333333333333331
          3.1666666666666665 1.1666666666666665 0.33333333333333331
          3.333333333333333 1.1666666666666665 0.33333333333333331
          3.5 1.1666666666666665 0.33333333333333331
          3.6666666666666665 1.1666666666666665 0.33333333333333331
          3.833333333333333 1.1666666666666665 0.33333333333333331
          4 1.1666666666666665 0.33333333333333331
          4.1666666666666661 1.1666666666666665 0.33333333333333331
          4.333333333333333 1.1666666666666665 0.33333333333333331
          4.5 1.1666666666666665 0.33333333333333331
          4.6666666666666661 1.1666666666666665 0.33333333333333331
          4.833333333333333 1.1666666666666665 0.33333333333333331
          5 1.1666666666666665 0.33333333333333331
          5.1666666666666661 1.1666666666666665 0.33333333333333331
          5.333333333333333 1.1666666666666665 0.33333333333333331
          5.5 1.1666666666666665 0.33333333333333331
          5.6666666666666661 1.1666666666666665 0.33333333333333331
          5.833333333333333 1.1666666666666665 0.33333333333333331
          6 1.1666666666666665 0.33333333333333331
          6.1666666666666661 1.1666666666666665 0.33333333333333331
          6.333333333333333 1.1666666666666665 0.33333333333333331
          6.5 1.1666666666666665 0.33333333333333331
          6.6666666666666661 1.1666666666666665 0.33333333333333331
          6.833333333333333 1.1666666666666665 0.33333333333333331
          7 1.1666666666666665 0.33333333333333331
          0 1.3333333333333333 0.33333333333333331
          0.16666666666666666 1.3333333333333333 0.33333333333333331
          0.33333333333333331 1.3333333333333333 0.33333333333333331
          0.5 1.3333333333333333 0.33333333333333331
          0.66666666666666663 1.3333333333333333 0.33333333333333331
          0.83333333333333326 1.3333333333333333 0.33333333333333331
          1 1.3333333333333333 0.33333333333333331
          1.1666666666666665 1.3333333333333333 0.33333333333333331
          1.3333333333333333 1.3333333333333333 0.33333333333333331
          1.5 1.3333333333333333 0.33333333333333331
          1.6666666666666665 1.3333333333333333 0.33333333333333331
          1.8333333333333333 1.3333333333333333 0.33333333333333331
          2 1.3333333333333333 0.33333333333333331
          2.1666666666666665 1.3333333333333333 0.33333333333333331
          2.333333333333333 1.3333333333333333 0.33333333333333331
          2.5 1.3333333333333333 0.33333333333333331
          2.6666666666666665 1.3333333333333333 0.33333333333333331
          2.833333333333333 1.3333333333333333 0.33333333333333331
          3 1.3333333333333333 0.33333333333333331
          3.1666666666666665 1.3333333333333333 0.33333333333333331
          3.333333333333333 1.3333333333333333 0.33333333333333331
          3.5 1.3333333333333333 0.33333333333333331
          3.6666666666666665 1.3333333333333333 0.33333333333333331
          3.833333333333333 1.3333333333333333 0.33333333333333331
          4 1.3333333333333333 0.33333333333333331
          4.1666666666666661 1.3333333333333333 0.33333333333333331
          4.333333333333333 1.3333333333333333 0.33333333333333331
          4.5 1.3333333333333333 0.33333333333333331
          4.6666666666666661 1.3333333333333333 0.33333333333333331
          4.833333333333333 1.3333333333333333 0.33333333333333331
          5 1.3333333333333333 0.33333333333333331
          5.1666666666666661 1.3333333333333333 0.33333333333333331
          5.333333333333333 1.3333333333333333 0.33333333333333331
          5.5 1.3333333333333333 0.33333333333333331
          5.6666666666666661 1.3333333333333333 0.33333333333333331
          5.833333333333333 1.3333333333333333 0.33333333333333331
          6 1.3333333333333333 0.33333333333333331
          6.1666666666666661 1.3333333333333333 0.33333333333333331
          6.333333333333333 1.3333333333333333 0.33333333333333331
          6.5 1.3333333333333333 0.33333333333333331
          6.6666666666666661 1.3333333333333333 0.33333333333333331
          6.833333333333333 1.3333333333333333 0.33333333333333331
          7 1.3333333333333333 0.33333333333333331
          0 1.5 0.33333333333333331
          0.16666666666666666 1.5 0.33333333333333331
          0.33333333333333331 1.5 0.33333333333333331
          0.5 1.5 0.33333333333333331
          0.66666666666666663 1.5 0.33333333333333331
          0.83333333333333326 1.5 0.33333333333333331
          1 1.5 0.33333333333333331
          1.1666666666666665 1.5 0.33333333333333331
          1.3333333333333333 1.5 0.33333333333333331
          1.5 1.5 0.33333333333333331
          1.6666666666666665 1.5 0.33333333333333331
          1.8333333333333333 1.5 0.33333333333333331
          2 1.5 0.33333333333333331
          2.1666666666666665 1.5 0.33333333333333331
          2.333333333333333 1.5 0.33333333333333331
          2.5 1.5 0.33333333333333331
          2.6666666666666665 1.5 0.33333333333333331
          2.833333333333333 1.5 0.33333333333333331
          3 1.5 0.33333333333333331
          3.1666666666666665 1.5 0.33333333333333331
          3.333333333333333 1.5 0.33333333333333331
          3.5 1.5 0.33333333333333331
          3.6666666666666665 1.5 0.33333333333333331
          3.833333333333333 1.5 0.33333333333333331
          4 1.5 0.33333333333333331
          4.1666666666666661 1.5 0.33333333333333331
          4.333333333333333 1.5 0.33333333333333331
          4.5 1.5 0.33333333333333331
          4.6666666666666661 1.5 0.33333333333333331
          4.833333333333333 1.5 0.33333333333333331
          5 1.5 0.33333333333333331
          5.1666666666666661 1.5 0.33333333333333331
          5.333333333333333 1.5 0.33333333333333331
          5.5 1.5 0.33333333333333331
          5.6666666666666661 1.5 0.33333333333333331
          5.833333333333333 1.5 0.33333333333333331
          6 1.5 0.33333333333333331
          6.1666666666666661 1.5 0.33333333333333331
          6.333333333333333 1.5 0.33333333333333331
          6.5 1.5 0.33333333333333331
          6.6666666666666661 1.5 0.33333333333333331
          6.833333333333333 1.5 0.33333333333333331
          7 1.5 0.33333333333333331
          0 1.6666666666666665 0.33333333333333331
          0.16666666666666666 1.6666666666666665 0.33333333333333331
          0.33333333333333331 1.6666666666666665 0.33333333333333331
          0.5 1.6666666666666665 0.33333333333333331
          0.66666666666666663 1.6666666666666665 0.33333333333333331
          0.83333333333333326 1.6666666666666665 0.33333333333333331
          1 1.6666666666666665 0.33333333333333331
          1.1666666666666665 1.6666666666666665 0.33333333333333331
          1.3333333333333333 1.6666666666666665 0.33333333333333331
          1.5 1.6666666666666665 0.33333333333333331
          1.6666666666666665 1.6666666666666665 0.33333333333333331
          1.8333333333333333 1.6666666666666665 0.33333333333333331
          2 1.6666666666666665 0.33333333333333331
          2.1666666666666665 1.6666666666666665 0.33333333333333331
          2.333333333333333 1.6666666666666665 0.33333333333333331
          2.5 1.6666666666666665 0.33333333333333331
          2.6666666666666665 1.6666666666666665 0.33333333333333331
          2.833333333333333 1.6666666666666665 0.33333333333333331
          3 1.6666666666666665 0.33333333333333331
          3.1666666666666665 1.6666666666666665 0.33333333333333331
          3.333333333333333 1.6666666666666665 0.33333333333333331
          3.5 1.6666666666666665 0.33333333333333331
          3.6666666666666665 1.6666666666666665 0.33333333333333331
          3.833333333333333 1.6666666666666665 0.33333333333333331
          4 1.6666666666666665 0.33333333333333331
          4.1666666666666661 1.6666666666666665 0.33333333333333331
          4.333333333333333 1.6666666666666665 0.33333333333333331
          4.5 1.6666666666666665 0.33333333333333331
          4.6666666666666661 1.6666666666666665 0.33333333333333331
          4.833333333333333 1.6666666666666665 0.33333333333333331
          5 1.6666666666666665 0.33333333333333331
          5.1666666666666661 1.6666666666666665 0.33333333333333331
          5.333333333333333 1.6666666666666665 0.33333333333333331
          5.5 1.6666666666666665 0.33333333333333331
          5.6666666666666661 1.6666666666666665 0.33333333333333331
          5.833333333333333 1.6666666666666665 0.33333333333333331
          6 1.6666666666666665 0.33333333333333331
          6.1666666666666661 1.6666666666666665 0.33333333333333331
          6.333333333333333 1.6666666666666665 0.33333333333333331
          6.5 1.6666666666666665 0.33333333333333331
          6.6666666666666661 1.6666666666666665 0.33333333333333331
          6.833333333333333 1.6666666666666665 0.33333333333333331
          7 1.6666666666666665 0.33333333333333331
          0 1.8333333333333333 0.33333333333333331
          0.16666666666666666 1.8333333333333333 0.33333333333333331
          0.33333333333333331 1.8333333333333333 0.33333333333333331
          0.5 1.8333333333333333 0.33333333333333331
          0.66666666666666663 1.8333333333333333 0.33333333333333331
          0.83333333333333326 1.8333333333333333 0.33333333333333331
          1 1.8333333333333333 0.33333333333333331
          1.1666666666666665 1.8333333333333333 0.33333333333333331
          1.3333333333333333 1.8333333333333333 0.33333333333333331
          1.5 1.8333333333333333 0.33333333333333331
          1.6666666666666665 1.8333333333333333 0.33333333333333331
          1.8333333333333333 1.8333333333333333 0.33333333333333331
          2 1.8333333333333333 0.33333333333333331
          2.1666666666666665 1.8333333333333333 0.33333333333333331
          2.333333333333333 1.8333333333333333 0.33333333333333331
          2.5 1.8333333333333333 0.33333333333333331
          2.6666666666666665 1.8333333333333333 0.33333333333333331
          2.833333333333333 1.8333333333333333 0.33333333333333331
          3 1.8333333333333333 0.33333333333333331
          3.1666666666666665 1.8333333333333333 0.33333333333333331
          3.333333333333333 1.8333333333333333 0.33333333333333331
          3.5 1.8333333333333333 0.33333333333333331
          3.6666666666666665 1.8333333333333333 0.33333333333333331
          3.833333333333333 1.8333333333333333 0.33333333333333331
          4 1.8333333333333333 0.33333333333333331
          4.1666666666666661 1.8333333333333333 0.33333333333333331
          4.333333333333333 1.8333333333333333 0.33333333333333331
          4.5 1.8333333333333333 0.33333333333333331
          4.6666666666666661 1.8333333333333333 0.33333333333333331
          4.833333333333333 1.8333333333333333 0.33333333333333331
          5 1.8333333333333333 0.33333333333333331
          5.1666666666666661 1.8333333333333333 0.33333333333333331
          5.333333333333333 1.8333333333333333 0.33333333333333331
          5.5 1.8333333333333333 0.33333333333333331
          5.6666666666666661 1.8333333333333333 0.33333333333333331
          5.833333333333333 1.8333333333333333 0.33333333333333331
          6 1.8333333333333333 0.33333333333333331
          6.1666666666666661 1.8333333333333333 0.33333333333333331
          6.333333333333333 1.8333333333333333 0.33333333333333331
          6.5 1.8333333333333333 0.33333333333333331
          6.6666666666666661 1.8333333333333333 0.33333333333333331
          6.833333333333333 1.8333333333333333 0.33333333333333331
          7 1.8333333333333333 0.33333333333333331
          0 2 0.33333333333333331
          0.16666666666666666 2 0.33333333333333331
          0.33333333333333331 2 0.33333333333333331
          0.5 2 0.33333333333333331
          0.66666666666666663 2 0.33333333333333331
          0.83333333333333326 2 0.33333333333333331
          1 2 0.33333333333333331
          1.1666666666666665 2 0.33333333333333331
          1.3333333333333333 2 0.33333333333333331
          1.5 2 0.33333333333333331
          1.6666666666666665 2 0.33333333333333331
          1.8333333333333333 2 0.33333333333333331
          2 2 0.33333333333333331
          2.1666666666666665 2 0.33333333333333331
          2.333333333333333 2 0.33333333333333331
          2.5 2 0.33333333333333331
          2.6666666666666665 2 0.33333333333333331
          2.833333333333333 2 0.33333333333333331
          3 2 0.33333333333333331
          3.1666666666666665 2 0.33333333333333331
          3.333333333333333 2 0.33333333333333331
          3.5 2 0.33333333333333331
          3.6666666666666665 2 0.33333333333333331
          3.833333333333333 2 0.33333333333333331
          4 2 0.33333333333333331
          4.1666666666666661 2 0.33333333333333331
          4.333333333333333 2 0.33333333333333331
          4.5 2 0.33333333333333331
          4.6666666666666661 2 0.33333333333333331
          4.833333333333333 2 0.33333333333333331
          5 2 0.33333333333333331
          5.1666666666666661 2 0.33333333333333331
          5.333333333333333 2 0.33333333333333331
          5.5 2 0.33333333333333331
          5.6666666666666661 2 0.33333333333333331
          5.833333333333333 2 0.33333333333333331
          6 2 0.33333333333333331
          6.1666666666666661 2 0.33333333333333331
          6.333333333333333 2 0.33333333333333331
          6.5 2 0.33333333333333331
          6.6666666666666661 2 0.33333333333333331
          6.833333333333333 2 0.33333333333333331
          7 2 0.33333333333333331
          0 2.1666666666666665 0.33333333333333331
          0.16666666666666666 2.1666666666666665 0.33333333333333331
          0.33333333333333331 2.1666666666666665 0.33333333333333331
          0.5 2.1666666666666665 0.33333333333333331
          0.66666666666666663 2.1666666666666665 0.33333333333333331
          0.83333333333333326 2.1666666666666665 0.33333333333333331
          1 2.1666666666666665 0.33333333333333331
          1.1666666666666665 2.1666666666666665 0.33333333333333331
          1.3333333333333333 2.1666666666666665 0.33333333333333331
          1.5 2.1666666666666665 0.33333333333333331
          1.6666666666666665 2.1666666666666665 0.33333333333333331
          1.8333333333333333 2.1666666666666665 0.33333333333333331
          2 2.1666666666666665 0.33333333333333331
          2.1666666666666665 2.1666666666666665 0.33333333333333331
          2.333333333333333 2.1666666666666665 0.33333333333333331
          2.5 2.1666666666666665 0.33333333333333331
          2.6666666666666665 2.1666666666666665 0.33333333333333331
          2.833333333333333 2.1666666666666665 0.33333333333333331
          3 2.1666666666666665 0.33333333333333331
          3.1666666666666665 2.1666666666666665 0.33333333333333331
          3.333333333333333 2.1666666666666665 0.33333333333333331
          3.5 2.1666666666666665 0.33333333333333331
          3.6666666666666665 2.1666666666666665 0.33333333333333331
          3.833333333333333 2.1666666666666665 0.33333333333333331
          4 2.1666666666666665 0.33333333333333331
          4.1666666666666661 2.1666666666666665 0.33333333333333331
          4.333333333333333 2.1666666666666665 0.33333333333333331
          4.5 2.1666666666666665 0.33333333333333331
          4.6666666666666661 2.1666666666666665 0.33333333333333331
          4.833333333333333 2.1666666666666665 0.33333333333333331
          5 2.1666666666666665 0.33333333333333331
          5.1666666666666661 2.1666666666666665 0.33333333333333331
          5.333333333333333 2.1666666666666665 0.33333333333333331
          5.5 2.1666666666666665 0.33333333333333331
          5.6666666666666661 2.1666666666666665 0.33333333333333331
          5.833333333333333 2.1666666666666665 0.33333333333333331
          6 2.1666666666666665 0.33333333333333331
          6.1666666666666661 2.1666666666666665 0.33333333333333331
          6.333333333333333 2.1666666666666665 0.33333333333333331
          6.5 2.1666666666666665 0.33333333333333331
          6.6666666666666661 2.1666666666666665 0.33333333333333331
          6.833333333333333 2.1666666666666665 0.33333333333333331
          7 2.1666666666666665 0.33333333333333331
          0 2.333333333333333 0.33333333333333331
          0.16666666666666666 2.333333333333333 0.33333333333333331
          0.33333333333333331 2.333333333333333 0.33333333333333331
          0.5 2.333333333333333 0.33333333333333331
          0.66666666666666663 2.333333333333333 0.33333333333333331
          0.83333333333333326 2.333333333333333 0.33333333333333331
          1 2.333333333333333 0.33333333333333331
          1.1666666666666665 2.333333333333333 0.33333333333333331
          1.3333333333333333 2.333333333333333 0.33333333333333331
          1.5 2.333333333333333 0.33333333333333331
          1.6666666666666665 2.333333333333333 0.33333333333333331
          1.8333333333333333 2.333333333333333 0.33333333333333331
          2 2.333333333333333 0.33333333333333331
          2.1666666666666665 2.333333333333333 0.33333333333333331
          2.333333333333333 2.333333333333333 0.33333333333333331
          2.5 2.333333333333333 0.33333333333333331
          2.6666666666666665 2.333333333333333 0.33333333333333331
          2.833333333333333 2.333333333333333 0.33333333333333331
          3 2.333333333333333 0.33333333333333331
          3.1666666666666665 2.333333333333333 0.33333333333333331
          3.333333333333333 2.333333333333333 0.33333333333333331
          3.5 2.333333333333333 0.33333333333333331
          3.6666666666666665 2.333333333333333 0.33333333333333331
          3.833333333333333 2.333333333333333 0.33333333333333331
          4 2.333333333333333 0.33333333333333331
          4.1666666666666661 2.333333333333333 0.33333333333333331
          4.333333333333333 2.333333333333333 0.33333333333333331
          4.5 2.333333333333333 0.33333333333333331
          4.6666666666666661 2.333333333333333 0.33333333333333331
          4.833333333333333 2.333333333333333 0.33333333333333331
          5 2.333333333333333 0.33333333333333331
          5.1666666666666661 2.333333333333333 0.33333333333333331
          5.333333333333333 2.333333333333333 0.33333333333333331
          5.5 2.333333333333333 0.33333333333333331
          5.6666666666666661 2.333333333333333 0.33333333333333331
          5.833333333333333 2.333333333333333 0.33333333333333331
          6 2.333333333333333 0.33333333333333331
          6.1666666666666661 2.333333333333333 0.33333333333333331
          6.333333333333333 2.333333333333333 0.33333333333333331
          6.5 2.333333333333333 0.33333333333333331
          6.6666666666666661 2.333333333333333 0.33333333333333331
          6.833333333333333 2.333333333333333 0.33333333333333331
          7 2.333333333333333 0.33333333333333331
          0 2.5 0.33333333333333331
          0.16666666666666666 2.5 0.33333333333333331
          0.33333333333333331 2.5 0.33333333333333331
          0.5 2.5 0.33333333333333331
          0.66666666666666663 2.5 0.33333333333333331
          0.83333333333333326 2.5 0.33333333333333331
          1 2.5 0.33333333333333331
          1.1666666666666665 2.5 0.33333333333333331
          1.3333333333333333 2.5 0.33333333333333331
          1.5 2.5 0.33333333333333331
          1.6666666666666665 2.5 0.33333333333333331
          1.8333333333333333 2.5 0.33333333333333331
          2 2.5 0.33333333333333331
          2.1666666666666665 2.5 0.33333333333333331
          2.333333333333333 2.5 0.33333333333333331
          2.5 2.5 0.33333333333333331
          2.6666666666666665 2.5 0.33333333333333331
          2.833333333333333 2.5 0.33333333333333331
          3 2.5 0.33333333333333331
          3.1666666666666665 2.5 0.33333333333333331
          3.333333333333333 2.5 0.33333333333333331
          3.5 2.5 0.33333333333333331
          3.6666666666666665 2.5 0.33333333333333331
          3.833333333333333 2.5 0.33333333333333331
          4 2.5 0.33333333333333331
          4.1666666666666661 2.5 0.33333333333333331
          4.333333333333333 2.5 0.33333333333333331
          4.5 2.5 0.33333333333333331
          4.6666666666666661 2.5 0.33333333333333331
          4.833333333333333 2.5 0.33333333333333331
          5 2.5 0.33333333333333331
          5.1666666666666661 2.5 0.33333333333333331
          5.333333333333333 2.5 0.33333333333333331
          5.5 2.5 0.33333333333333331
          5.6666666666666661 2.5 0.33333333333333331
          5.833333333333333 2.5 0.33333333333333331
          6 2.5 0.33333333333333331
          6.1666666666666661 2.5 0.33333333333333331
          6.333333333333333 2.5 0.33333333333333331
          6.5 2.5 0.33333333333333331
          6.6666666666666661 2.5 0.33333333333333331
          6.833333333333333 2.5 0.33333333333333331
          7 2.5 0.33333333333333331
          0 2.6666666666666665 0.33333333333333331
          0.16666666666666666 2.6666666666666665 0.33333333333333331
          0.33333333333333331 2.6666666666666665 0.33333333333333331
          0.5 2.6666666666666665 0.33333333333333331
          0.66666666666666663 2.6666666666666665 0.33333333333333331
          0.83333333333333326 2.6666666666666665 0.33333333333333331
          1 2.6666666666666665 0.33333333333333331
          1.1666666666666665 2.6666666666666665 0.33333333333333331
          1.3333333333333333 2.6666666666666665 0.33333333333333331
          1.5 2.6666666666666665 0.33333333333333331
          1.6666666666666665 2.6666666666666665 0.33333333333333331
          1.8333333333333333 2.6666666666666665 0.33333333333333331
          2 2.6666666666666665 0.33333333333333331
          2.1666666666666665 2.6666666666666665 0.33333333333333331
          2.333333333333333 2.6666666666666665 0.33333333333333331
          2.5 2.6666666666666665 0.33333333333333331
          2.6666666666666665 2.6666666666666665 0.33333333333333331
          2.833333333333333 2.6666666666666665 0.33333333333333331
          3 2.6666666666666665 0.33333333333333331
          3.1666666666666665 2.6666666666666665 0.33333333333333331
          3.333333333333333 2.6666666666666665 0.33333333333333331
          3.5 2.6666666666666665 0.33333333333333331
          3.6666666666666665 2.6666666666666665 0.33333333333333331
          3.833333333333333 2.6666666666666665 0.33333333333333331
          4 2.6666666666666665 0.33333333333333331
          4.1666666666666661 2.6666666666666665 0.33333333333333331
          4.333333333333333 2.6666666666666665 0.33333333333333331
          4.5 2.6666666666666665 0.33333333333333331
          4.6666666666666661 2.6666666666666665 0.33333333333333331
          4.833333333333333 2.6666666666666665 0.33333333333333331
          5 2.6666666666666665 0.33333333333333331
          5.1666666666666661 2.6666666666666665 0.33333333333333331
          5.333333333333333 2.6666666666666665 0.33333333333333331
          5.5 2.6666666666666665 0.33333333333333331
          5.6666666666666661 2.6666666666666665 0.33333333333333331
          5.833333333333333 2.6666666666666665 0.33333333333333331
          6 2.6666666666666665 0.33333333333333331
          6.1666666666666661 2.6666666666666665 0.33333333333333331
          6.333333333333333 2.6666666666666665 0.33333333333333331
          6.5 2.6666666666666665 0.33333333333333331
          6.6666666666666661 2.6666666666666665 0.33333333333333331
          6.833333333333333 2.6666666666666665 0.33333333333333331
          7 2.6666666666666665 0.33333333333333331
          0 2.833333333333333 0.33333333333333331
          0.16666666666666666 2.833333333333333 0.33333333333333331
          0.33333333333333331 2.833333333333333 0.33333333333333331
          0.5 2.833333333333333 0.33333333333333331
          0.66666666666666663 2.833333333333333 0.33333333333333331
          0.83333333333333326 2.833333333333333 0.33333333333333331
          1 2.833333333333333 0.33333333333333331
          1.1666666666666665 2.833333333333333 0.33333333333333331
          1.3333333333333333 2.833333333333333 0.33333333333333331
          1.5 2.833333333333333 0.33333333333333331
          1.6666666666666665 2.833333333333333 0.33333333333333331
          1.8333333333333333 2.833333333333333 0.33333333333333331
          2 2.833333333333333 0.33333333333333331
          2.1666666666666665 2.833333333333333 0.33333333333333331
          2.333333333333333 2.833333333333333 0.33333333333333331
          2.5 2.833333333333333 0.33333333333333331
          2.6666666666666665 2.833333333333333 0.33333333333333331
          2.833333333333333 2.833333333333333 0.33333333333333331
          3 2.833333333333333 0.33333333333333331
          3.1666666666666665 2.833333333333333 0.33333333333333331
          3.333333333333333 2.833333333333333 0.33333333333333331
          3.5 2.833333333333333 0.33333333333333331
          3.6666666666666665 2.833333333333333 0.33333333333333331
          3.833333333333333 2.833333333333333 0.33333333333333331
          4 2.833333333333333 0.33333333333333331
          4.1666666666666661 2.833333333333333 0.33333333333333331
          4.333333333333333 2.833333333333333 0.33333333333333331
          4.5 2.833333333333333 0.33333333333333331
          4.6666666666666661 2.833333333333333 0.33333333333333331
          4.833333333333333 2.833333333333333 0.33333333333333331
          5 2.833333333333333 0.33333333333333331
          5.1666666666666661 2.833333333333333 0.33333333333333331
          5.333333333333333 2.833333333333333 0.33333333333333331
          5.5 2.833333333333333 0.33333333333333331
          5.6666666666666661 2.833333333333333 0.33333333333333331
          5.833333333333333 2.833333333333333 0.33333333333333331
          6 2.833333333333333 0.33333333333333331
          6.1666666666666661 2.833333333333333 0.33333333333333331
          6.333333333333333 2.833333333333333 0.33333333333333331
          6.5 2.833333333333333 0.33333333333333331
          6.6666666666666661 2.833333333333333 0.33333333333333331
          6.833333333333333 2.833333333333333 0.33333333333333331
          7 2.833333333333333 0.33333333333333331
          0 3 0.33333333333333331
          0.16666666666666666 3 0.33333333333333331
          0.33333333333333331 3 0.33333333333333331
          0.5 3 0.33333333333333331
          0.66666666666666663 3 0.33333333333333331
          0.83333333333333326 3 0.33333333333333331
          1 3 0.33333333333333331
          1.1666666666666665 3 0.33333333333333331
          1.3333333333333333 3 0.33333333333333331
          1.5 3 0.33333333333333331
          1.6666666666666665 3 0.33333333333333331
          1.8333333333333333 3 0.33333333333333331
          2 3 0.33333333333333331
          2.1666666666666665 3 0.33333333333333331
          2.333333333333333 3 0.33333333333333331
          2.5 3 0.33333333333333331
          2.6666666666666665 3 0.33333333333333331
          2.833333333333333 3 0.33333333333333331
          3 3 0.33333333333333331
          3.1666666666666665 3 0.33333333333333331
          3.333333333333333 3 0.33333333333333331
          3.5 3 0.33333333333333331
          3.6666666666666665 3 0.33333333333333331
          3.833333333333333 3 0.33333333333333331
          4 3 0.33333333333333331
          4.1666666666666661 3 0.33333333333333331
          4.333333333333333 3 0.33333333333333331
          4.5 3 0.33333333333333331
          4.6666666666666661 3 0.33333333333333331
          4.833333333333333 3 0.33333333333333331
          5 3 0.33333333333333331
          5.1666666666666661 3 0.33333333333333331
          5.333333333333333 3 0.33333333333333331
          5.5 3 0.33333333333333331
          5.6666666666666661 3 0.33333333333333331
          5.833333333333333 3 0.33333333333333331
          6 3 0.33333333333333331
          6.1666666666666661 3 0.33333333333333331
          6.333333333333333 3 0.33333333333333331
          6.5 3 0.33333333333333331
          6.6666666666666661 3 0.33333333333333331
          6.833333333333333 3 0.33333333333333331
          7 3 0.33333333333333331
          0 0 0.5
          0.16666666666666666 0 0.5
          0.33333333333333331 0 0.5
          0.5 0 0.5
          0.66666666666666663 0 0.5
          0.83333333333333326 0 0.5
          1 0 0.5
          1.1666666666666665 0 0.5
          1.3333333333333333 0 0.5
          1.5 0 0.5
          1.6666666666666665 0 0.5
          1.8333333333333333 0 0.5
          2 0 0.5
          2.1666666666666665 0 0.5
          2.333333333333333 0 0.5
          2.5 0 0.5
          2.6666666666666665 0 0.5
          2.833333333333333 0 0.5
          3 0 0.5
          3.1666666666666665 0 0.5
          3.333333333333333 0 0.5
          3.5 0 0.5
          3.6666666666666665 0 0.5
          3.833333333333333 0 0.5
          4 0 0.5
          4.1666666666666661 0 0.5
          4.333333333333333 0 0.5
          4.5 0 0.5
          4.6666666666666661 0 0.5
          4.833333333333333 0 0.5
          5 0 0.5
          5.1666666666666661 0 0.5
          5.333333333333333 0 0.5
          5.5 0 0.5
          5.6666666666666661 0 0.5
          5.833333333333333 0 0.5
          6 0 0.5
          6.1666666666666661 0 0.5
          6.333333333333333 0 0.5
          6.5 0 0.5
          6.6666666666666661 0 0.5
          6.833333333333333 0 0.5
          7 0 0.5
          0 0.16666666666666666 0.5
          0.16666666666666666 0.16666666666666666 0.5
          0.33333333333333331 0.16666666666666666 0.5
          0.5 0.16666666666666666 0.5
          0.66666666666666663 0.16666666666666666 0.5
          0.83333333333333326 0.16666666666666666 0.5
          1 0.16666666666666666 0.5
          1.1666666666666665 0.16666666666666666 0.5
          1.3333333333333333 0.16666666666666666 0.5
          1.5 0.16666666666666666 0.5
          1.6666666666666665 0.16666666666666666 0.5
          1.8333333333333333 0.16666666666666666 0.5
          2 0.16666666666666666 0.5
          2.1666666666666665 0.16666666666666666 0.5
          2.333333333333333 0.16666666666666666 0.5
          2.5 0.16666666666666666 0.5
          2.6666666666666665 0.16666666666666666 0.5
          2.833333333333333 0.16666666666666666 0.5
          3 0.16666666666666666 0.5
          3.1666666666666665 0.16666666666666666 0.5
          3.333333333333333 0.16666666666666666 0.5
          3.5 0.16666666666666666 0.5
          3.6666666666666665 0.16666666666666666 0.5
          3.833333333333333 0.16666666666666666 0.5
          4 0.16666666666666666 0.5
          4.1666666666666661 0.16666666666666666 0.5
          4.333333333333333 0.16666666666666666 0.5
          4.5 0.16666666666666666 0.5
          4.6666666666666661 0.16666666666666666 0.5
          4.833333333333333 0.16666666666666666 0.5
          5 0.16666666666666666 0.5
          5.1666666666666661 0.16666666666666666 0.5
          5.333333333333333 0.16666666666666666 0.5
          5.5 0.16666666666666666 0.5
          5.6666666666666661 0.16666666666666666 0.5
          5.833333333333333 0.16666666666666666 0.5
          6 0.16666666666666666 0.5
          6.1666666666666661 0.16666666666666666 0.5
          6.333333333333333 0.16666666666666666 0.5
          6.5 0.16666666666666666 0.5
          6.6666666666666661 0.16666666666666666 0.5
          6.833333333333333 0.16666666666666666 0.5
          7 0.16666666666666666 0.5
          0 0.33333333333333331 0.5
          0.16666666666666666 0.33333333333333331 0.5
          0.33333333333333331 0.33333333333333331 0.5
          0.5 0.33333333333333331 0.5
          0.66666666666666663 0.33333333333333331 0.5
          0.83333333333333326 0.33333333333333331 0.5
          1 0.33333333333333331 0.5
          1.1666666666666665 0.33333333333333331 0.5
          1.3333333333333333 0.33333333333333331 0.5
          1.5 0.33333333333333331 0.5
          1.6666666666666665 0.33333333333333331 0.5
          1.8333333333333333 0.33333333333333331 0.5
          2 0.33333333333333331 0.5
          2.1666666666666665 0.33333333333333331 0.5
          2.333333333333333 0.33333333333333331 0.5
          2.5 0.33333333333333331 0.5
          2.6666666666666665 0.33333333333333331 0.5
          2.833333333333333 0.33333333333333331 0.5
          3 0.33333333333333331 0.5
          3.1666666666666665 0.33333333333333331 0.5
          3.333333333333333 0.33333333333333331 0.5
          3.5 0.33333333333333331 0.5
          3.6666666666666665 0.33333333333333331 0.5
          3.833333333333333 0.33333333333333331 0.5
          4 0.33333333333333331 0.5
          4.1666666666666661 0.33333333333333331 0.5
          4.333333333333333 0.33333333333333331 0.5
          4.5 0.33333333333333331 0.5
          4.6666666666666661 0.33333333333333331 0.5
          4.833333333333333 0.33333333333333331 0.5
          5 0.33333333333333331 0.5
          5.1666666666666661 0.33333333333333331 0.5
          5.333333333333333 0.33333333333333331 0.5
          5.5 0.33333333333333331 0.5
          5.6666666666666661 0.33333333333333331 0.5
          5.833333333333333 0.33333333333333331 0.5
          6 0.33333333333333331 0.5
          6.1666666666666661 0.33333333333333331 0.5
          6.333333333333333 0.33333333333333331 0.5
          6.5 0.33333333333333331 0.5
          6.6666666666666661 0.33333333333333331 0.5
          6.833333333333333 0.33333333333333331 0.5
          7 0.33333333333333331 0.5
          0 0.5 0.5
          0.16666666666666666 0.5 0.5
          0.33333333333333331 0.5 0.5
          0.5 0.5 0.5
          0.66666666666666663 0.5 0.5
          0.83333333333333326 0.5 0.5
          1 0.5 0.5
          1.1666666666666665 0.5 0.5
          1.3333333333333333 0.5 0.5
          1.5 0.5 0.5
          1.6666666666666665 0.5 0.5
          1.8333333333333333 0.5 0.5
          2 0.5 0.5
          2.1666666666666665 0.5 0.5
          2.333333333333333 0.5 0.5
          2.5 0.5 0.5
          2.6666666666666665 0.5 0.5
          2.833333333333333 0.5 0.5
          3 0.5 0.5
          3.1666666666666665 0.5 0.5
          3.333333333333333 0.5 0.5
          3.5 0.5 0.5
          3.6666666666666665 0.5 0.5
          3.833333333333333 0.5 0.5
          4 0.5 0.5
          4.1666666666666661 0.5 0.5
          4.333333333333333 0.5 0.5
          4.5 0.5 0.5
          4.6666666666666661 0.5 0.5
          4.833333333333333 0.5 0.5
          5 0.5 0.5
          5.1666666666666661 0.5 0.5
          5.333333333333333 0.5 0.5
          5.5 0.5 0.5
          5.6666666666666661 0.5 0.5
          5.833333333333333 0.5 0.5
          6 0.5 0.5
          6.1666666666666661 0.5 0.5
          6.333333333333333 0.5 0.5
          6.5 0.5 0.5
          6.6666666666666661 0.5 0.5
          6.833333333333333 0.5 0.5
          7 0.5 0.5
          0 0.66666666666666663 0.5
          0.16666666666666666 0.66666666666666663 0.5
          0.33333333333333331 0.66666666666666663 0.5
          0.5 0.66666666666666663 0.5
          0.66666666666666663 0.66666666666666663 0.5
          0.83333333333333326 0.66666666666666663 0.5
          1 0.66666666666666663 0.5
          1.1666666666666665 0.66666666666666663 0.5
          1.3333333333333333 0.66666666666666663 0.5
          1.5 0.66666666666666663 0.5
          1.6666666666666665 0.66666666666666663 0.5
          1.8333333333333333 0.66666666666666663 0.5
          2 0.66666666666666663 0.5
          2.1666666666666665 0.66666666666666663 0.5
          2.333333333333333 0.66666666666666663 0.5
          2.5 0.66666666666666663 0.5
          2.6666666666666665 0.66666666666666663 0.5
          2.833333333333333 0.66666666666666663 0.5
          3 0.66666666666666663 0.5
          3.1666666666666665 0.66666666666666663 0.5
          3.333333333333333 0.66666666666666663 0.5
          3.5 0.66666666666666663 0.5
          3.6666666666666665 0.66666666666666663 0.5
          3.833333333333333 0.66666666666666663 0.5
          4 0.66666666666666663 0.5
          4.1666666666666661 0.66666666666666663 0.5
          4.333333333333333 0.66666666666666663 0.5
          4.5 0.66666666666666663 0.5
          4.6666666666666661 0.66666666666666663 0.5
          4.833333333333333 0.66666666666666663 0.5
          5 0.66666666666666663 0.5
          5.1666666666666661 0.66666666666666663 0.5
          5.333333333333333 0.66666666666666663 0.5
          5.5 0.66666666666666663 0.5
          5.6666666666666661 0.66666666666666663 0.5
          5.833333333333333 0.66666666666666663 0.5
          6 0.66666666666666663 0.5
          6.1666666666666661 0.66666666666666663 0.5
          6.333333333333333 0.66666666666666663 0.5
          6.5 0.66666666666666663 0.5
          6.6666666666666661 0.66666666666666663 0.5
          6.833333333333333 0.66666666666666663 0.5
          7 0.66666666666666663 0.5
          0 0.83333333333333326 0.5
          0.16666666666666666 0.83333333333333326 0.5
          0.33333333333333331 0.83333333333333326 0.5
          0.5 0.83333333333333326 0.5
          0.66666666666666663 0.83333333333333326 0.5
          0.83333333333333326 0.83333333333333326 0.5
          1 0.83333333333333326 0.5
          1.1666666666666665 0.83333333333333326 0.5
          1.3333333333333333 0.83333333333333326 0.5
          1.5 0.83333333333333326 0.5
          1.6666666666666665 0.83333333333333326 0.5
          1.8333333333333333 0.83333333333333326 0.5
          2 0.83333333333333326 0.5
          2.1666666666666665 0.83333333333333326 0.5
          2.333333333333333 0.83333333333333326 0.5
          2.5 0.83333333333333326 0.5
          2.6666666666666665 0.83333333333333326 0.5
          2.833333333333333 0.83333333333333326 0.5
          3 0.83333333333333326 0.5
          3.1666666666666665 0.83333333333333326 0.5
          3.333333333333333 0.83333333333333326 0.5
          3.5 0.83333333333333326 0.5
          3.6666666666666665 0.83333333333333326 0.5
          3.833333333333333 0.83333333333333326 0.5
          4 0.83333333333333326 0.5
          4.1666666666666661 0.83333333333333326 0.5
          4.333333333333333 0.83333333333333326 0.5
          4.5 0.83333333333333326 0.5
          4.6666666666666661 0.83333333333333326 0.5
          4.833333333333333 0.83333333333333326 0.5
          5 0.83333333333333326 0.5
          5.1666666666666661 0.83333333333333326 0.5
          5.333333333333333 0.83333333333333326 0.5
          5.5 0.83333333333333326 0.5
          5.6666666666666661 0.83333333333333326 0.5
          5.833333333333333 0.83333333333333326 0.5
          6 0.83333333333333326 0.5
          6.1666666666666661 0.83333333333333326 0.5
          6.333333333333333 0.83333333333333326 0.5
          6.5 0.83333333333333326 0.5
          6.6666666666666661 0.83333333333333326 0.5
          6.833333333333333 0.83333333333333326 0.5
          7 0.83333333333333326 0.5
          0 1 0.5
          0.16666666666666666 1 0.5
          0.33333333333333331 1 0.5
          0.5 1 0.5
          0.66666666666666663 1 0.5
          0.83333333333333326 1 0.5
          1 1 0.5
          1.1666666666666665 1 0.5
          1.3333333333333333 1 0.5
          1.5 1 0.5
          1.6666666666666665 1 0.5
          1.8333333333333333 1 0.5
          2 1 0.5
          2.1666666666666665 1 0.5
          2.333333333333333 1 0.5
          2.5 1 0.5
          2.6666666666666665 1 0.5
          2.833333333333333 1 0.5
          3 1 0.5
          3.1666666666666665 1 0.5
          3.333333333333333 1 0.5
          3.5 1 0.5
          3.6666666666666665 1 0.5
          3.833333333333333 1 0.5
          4 1 0.5
          4.1666666666666661 1 0.5
          4.333333333333333 1 0.5
          4.5 1 0.5
          4.6666666666666661 1 0.5
          4.833333333333333 1 0.5
          5 1 0.5
          5.1666666666666661 1 0.5
          5.333333333333333 1 0.5
          5.5 1 0.5
          5.6666666666666661 1 0.5
          5.833333333333333 1 0.5
          6 1 0.5
          6.1666666666666661 1 0.5
          6.333333333333333 1 0.5
          6.5 1 0.5
          6.6666666666666661 1 0.5
          6.833333333333333 1 0.5
          7 1 0.5
          0 1.1666666666666665 0.5
          0.16666666666666666 1.1666666666666665 0.5
          0.33333333333333331 1.1666666666666665 0.5
          0.5 1.1666666666666665 0.5
          0.66666666666666663 1.1666666666666665 0.5
          0.83333333333333326 1.1666666666666665 0.5
          1 1.1666666666666665 0.5
          1.1666666666666665 1.1666666666666665 0.5
          1.3333333333333333 1.1666666666666665 0.5
          1.5 1.1666666666666665 0.5
          1.6666666666666665 1.1666666666666665 0.5
          1.8333333333333333 1.1666666666666665 0.5
          2 1.1666666666666665 0.5
          2.1666666666666665 1.1666666666666665 0.5
          2.333333333333333 1.1666666666666665 0.5
          2.5 1.1666666666666665 0.5
          2.6666666666666665 1.1666666666666665 0.5
          2.833333333333333 1.1666666666666665 0.5
          3 1.1666666666666665 0.5
          3.1666666666666665 1.1666666666666665 0.5
          3.333333333333333 1.1666666666666665 0.5
          3.5 1.1666666666666665 0.5
          3.6666666666666665 1.1666666666666665 0.5
          3.833333333333333 1.1666666666666665 0.5
          4 1.1666666666666665 0.5
          4.1666666666666661 1.1666666666666665 0.5
          4.333333333333333 1.1666666666666665 0.5
          4.5 1.1666666666666665 0.5
          4.6666666666666661 1.1666666666666665 0.5
          4.833333333333333 1.1666666666666665 0.5
          5 1.1666666666666665 0.5
          5.1666666666666661 1.1666666666666665 0.5
          5.333333333333333 1.1666666666666665 0.5
          5.5 1.1666666666666665 0.5
          5.6666666666666661 1.1666666666666665 0.5
          5.833333333333333 1.1666666666666665 0.5
          6 1.1666666666666665 0.5
          6.1666666666666661 1.1666666666666665 0.5
          6.333333333333333 1.1666666666666665 0.5
          6.5 1.1666666666666665 0.5
          6.6666666666666661 1.1666666666666665 0.5
          6.833333333333333 1.1666666666666665 0.5
          7 1.1666666666666665 0.5
          0 1.3333333333333333 0.5
          0.16666666666666666 1.3333333333333333 0.5
          0.33333333333333331 1.3333333333333333 0.5
          0.5 1.3333333333333333 0.5
          0.66666666666666663 1.3333333333333333 0.5
          0.83333333333333326 1.3333333333333333 0.5
          1 1.3333333333333333 0.5
          1.1666666666666665 1.3333333333333333 0.5
          1.3333333333333333 1.3333333333333333 0.5
          1.5 1.3333333333333333 0.5
          1.6666666666666665 1.3333333333333333 0.5
          1.8333333333333333 1.3333333333333333 0.5
          2 1.3333333333333333 0.5
          2.1666666666666665 1.3333333333333333 0.5
          2.333333333333333 1.3333333333333333 0.5
          2.5 1.3333333333333333 0.5
          2.6666666666666665 1.3333333333333333 0.5
          2.833333333333333 1.3333333333333333 0.5
          3 1.3333333333333333 0.5
          3.1666666666666665 1.3333333333333333 0.5
          3.333333333333333 1.3333333333333333 0.5
          3.5 1.3333333333333333 0.5
          3.6666666666666665 1.3333333333333333 0.5
          3.833333333333333 1.3333333333333333 0.5
          4 1.3333333333333333 0.5
          4.1666666666666661 1.3333333333333333 0.5
          4.333333333333333 1.3333333333333333 0.5
          4.5 1.3333333333333333 0.5
          4.6666666666666661 1.3333333333333333 0.5
          4.833333333333333 1.3333333333333333 0.5
          5 1.3333333333333333 0.5
          5.1666666666666661 1.3333333333333333 0.5
          5.333333333333333 1.3333333333333333 0.5
          5.5 1.3333333333333333 0.5
          5.6666666666666661 1.3333333333333333 0.5
          5.833333333333333 1.3333333333333333 0.5
          6 1.3333333333333333 0.5
          6.1666666666666661 1.3333333333333333 0.5
          6.333333333333333 1.3333333333333333 0.5
          6.5 1.3333333333333333 0.5
          6.6666666666666661 1.3333333333333333 0.5
          6.833333333333333 1.3333333333333333 0.5
          7 1.3333333333333333 0.5
          0 1.5 0.5
          0.16666666666666666 1.5 0.5
          0.33333333333333331 1.5 0.5
          0.5 1.5 0.5
          0.66666666666666663 1.5 0.5
          0.83333333333333326 1.5 0.5
          1 1.5 0.5
          1.1666666666666665 1.5 0.5
          1.3333333333333333 1.5 0.5
          1.5 1.5 0.5
          1.6666666666666665 1.5 0.5
          1.8333333333333333 1.5 0.5
          2 1.5 0.5
          2.1666666666666665 1.5 0.5
          2.333333333333333 1.5 0.5
          2.5 1.5 0.5
          2.6666666666666665 1.5 0.5
          2.833333333333333 1.5 0.5
          3 1.5 0.5
          3.1666666666666665 1.5 0.5
          3.333333333333333 1.5 0.5
          3.5 1.5 0.5
          3.6666666666666665 1.5 0.5
          3.833333333333333 1.5 0.5
          4 1.5 0.5
          4.1666666666666661 1.5 0.5
          4.333333333333333 1.5 0.5
          4.5 1.5 0.5
          4.6666666666666661 1.5 0.5
          4.833333333333333 1.5 0.5
          5 1.5 0.5
          5.1666666666666661 1.5 0.5
          5.333333333333333 1.5 0.5
          5.5 1.5 0.5
          5.6666666666666661 1.5 0.5
          5.833333333333333 1.5 0.5
          6 1.5 0.5
          6.1666666666666661 1.5 0.5
          6.333333333333333 1.5 0.5
          6.5 1.5 0.5
          6.6666666666666661 1.5 0.5
          6.833333333333333 1.5 0.5
          7 1.5 0.5
          0 1.6666666666666665 0.5
          0.16666666666666666 1.6666666666666665 0.5
          0.33333333333333331 1.6666666666666665 0.5
          0.5 1.6666666666666665 0.5
          0.66666666666666663 1.6666666666666665 0.5
          0.83333333333333326 1.6666666666666665 0.5
          1 1.6666666666666665 0.5
          1.1666666666666665 1.6666666666666665 0.5
          1.3333333333333333 1.6666666666666665 0.5
          1.5 1.6666666666666665 0.5
          1.6666666666666665 1.6666666666666665 0.5
          1.8333333333333333 1.6666666666666665 0.5
          2 1.6666666666666665 0.5
          2.1666666666666665 1.6666666666666665 0.5
          2.333333333333333 1.6666666666666665 0.5
          2.5 1.6666666666666665 0.5
          2.6666666666666665 1.6666666666666665 0.5
          2.833333333333333 1.6666666666666665 0.5
          3 1.6666666666666665 0.5
          3.1666666666666665 1.6666666666666665 0.5
          3.333333333333333 1.6666666666666665 0.5
          3.5 1.6666666666666665 0.5
          3.6666666666666665 1.6666666666666665 0.5
          3.833333333333333 1.6666666666666665 0.5
          4 1.6666666666666665 0.5
          4.1666666666666661 1.6666666666666665 0.5
          4.333333333333333 1.6666666666666665 0.5
          4.5 1.6666666666666665 0.5
          4.6666666666666661 1.6666666666666665 0.5
          4.833333333333333 1.6666666666666665 0.5
          5 1.6666666666666665 0.5
          5.1666666666666661 1.6666666666666665 0.5
          5.333333333333333 1.6666666666666665 0.5
          5.5 1.6666666666666665 0.5
          5.6666666666666661 1.6666666666666665 0.5
          5.833333333333333 1.6666666666666665 0.5
          6 1.6666666666666665 0.5
          6.1666666666666661 1.6666666666666665 0.5
          6.333333333333333 1.6666666666666665 0.5
          6.5 1.6666666666666665 0.5
          6.6666666666666661 1.6666666666666665 0.5
          6.833333333333333 1.6666666666666665 0.5
          7 1.6666666666666665 0.5
          0 1.8333333333333333 0.5
          0.16666666666666666 1.8333333333333333 0.5
          0.33333333333333331 1.8333333333333333 0.5
          0.5 1.8333333333333333 0.5
          0.66666666666666663 1.8333333333333333 0.5
          0.83333333333333326 1.8333333333333333 0.5
          1 1.8333333333333333 0.5
          1.1666666666666665 1.8333333333333333 0.5
          1.3333333333333333 1.8333333333333333 0.5
          1.5 1.8333333333333333 0.5
          1.6666666666666665 1.8333333333333333 0.5
          1.8333333333333333 1.8333333333333333 0.5
          2 1.8333333333333333 0.5
          2.1666666666666665 1.8333333333333333 0.5
          2.333333333333333 1.8333333333333333 0.5
          2.5 1.8333333333333333 0.5
          2.6666666666666665 1.8333333333333333 0.5
          2.833333333333333 1.8333333333333333 0.5
          3 1.8333333333333333 0.5
          3.1666666666666665 1.8333333333333333 0.5
          3.333333333333333 1.8333333333333333 0.5
          3.5 1.8333333333333333 0.5
          3.6666666666666665 1.8333333333333333 0.5
          3.833333333333333 1.8333333333333333 0.5
          4 1.8333333333333333 0.5
          4.1666666666666661 1.8333333333333333 0.5
          4.333333333333333 1.8333333333333333 0.5
          4.5 1.8333333333333333 0.5
          4.6666666666666661 1.8333333333333333 0.5
          4.833333333333333 1.8333333333333333 0.5
          5 1.8333333333333333 0.5
          5.1666666666666661 1.8333333333333333 0.5
          5.333333333333333 1.8333333333333333 0.5
          5.5 1.8333333333333333 0.5
          5.6666666666666661 1.8333333333333333 0.5
          5.833333333333333 1.8333333333333333 0.5
          6 1.8333333333333333 0.5
          6.1666666666666661 1.8333333333333333 0.5
          6.333333333333333 1.8333333333333333 0.5
          6.5 1.8333333333333333 0.5
          6.6666666666666661 1.8333333333333333 0.5
          6.833333333333333 1.8333333333333333 0.5
          7 1.8333333333333333 0.5
          0 2 0.5
          0.16666666666666666 2 0.5
          0.33333333333333331 2 0.5
          0.5 2 0.5
          0.66666666666666663 2 0.5
          0.83333333333333326 2 0.5
          1 2 0.5
          1.1666666666666665 2 0.5
          1.3333333333333333 2 0.5
          1.5 2 0.5
          1.6666666666666665 2 0.5
          1.8333333333333333 2 0.5
          2 2 0.5
          2.1666666666666665 2 0.5
          2.333333333333333 2 0.5
          2.5 2 0.5
          2.6666666666666665 2 0.5
          2.833333333333333 2 0.5
          3 2 0.5
          3.1666666666666665 2 0.5
          3.333333333333333 2 0.5
          3.5 2 0.5
          3.6666666666666665 2 0.5
          3.833333333333333 2 0.5
          4 2 0.5
          4.1666666666666661 2 0.5
          4.333333333333333 2 0.5
          4.5 2 0.5
          4.6666666666666661 2 0.5
          4.833333333333333 2 0.5
          5 2 0.5
          5.1666666666666661 2 0.5
          5.333333333333333 2 0.5
          5.5 2 0.5
          5.6666666666666661 2 0.5
          5.833333333333333 2 0.5
          6 2 0.5
          6.1666666666666661 2 0.5
          6.333333333333333 2 0.5
          6.5 2 0.5
          6.6666666666666661 2 0.5
          6.833333333333333 2 0.5
          7 2 0.5
          0 2.1666666666666665 0.5
          0.16666666666666666 2.1666666666666665 0.5
          0.33333333333333331 2.1666666666666665 0.5
          0.5 2.1666666666666665 0.5
          0.66666666666666663 2.1666666666666665 0.5
          0.83333333333333326 2.1666666666666665 0.5
          1 2.1666666666666665 0.5
          1.1666666666666665 2.1666666666666665 0.5
          1.3333333333333333 2.1666666666666665 0.5
          1.5 2.1666666666666665 0.5
          1.6666666666666665 2.1666666666666665 0.5
          1.8333333333333333 2.1666666666666665 0.5
          2 2.1666666666666665 0.5
          2.1666666666666665 2.1666666666666665 0.5
          2.333333333333333 2.1666666666666665 0.5
          2.5 2.1666666666666665 0.5
          2.6666666666666665 2.1666666666666665 0.5
          2.833333333333333 2.1666666666666665 0.5
          3 2.1666666666666665 0.5
          3.1666666666666665 2.1666666666666665 0.5
          3.333333333333333 2.1666666666666665 0.5
          3.5 2.1666666666666665 0.5
          3.6666666666666665 2.1666666666666665 0.5
          3.833333333333333 2.1666666666666665 0.5
          4 2.1666666666666665 0.5
          4.1666666666666661 2.1666666666666665 0.5
          4.333333333333333 2.1666666666666665 0.5
          4.5 2.1666666666666665 0.5
          4.6666666666666661 2.1666666666666665 0.5
          4.833333333333333 2.1666666666666665 0.5
          5 2.1666666666666665 0.5
          5.1666666666666661 2.1666666666666665 0.5
          5.333333333333333 2.1666666666666665 0.5
          5.5 2.1666666666666665 0.5
          5.6666666666666661 2.1666666666666665 0.5
          5.833333333333333 2.1666666666666665 0.5
          6 2.1666666666666665 0.5
          6.1666666666666661 2.1666666666666665 0.5
          6.333333333333333 2.1666666666666665 0.5
          6.5 2.1666666666666665 0.5
          6.6666666666666661 2.1666666666666665 0.5
          6.833333333333333 2.1666666666666665 0.5
          7 2.1666666666666665 0.5
          0 2.333333333333333 0.5
          0.16666666666666666 2.333333333333333 0.5
          0.33333333333333331 2.333333333333333 0.5
          0.5 2.333333333333333 0.5
          0.66666666666666663 2.333333333333333 0.5
          0.83333333333333326 2.333333333333333 0.5
          1 2.333333333333333 0.5
          1.1666666666666665 2.333333333333333 0.5
          1.3333333333333333 2.333333333333333 0.5
          1.5 2.333333333333333 0.5
          1.6666666666666665 2.333333333333333 0.5
          1.8333333333333333 2.333333333333333 0.5
          2 2.333333333333333 0.5
          2.1666666666666665 2.333333333333333 0.5
          2.333333333333333 2.333333333333333 0.5
          2.5 2.333333333333333 0.5
          2.6666666666666665 2.333333333333333 0.5
          2.833333333333333 2.333333333333333 0.5
          3 2.333333333333333 0.5
          3.1666666666666665 2.333333333333333 0.5
          3.333333333333333 2.333333333333333 0.5
          3.5 2.333333333333333 0.5
          3.6666666666666665 2.333333333333333 0.5
          3.833333333333333 2.333333333333333 0.5
          4 2.333333333333333 0.5
          4.1666666666666661 2.333333333333333 0.5
          4.333333333333333 2.333333333333333 0.5
          4.5 2.333333333333333 0.5
          4.6666666666666661 2.333333333333333 0.5
          4.833333333333333 2.333333333333333 0.5
          5 2.333333333333333 0.5
          5.1666666666666661 2.333333333333333 0.5
          5.333333333333333 2.333333333333333 0.5
          5.5 2.333333333333333 0.5
          5.6666666666666661 2.333333333333333 0.5
          5.833333333333333 2.333333333333333 0.5
          6 2.333333333333333 0.5
          6.1666666666666661 2.333333333333333 0.5
          6.333333333333333 2.333333333333333 0.5
          6.5 2.333333333333333 0.5
          6.6666666666666661 2.333333333333333 0.5
          6.833333333333333 2.333333333333333 0.5
          7 2.333333333333333 0.5
          0 2.5 0.5
          0.16666666666666666 2.5 0.5
          0.33333333333333331 2.5 0.5
          0.5 2.5 0.5
          0.66666666666666663 2.5 0.5
          0.83333333333333326 2.5 0.5
          1 2.5 0.5
          1.1666666666666665 2.5 0.5
          1.3333333333333333 2.5 0.5
          1.5 2.5 0.5
          1.6666666666666665 2.5 0.5
          1.8333333333333333 2.5 0.5
          2 2.5 0.5
          2.1666666666666665 2.5 0.5
          2.333333333333333 2.5 0.5
          2.5 2.5 0.5
          2.6666666666666665 2.5 0.5
          2.833333333333333 2.5 0.5
          3 2.5 0.5
          3.1666666666666665 2.5 0.5
          3.333333333333333 2.5 0.5
          3.5 2.5 0.5
          3.6666666666666665 2.5 0.5
          3.833333333333333 2.5 0.5
          4 2.5 0.5
          4.1666666666666661 2.5 0.5
          4.333333333333333 2.5 0.5
          4.5 2.5 0.5
          4.6666666666666661 2.5 0.5
          4.833333333333333 2.5 0.5
          5 2.5 0.5
          5.1666666666666661 2.5 0.5
          5.333333333333333 2.5 0.5
          5.5 2.5 0.5
          5.6666666666666661 2.5 0.5
          5.833333333333333 2.5 0.5
          6 2.5 0.5
          6.1666666666666661 2.5 0.5
          6.333333333333333 2.5 0.5
          6.5 2.5 0.5
          6.6666666666666661 2.5 0.5
          6.833333333333333 2.5 0.5
          7 2.5 0.5
          0 2.6666666666666665 0.5
          0.16666666666666666 2.6666666666666665 0.5
          0.33333333333333331 2.6666666666666665 0.5
          0.5 2.6666666666666665 0.5
          0.66666666666666663 2.6666666666666665 0.5
          0.83333333333333326 2.6666666666666665 0.5
          1 2.6666666666666665 0.5
          1.1666666666666665 2.6666666666666665 0.5
          1.3333333333333333 2.6666666666666665 0.5
          1.5 2.6666666666666665 0.5
          1.6666666666666665 2.6666666666666665 0.5
          1.8333333333333333 2.6666666666666665 0.5
          2 2.6666666666666665 0.5
          2.1666666666666665 2.6666666666666665 0.5
          2.333333333333333 2.6666666666666665 0.5
          2.5 2.6666666666666665 0.5
          2.6666666666666665 2.6666666666666665 0.5
          2.833333333333333 2.6666666666666665 0.5
          3 2.6666666666666665 0.5
          3.1666666666666665 2.6666666666666665 0.5
          3.333333333333333 2.6666666666666665 0.5
          3.5 2.6666666666666665 0.5
          3.6666666666666665 2.6666666666666665 0.5
          3.833333333333333 2.6666666666666665 0.5
          4 2.6666666666666665 0.5
          4.1666666666666661 2.6666666666666665 0.5
          4.333333333333333 2.6666666666666665 0.5
          4.5 2.6666666666666665 0.5
          4.6666666666666661 2.6666666666666665 0.5
          4.833333333333333 2.6666666666666665 0.5
          5 2.6666666666666665 0.5
          5.1666666666666661 2.6666666666666665 0.5
          5.333333333333333 2.6666666666666665 0.5
          5.5 2.6666666666666665 0.5
          5.6666666666666661 2.6666666666666665 0.5
          5.833333333333333 2.6666666666666665 0.5
          6 2.6666666666666665 0.5
          6.1666666666666661 2.6666666666666665 0.5
          6.333333333333333 2.6666666666666665 0.5
          6.5 2.6666666666666665 0.5
          6.6666666666666661 2.6666666666666665 0.5
          6.833333333333333 2.6666666666666665 0.5
          7 2.6666666666666665 0.5
          0 2.833333333333333 0.5
          0.16666666666666666 2.833333333333333 0.5
          0.33333333333333331 2.833333333333333 0.5
          0.5 2.833333333333333 0.5
          0.66666666666666663 2.833333333333333 0.5
          0.83333333333333326 2.833333333333333 0.5
          1 2.833333333333333 0.5
          1.1666666666666665 2.833333333333333 0.5
          1.3333333333333333 2.833333333333333 0.5
          1.5 2.833333333333333 0.5
          1.6666666666666665 2.833333333333333 0.5
          1.8333333333333333 2.833333333333333 0.5
          2 2.833333333333333 0.5
          2.1666666666666665 2.833333333333333 0.5
          2.333333333333333 2.833333333333333 0.5
          2.5 2.833333333333333 0.5
          2.6666666666666665 2.833333333333333 0.5
          2.833333333333333 2.833333333333333 0.5
          3 2.833333333333333 0.5
          3.1666666666666665 2.833333333333333 0.5
          3.333333333333333 2.833333333333333 0.5
          3.5 2.833333333333333 0.5
          3.6666666666666665 2.833333333333333 0.5
          3.833333333333333 2.833333333333333 0.5
          4 2.833333333333333 0.5
          4.1666666666666661 2.833333333333333 0.5
          4.333333333333333 2.833333333333333 0.5
          4.5 2.833333333333333 0.5
          4.6666666666666661 2.833333333333333 0.5
          4.833333333333333 2.833333333333333 0.5
          5 2.833333333333333 0.5
          5.1666666666666661 2.833333333333333 0.5
          5.333333333333333 2.833333333333333 0.5
          5.5 2.833333333333333 0.5
          5.6666666666666661 2.833333333333333 0.5
          5.833333333333333 2.833333333333333 0.5
          6 2.833333333333333 0.5
          6.1666666666666661 2.833333333333333 0.5
          6.333333333333333 2.833333333333333 0.5
          6.5 2.833333333333333 0.5
          6.6666666666666661 2.833333333333333 0.5
          6.833333333333333 2.833333333333333 0.5
          7 2.833333333333333 0.5
          0 3 0.5
          0.16666666666666666 3 0.5
          0.33333333333333331 3 0.5
          0.5 3 0.5
          0.66666666666666663 3 0.5
          0.83333333333333326 3 0.5
          1 3 0.5
          1.1666666666666665 3 0.5
          1.3333333333333333 3 0.5
          1.5 3 0.5
          1.6666666666666665 3 0.5
          1.8333333333333333 3 0.5
          2 3 0.5
          2.1666666666666665 3 0.5
          2.333333333333333 3 0.5
          2.5 3 0.5
          2.6666666666666665 3 0.5
          2.833333333333333 3 0.5
          3 3 0.5
          3.1666666666666665 3 0.5
          3.333333333333333 3 0.5
          3.5 3 0.5
          3.6666666666666665 3 0.5
          3.833333333333333 3 0.5
          4 3 0.5
          4.1666666666666661 3 0.5
          4.333333333333333 3 0.5
          4.5 3 0.5
          4.6666666666666661 3 0.5
          4.833333333333333 3 0.5
          5 3 0.5
          5.1666666666666661 3 0.5
          5.333333333333333 3 0.5
          5.5 3 0.5
          5.6666666666666661 3 0.5
          5.833333333333333 3 0.5
          6 3 0.5
          6.1666666666666661 3 0.5
          6.333333333333333 3 0.5
          6.5 3 0.5
          6.6666666666666661 3 0.5
          6.833333333333333 3 0.5
          7 3 0.5
          0 0 0.66666666666666663
          0.16666666666666666 0 0.66666666666666663
          0.33333333333333331 0 0.66666666666666663
          0.5 0 0.66666666666666663
          0.66666666666666663 0 0.66666666666666663
          0.83333333333333326 0 0.66666666666666663
          1 0 0.66666666666666663
          1.1666666666666665 0 0.66666666666666663
          1.3333333333333333 0 0.66666666666666663
          1.5 0 0.66666666666666663
          1.6666666666666665 0 0.66666666666666663
          1.8333333333333333 0 0.66666666666666663
          2 0 0.66666666666666663
          2.1666666666666665 0 0.66666666666666663
          2.333333333333333 0 0.66666666666666663
          2.5 0 0.66666666666666663
          2.6666666666666665 0 0.66666666666666663
          2.833333333333333 0 0.66666666666666663
          3 0 0.66666666666666663
          3.1666666666666665 0 0.66666666666666663
          3.333333333333333 0 0.66666666666666663
          3.5 0 0.66666666666666663
          3.6666666666666665 0 0.66666666666666663
          3.833333333333333 0 0.66666666666666663
          4 0 0.66666666666666663
          4.1666666666666661 0 0.66666666666666663
          4.333333333333333 0 0.66666666666666663
          4.5 0 0.66666666666666663
          4.6666666666666661 0 0.66666666666666663
          4.833333333333333 0 0.66666666666666663
          5 0 0.66666666666666663
          5.1666666666666661 0 0.66666666666666663
          5.333333333333333 0 0.66666666666666663
          5.5 0 0.66666666666666663
          5.6666666666666661 0 0.66666666666666663
          5.833333333333333 0 0.66666666666666663
          6 0 0.66666666666666663
          6.1666666666666661 0 0.66666666666666663
          6.333333333333333 0 0.66666666666666663
          6.5 0 0.66666666666666663
          6.6666666666666661 0 0.66666666666666663
          6.833333333333333 0 0.66666666666666663
          7 0 0.66666666666666663
          0 0.16666666666666666 0.66666666666666663
          0.16666666666666666 0.16666666666666666 0.66666666666666663
          0.33333333333333331 0.16666666666666666 0.66666666666666663
          0.5 0.16666666666666666 0.66666666666666663
          0.66666666666666663 0.16666666666666666 0.66666666666666663
          0.83333333333333326 0.16666666666666666 0.66666666666666663
          1 0.16666666666666666 0.66666666666666663
          1.1666666666666665 0.16666666666666666 0.66666666666666663
          1.3333333333333333 0.16666666666666666 0.66666666666666663
          1.5 0.16666666666666666 0.66666666666666663
          1.6666666666666665 0.16666666666666666 0.66666666666666663
          1.8333333333333333 0.16666666666666666 0.66666666666666663
          2 0.16666666666666666 0.66666666666666663
          2.1666666666666665 0.16666666666666666 0.66666666666666663
          2.333333333333333 0.16666666666666666 0.66666666666666663
          2.5 0.16666666666666666 0.66666666666666663
          2.6666666666666665 0.16666666666666666 0.66666666666666663
          2.833333333333333 0.16666666666666666 0.66666666666666663
          3 0.16666666666666666 0.66666666666666663
          3.1666666666666665 0.16666666666666666 0.66666666666666663
          3.333333333333333 0.16666666666666666 0.66666666666666663
          3.5 0.16666666666666666 0.66666666666666663
          3.6666666666666665 0.16666666666666666 0.66666666666666663
          3.833333333333333 0.16666666666666666 0.66666666666666663
          4 0.16666666666666666 0.66666666666666663
          4.1666666666666661 0.16666666666666666 0.66666666666666663
          4.333333333333333 0.16666666666666666 0.66666666666666663
          4.5 0.16666666666666666 0.66666666666666663
          4.6666666666666661 0.16666666666666666 0.66666666666666663
          4.833333333333333 0.16666666666666666 0.66666666666666663
          5 0.16666666666666666 0.66666666666666663
          5.1666666666666661 0.16666666666666666 0.66666666666666663
          5.333333333333333 0.16666666666666666 0.66666666666666663
          5.5 0.16666666666666666 0.66666666666666663
          5.6666666666666661 0.16666666666666666 0.66666666666666663
          5.833333333333333 0.16666666666666666 0.66666666666666663
          6 0.16666666666666666 0.66666666666666663
          6.1666666666666661 0.16666666666666666 0.66666666666666663
          6.333333333333333 0.16666666666666666 0.66666666666666663
          6.5 0.16666666666666666 0.66666666666666663
          6.6666666666666661 0.16666666666666666 0.66666666666666663
          6.833333333333333 0.16666666666666666 0.66666666666666663
          7 0.16666666666666666 0.66666666666666663
          0 0.33333333333333331 0.66666666666666663
          0.16666666666666666 0.33333333333333331 0.66666666666666663
          0.33333333333333331 0.33333333333333331 0.66666666666666663
          0.5 0.33333333333333331 0.66666666666666663
          0.66666666666666663 0.33333333333333331 0.66666666666666663
          0.83333333333333326 0.33333333333333331 0.66666666666666663
          1 0.33333333333333331 0.66666666666666663
          1.1666666666666665 0.33333333333333331 0.66666666666666663
          1.3333333333333333 0.33333333333333331 0.66666666666666663
          1.5 0.33333333333333331 0.66666666666666663
          1.6666666666666665 0.33333333333333331 0.66666666666666663
          1.8333333333333333 0.33333333333333331 0.66666666666666663
          2 0.33333333333333331 0.66666666666666663
          2.1666666666666665 0.33333333333333331 0.66666666666666663
          2.333333333333333 0.33333333333333331 0.66666666666666663
          2.5 0.33333333333333331 0.66666666666666663
          2.6666666666666665 0.33333333333333331 0.66666666666666663
          2.833333333333333 0.33333333333333331 0.66666666666666663
          3 0.33333333333333331 0.66666666666666663
          3.1666666666666665 0.33333333333333331 0.66666666666666663
          3.333333333333333 0.33333333333333331 0.66666666666666663
          3.5 0.33333333333333331 0.66666666666666663
          3.6666666666666665 0.33333333333333331 0.66666666666666663
          3.833333333333333 0.33333333333333331 0.66666666666666663
          4 0.33333333333333331 0.66666666666666663
          4.1666666666666661 0.33333333333333331 0.66666666666666663
          4.333333333333333 0.33333333333333331 0.66666666666666663
          4.5 0.33333333333333331 0.66666666666666663
          4.6666666666666661 0.33333333333333331 0.66666666666666663
          4.833333333333333 0.33333333333333331 0.66666666666666663
          5 0.33333333333333331 0.66666666666666663
          5.1666666666666661 0.33333333333333331 0.66666666666666663
          5.333333333333333 0.33333333333333331 0.66666666666666663
          5.5 0.33333333333333331 0.66666666666666663
          5.6666666666666661 0.33333333333333331 0.66666666666666663
          5.833333333333333 0.33333333333333331 0.66666666666666663
          6 0.33333333333333331 0.66666666666666663
          6.1666666666666661 0.33333333333333331 0.66666666666666663
          6.333333333333333 0.33333333333333331 0.66666666666666663
          6.5 0.33333333333333331 0.66666666666666663
          6.6666666666666661 0.33333333333333331 0.66666666666666663
          6.833333333333333 0.33333333333333331 0.66666666666666663
          7 0.33333333333333331 0.66666666666666663
          0 0.5 0.66666666666666663
          0.16666666666666666 0.5 0.66666666666666663
          0.33333333333333331 0.5 0.66666666666666663
          0.5 0.5 0.66666666666666663
          0.66666666666666663 0.5 0.66666666666666663
          0.83333333333333326 0.5 0.66666666666666663
          1 0.5 0.66666666666666663
          1.1666666666666665 0.5 0.66666666666666663
          1.3333333333333333 0.5 0.66666666666666663
          1.5 0.5 0.66666666666666663
          1.6666666666666665 0.5 0.66666666666666663
          1.8333333333333333 0.5 0.66666666666666663
          2 0.5 0.66666666666666663
          2.1666666666666665 0.5 0.66666666666666663
          2.333333333333333 0.5 0.66666666666666663
          2.5 0.5 0.66666666666666663
          2.6666666666666665 0.5 0.66666666666666663
          2.833333333333333 0.5 0.66666666666666663
          3 0.5 0.66666666666666663
          3.1666666666666665 0.5 0.66666666666666663
          3.333333333333333 0.5 0.66666666666666663
          3.5 0.5 0.66666666666666663
          3.6666666666666665 0.5 0.66666666666666663
          3.833333333333333 0.5 0.66666666666666663
          4 0.5 0.66666666666666663
          4.1666666666666661 0.5 0.66666666666666663
          4.333333333333333 0.5 0.66666666666666663
          4.5 0.5 0.66666666666666663
          4.6666666666666661 0.5 0.66666666666666663
          4.833333333333333 0.5 0.66666666666666663
          5 0.5 0.66666666666666663
          5.1666666666666661 0.5 0.66666666666666663
          5.333333333333333 0.5 0.66666666666666663
          5.5 0.5 0.66666666666666663
          5.6666666666666661 0.5 0.66666666666666663
          5.833333333333333 0.5 0.66666666666666663
          6 0.5 0.66666666666666663
          6.1666666666666661 0.5 0.66666666666666663
          6.333333333333333 0.5 0.66666666666666663
          6.5 0.5 0.66666666666666663
          6.6666666666666661 0.5 0.66666666666666663
          6.833333333333333 0.5 0.66666666666666663
          7 0.5 0.66666666666666663
          0 0.66666666666666663 0.66666666666666663
          0.16666666666666666 0.66666666666666663 0.66666666666666663
          0.33333333333333331 0.66666666666666663 0.66666666666666663
          0.5 0.66666666666666663 0.66666666666666663
          0.66666666666666663 0.66666666666666663 0.66666666666666663
          0.83333333333333326 0.66666666666666663 0.66666666666666663
          1 0.66666666666666663 0.66666666666666663
          1.1666666666666665 0.66666666666666663 0.66666666666666663
          1.3333333333333333 0.66666666666666663 0.66666666666666663
          1.5 0.66666666666666663 0.66666666666666663
          1.6666666666666665 0.66666666666666663 0.66666666666666663
          1.8333333333333333 0.66666666666666663 0.66666666666666663
          2 0.66666666666666663 0.66666666666666663
          2.1666666666666665 0.66666666666666663 0.66666666666666663
          2.333333333333333 0.66666666666666663 0.66666666666666663
          2.5 0.66666666666666663 0.66666666666666663
          2.6666666666666665 0.66666666666666663 0.66666666666666663
          2.833333333333333 0.66666666666666663 0.66666666666666663
          3 0.66666666666666663 0.66666666666666663
          3.1666666666666665 0.66666666666666663 0.66666666666666663
          3.333333333333333 0.66666666666666663 0.66666666666666663
          3.5 0.66666666666666663 0.66666666666666663
          3.6666666666666665 0.66666666666666663 0.66666666666666663
          3.833333333333333 0.66666666666666663 0.66666666666666663
          4 0.66666666666666663 0.66666666666666663
          4.1666666666666661 0.66666666666666663 0.66666666666666663
          4.333333333333333 0.66666666666666663 0.66666666666666663
          4.5 0.66666666666666663 0.66666666666666663
          4.6666666666666661 0.66666666666666663 0.66666666666666663
          4.833333333333333 0.66666666666666663 0.66666666666666663
          5 0.66666666666666663 0.66666666666666663
          5.1666666666666661 0.66666666666666663 0.66666666666666663
          5.333333333333333 0.66666666666666663 0.66666666666666663
          5.5 0.66666666666666663 0.66666666666666663
          5.6666666666666661 0.66666666666666663 0.66666666666666663
          5.833333333333333 0.66666666666666663 0.66666666666666663
          6 0.66666666666666663 0.66666666666666663
          6.1666666666666661 0.66666666666666663 0.66666666666666663
          6.333333333333333 0.66666666666666663 0.66666666666666663
          6.5 0.66666666666666663 0.66666666666666663
          6.6666666666666661 0.66666666666666663 0.66666666666666663
          6.833333333333333 0.66666666666666663 0.66666666666666663
          7 0.66666666666666663 0.66666666666666663
          0 0.83333333333333326 0.66666666666666663
          0.16666666666666666 0.83333333333333326 0.66666666666666663
          0.33333333333333331 0.83333333333333326 0.66666666666666663
          0.5 0.83333333333333326 0.66666666666666663
          0.66666666666666663 0.83333333333333326 0.66666666666666663
          0.83333333333333326 0.83333333333333326 0.66666666666666663
          1 0.83333333333333326 0.66666666666666663
          1.1666666666666665 0.83333333333333326 0.66666666666666663
          1.3333333333333333 0.83333333333333326 0.66666666666666663
          1.5 0.83333333333333326 0.66666666666666663
          1.6666666666666665 0.83333333333333326 0.66666666666666663
          1.8333333333333333 0.83333333333333326 0.66666666666666663
          2 0.83333333333333326 0.66666666666666663
          2.1666666666666665 0.83333333333333326 0.66666666666666663
          2.333333333333333 0.83333333333333326 0.66666666666666663
          2.5 0.83333333333333326 0.66666666666666663
          2.6666666666666665 0.83333333333333326 0.66666666666666663
          2.833333333333333 0.83333333333333326 0.66666666666666663
          3 0.83333333333333326 0.66666666666666663
          3.1666666666666665 0.83333333333333326 0.66666666666666663
          3.333333333333333 0.83333333333333326 0.66666666666666663
          3.5 0.83333333333333326 0.66666666666666663
          3.6666666666666665 0.83333333333333326 0.66666666666666663
          3.833333333333333 0.83333333333333326 0.66666666666666663
          4 0.83333333333333326 0.66666666666666663
          4.1666666666666661 0.83333333333333326 0.66666666666666663
          4.333333333333333 0.83333333333333326 0.66666666666666663
          4.5 0.83333333333333326 0.66666666666666663
          4.6666666666666661 0.83333333333333326 0.66666666666666663
          4.833333333333333 0.83333333333333326 0.66666666666666663
          5 0.83333333333333326 0.66666666666666663
          5.1666666666666661 0.83333333333333326 0.66666666666666663
          5.333333333333333 0.83333333333333326 0.66666666666666663
          5.5 0.83333333333333326 0.66666666666666663
          5.6666666666666661 0.83333333333333326 0.66666666666666663
          5.833333333333333 0.83333333333333326 0.66666666666666663
          6 0.83333333333333326 0.66666666666666663
          6.1666666666666661 0.83333333333333326 0.66666666666666663
          6.333333333333333 0.83333333333333326 0.66666666666666663
          6.5 0.83333333333333326 0.66666666666666663
          6.6666666666666661 0.83333333333333326 0.66666666666666663
          6.833333333333333 0.83333333333333326 0.66666666666666663
          7 0.83333333333333326 0.66666666666666663
          0 1 0.66666666666666663
          0.16666666666666666 1 0.66666666666666663
          0.33333333333333331 1 0.66666666666666663
          0.5 1 0.66666666666666663
          0.66666666666666663 1 0.66666666666666663
          0.83333333333333326 1 0.66666666666666663
          1 1 0.66666666666666663
          1.1666666666666665 1 0.66666666666666663
          1.3333333333333333 1 0.66666666666666663
          1.5 1 0.66666666666666663
          1.6666666666666665 1 0.66666666666666663
          1.8333333333333333 1 0.66666666666666663
          2 1 0.66666666666666663
          2.1666666666666665 1 0.66666666666666663
          2.333333333333333 1 0.66666666666666663
          2.5 1 0.66666666666666663
          2.6666666666666665 1 0.66666666666666663
          2.833333333333333 1 0.66666666666666663
          3 1 0.66666666666666663
          3.1666666666666665 1 0.66666666666666663
          3.333333333333333 1 0.66666666666666663
          3.5 1 0.66666666666666663
          3.6666666666666665 1 0.66666666666666663
          3.833333333333333 1 0.66666666666666663
          4 1 0.66666666666666663
          4.1666666666666661 1 0.66666666666666663
          4.333333333333333 1 0.66666666666666663
          4.5 1 0.66666666666666663
          4.6666666666666661 1 0.66666666666666663
          4.833333333333333 1 0.66666666666666663
          5 1 0.66666666666666663
          5.1666666666666661 1 0.66666666666666663
          5.333333333333333 1 0.66666666666666663
          5.5 1 0.66666666666666663
          5.6666666666666661 1 0.66666666666666663
          5.833333333333333 1 0.66666666666666663
          6 1 0.66666666666666663
          6.1666666666666661 1 0.66666666666666663
          6.333333333333333 1 0.66666666666666663
          6.5 1 0.66666666666666663
          6.6666666666666661 1 0.66666666666666663
          6.833333333333333 1 0.66666666666666663
          7 1 0.66666666666666663
          0 1.1666666666666665 0.66666666666666663
          0.16666666666666666 1.1666666666666665 0.66666666666666663
          0.33333333333333331 1.1666666666666665 0.66666666666666663
          0.5 1.1666666666666665 0.66666666666666663
          0.66666666666666663 1.1666666666666665 0.66666666666666663
          0.83333333333333326 1.1666666666666665 0.66666666666666663
          1 1.1666666666666665 0.66666666666666663
          1.1666666666666665 1.1666666666666665 0.66666666666666663
          1.3333333333333333 1.1666666666666665 0.66666666666666663
          1.5 1.1666666666666665 0.66666666666666663
          1.6666666666666665 1.1666666666666665 0.66666666666666663
          1.8333333333333333 1.1666666666666665 0.66666666666666663
          2 1.1666666666666665 0.66666666666666663
          2.1666666666666665 1.1666666666666665 0.66666666666666663
          2.333333333333333 1.1666666666666665 0.66666666666666663
          2.5 1.1666666666666665 0.66666666666666663
          2.6666666666666665 1.1666666666666665 0.66666666666666663
          2.833333333333333 1.1666666666666665 0.66666666666666663
          3 1.1666666666666665 0.66666666666666663
          3.1666666666666665 1.1666666666666665 0.66666666666666663
          3.333333333333333 1.1666666666666665 0.66666666666666663
          3.5 1.1666666666666665 0.66666666666666663
          3.6666666666666665 1.1666666666666665 0.66666666666666663
          3.833333333333333 1.1666666666666665 0.66666666666666663
          4 1.1666666666666665 0.66666666666666663
          4.1666666666666661 1.1666666666666665 0.66666666666666663
          4.333333333333333 1.1666666666666665 0.66666666666666663
          4.5 1.1666666666666665 0.66666666666666663
          4.6666666666666661 1.1666666666666665 0.66666666666666663
          4.833333333333333 1.1666666666666665 0.66666666666666663
          5 1.1666666666666665 0.66666666666666663
          5.1666666666666661 1.1666666666666665 0.66666666666666663
          5.333333333333333 1.1666666666666665 0.66666666666666663
          5.5 1.1666666666666665 0.66666666666666663
          5.6666666666666661 1.1666666666666665 0.66666666666666663
          5.833333333333333 1.1666666666666665 0.66666666666666663
          6 1.1666666666666665 0.66666666666666663
          6.1666666666666661 1.1666666666666665 0.66666666666666663
          6.333333333333333 1.1666666666666665 0.66666666666666663
          6.5 1.1666666666666665 0.66666666666666663
          6.6666666666666661 1.1666666666666665 0.66666666666666663
          6.833333333333333 1.1666666666666665 0.66666666666666663
          7 1.1666666666666665 0.66666666666666663
          0 1.3333333333333333 0.66666666666666663
          0.16666666666666666 1.3333333333333333 0.66666666666666663
          0.33333333333333331 1.3333333333333333 0.66666666666666663
          0.5 1.3333333333333333 0.66666666666666663
          0.66666666666666663 1.3333333333333333 0.66666666666666663
          0.83333333333333326 1.3333333333333333 0.66666666666666663
          1 1.3333333333333333 0.66666666666666663
          1.1666666666666665 1.3333333333333333 0.66666666666666663
          1.3333333333333333 1.3333333333333333 0.66666666666666663
          1.5 1.3333333333333333 0.66666666666666663
          1.6666666666666665 1.3333333333333333 0.66666666666666663
          1.8333333333333333 1.3333333333333333 0.66666666666666663
          2 1.3333333333333333 0.66666666666666663
          2.1666666666666665 1.3333333333333333 0.66666666666666663
          2.333333333333333 1.3333333333333333 0.66666666666666663
          2.5 1.3333333333333333 0.66666666666666663
          2.6666666666666665 1.3333333333333333 0.66666666666666663
          2.833333333333333 1.3333333333333333 0.66666666666666663
          3 1.3333333333333333 0.66666666666666663
          3.1666666666666665 1.3333333333333333 0.66666666666666663
          3.333333333333333 1.3333333333333333 0.66666666666666663
          3.5 1.3333333333333333 0.66666666666666663
          3.6666666666666665 1.3333333333333333 0.66666666666666663
          3.833333333333333 1.3333333333333333 0.66666666666666663
          4 1.3333333333333333 0.66666666666666663
          4.1666666666666661 1.3333333333333333 0.66666666666666663
          4.333333333333333 1.3333333333333333 0.66666666666666663
          4.5 1.3333333333333333 0.66666666666666663
          4.6666666666666661 1.3333333333333333 0.66666666666666663
          4.833333333333333 1.3333333333333333 0.66666666666666663
          5 1.3333333333333333 0.66666666666666663
          5.1666666666666661 1.3333333333333333 0.66666666666666663
          5.333333333333333 1.3333333333333333 0.66666666666666663
          5.5 1.3333333333333333 0.66666666666666663
          5.6666666666666661 1.3333333333333333 0.66666666666666663
          5.833333333333333 1.3333333333333333 0.66666666666666663
          6 1.3333333333333333 0.66666666666666663
          6.1666666666666661 1.3333333333333333 0.66666666666666663
          6.333333333333333 1.3333333333333333 0.66666666666666663
          6.5 1.3333333333333333 0.66666666666666663
          6.6666666666666661 1.3333333333333333 0.66666666666666663
          6.833333333333333 1.3333333333333333 0.66666666666666663
          7 1.3333333333333333 0.66666666666666663
          0 1.5 0.66666666666666663
          0.16666666666666666 1.5 0.66666666666666663
          0.33333333333333331 1.5 0.66666666666666663
          0.5 1.5 0.66666666666666663
          0.66666666666666663 1.5 0.66666666666666663
          0.83333333333333326 1.5 0.66666666666666663
          1 1.5 0.66666666666666663
          1.1666666666666665 1.5 0.66666666666666663
          1.3333333333333333 1.5 0.66666666666666663
          1.5 1.5 0.66666666666666663
          1.6666666666666665 1.5 0.66666666666666663
          1.8333333333333333 1.5 0.66666666666666663
          2 1.5 0.66666666666666663
          2.1666666666666665 1.5 0.66666666666666663
          2.333333333333333 1.5 0.66666666666666663
          2.5 1.5 0.66666666666666663
          2.6666666666666665 1.5 0.66666666666666663
          2.833333333333333 1.5 0.66666666666666663
          3 1.5 0.66666666666666663
          3.1666666666666665 1.5 0.66666666666666663
          3.333333333333333 1.5 0.66666666666666663
          3.5 1.5 0.66666666666666663
          3.6666666666666665 1.5 0.66666666666666663
          3.833333333333333 1.5 0.66666666666666663
          4 1.5 0.66666666666666663
          4.1666666666666661 1.5 0.66666666666666663
          4.333333333333333 1.5 0.66666666666666663
          4.5 1.5 0.66666666666666663
          4.6666666666666661 1.5 0.66666666666666663
          4.833333333333333 1.5 0.66666666666666663
          5 1.5 0.66666666666666663
          5.1666666666666661 1.5 0.66666666666666663
          5.333333333333333 1.5 0.66666666666666663
          5.5 1.5 0.66666666666666663
          5.6666666666666661 1.5 0.66666666666666663
          5.833333333333333 1.5 0.66666666666666663
          6 1.5 0.66666666666666663
          6.1666666666666661 1.5 0.66666666666666663
          6.333333333333333 1.5 0.66666666666666663
          6.5 1.5 0.66666666666666663
          6.6666666666666661 1.5 0.66666666666666663
          6.833333333333333 1.5 0.66666666666666663
          7 1.5 0.66666666666666663
          0 1.6666666666666665 0.66666666666666663
          0.16666666666666666 1.6666666666666665 0.66666666666666663
          0.33333333333333331 1.6666666666666665 0.66666666666666663
          0.5 1.6666666666666665 0.66666666666666663
          0.66666666666666663 1.6666666666666665 0.66666666666666663
          0.83333333333333326 1.6666666666666665 0.66666666666666663
          1 1.6666666666666665 0.66666666666666663
          1.1666666666666665 1.6666666666666665 0.66666666666666663
          1.3333333333333333 1.6666666666666665 0.66666666666666663
          1.5 1.6666666666666665 0.66666666666666663
          1.6666666666666665 1.6666666666666665 0.66666666666666663
          1.8333333333333333 1.6666666666666665 0.66666666666666663
          2 1.6666666666666665 0.66666666666666663
          2.1666666666666665 1.6666666666666665 0.66666666666666663
          2.333333333333333 1.6666666666666665 0.66666666666666663
          2.5 1.6666666666666665 0.66666666666666663
          2.6666666666666665 1.6666666666666665 0.66666666666666663
          2.833333333333333 1.6666666666666665 0.66666666666666663
          3 1.6666666666666665 0.66666666666666663
          3.1666666666666665 1.6666666666666665 0.66666666666666663
          3.333333333333333 1.6666666666666665 0.66666666666666663
          3.5 1.6666666666666665 0.66666666666666663
          3.6666666666666665 1.6666666666666665 0.66666666666666663
          3.833333333333333 1.6666666666666665 0.66666666666666663
          4 1.6666666666666665 0.66666666666666663
          4.1666666666666661 1.6666666666666665 0.66666666666666663
          4.333333333333333 1.6666666666666665 0.66666666666666663
          4.5 1.6666666666666665 0.66666666666666663
          4.6666666666666661 1.6666666666666665 0.66666666666666663
          4.833333333333333 1.6666666666666665 0.66666666666666663
          5 1.6666666666666665 0.66666666666666663
          5.1666666666666661 1.6666666666666665 0.66666666666666663
          5.333333333333333 1.6666666666666665 0.66666666666666663
          5.5 1.6666666666666665 0.66666666666666663
          5.6666666666666661 1.6666666666666665 0.66666666666666663
          5.833333333333333 1.6666666666666665 0.66666666666666663
          6 1.6666666666666665 0.66666666666666663
          6.1666666666666661 1.6666666666666665 0.66666666666666663
          6.333333333333333 1.6666666666666665 0.66666666666666663
          6.5 1.6666666666666665 0.66666666666666663
          6.6666666666666661 1.6666666666666665 0.66666666666666663
          6.833333333333333 1.6666666666666665 0.66666666666666663
          7 1.6666666666666665 0.66666666666666663
          0 1.8333333333333333 0.66666666666666663
          0.16666666666666666 1.8333333333333333 0.66666666666666663
          0.33333333333333331 1.8333333333333333 0.66666666666666663
          0.5 1.8333333333333333 0.66666666666666663
          0.66666666666666663 1.8333333333333333 0.66666666666666663
          0.83333333333333326 1.8333333333333333 0.66666666666666663
          1 1.8333333333333333 0.66666666666666663
          1.1666666666666665 1.8333333333333333 0.66666666666666663
          1.3333333333333333 1.8333333333333333 0.66666666666666663
          1.5 1.8333333333333333 0.66666666666666663
          1.6666666666666665 1.8333333333333333 0.66666666666666663
          1.8333333333333333 1.8333333333333333 0.66666666666666663
          2 1.8333333333333333 0.66666666666666663
          2.1666666666666665 1.8333333333333333 0.66666666666666663
          2.333333333333333 1.8333333333333333 0.66666666666666663
          2.5 1.8333333333333333 0.66666666666666663
          2.6666666666666665 1.8333333333333333 0.66666666666666663
          2.833333333333333 1.8333333333333333 0.66666666666666663
          3 1.8333333333333333 0.66666666666666663
          3.1666666666666665 1.8333333333333333 0.66666666666666663
          3.333333333333333 1.8333333333333333 0.66666666666666663
          3.5 1.8333333333333333 0.66666666666666663
          3.6666666666666665 1.8333333333333333 0.66666666666666663
          3.833333333333333 1.8333333333333333 0.66666666666666663
          4 1.8333333333333333 0.66666666666666663
          4.1666666666666661 1.8333333333333333 0.66666666666666663
          4.333333333333333 1.8333333333333333 0.66666666666666663
          4.5 1.8333333333333333 0.66666666666666663
          4.6666666666666661 1.8333333333333333 0.66666666666666663
          4.833333333333333 1.8333333333333333 0.66666666666666663
          5 1.8333333333333333 0.66666666666666663
          5.1666666666666661 1.8333333333333333 0.66666666666666663
          5.333333333333333 1.8333333333333333 0.66666666666666663
          5.5 1.8333333333333333 0.66666666666666663
          5.6666666666666661 1.8333333333333333 0.66666666666666663
          5.833333333333333 1.8333333333333333 0.66666666666666663
          6 1.8333333333333333 0.66666666666666663
          6.1666666666666661 1.8333333333333333 0.66666666666666663
          6.333333333333333 1.8333333333333333 0.66666666666666663
          6.5 1.8333333333333333 0.66666666666666663
          6.6666666666666661 1.8333333333333333 0.66666666666666663
          6.833333333333333 1.8333333333333333 0.66666666666666663
          7 1.8333333333333333 0.66666666666666663
          0 2 0.66666666666666663
          0.16666666666666666 2 0.66666666666666663
          0.33333333333333331 2 0.66666666666666663
          0.5 2 0.66666666666666663
          0.66666666666666663 2 0.66666666666666663
          0.83333333333333326 2 0.66666666666666663
          1 2 0.66666666666666663
          1.1666666666666665 2 0.66666666666666663
          1.3333333333333333 2 0.66666666666666663
          1.5 2 0.66666666666666663
          1.6666666666666665 2 0.66666666666666663
          1.8333333333333333 2 0.66666666666666663
          2 2 0.66666666666666663
          2.1666666666666665 2 0.66666666666666663
          2.333333333333333 2 0.66666666666666663
          2.5 2 0.66666666666666663
          2.6666666666666665 2 0.66666666666666663
          2.833333333333333 2 0.66666666666666663
          3 2 0.66666666666666663
          3.1666666666666665 2 0.66666666666666663
          3.333333333333333 2 0.66666666666666663
          3.5 2 0.66666666666666663
          3.6666666666666665 2 0.66666666666666663
          3.833333333333333 2 0.66666666666666663
          4 2 0.66666666666666663
          4.1666666666666661 2 0.66666666666666663
          4.333333333333333 2 0.66666666666666663
          4.5 2 0.66666666666666663
          4.6666666666666661 2 0.66666666666666663
          4.833333333333333 2 0.66666666666666663
          5 2 0.66666666666666663
          5.1666666666666661 2 0.66666666666666663
          5.333333333333333 2 0.66666666666666663
          5.5 2 0.66666666666666663
          5.6666666666666661 2 0.66666666666666663
          5.833333333333333 2 0.66666666666666663
          6 2 0.66666666666666663
          6.1666666666666661 2 0.66666666666666663
          6.333333333333333 2 0.66666666666666663
          6.5 2 0.66666666666666663
          6.6666666666666661 2 0.66666666666666663
          6.833333333333333 2 0.66666666666666663
          7 2 0.66666666666666663
          0 2.1666666666666665 0.66666666666666663
          0.16666666666666666 2.1666666666666665 0.66666666666666663
          0.33333333333333331 2.1666666666666665 0.66666666666666663
          0.5 2.1666666666666665 0.66666666666666663
          0.66666666666666663 2.1666666666666665 0.66666666666666663
          0.83333333333333326 2.1666666666666665 0.66666666666666663
          1 2.1666666666666665 0.66666666666666663
          1.1666666666666665 2.1666666666666665 0.66666666666666663
          1.3333333333333333 2.1666666666666665 0.66666666666666663
          1.5 2.1666666666666665 0.66666666666666663
          1.6666666666666665 2.1666666666666665 0.66666666666666663
          1.8333333333333333 2.1666666666666665 0.66666666666666663
          2 2.1666666666666665 0.66666666666666663
          2.1666666666666665 2.1666666666666665 0.66666666666666663
          2.333333333333333 2.1666666666666665 0.66666666666666663
          2.5 2.1666666666666665 0.66666666666666663
          2.6666666666666665 2.1666666666666665 0.66666666666666663
          2.833333333333333 2.1666666666666665 0.66666666666666663
          3 2.1666666666666665 0.66666666666666663
          3.1666666666666665 2.1666666666666665 0.66666666666666663
          3.333333333333333 2.1666666666666665 0.66666666666666663
          3.5 2.1666666666666665 0.66666666666666663
          3.6666666666666665 2.1666666666666665 0.66666666666666663
          3.833333333333333 2.1666666666666665 0.66666666666666663
          4 2.1666666666666665 0.66666666666666663
          4.1666666666666661 2.1666666666666665 0.66666666666666663
          4.333333333333333 2.1666666666666665 0.66666666666666663
          4.5 2.1666666666666665 0.66666666666666663
          4.6666666666666661 2.1666666666666665 0.66666666666666663
          4.833333333333333 2.1666666666666665 0.66666666666666663
          5 2.1666666666666665 0.66666666666666663
          5.1666666666666661 2.1666666666666665 0.66666666666666663
          5.333333333333333 2.1666666666666665 0.66666666666666663
          5.5 2.1666666666666665 0.66666666666666663
          5.6666666666666661 2.1666666666666665 0.66666666666666663
          5.833333333333333 2.1666666666666665 0.66666666666666663
          6 2.1666666666666665 0.66666666666666663
          6.1666666666666661 2.1666666666666665 0.66666666666666663
          6.333333333333333 2.1666666666666665 0.66666666666666663
          6.5 2.1666666666666665 0.66666666666666663
          6.6666666666666661 2.1666666666666665 0.66666666666666663
          6.833333333333333 2.1666666666666665 0.66666666666666663
          7 2.1666666666666665 0.66666666666666663
          0 2.333333333333333 0.66666666666666663
          0.16666666666666666 2.333333333333333 0.66666666666666663
          0.33333333333333331 2.333333333333333 0.66666666666666663
          0.5 2.333333333333333 0.66666666666666663
          0.66666666666666663 2.333333333333333 0.66666666666666663
          0.83333333333333326 2.333333333333333 0.66666666666666663
          1 2.333333333333333 0.66666666666666663
          1.1666666666666665 2.333333333333333 0.66666666666666663
          1.3333333333333333 2.333333333333333 0.66666666666666663
          1.5 2.333333333333333 0.66666666666666663
          1.6666666666666665 2.333333333333333 0.66666666666666663
          1.8333333333333333 2.333333333333333 0.66666666666666663
          2 2.333333333333333 0.66666666666666663
          2.1666666666666665 2.333333333333333 0.66666666666666663
          2.333333333333333 2.333333333333333 0.66666666666666663
          2.5 2.333333333333333 0.66666666666666663
          2.6666666666666665 2.333333333333333 0.66666666666666663
          2.833333333333333 2.333333333333333 0.66666666666666663
          3 2.333333333333333 0.66666666666666663
          3.1666666666666665 2.333333333333333 0.66666666666666663
          3.333333333333333 2.333333333333333 0.66666666666666663
          3.5 2.333333333333333 0.66666666666666663
          3.6666666666666665 2.333333333333333 0.66666666666666663
          3.833333333333333 2.333333333333333 0.66666666666666663
          4 2.333333333333333 0.66666666666666663
          4.1666666666666661 2.333333333333333 0.66666666666666663
          4.333333333333333 2.333333333333333 0.66666666666666663
          4.5 2.333333333333333 0.66666666666666663
          4.6666666666666661 2.333333333333333 0.66666666666666663
          4.833333333333333 2.333333333333333 0.66666666666666663
          5 2.333333333333333 0.66666666666666663
          5.1666666666666661 2.333333333333333 0.66666666666666663
          5.333333333333333 2.333333333333333 0.66666666666666663
          5.5 2.333333333333333 0.66666666666666663
          5.6666666666666661 2.333333333333333 0.66666666666666663
          5.833333333333333 2.333333333333333 0.66666666666666663
          6 2.333333333333333 0.66666666666666663
          6.1666666666666661 2.333333333333333 0.66666666666666663
          6.333333333333333 2.333333333333333 0.66666666666666663
          6.5 2.333333333333333 0.66666666666666663
          6.6666666666666661 2.333333333333333 0.66666666666666663
          6.833333333333333 2.333333333333333 0.66666666666666663
          7 2.333333333333333 0.66666666666666663
          0 2.5 0.66666666666666663
          0.16666666666666666 2.5 0.66666666666666663
          0.33333333333333331 2.5 0.66666666666666663
          0.5 2.5 0.66666666666666663
          0.66666666666666663 2.5 0.66666666666666663
          0.83333333333333326 2.5 0.66666666666666663
          1 2.5 0.66666666666666663
          1.1666666666666665 2.5 0.66666666666666663
          1.3333333333333333 2.5 0.66666666666666663
          1.5 2.5 0.66666666666666663
          1.6666666666666665 2.5 0.66666666666666663
          1.8333333333333333 2.5 0.66666666666666663
          2 2.5 0.66666666666666663
          2.1666666666666665 2.5 0.66666666666666663
          2.333333333333333 2.5 0.66666666666666663
          2.5 2.5 0.66666666666666663
          2.6666666666666665 2.5 0.66666666666666663
          2.833333333333333 2.5 0.66666666666666663
          3 2.5 0.66666666666666663
          3.1666666666666665 2.5 0.66666666666666663
          3.333333333333333 2.5 0.66666666666666663
          3.5 2.5 0.66666666666666663
          3.6666666666666665 2.5 0.66666666666666663
          3.833333333333333 2.5 0.66666666666666663
          4 2.5 0.66666666666666663
          4.1666666666666661 2.5 0.66666666666666663
          4.333333333333333 2.5 0.66666666666666663
          4.5 2.5 0.66666666666666663
          4.6666666666666661 2.5 0.66666666666666663
          4.833333333333333 2.5 0.66666666666666663
          5 2.5 0.66666666666666663
          5.1666666666666661 2.5 0.66666666666666663
          5.333333333333333 2.5 0.66666666666666663
          5.5 2.5 0.66666666666666663
          5.6666666666666661 2.5 0.66666666666666663
          5.833333333333333 2.5 0.66666666666666663
          6 2.5 0.66666666666666663
          6.1666666666666661 2.5 0.66666666666666663
          6.333333333333333 2.5 0.66666666666666663
          6.5 2.5 0.66666666666666663
          6.6666666666666661 2.5 0.66666666666666663
          6.833333333333333 2.5 0.66666666666666663
          7 2.5 0.66666666666666663
          0 2.6666666666666665 0.66666666666666663
          0.16666666666666666 2.6666666666666665 0.66666666666666663
          0.33333333333333331 2.6666666666666665 0.66666666666666663
          0.5 2.6666666666666665 0.66666666666666663
          0.66666666666666663 2.6666666666666665 0.66666666666666663
          0.83333333333333326 2.6666666666666665 0.66666666666666663
          1 2.6666666666666665 0.66666666666666663
          1.1666666666666665 2.6666666666666665 0.66666666666666663
          1.3333333333333333 2.6666666666666665 0.66666666666666663
          1.5 2.6666666666666665 0.66666666666666663
          1.6666666666666665 2.6666666666666665 0.66666666666666663
          1.8333333333333333 2.6666666666666665 0.66666666666666663
          2 2.6666666666666665 0.66666666666666663
          2.1666666666666665 2.6666666666666665 0.66666666666666663
          2.333333333333333 2.6666666666666665 0.66666666666666663
          2.5 2.6666666666666665 0.66666666666666663
          2.6666666666666665 2.6666666666666665 0.66666666666666663
          2.833333333333333 2.6666666666666665 0.66666666666666663
          3 2.6666666666666665 0.66666666666666663
          3.1666666666666665 2.6666666666666665 0.66666666666666663
          3.333333333333333 2.6666666666666665 0.66666666666666663
          3.5 2.6666666666666665 0.66666666666666663
          3.6666666666666665 2.6666666666666665 0.66666666666666663
          3.833333333333333 2.6666666666666665 0.66666666666666663
          4 2.6666666666666665 0.66666666666666663
          4.1666666666666661 2.6666666666666665 0.66666666666666663
          4.333333333333333 2.6666666666666665 0.66666666666666663
          4.5 2.6666666666666665 0.66666666666666663
          4.6666666666666661 2.6666666666666665 0.66666666666666663
          4.833333333333333 2.6666666666666665 0.66666666666666663
          5 2.6666666666666665 0.66666666666666663
          5.1666666666666661 2.6666666666666665 0.66666666666666663
          5.333333333333333 2.6666666666666665 0.66666666666666663
          5.5 2.6666666666666665 0.66666666666666663
          5.6666666666666661 2.6666666666666665 0.66666666666666663
          5.833333333333333 2.6666666666666665 0.66666666666666663
          6 2.6666666666666665 0.66666666666666663
          6.1666666666666661 2.6666666666666665 0.66666666666666663
          6.333333333333333 2.6666666666666665 0.66666666666666663
          6.5 2.6666666666666665 0.66666666666666663
          6.6666666666666661 2.6666666666666665 0.66666666666666663
          6.833333333333333 2.6666666666666665 0.66666666666666663
          7 2.6666666666666665 0.66666666666666663
          0 2.833333333333333 0.66666666666666663
          0.16666666666666666 2.833333333333333 0.66666666666666663
          0.33333333333333331 2.833333333333333 0.66666666666666663
          0.5 2.833333333333333 0.66666666666666663
          0.66666666666666663 2.833333333333333 0.66666666666666663
          0.83333333333333326 2.833333333333333 0.66666666666666663
          1 2.833333333333333 0.66666666666666663
          1.1666666666666665 2.833333333333333 0.66666666666666663
          1.3333333333333333 2.833333333333333 0.66666666666666663
          1.5 2.833333333333333 0.66666666666666663
          1.6666666666666665 2.833333333333333 0.66666666666666663
          1.8333333333333333 2.833333333333333 0.66666666666666663
          2 2.833333333333333 0.66666666666666663
          2.1666666666666665 2.833333333333333 0.66666666666666663
          2.333333333333333 2.833333333333333 0.66666666666666663
          2.5 2.833333333333333 0.66666666666666663
          2.6666666666666665 2.833333333333333 0.66666666666666663
          2.833333333333333 2.833333333333333 0.66666666666666663
          3 2.833333333333333 0.66666666666666663
          3.1666666666666665 2.833333333333333 0.66666666666666663
          3.333333333333333 2.833333333333333 0.66666666666666663
          3.5 2.833333333333333 0.66666666666666663
          3.6666666666666665 2.833333333333333 0.66666666666666663
          3.833333333333333 2.833333333333333 0.66666666666666663
          4 2.833333333333333 0.66666666666666663
          4.1666666666666661 2.833333333333333 0.66666666666666663
          4.333333333333333 2.833333333333333 0.66666666666666663
          4.5 2.833333333333333 0.66666666666666663
          4.6666666666666661 2.833333333333333 0.66666666666666663
          4.833333333333333 2.833333333333333 0.66666666666666663
          5 2.833333333333333 0.66666666666666663
          5.1666666666666661 2.833333333333333 0.66666666666666663
          5.333333333333333 2.833333333333333 0.66666666666666663
          5.5 2.833333333333333 0.66666666666666663
          5.6666666666666661 2.833333333333333 0.66666666666666663
          5.833333333333333 2.833333333333333 0.66666666666666663
          6 2.833333333333333 0.66666666666666663
          6.1666666666666661 2.833333333333333 0.66666666666666663
          6.333333333333333 2.833333333333333 0.66666666666666663
          6.5 2.833333333333333 0.66666666666666663
          6.6666666666666661 2.833333333333333 0.66666666666666663
          6.833333333333333 2.833333333333333 0.66666666666666663
          7 2.833333333333333 0.66666666666666663
          0 3 0.66666666666666663
          0.16666666666666666 3 0.66666666666666663
          0.33333333333333331 3 0.66666666666666663
          0.5 3 0.66666666666666663
          0.66666666666666663 3 0.66666666666666663
          0.83333333333333326 3 0.66666666666666663
          1 3 0.66666666666666663
          1.1666666666666665 3 0.66666666666666663
          1.3333333333333333 3 0.66666666666666663
          1.5 3 0.66666666666666663
          1.6666666666666665 3 0.66666666666666663
          1.8333333333333333 3 0.66666666666666663
          2 3 0.66666666666666663
          2.1666666666666665 3 0.66666666666666663
          2.333333333333333 3 0.66666666666666663
          2.5 3 0.66666666666666663
          2.6666666666666665 3 0.66666666666666663
          2.833333333333333 3 0.66666666666666663
          3 3 0.66666666666666663
          3.1666666666666665 3 0.66666666666666663
          3.333333333333333 3 0.66666666666666663
          3.5 3 0.66666666666666663
          3.6666666666666665 3 0.66666666666666663
          3.833333333333333 3 0.66666666666666663
          4 3 0.66666666666666663
          4.1666666666666661 3 0.66666666666666663
          4.333333333333333 3 0.66666666666666663
          4.5 3 0.66666666666666663
          4.6666666666666661 3 0.66666666666666663
          4.833333333333333 3 0.66666666666666663
          5 3 0.66666666666666663
          5.1666666666666661 3 0.66666666666666663
          5.333333333333333 3 0.66666666666666663
          5.5 3 0.66666666666666663
          5.6666666666666661 3 0.66666666666666663
          5.833333333333333 3 0.66666666666666663
          6 3 0.66666666666666663
          6.1666666666666661 3 0.66666666666666663
          6.333333333333333 3 0.66666666666666663
          6.5 3 0.66666666666666663
          6.6666666666666661 3 0.66666666666666663
          6.833333333333333 3 0.66666666666666663
          7 3 0.66666666666666663
          0 0 0.83333333333333326
          0.16666666666666666 0 0.83333333333333326
          0.33333333333333331 0 0.83333333333333326
          0.5 0 0.83333333333333326
          0.66666666666666663 0 0.83333333333333326
          0.83333333333333326 0 0.83333333333333326
          1 0 0.83333333333333326
          1.1666666666666665 0 0.83333333333333326
          1.3333333333333333 0 0.83333333333333326
          1.5 0 0.83333333333333326
          1.6666666666666665 0 0.83333333333333326
          1.8333333333333333 0 0.83333333333333326
          2 0 0.83333333333333326
          2.1666666666666665 0 0.83333333333333326
          2.333333333333333 0 0.83333333333333326
          2.5 0 0.83333333333333326
          2.6666666666666665 0 0.83333333333333326
          2.833333333333333 0 0.83333333333333326
          3 0 0.83333333333333326
          3.1666666666666665 0 0.83333333333333326
          3.333333333333333 0 0.83333333333333326
          3.5 0 0.83333333333333326
          3.6666666666666665 0 0.83333333333333326
          3.833333333333333 0 0.83333333333333326
          4 0 0.83333333333333326
          4.1666666666666661 0 0.83333333333333326
          4.333333333333333 0 0.83333333333333326
          4.5 0 0.83333333333333326
          4.6666666666666661 0 0.83333333333333326
          4.833333333333333 0 0.83333333333333326
          5 0 0.83333333333333326
          5.1666666666666661 0 0.83333333333333326
          5.333333333333333 0 0.83333333333333326
          5.5 0 0.83333333333333326
          5.6666666666666661 0 0.83333333333333326
          5.833333333333333 0 0.83333333333333326
          6 0 0.83333333333333326
          6.1666666666666661 0 0.83333333333333326
          6.333333333333333 0 0.83333333333333326
          6.5 0 0.83333333333333326
          6.6666666666666661 0 0.83333333333333326
          6.833333333333333 0 0.83333333333333326
          7 0 0.83333333333333326
          0 0.16666666666666666 0.83333333333333326
          0.16666666666666666 0.16666666666666666 0.83333333333333326
          0.33333333333333331 0.16666666666666666 0.83333333333333326
          0.5 0.16666666666666666 0.83333333333333326
          0.66666666666666663 0.16666666666666666 0.83333333333333326
          0.83333333333333326 0.16666666666666666 0.83333333333333326
          1 0.16666666666666666 0.83333333333333326
          1.1666666666666665 0.16666666666666666 0.83333333333333326
          1.3333333333333333 0.16666666666666666 0.83333333333333326
          1.5 0.16666666666666666 0.83333333333333326
          1.6666666666666665 0.16666666666666666 0.83333333333333326
          1.8333333333333333 0.16666666666666666 0.83333333333333326
          2 0.16666666666666666 0.83333333333333326
          2.1666666666666665 0.16666666666666666 0.83333333333333326
          2.333333333333333 0.16666666666666666 0.83333333333333326
          2.5 0.16666666666666666 0.83333333333333326
          2.6666666666666665 0.16666666666666666 0.83333333333333326
          2.833333333333333 0.16666666666666666 0.83333333333333326
          3 0.16666666666666666 0.83333333333333326
          3.1666666666666665 0.16666666666666666 0.83333333333333326
          3.333333333333333 0.16666666666666666 0.83333333333333326
          3.5 0.16666666666666666 0.83333333333333326
          3.6666666666666665 0.16666666666666666 0.83333333333333326
          3.833333333333333 0.16666666666666666 0.83333333333333326
          4 0.16666666666666666 0.83333333333333326
          4.1666666666666661 0.16666666666666666 0.83333333333333326
          4.333333333333333 0.16666666666666666 0.83333333333333326
          4.5 0.16666666666666666 0.83333333333333326
          4.6666666666666661 0.16666666666666666 0.83333333333333326
          4.833333333333333 0.16666666666666666 0.83333333333333326
          5 0.16666666666666666 0.83333333333333326
          5.1666666666666661 0.16666666666666666 0.83333333333333326
          5.333333333333333 0.16666666666666666 0.83333333333333326
          5.5 0.16666666666666666 0.83333333333333326
          5.6666666666666661 0.16666666666666666 0.83333333333333326
          5.833333333333333 0.16666666666666666 0.83333333333333326
          6 0.16666666666666666 0.83333333333333326
          6.1666666666666661 0.16666666666666666 0.83333333333333326
          6.333333333333333 0.16666666666666666 0.83333333333333326
          6.5 0.16666666666666666 0.83333333333333326
          6.6666666666666661 0.16666666666666666 0.83333333333333326
          6.833333333333333 0.16666666666666666 0.83333333333333326
          7 0.16666666666666666 0.83333333333333326
          0 0.33333333333333331 0.83333333333333326
          0.16666666666666666 0.33333333333333331 0.83333333333333326
          0.33333333333333331 0.33333333333333331 0.83333333333333326
          0.5 0.33333333333333331 0.83333333333333326
          0.66666666666666663 0.33333333333333331 0.83333333333333326
          0.83333333333333326 0.33333333333333331 0.83333333333333326
          1 0.33333333333333331 0.83333333333333326
          1.1666666666666665 0.33333333333333331 0.83333333333333326
          1.3333333333333333 0.33333333333333331 0.83333333333333326
          1.5 0.33333333333333331 0.83333333333333326
          1.6666666666666665 0.33333333333333331 0.83333333333333326
          1.8333333333333333 0.33333333333333331 0.83333333333333326
          2 0.33333333333333331 0.83333333333333326
          2.1666666666666665 0.33333333333333331 0.83333333333333326
          2.333333333333333 0.33333333333333331 0.83333333333333326
          2.5 0.33333333333333331 0.83333333333333326
          2.6666666666666665 0.33333333333333331 0.83333333333333326
          2.833333333333333 0.33333333333333331 0.83333333333333326
          3 0.33333333333333331 0.83333333333333326
          3.1666666666666665 0.33333333333333331 0.83333333333333326
          3.333333333333333 0.33333333333333331 0.83333333333333326
          3.5 0.33333333333333331 0.83333333333333326
          3.6666666666666665 0.33333333333333331 0.83333333333333326
          3.833333333333333 0.33333333333333331 0.83333333333333326
          4 0.33333333333333331 0.83333333333333326
          4.1666666666666661 0.33333333333333331 0.83333333333333326
          4.333333333333333 0.33333333333333331 0.83333333333333326
          4.5 0.33333333333333331 0.83333333333333326
          4.6666666666666661 0.33333333333333331 0.83333333333333326
          4.833333333333333 0.33333333333333331 0.83333333333333326
          5 0.33333333333333331 0.83333333333333326
          5.1666666666666661 0.33333333333333331 0.83333333333333326
          5.333333333333333 0.33333333333333331 0.83333333333333326
          5.5 0.33333333333333331 0.83333333333333326
          5.6666666666666661 0.33333333333333331 0.83333333333333326
          5.833333333333333 0.33333333333333331 0.83333333333333326
          6 0.33333333333333331 0.83333333333333326
          6.1666666666666661 0.33333333333333331 0.83333333333333326
          6.333333333333333 0.33333333333333331 0.83333333333333326
          6.5 0.33333333333333331 0.83333333333333326
          6.6666666666666661 0.33333333333333331 0.83333333333333326
          6.833333333333333 0.33333333333333331 0.83333333333333326
          7 0.33333333333333331 0.83333333333333326
          0 0.5 0.83333333333333326
          0.16666666666666666 0.5 0.83333333333333326
          0.33333333333333331 0.5 0.83333333333333326
          0.5 0.5 0.83333333333333326
          0.66666666666666663 0.5 0.83333333333333326
          0.83333333333333326 0.5 0.83333333333333326
          1 0.5 0.83333333333333326
          1.1666666666666665 0.5 0.83333333333333326
          1.3333333333333333 0.5 0.83333333333333326
          1.5 0.5 0.83333333333333326
          1.6666666666666665 0.5 0.83333333333333326
          1.8333333333333333 0.5 0.83333333333333326
          2 0.5 0.83333333333333326
          2.1666666666666665 0.5 0.83333333333333326
          2.333333333333333 0.5 0.83333333333333326
          2.5 0.5 0.83333333333333326
          2.6666666666666665 0.5 0.83333333333333326
          2.833333333333333 0.5 0.83333333333333326
          3 0.5 0.83333333333333326
          3.1666666666666665 0.5 0.83333333333333326
          3.333333333333333 0.5 0.83333333333333326
          3.5 0.5 0.83333333333333326
          3.6666666666666665 0.5 0.83333333333333326
          3.833333333333333 0.5 0.83333333333333326
          4 0.5 0.83333333333333326
          4.1666666666666661 0.5 0.83333333333333326
          4.333333333333333 0.5 0.83333333333333326
          4.5 0.5 0.83333333333333326
          4.6666666666666661 0.5 0.83333333333333326
          4.833333333333333 0.5 0.83333333333333326
          5 0.5 0.83333333333333326
          5.1666666666666661 0.5 0.83333333333333326
          5.333333333333333 0.5 0.83333333333333326
          5.5 0.5 0.83333333333333326
          5.6666666666666661 0.5 0.83333333333333326
          5.833333333333333 0.5 0.83333333333333326
          6 0.5 0.83333333333333326
          6.1666666666666661 0.5 0.83333333333333326
          6.333333333333333 0.5 0.83333333333333326
          6.5 0.5 0.83333333333333326
          6.6666666666666661 0.5 0.83333333333333326
          6.833333333333333 0.5 0.83333333333333326
          7 0.5 0.83333333333333326
          0 0.66666666666666663 0.83333333333333326
          0.16666666666666666 0.66666666666666663 0.83333333333333326
          0.33333333333333331 0.66666666666666663 0.83333333333333326
          0.5 0.66666666666666663 0.83333333333333326
          0.66666666666666663 0.66666666666666663 0.83333333333333326
          0.83333333333333326 0.66666666666666663 0.83333333333333326
          1 0.66666666666666663 0.83333333333333326
          1.1666666666666665 0.66666666666666663 0.83333333333333326
          1.3333333333333333 0.66666666666666663 0.83333333333333326
          1.5 0.66666666666666663 0.83333333333333326
          1.6666666666666665 0.66666666666666663 0.83333333333333326
          1.8333333333333333 0.66666666666666663 0.83333333333333326
          2 0.66666666666666663 0.83333333333333326
          2.1666666666666665 0.66666666666666663 0.83333333333333326
          2.333333333333333 0.66666666666666663 0.83333333333333326
          2.5 0.66666666666666663 0.83333333333333326
          2.6666666666666665 0.66666666666666663 0.83333333333333326
          2.833333333333333 0.66666666666666663 0.83333333333333326
          3 0.66666666666666663 0.83333333333333326
          3.1666666666666665 0.66666666666666663 0.83333333333333326
          3.333333333333333 0.66666666666666663 0.83333333333333326
          3.5 0.66666666666666663 0.83333333333333326
          3.6666666666666665 0.66666666666666663 0.83333333333333326
          3.833333333333333 0.66666666666666663 0.83333333333333326
          4 0.66666666666666663 0.83333333333333326
          4.1666666666666661 0.66666666666666663 0.83333333333333326
          4.333333333333333 0.66666666666666663 0.83333333333333326
          4.5 0.66666666666666663 0.83333333333333326
          4.6666666666666661 0.66666666666666663 0.83333333333333326
          4.833333333333333 0.66666666666666663 0.83333333333333326
          5 0.66666666666666663 0.83333333333333326
          5.1666666666666661 0.66666666666666663 0.83333333333333326
          5.333333333333333 0.66666666666666663 0.83333333333333326
          5.5 0.66666666666666663 0.83333333333333326
          5.6666666666666661 0.66666666666666663 0.83333333333333326
          5.833333333333333 0.66666666666666663 0.83333333333333326
          6 0.66666666666666663 0.83333333333333326
          6.1666666666666661 0.66666666666666663 0.83333333333333326
          6.333333333333333 0.66666666666666663 0.83333333333333326
          6.5 0.66666666666666663 0.83333333333333326
          6.6666666666666661 0.66666666666666663 0.83333333333333326
          6.833333333333333 0.66666666666666663 0.83333333333333326
          7 0.66666666666666663 0.83333333333333326
          0 0.83333333333333326 0.83333333333333326
          0.16666666666666666 0.83333333333333326 0.83333333333333326
          0.33333333333333331 0.83333333333333326 0.83333333333333326
          0.5 0.83333333333333326 0.83333333333333326
          0.66666666666666663 0.83333333333333326 0.83333333333333326
          0.83333333333333326 0.83333333333333326 0.83333333333333326
          1 0.83333333333333326 0.83333333333333326
          1.1666666666666665 0.83333333333333326 0.83333333333333326
          1.3333333333333333 0.83333333333333326 0.83333333333333326
          1.5 0.83333333333333326 0.83333333333333326
          1.6666666666666665 0.83333333333333326 0.83333333333333326
          1.8333333333333333 0.83333333333333326 0.83333333333333326
          2 0.83333333333333326 0.83333333333333326
          2.1666666666666665 0.83333333333333326 0.83333333333333326
          2.333333333333333 0.83333333333333326 0.83333333333333326
          2.5 0.83333333333333326 0.83333333333333326
          2.6666666666666665 0.83333333333333326 0.83333333333333326
          2.833333333333333 0.83333333333333326 0.83333333333333326
          3 0.83333333333333326 0.83333333333333326
          3.1666666666666665 0.83333333333333326 0.83333333333333326
          3.333333333333333 0.83333333333333326 0.83333333333333326
          3.5 0.83333333333333326 0.83333333333333326
          3.6666666666666665 0.83333333333333326 0.83333333333333326
          3.833333333333333 0.83333333333333326 0.83333333333333326
          4 0.83333333333333326 0.83333333333333326
          4.1666666666666661 0.83333333333333326 0.83333333333333326
          4.333333333333333 0.83333333333333326 0.83333333333333326
          4.5 0.83333333333333326 0.83333333333333326
          4.6666666666666661 0.83333333333333326 0.83333333333333326
          4.833333333333333 0.83333333333333326 0.83333333333333326
          5 0.83333333333333326 0.83333333333333326
          5.1666666666666661 0.83333333333333326 0.83333333333333326
          5.333333333333333 0.83333333333333326 0.83333333333333326
          5.5 0.83333333333333326 0.83333333333333326
          5.6666666666666661 0.83333333333333326 0.83333333333333326
          5.833333333333333 0.83333333333333326 0.83333333333333326
          6 0.83333333333333326 0.83333333333333326
          6.1666666666666661 0.83333333333333326 0.83333333333333326
          6.333333333333333 0.83333333333333326 0.83333333333333326
          6.5 0.83333333333333326 0.83333333333333326
          6.6666666666666661 0.83333333333333326 0.83333333333333326
          6.833333333333333 0.83333333333333326 0.83333333333333326
          7 0.83333333333333326 0.83333333333333326
          0 1 0.83333333333333326
          0.16666666666666666 1 0.83333333333333326
          0.33333333333333331 1 0.83333333333333326
          0.5 1 0.83333333333333326
          0.66666666666666663 1 0.83333333333333326
          0.83333333333333326 1 0.83333333333333326
          1 1 0.83333333333333326
          1.1666666666666665 1 0.83333333333333326
          1.3333333333333333 1 0.83333333333333326
          1.5 1 0.83333333333333326
          1.6666666666666665 1 0.83333333333333326
          1.8333333333333333 1 0.83333333333333326
          2 1 0.83333333333333326
          2.1666666666666665 1 0.83333333333333326
          2.333333333333333 1 0.83333333333333326
          2.5 1 0.83333333333333326
          2.6666666666666665 1 0.83333333333333326
          2.833333333333333 1 0.83333333333333326
          3 1 0.83333333333333326
          3.1666666666666665 1 0.83333333333333326
          3.333333333333333 1 0.83333333333333326
          3.5 1 0.83333333333333326
          3.6666666666666665 1 0.83333333333333326
          3.833333333333333 1 0.83333333333333326
          4 1 0.83333333333333326
          4.1666666666666661 1 0.83333333333333326
          4.333333333333333 1 0.83333333333333326
          4.5 1 0.83333333333333326
          4.6666666666666661 1 0.83333333333333326
          4.833333333333333 1 0.83333333333333326
          5 1 0.83333333333333326
          5.1666666666666661 1 0.83333333333333326
          5.333333333333333 1 0.83333333333333326
          5.5 1 0.83333333333333326
          5.6666666666666661 1 0.83333333333333326
          5.833333333333333 1 0.83333333333333326
          6 1 0.83333333333333326
          6.1666666666666661 1 0.83333333333333326
          6.333333333333333 1 0.83333333333333326
          6.5 1 0.83333333333333326
          6.6666666666666661 1 0.83333333333333326
          6.833333333333333 1 0.83333333333333326
          7 1 0.83333333333333326
          0 1.1666666666666665 0.83333333333333326
          0.16666666666666666 1.1666666666666665 0.83333333333333326
          0.33333333333333331 1.1666666666666665 0.83333333333333326
          0.5 1.1666666666666665 0.83333333333333326
          0.66666666666666663 1.1666666666666665 0.83333333333333326
          0.83333333333333326 1.1666666666666665 0.83333333333333326
          1 1.1666666666666665 0.83333333333333326
          1.1666666666666665 1.1666666666666665 0.83333333333333326
          1.3333333333333333 1.1666666666666665 0.83333333333333326
          1.5 1.1666666666666665 0.83333333333333326
          1.6666666666666665 1.1666666666666665 0.83333333333333326
          1.8333333333333333 1.1666666666666665 0.83333333333333326
          2 1.1666666666666665 0.83333333333333326
          2.1666666666666665 1.1666666666666665 0.83333333333333326
          2.333333333333333 1.1666666666666665 0.83333333333333326
          2.5 1.1666666666666665 0.83333333333333326
          2.6666666666666665 1.1666666666666665 0.83333333333333326
          2.833333333333333 1.1666666666666665 0.83333333333333326
          3 1.1666666666666665 0.83333333333333326
          3.1666666666666665 1.1666666666666665 0.83333333333333326
          3.333333333333333 1.1666666666666665 0.83333333333333326
          3.5 1.1666666666666665 0.83333333333333326
          3.6666666666666665 1.1666666666666665 0.83333333333333326
          3.833333333333333 1.1666666666666665 0.83333333333333326
          4 1.1666666666666665 0.83333333333333326
          4.1666666666666661 1.1666666666666665 0.83333333333333326
          4.333333333333333 1.1666666666666665 0.83333333333333326
          4.5 1.1666666666666665 0.83333333333333326
          4.6666666666666661 1.1666666666666665 0.83333333333333326
          4.833333333333333 1.1666666666666665 0.83333333333333326
          5 1.1666666666666665 0.83333333333333326
          5.1666666666666661 1.1666666666666665 0.83333333333333326
          5.333333333333333 1.1666666666666665 0.83333333333333326
          5.5 1.1666666666666665 0.83333333333333326
          5.6666666666666661 1.1666666666666665 0.83333333333333326
          5.833333333333333 1.1666666666666665 0.83333333333333326
          6 1.1666666666666665 0.83333333333333326
          6.1666666666666661 1.1666666666666665 0.83333333333333326
          6.333333333333333 1.1666666666666665 0.83333333333333326
          6.5 1.1666666666666665 0.83333333333333326
          6.6666666666666661 1.1666666666666665 0.83333333333333326
          6.833333333333333 1.1666666666666665 0.83333333333333326
          7 1.1666666666666665 0.83333333333333326
          0 1.3333333333333333 0.83333333333333326
          0.16666666666666666 1.3333333333333333 0.83333333333333326
          0.33333333333333331 1.3333333333333333 0.83333333333333326
          0.5 1.3333333333333333 0.83333333333333326
          0.66666666666666663 1.3333333333333333 0.83333333333333326
          0.83333333333333326 1.3333333333333333 0.83333333333333326
          1 1.3333333333333333 0.83333333333333326
          1.1666666666666665 1.3333333333333333 0.83333333333333326
          1.3333333333333333 1.3333333333333333 0.83333333333333326
          1.5 1.3333333333333333 0.83333333333333326
          1.6666666666666665 1.3333333333333333 0.83333333333333326
          1.8333333333333333 1.3333333333333333 0.83333333333333326
          2 1.3333333333333333 0.83333333333333326
          2.1666666666666665 1.3333333333333333 0.83333333333333326
          2.333333333333333 1.3333333333333333 0.83333333333333326
          2.5 1.3333333333333333 0.83333333333333326
          2.6666666666666665 1.3333333333333333 0.83333333333333326
          2.833333333333333 1.3333333333333333 0.83333333333333326
          3 1.3333333333333333 0.83333333333333326
          3.1666666666666665 1.3333333333333333 0.83333333333333326
          3.333333333333333 1.3333333333333333 0.83333333333333326
          3.5 1.3333333333333333 0.83333333333333326
          3.6666666666666665 1.3333333333333333 0.83333333333333326
          3.833333333333333 1.3333333333333333 0.83333333333333326
          4 1.3333333333333333 0.83333333333333326
          4.1666666666666661 1.3333333333333333 0.83333333333333326
          4.333333333333333 1.3333333333333333 0.83333333333333326
          4.5 1.3333333333333333 0.83333333333333326
          4.6666666666666661 1.3333333333333333 0.83333333333333326
          4.833333333333333 1.3333333333333333 0.83333333333333326
          5 1.3333333333333333 0.83333333333333326
          5.1666666666666661 1.3333333333333333 0.83333333333333326
          5.333333333333333 1.3333333333333333 0.83333333333333326
          5.5 1.3333333333333333 0.83333333333333326
          5.6666666666666661 1.3333333333333333 0.83333333333333326
          5.833333333333333 1.3333333333333333 0.83333333333333326
          6 1.3333333333333333 0.83333333333333326
          6.1666666666666661 1.3333333333333333 0.83333333333333326
          6.333333333333333 1.3333333333333333 0.83333333333333326
          6.5 1.3333333333333333 0.83333333333333326
          6.6666666666666661 1.3333333333333333 0.83333333333333326
          6.833333333333333 1.3333333333333333 0.83333333333333326
          7 1.3333333333333333 0.83333333333333326
          0 1.5 0.83333333333333326
          0.16666666666666666 1.5 0.83333333333333326
          0.33333333333333331 1.5 0.83333333333333326
          0.5 1.5 0.83333333333333326
          0.66666666666666663 1.5 0.83333333333333326
          0.83333333333333326 1.5 0.83333333333333326
          1 1.5 0.83333333333333326
          1.1666666666666665 1.5 0.83333333333333326
          1.3333333333333333 1.5 0.83333333333333326
          1.5 1.5 0.83333333333333326
          1.6666666666666665 1.5 0.83333333333333326
          1.8333333333333333 1.5 0.83333333333333326
          2 1.5 0.83333333333333326
          2.1666666666666665 1.5 0.83333333333333326
          2.333333333333333 1.5 0.83333333333333326
          2.5 1.5 0.83333333333333326
          2.6666666666666665 1.5 0.83333333333333326
          2.833333333333333 1.5 0.83333333333333326
          3 1.5 0.83333333333333326
          3.1666666666666665 1.5 0.83333333333333326
          3.333333333333333 1.5 0.83333333333333326
          3.5 1.5 0.83333333333333326
          3.6666666666666665 1.5 0.83333333333333326
          3.833333333333333 1.5 0.83333333333333326
          4 1.5 0.83333333333333326
          4.1666666666666661 1.5 0.83333333333333326
          4.333333333333333 1.5 0.83333333333333326
          4.5 1.5 0.83333333333333326
          4.6666666666666661 1.5 0.83333333333333326
          4.833333333333333 1.5 0.83333333333333326
          5 1.5 0.83333333333333326
          5.1666666666666661 1.5 0.83333333333333326
          5.333333333333333 1.5 0.83333333333333326
          5.5 1.5 0.83333333333333326
          5.6666666666666661 1.5 0.83333333333333326
          5.833333333333333 1.5 0.83333333333333326
          6 1.5 0.83333333333333326
          6.1666666666666661 1.5 0.83333333333333326
          6.333333333333333 1.5 0.83333333333333326
          6.5 1.5 0.83333333333333326
          6.6666666666666661 1.5 0.83333333333333326
          6.833333333333333 1.5 0.83333333333333326
          7 1.5 0.83333333333333326
          0 1.6666666666666665 0.83333333333333326
          0.16666666666666666 1.6666666666666665 0.83333333333333326
          0.33333333333333331 1.6666666666666665 0.83333333333333326
          0.5 1.6666666666666665 0.83333333333333326
          0.66666666666666663 1.6666666666666665 0.83333333333333326
          0.83333333333333326 1.6666666666666665 0.83333333333333326
          1 1.6666666666666665 0.83333333333333326
          1.1666666666666665 1.6666666666666665 0.83333333333333326
          1.3333333333333333 1.6666666666666665 0.83333333333333326
          1.5 1.6666666666666665 0.83333333333333326
          1.6666666666666665 1.6666666666666665 0.83333333333333326
          1.8333333333333333 1.6666666666666665 0.83333333333333326
          2 1.6666666666666665 0.83333333333333326
          2.1666666666666665 1.6666666666666665 0.83333333333333326
          2.333333333333333 1.6666666666666665 0.83333333333333326
          2.5 1.6666666666666665 0.83333333333333326
          2.6666666666666665 1.6666666666666665 0.83333333333333326
          2.833333333333333 1.6666666666666665 0.83333333333333326
          3 1.6666666666666665 0.83333333333333326
          3.1666666666666665 1.6666666666666665 0.83333333333333326
          3.333333333333333 1.6666666666666665 0.83333333333333326
          3.5 1.6666666666666665 0.83333333333333326
          3.6666666666666665 1.6666666666666665 0.83333333333333326
          3.833333333333333 1.6666666666666665 0.83333333333333326
          4 1.6666666666666665 0.83333333333333326
          4.1666666666666661 1.6666666666666665 0.83333333333333326
          4.333333333333333 1.6666666666666665 0.83333333333333326
          4.5 1.6666666666666665 0.83333333333333326
          4.6666666666666661 1.6666666666666665 0.83333333333333326
          4.833333333333333 1.6666666666666665 0.83333333333333326
          5 1.6666666666666665 0.83333333333333326
          5.1666666666666661 1.6666666666666665 0.83333333333333326
          5.333333333333333 1.6666666666666665 0.83333333333333326
          5.5 1.6666666666666665 0.83333333333333326
          5.6666666666666661 1.6666666666666665 0.83333333333333326
          5.833333333333333 1.6666666666666665 0.83333333333333326
          6 1.6666666666666665 0.83333333333333326
          6.1666666666666661 1.6666666666666665 0.83333333333333326
          6.333333333333333 1.6666666666666665 0.83333333333333326
          6.5 1.6666666666666665 0.83333333333333326
          6.6666666666666661 1.6666666666666665 0.83333333333333326
          6.833333333333333 1.6666666666666665 0.83333333333333326
          7 1.6666666666666665 0.83333333333333326
          0 1.8333333333333333 0.83333333333333326
          0.16666666666666666 1.8333333333333333 0.83333333333333326
          0.33333333333333331 1.8333333333333333 0.83333333333333326
          0.5 1.8333333333333333 0.83333333333333326
          0.66666666666666663 1.8333333333333333 0.83333333333333326
          0.83333333333333326 1.8333333333333333 0.83333333333333326
          1 1.8333333333333333 0.83333333333333326
          1.1666666666666665 1.8333333333333333 0.83333333333333326
          1.3333333333333333 1.8333333333333333 0.83333333333333326
          1.5 1.8333333333333333 0.83333333333333326
          1.6666666666666665 1.8333333333333333 0.83333333333333326
          1.8333333333333333 1.8333333333333333 0.83333333333333326
          2 1.8333333333333333 0.83333333333333326
          2.1666666666666665 1.8333333333333333 0.83333333333333326
          2.333333333333333 1.8333333333333333 0.83333333333333326
          2.5 1.8333333333333333 0.83333333333333326
          2.6666666666666665 1.8333333333333333 0.83333333333333326
          2.833333333333333 1.8333333333333333 0.83333333333333326
          3 1.8333333333333333 0.83333333333333326
          3.1666666666666665 1.8333333333333333 0.83333333333333326
          3.333333333333333 1.8333333333333333 0.83333333333333326
          3.5 1.8333333333333333 0.83333333333333326
          3.6666666666666665 1.8333333333333333 0.83333333333333326
          3.833333333333333 1.8333333333333333 0.83333333333333326
          4 1.8333333333333333 0.83333333333333326
          4.1666666666666661 1.8333333333333333 0.83333333333333326
          4.333333333333333 1.8333333333333333 0.83333333333333326
          4.5 1.8333333333333333 0.83333333333333326
          4.6666666666666661 1.8333333333333333 0.83333333333333326
          4.833333333333333 1.8333333333333333 0.83333333333333326
          5 1.8333333333333333 0.83333333333333326
          5.1666666666666661 1.8333333333333333 0.83333333333333326
          5.333333333333333 1.8333333333333333 0.83333333333333326
          5.5 1.8333333333333333 0.83333333333333326
          5.6666666666666661 1.8333333333333333 0.83333333333333326
          5.833333333333333 1.8333333333333333 0.83333333333333326
          6 1.8333333333333333 0.83333333333333326
          6.1666666666666661 1.8333333333333333 0.83333333333333326
          6.333333333333333 1.8333333333333333 0.83333333333333326
          6.5 1.8333333333333333 0.83333333333333326
          6.6666666666666661 1.8333333333333333 0.83333333333333326
          6.833333333333333 1.8333333333333333 0.83333333333333326
          7 1.8333333333333333 0.83333333333333326
          0 2 0.83333333333333326
          0.16666666666666666 2 0.83333333333333326
          0.33333333333333331 2 0.83333333333333326
          0.5 2 0.83333333333333326
          0.66666666666666663 2 0.83333333333333326
          0.83333333333333326 2 0.83333333333333326
          1 2 0.83333333333333326
          1.1666666666666665 2 0.83333333333333326
          1.3333333333333333 2 0.83333333333333326
          1.5 2 0.83333333333333326
          1.6666666666666665 2 0.83333333333333326
          1.8333333333333333 2 0.83333333333333326
          2 2 0.83333333333333326
          2.1666666666666665 2 0.83333333333333326
          2.333333333333333 2 0.83333333333333326
          2.5 2 0.83333333333333326
          2.6666666666666665 2 0.83333333333333326
          2.833333333333333 2 0.83333333333333326
          3 2 0.83333333333333326
          3.1666666666666665 2 0.83333333333333326
          3.333333333333333 2 0.83333333333333326
          3.5 2 0.83333333333333326
          3.6666666666666665 2 0.83333333333333326
          3.833333333333333 2 0.83333333333333326
          4 2 0.83333333333333326
          4.1666666666666661 2 0.83333333333333326
          4.333333333333333 2 0.83333333333333326
          4.5 2 0.83333333333333326
          4.6666666666666661 2 0.83333333333333326
          4.833333333333333 2 0.83333333333333326
          5 2 0.83333333333333326
          5.1666666666666661 2 0.83333333333333326
          5.333333333333333 2 0.83333333333333326
          5.5 2 0.83333333333333326
          5.6666666666666661 2 0.83333333333333326
          5.833333333333333 2 0.83333333333333326
          6 2 0.83333333333333326
          6.1666666666666661 2 0.83333333333333326
          6.333333333333333 2 0.83333333333333326
          6.5 2 0.83333333333333326
          6.6666666666666661 2 0.83333333333333326
          6.833333333333333 2 0.83333333333333326
          7 2 0.83333333333333326
          0 2.1666666666666665 0.83333333333333326
          0.16666666666666666 2.1666666666666665 0.83333333333333326
          0.33333333333333331 2.1666666666666665 0.83333333333333326
          0.5 2.1666666666666665 0.83333333333333326
          0.66666666666666663 2.1666666666666665 0.83333333333333326
          0.83333333333333326 2.1666666666666665 0.83333333333333326
          1 2.1666666666666665 0.83333333333333326
          1.1666666666666665 2.1666666666666665 0.83333333333333326
          1.3333333333333333 2.1666666666666665 0.83333333333333326
          1.5 2.1666666666666665 0.83333333333333326
          1.6666666666666665 2.1666666666666665 0.83333333333333326
          1.8333333333333333 2.1666666666666665 0.83333333333333326
          2 2.1666666666666665 0.83333333333333326
          2.1666666666666665 2.1666666666666665 0.83333333333333326
          2.333333333333333 2.1666666666666665 0.83333333333333326
          2.5 2.1666666666666665 0.83333333333333326
          2.6666666666666665 2.1666666666666665 0.83333333333333326
          2.833333333333333 2.1666666666666665 0.83333333333333326
          3 2.1666666666666665 0.83333333333333326
          3.1666666666666665 2.1666666666666665 0.83333333333333326
          3.333333333333333 2.1666666666666665 0.83333333333333326
          3.5 2.1666666666666665 0.83333333333333326
          3.6666666666666665 2.1666666666666665 0.83333333333333326
          3.833333333333333 2.1666666666666665 0.83333333333333326
          4 2.1666666666666665 0.83333333333333326
          4.1666666666666661 2.1666666666666665 0.83333333333333326
          4.333333333333333 2.1666666666666665 0.83333333333333326
          4.5 2.1666666666666665 0.83333333333333326
          4.6666666666666661 2.1666666666666665 0.83333333333333326
          4.833333333333333 2.1666666666666665 0.83333333333333326
          5 2.1666666666666665 0.83333333333333326
          5.1666666666666661 2.1666666666666665 0.83333333333333326
          5.333333333333333 2.1666666666666665 0.83333333333333326
          5.5 2.1666666666666665 0.83333333333333326
          5.6666666666666661 2.1666666666666665 0.83333333333333326
          5.833333333333333 2.1666666666666665 0.83333333333333326
          6 2.1666666666666665 0.83333333333333326
          6.1666666666666661 2.1666666666666665 0.83333333333333326
          6.333333333333333 2.1666666666666665 0.83333333333333326
          6.5 2.1666666666666665 0.83333333333333326
          6.6666666666666661 2.1666666666666665 0.83333333333333326
          6.833333333333333 2.1666666666666665 0.83333333333333326
          7 2.1666666666666665 0.83333333333333326
          0 2.333333333333333 0.83333333333333326
          0.16666666666666666 2.333333333333333 0.83333333333333326
          0.33333333333333331 2.333333333333333 0.83333333333333326
          0.5 2.333333333333333 0.83333333333333326
          0.66666666666666663 2.333333333333333 0.83333333333333326
          0.83333333333333326 2.333333333333333 0.83333333333333326
          1 2.333333333333333 0.83333333333333326
          1.1666666666666665 2.333333333333333 0.83333333333333326
          1.3333333333333333 2.333333333333333 0.83333333333333326
          1.5 2.333333333333333 0.83333333333333326
          1.6666666666666665 2.333333333333333 0.83333333333333326
          1.8333333333333333 2.333333333333333 0.83333333333333326
          2 2.333333333333333 0.83333333333333326
          2.1666666666666665 2.333333333333333 0.83333333333333326
          2.333333333333333 2.333333333333333 0.83333333333333326
          2.5 2.333333333333333 0.83333333333333326
          2.6666666666666665 2.333333333333333 0.83333333333333326
          2.833333333333333 2.333333333333333 0.83333333333333326
          3 2.333333333333333 0.83333333333333326
          3.1666666666666665 2.333333333333333 0.83333333333333326
          3.333333333333333 2.333333333333333 0.83333333333333326
          3.5 2.333333333333333 0.83333333333333326
          3.6666666666666665 2.333333333333333 0.83333333333333326
          3.833333333333333 2.333333333333333 0.83333333333333326
          4 2.333333333333333 0.83333333333333326
          4.1666666666666661 2.333333333333333 0.83333333333333326
          4.333333333333333 2.333333333333333 0.83333333333333326
          4.5 2.333333333333333 0.83333333333333326
          4.6666666666666661 2.333333333333333 0.83333333333333326
          4.833333333333333 2.333333333333333 0.83333333333333326
          5 2.333333333333333 0.83333333333333326
          5.1666666666666661 2.333333333333333 0.83333333333333326
          5.333333333333333 2.333333333333333 0.83333333333333326
          5.5 2.333333333333333 0.83333333333333326
          5.6666666666666661 2.333333333333333 0.83333333333333326
          5.833333333333333 2.333333333333333 0.83333333333333326
          6 2.333333333333333 0.83333333333333326
          6.1666666666666661 2.333333333333333 0.83333333333333326
          6.333333333333333 2.333333333333333 0.83333333333333326
          6.5 2.333333333333333 0.83333333333333326
          6.6666666666666661 2.333333333333333 0.83333333333333326
          6.833333333333333 2.333333333333333 0.83333333333333326
          7 2.333333333333333 0.83333333333333326
          0 2.5 0.83333333333333326
          0.16666666666666666 2.5 0.83333333333333326
          0.33333333333333331 2.5 0.83333333333333326
          0.5 2.5 0.83333333333333326
          0.66666666666666663 2.5 0.83333333333333326
          0.83333333333333326 2.5 0.83333333333333326
          1 2.5 0.83333333333333326
          1.1666666666666665 2.5 0.83333333333333326
          1.3333333333333333 2.5 0.83333333333333326
          1.5 2.5 0.83333333333333326
          1.6666666666666665 2.5 0.83333333333333326
          1.8333333333333333 2.5 0.83333333333333326
          2 2.5 0.83333333333333326
          2.1666666666666665 2.5 0.83333333333333326
          2.333333333333333 2.5 0.83333333333333326
          2.5 2.5 0.83333333333333326
          2.6666666666666665 2.5 0.83333333333333326
          2.833333333333333 2.5 0.83333333333333326
          3 2.5 0.83333333333333326
          3.1666666666666665 2.5 0.83333333333333326
          3.333333333333333 2.5 0.83333333333333326
          3.5 2.5 0.83333333333333326
          3.6666666666666665 2.5 0.83333333333333326
          3.833333333333333 2.5 0.83333333333333326
          4 2.5 0.83333333333333326
          4.1666666666666661 2.5 0.83333333333333326
          4.333333333333333 2.5 0.83333333333333326
          4.5 2.5 0.83333333333333326
          4.6666666666666661 2.5 0.83333333333333326
          4.833333333333333 2.5 0.83333333333333326
          5 2.5 0.83333333333333326
          5.1666666666666661 2.5 0.83333333333333326
          5.333333333333333 2.5 0.83333333333333326
          5.5 2.5 0.83333333333333326
          5.6666666666666661 2.5 0.83333333333333326
          5.833333333333333 2.5 0.83333333333333326
          6 2.5 0.83333333333333326
          6.1666666666666661 2.5 0.83333333333333326
          6.333333333333333 2.5 0.83333333333333326
          6.5 2.5 0.83333333333333326
          6.6666666666666661 2.5 0.83333333333333326
          6.833333333333333 2.5 0.83333333333333326
          7 2.5 0.83333333333333326
          0 2.6666666666666665 0.83333333333333326
          0.16666666666666666 2.6666666666666665 0.83333333333333326
          0.33333333333333331 2.6666666666666665 0.83333333333333326
          0.5 2.6666666666666665 0.83333333333333326
          0.66666666666666663 2.6666666666666665 0.83333333333333326
          0.83333333333333326 2.6666666666666665 0.83333333333333326
          1 2.6666666666666665 0.83333333333333326
          1.1666666666666665 2.6666666666666665 0.83333333333333326
          1.3333333333333333 2.6666666666666665 0.83333333333333326
          1.5 2.6666666666666665 0.83333333333333326
          1.6666666666666665 2.6666666666666665 0.83333333333333326
          1.8333333333333333 2.6666666666666665 0.83333333333333326
          2 2.6666666666666665 0.83333333333333326
          2.1666666666666665 2.6666666666666665 0.83333333333333326
          2.333333333333333 2.6666666666666665 0.83333333333333326
          2.5 2.6666666666666665 0.83333333333333326
          2.6666666666666665 2.6666666666666665 0.83333333333333326
          2.833333333333333 2.6666666666666665 0.83333333333333326
          3 2.6666666666666665 0.83333333333333326
          3.1666666666666665 2.6666666666666665 0.83333333333333326
          3.333333333333333 2.6666666666666665 0.83333333333333326
          3.5 2.6666666666666665 0.83333333333333326
          3.6666666666666665 2.6666666666666665 0.83333333333333326
          3.833333333333333 2.6666666666666665 0.83333333333333326
          4 2.6666666666666665 0.83333333333333326
          4.1666666666666661 2.6666666666666665 0.83333333333333326
          4.333333333333333 2.6666666666666665 0.83333333333333326
          4.5 2.6666666666666665 0.83333333333333326
          4.6666666666666661 2.6666666666666665 0.83333333333333326
          4.833333333333333 2.6666666666666665 0.83333333333333326
          5 2.6666666666666665 0.83333333333333326
          5.1666666666666661 2.6666666666666665 0.83333333333333326
          5.333333333333333 2.6666666666666665 0.83333333333333326
          5.5 2.6666666666666665 0.83333333333333326
          5.6666666666666661 2.6666666666666665 0.83333333333333326
          5.833333333333333 2.6666666666666665 0.83333333333333326
          6 2.6666666666666665 0.83333333333333326
          6.1666666666666661 2.6666666666666665 0.83333333333333326
          6.333333333333333 2.6666666666666665 0.83333333333333326
          6.5 2.6666666666666665 0.83333333333333326
          6.6666666666666661 2.6666666666666665 0.83333333333333326
          6.833333333333333 2.6666666666666665 0.83333333333333326
          7 2.6666666666666665 0.83333333333333326
          0 2.833333333333333 0.83333333333333326
          0.16666666666666666 2.833333333333333 0.83333333333333326
          0.33333333333333331 2.833333333333333 0.83333333333333326
          0.5 2.833333333333333 0.83333333333333326
          0.66666666666666663 2.833333333333333 0.83333333333333326
          0.83333333333333326 2.833333333333333 0.83333333333333326
          1 2.833333333333333 0.83333333333333326
          1.1666666666666665 2.833333333333333 0.83333333333333326
          1.3333333333333333 2.833333333333333 0.83333333333333326
          1.5 2.833333333333333 0.83333333333333326
          1.6666666666666665 2.833333333333333 0.83333333333333326
          1.8333333333333333 2.833333333333333 0.83333333333333326
          2 2.833333333333333 0.83333333333333326
          2.1666666666666665 2.833333333333333 0.83333333333333326
          2.333333333333333 2.833333333333333 0.83333333333333326
          2.5 2.833333333333333 0.83333333333333326
          2.6666666666666665 2.833333333333333 0.83333333333333326
          2.833333333333333 2.833333333333333 0.83333333333333326
          3 2.833333333333333 0.83333333333333326
          3.1666666666666665 2.833333333333333 0.83333333333333326
          3.333333333333333 2.833333333333333 0.83333333333333326
          3.5 2.833333333333333 0.83333333333333326
          3.6666666666666665 2.833333333333333 0.83333333333333326
          3.833333333333333 2.833333333333333 0.83333333333333326
          4 2.833333333333333 0.83333333333333326
          4.1666666666666661 2.833333333333333 0.83333333333333326
          4.333333333333333 2.833333333333333 0.83333333333333326
          4.5 2.833333333333333 0.83333333333333326
          4.6666666666666661 2.833333333333333 0.83333333333333326
          4.833333333333333 2.833333333333333 0.83333333333333326
          5 2.833333333333333 0.83333333333333326
          5.1666666666666661 2.833333333333333 0.83333333333333326
          5.333333333333333 2.833333333333333 0.83333333333333326
          5.5 2.833333333333333 0.83333333333333326
          5.6666666666666661 2.833333333333333 0.83333333333333326
          5.833333333333333 2.833333333333333 0.83333333333333326
          6 2.833333333333333 0.83333333333333326
          6.1666666666666661 2.833333333333333 0.83333333333333326
          6.333333333333333 2.833333333333333 0.83333333333333326
          6.5 2.833333333333333 0.83333333333333326
          6.6666666666666661 2.833333333333333 0.83333333333333326
          6.833333333333333 2.833333333333333 0.83333333333333326
          7 2.833333333333333 0.83333333333333326
          0 3 0.83333333333333326
          0.16666666666666666 3 0.83333333333333326
          0.33333333333333331 3 0.83333333333333326
          0.5 3 0.83333333333333326
          0.66666666666666663 3 0.83333333333333326
          0.83333333333333326 3 0.83333333333333326
          1 3 0.83333333333333326
          1.1666666666666665 3 0.83333333333333326
          1.3333333333333333 3 0.83333333333333326
          1.5 3 0.83333333333333326
          1.6666666666666665 3 0.83333333333333326
          1.8333333333333333 3 0.83333333333333326
          2 3 0.83333333333333326
          2.1666666666666665 3 0.83333333333333326
          2.333333333333333 3 0.83333333333333326
          2.5 3 0.83333333333333326
          2.6666666666666665 3 0.83333333333333326
          2.833333333333333 3 0.83333333333333326
          3 3 0.83333333333333326
          3.1666666666666665 3 0.83333333333333326
          3.333333333333333 3 0.83333333333333326
          3.5 3 0.83333333333333326
          3.6666666666666665 3 0.83333333333333326
          3.833333333333333 3 0.83333333333333326
          4 3 0.83333333333333326
          4.1666666666666661 3 0.83333333333333326
          4.333333333333333 3 0.83333333333333326
          4.5 3 0.83333333333333326
          4.6666666666666661 3 0.83333333333333326
          4.833333333333333 3 0.83333333333333326
          5 3 0.83333333333333326
          5.1666666666666661 3 0.83333333333333326
          5.333333333333333 3 0.83333333333333326
          5.5 3 0.83333333333333326
          5.6666666666666661 3 0.83333333333333326
          5.833333333333333 3 0.83333333333333326
          6 3 0.83333333333333326
          6.1666666666666661 3 0.83333333333333326
          6.333333333333333 3 0.83333333333333326
          6.5 3 0.83333333333333326
          6.6666666666666661 3 0.83333333333333326
          6.833333333333333 3 0.83333333333333326
          7 3 0.83333333333333326
          0 0 1
          0.16666666666666666 0 1
          0.33333333333333331 0 1
          0.5 0 1
          0.66666666666666663 0 1
          0.83333333333333326 0 1
          1 0 1
          1.1666666666666665 0 1
          1.3333333333333333 0 1
          1.5 0 1
          1.6666666666666665 0 1
          1.8333333333333333 0 1
          2 0 1
          2.1666666666666665 0 1
          2.333333333333333 0 1
          2.5 0 1
          2.6666666666666665 0 1
          2.833333333333333 0 1
          3 0 1
          3.1666666666666665 0 1
          3.333333333333333 0 1
          3.5 0 1
          3.6666666666666665 0 1
          3.833333333333333 0 1
          4 0 1
          4.1666666666666661 0 1
          4.333333333333333 0 1
          4.5 0 1
          4.6666666666666661 0 1
          4.833333333333333 0 1
          5 0 1
          5.1666666666666661 0 1
          5.333333333333333 0 1
          5.5 0 1
          5.6666666666666661 0 1
          5.833333333333333 0 1
          6 0 1
          6.1666666666666661 0 1
          6.333333333333333 0 1
          6.5 0 1
          6.6666666666666661 0 1
          6.833333333333333 0 1
          7 0 1
          0 0.16666666666666666 1
          0.16666666666666666 0.16666666666666666 1
          0.33333333333333331 0.16666666666666666 1
          0.5 0.16666666666666666 1
          0.66666666666666663 0.16666666666666666 1
          0.83333333333333326 0.16666666666666666 1
          1 0.16666666666666666 1
          1.1666666666666665 0.16666666666666666 1
          1.3333333333333333 0.16666666666666666 1
          1.5 0.16666666666666666 1
          1.6666666666666665 0.16666666666666666 1
          1.8333333333333333 0.16666666666666666 1
          2 0.16666666666666666 1
          2.1666666666666665 0.16666666666666666 1
          2.333333333333333 0.16666666666666666 1
          2.5 0.16666666666666666 1
          2.6666666666666665 0.16666666666666666 1
          2.833333333333333 0.16666666666666666 1
          3 0.16666666666666666 1
          3.1666666666666665 0.16666666666666666 1
          3.333333333333333 0.16666666666666666 1
          3.5 0.16666666666666666 1
          3.6666666666666665 0.16666666666666666 1
          3.833333333333333 0.16666666666666666 1
          4 0.16666666666666666 1
          4.1666666666666661 0.16666666666666666 1
          4.333333333333333 0.16666666666666666 1
          4.5 0.16666666666666666 1
          4.6666666666666661 0.16666666666666666 1
          4.833333333333333 0.16666666666666666 1
          5 0.16666666666666666 1
          5.1666666666666661 0.16666666666666666 1
          5.333333333333333 0.16666666666666666 1
          5.5 0.16666666666666666 1
          5.6666666666666661 0.16666666666666666 1
          5.833333333333333 0.16666666666666666 1
          6 0.16666666666666666 1
          6.1666666666666661 0.16666666666666666 1
          6.333333333333333 0.16666666666666666 1
          6.5 0.16666666666666666 1
          6.6666666666666661 0.16666666666666666 1
          6.833333333333333 0.16666666666666666 1
          7 0.16666666666666666 1
          0 0.33333333333333331 1
          0.16666666666666666 0.33333333333333331 1
          0.33333333333333331 0.33333333333333331 1
          0.5 0.33333333333333331 1
          0.66666666666666663 0.33333333333333331 1
          0.83333333333333326 0.33333333333333331 1
          1 0.33333333333333331 1
          1.1666666666666665 0.33333333333333331 1
          1.3333333333333333 0.33333333333333331 1
          1.5 0.33333333333333331 1
          1.6666666666666665 0.33333333333333331 1
          1.8333333333333333 0.33333333333333331 1
          2 0.33333333333333331 1
          2.1666666666666665 0.33333333333333331 1
          2.333333333333333 0.33333333333333331 1
          2.5 0.33333333333333331 1
          2.6666666666666665 0.33333333333333331 1
          2.833333333333333 0.33333333333333331 1
          3 0.33333333333333331 1
          3.1666666666666665 0.33333333333333331 1
          3.333333333333333 0.33333333333333331 1
          3.5 0.33333333333333331 1
          3.6666666666666665 0.33333333333333331 1
          3.833333333333333 0.33333333333333331 1
          4 0.33333333333333331 1
          4.1666666666666661 0.33333333333333331 1
          4.333333333333333 0.33333333333333331 1
          4.5 0.33333333333333331 1
          4.6666666666666661 0.33333333333333331 1
          4.833333333333333 0.33333333333333331 1
          5 0.33333333333333331 1
          5.1666666666666661 0.33333333333333331 1
          5.333333333333333 0.33333333333333331 1
          5.5 0.33333333333333331 1
          5.6666666666666661 0.33333333333333331 1
          5.833333333333333 0.33333333333333331 1
          6 0.33333333333333331 1
          6.1666666666666661 0.33333333333333331 1
          6.333333333333333 0.33333333333333331 1
          6.5 0.33333333333333331 1
          6.6666666666666661 0.33333333333333331 1
          6.833333333333333 0.33333333333333331 1
          7 0.33333333333333331 1
          0 0.5 1
          0.16666666666666666 0.5 1
          0.33333333333333331 0.5 1
          0.5 0.5 1
          0.66666666666666663 0.5 1
          0.83333333333333326 0.5 1
          1 0.5 1
          1.1666666666666665 0.5 1
          1.3333333333333333 0.5 1
          1.5 0.5 1
          1.6666666666666665 0.5 1
          1.8333333333333333 0.5 1
          2 0.5 1
          2.1666666666666665 0.5 1
          2.333333333333333 0.5 1
          2.5 0.5 1
          2.6666666666666665 0.5 1
          2.833333333333333 0.5 1
          3 0.5 1
          3.1666666666666665 0.5 1
          3.333333333333333 0.5 1
          3.5 0.5 1
          3.6666666666666665 0.5 1
          3.833333333333333 0.5 1
          4 0.5 1
          4.1666666666666661 0.5 1
          4.333333333333333 0.5 1
          4.5 0.5 1
          4.6666666666666661 0.5 1
          4.833333333333333 0.5 1
          5 0.5 1
          5.1666666666666661 0.5 1
          5.333333333333333 0.5 1
          5.5 0.5 1
          5.6666666666666661 0.5 1
          5.833333333333333 0.5 1
          6 0.5 1
          6.1666666666666661 0.5 1
          6.333333333333333 0.5 1
          6.5 0.5 1
          6.6666666666666661 0.5 1
          6.833333333333333 0.5 1
          7 0.5 1
          0 0.66666666666666663 1
          0.16666666666666666 0.66666666666666663 1
          0.33333333333333331 0.66666666666666663 1
          0.5 0.66666666666666663 1
          0.66666666666666663 0.66666666666666663 1
          0.83333333333333326 0.66666666666666663 1
          1 0.66666666666666663 1
          1.1666666666666665 0.66666666666666663 1
          1.3333333333333333 0.66666666666666663 1
          1.5 0.66666666666666663 1
          1.6666666666666665 0.66666666666666663 1
          1.8333333333333333 0.66666666666666663 1
          2 0.66666666666666663 1
          2.1666666666666665 0.66666666666666663 1
          2.333333333333333 0.66666666666666663 1
          2.5 0.66666666666666663 1
          2.6666666666666665 0.66666666666666663 1
          2.833333333333333 0.66666666666666663 1
          3 0.66666666666666663 1
          3.1666666666666665 0.66666666666666663 1
          3.333333333333333 0.66666666666666663 1
          3.5 0.66666666666666663 1
          3.6666666666666665 0.66666666666666663 1
          3.833333333333333 0.66666666666666663 1
          4 0.66666666666666663 1
          4.1666666666666661 0.66666666666666663 1
          4.333333333333333 0.66666666666666663 1
          4.5 0.66666666666666663 1
          4.6666666666666661 0.66666666666666663 1
          4.833333333333333 0.66666666666666663 1
          5 0.66666666666666663 1
          5.1666666666666661 0.66666666666666663 1
          5.333333333333333 0.66666666666666663 1
          5.5 0.66666666666666663 1
          5.6666666666666661 0.66666666666666663 1
          5.833333333333333 0.66666666666666663 1
          6 0.66666666666666663 1
          6.1666666666666661 0.66666666666666663 1
          6.333333333333333 0.66666666666666663 1
          6.5 0.66666666666666663 1
          6.6666666666666661 0.66666666666666663 1
          6.833333333333333 0.66666666666666663 1
          7 0.66666666666666663 1
          0 0.83333333333333326 1
          0.16666666666666666 0.83333333333333326 1
          0.33333333333333331 0.83333333333333326 1
          0.5 0.83333333333333326 1
          0.66666666666666663 0.83333333333333326 1
          0.83333333333333326 0.83333333333333326 1
          1 0.83333333333333326 1
          1.1666666666666665 0.83333333333333326 1
          1.3333333333333333 0.83333333333333326 1
          1.5 0.83333333333333326 1
          1.6666666666666665 0.83333333333333326 1
          1.8333333333333333 0.83333333333333326 1
          2 0.83333333333333326 1
          2.1666666666666665 0.83333333333333326 1
          2.333333333333333 0.83333333333333326 1
          2.5 0.83333333333333326 1
          2.6666666666666665 0.83333333333333326 1
          2.833333333333333 0.83333333333333326 1
          3 0.83333333333333326 1
          3.1666666666666665 0.83333333333333326 1
          3.333333333333333 0.83333333333333326 1
          3.5 0.83333333333333326 1
          3.6666666666666665 0.83333333333333326 1
          3.833333333333333 0.83333333333333326 1
          4 0.83333333333333326 1
          4.1666666666666661 0.83333333333333326 1
          4.333333333333333 0.83333333333333326 1
          4.5 0.83333333333333326 1
          4.6666666666666661 0.83333333333333326 1
          4.833333333333333 0.83333333333333326 1
          5 0.83333333333333326 1
          5.1666666666666661 0.83333333333333326 1
          5.333333333333333 0.83333333333333326 1
          5.5 0.83333333333333326 1
          5.6666666666666661 0.83333333333333326 1
          5.833333333333333 0.83333333333333326 1
          6 0.83333333333333326 1
          6.1666666666666661 0.83333333333333326 1
          6.333333333333333 0.83333333333333326 1
          6.5 0.83333333333333326 1
          6.6666666666666661 0.83333333333333326 1
          6.833333333333333 0.83333333333333326 1
          7 0.83333333333333326 1
          0 1 1
          0.16666666666666666 1 1
          0.33333333333333331 1 1
          0.5 1 1
          0.66666666666666663 1 1
          0.83333333333333326 1 1
          1 1 1
          1.1666666666666665 1 1
          1.3333333333333333 1 1
          1.5 1 1
          1.6666666666666665 1 1
          1.8333333333333333 1 1
          2 1 1
          2.1666666666666665 1 1
          2.333333333333333 1 1
          2.5 1 1
          2.6666666666666665 1 1
          2.833333333333333 1 1
          3 1 1
          3.1666666666666665 1 1
          3.333333333333333 1 1
          3.5 1 1
          3.6666666666666665 1 1
          3.833333333333333 1 1
          4 1 1
          4.1666666666666661 1 1
          4.333333333333333 1 1
          4.5 1 1
          4.6666666666666661 1 1
          4.833333333333333 1 1
          5 1 1
          5.1666666666666661 1 1
          5.333333333333333 1 1
          5.5 1 1
          5.6666666666666661 1 1
          5.833333333333333 1 1
          6 1 1
          6.1666666666666661 1 1
          6.333333333333333 1 1
          6.5 1 1
          6.6666666666666661 1 1
          6.833333333333333 1 1
          7 1 1
          0 1.1666666666666665 1
          0.16666666666666666 1.1666666666666665 1
          0.33333333333333331 1.1666666666666665 1
          0.5 1.1666666666666665 1
          0.66666666666666663 1.1666666666666665 1
          0.83333333333333326 1.1666666666666665 1
          1 1.1666666666666665 1
          1.1666666666666665 1.1666666666666665 1
          1.3333333333333333 1.1666666666666665 1
          1.5 1.1666666666666665 1
          1.6666666666666665 1.1666666666666665 1
          1.8333333333333333 1.1666666666666665 1
          2 1.1666666666666665 1
          2.1666666666666665 1.1666666666666665 1
          2.333333333333333 1.1666666666666665 1
          2.5 1.1666666666666665 1
          2.6666666666666665 1.1666666666666665 1
          2.833333333333333 1.1666666666666665 1
          3 1.1666666666666665 1
          3.1666666666666665 1.1666666666666665 1
          3.333333333333333 1.1666666666666665 1
          3.5 1.1666666666666665 1
          3.6666666666666665 1.1666666666666665 1
          3.833333333333333 1.1666666666666665 1
          4 1.1666666666666665 1
          4.1666666666666661 1.1666666666666665 1
          4.333333333333333 1.1666666666666665 1
          4.5 1.1666666666666665 1
          4.6666666666666661 1.1666666666666665 1
          4.833333333333333 1.1666666666666665 1
          5 1.1666666666666665 1
          5.1666666666666661 1.1666666666666665 1
          5.333333333333333 1.1666666666666665 1
          5.5 1.1666666666666665 1
          5.6666666666666661 1.1666666666666665 1
          5.833333333333333 1.1666666666666665 1
          6 1.1666666666666665 1
          6.1666666666666661 1.1666666666666665 1
          6.333333333333333 1.1666666666666665 1
          6.5 1.1666666666666665 1
          6.6666666666666661 1.1666666666666665 1
          6.833333333333333 1.1666666666666665 1
          7 1.1666666666666665 1
          0 1.3333333333333333 1
          0.16666666666666666 1.3333333333333333 1
          0.33333333333333331 1.3333333333333333 1
          0.5 1.3333333333333333 1
          0.66666666666666663 1.3333333333333333 1
          0.83333333333333326 1.3333333333333333 1
          1 1.3333333333333333 1
          1.1666666666666665 1.3333333333333333 1
          1.3333333333333333 1.3333333333333333 1
          1.5 1.3333333333333333 1
          1.6666666666666665 1.3333333333333333 1
          1.8333333333333333 1.3333333333333333 1
          2 1.3333333333333333 1
          2.1666666666666665 1.3333333333333333 1
          2.333333333333333 1.3333333333333333 1
          2.5 1.3333333333333333 1
          2.6666666666666665 1.3333333333333333 1
          2.833333333333333 1.3333333333333333 1
          3 1.3333333333333333 1
          3.1666666666666665 1.3333333333333333 1
          3.333333333333333 1.3333333333333333 1
          3.5 1.3333333333333333 1
          3.6666666666666665 1.3333333333333333 1
          3.833333333333333 1.3333333333333333 1
          4 1.3333333333333333 1
          4.1666666666666661 1.3333333333333333 1
          4.333333333333333 1.3333333333333333 1
          4.5 1.3333333333333333 1
          4.6666666666666661 1.3333333333333333 1
          4.833333333333333 1.3333333333333333 1
          5 1.3333333333333333 1
          5.1666666666666661 1.3333333333333333 1
          5.333333333333333 1.3333333333333333 1
          5.5 1.3333333333333333 1
          5.6666666666666661 1.3333333333333333 1
          5.833333333333333 1.3333333333333333 1
          6 1.3333333333333333 1
          6.1666666666666661 1.3333333333333333 1
          6.333333333333333 1.3333333333333333 1
          6.5 1.3333333333333333 1
          6.6666666666666661 1.3333333333333333 1
          6.833333333333333 1.3333333333333333 1
          7 1.3333333333333333 1
          0 1.5 1
          0.16666666666666666 1.5 1
          0.33333333333333331 1.5 1
          0.5 1.5 1
          0.66666666666666663 1.5 1
          0.83333333333333326 1.5 1
          1 1.5 1
          1.1666666666666665 1.5 1
          1.3333333333333333 1.5 1
          1.5 1.5 1
          1.6666666666666665 1.5 1
          1.8333333333333333 1.5 1
          2 1.5 1
          2.1666666666666665 1.5 1
          2.333333333333333 1.5 1
          2.5 1.5 1
          2.6666666666666665 1.5 1
          2.833333333333333 1.5 1
          3 1.5 1
          3.1666666666666665 1.5 1
          3.333333333333333 1.5 1
          3.5 1.5 1
          3.6666666666666665 1.5 1
          3.833333333333333 1.5 1
          4 1.5 1
          4.1666666666666661 1.5 1
          4.333333333333333 1.5 1
          4.5 1.5 1
          4.6666666666666661 1.5 1
          4.833333333333333 1.5 1
          5 1.5 1
          5.1666666666666661 1.5 1
          5.333333333333333 1.5 1
          5.5 1.5 1
          5.6666666666666661 1.5 1
          5.833333333333333 1.5 1
          6 1.5 1
          6.1666666666666661 1.5 1
          6.333333333333333 1.5 1
          6.5 1.5 1
          6.6666666666666661 1.5 1
          6.833333333333333 1.5 1
          7 1.5 1
          0 1.6666666666666665 1
          0.16666666666666666 1.6666666666666665 1
          0.33333333333333331 1.6666666666666665 1
          0.5 1.6666666666666665 1
          0.66666666666666663 1.6666666666666665 1
          0.83333333333333326 1.6666666666666665 1
          1 1.6666666666666665 1
          1.1666666666666665 1.6666666666666665 1
          1.3333333333333333 1.6666666666666665 1
          1.5 1.6666666666666665 1
          1.6666666666666665 1.6666666666666665 1
          1.8333333333333333 1.6666666666666665 1
          2 1.6666666666666665 1
          2.1666666666666665 1.6666666666666665 1
          2.333333333333333 1.6666666666666665 1
          2.5 1.6666666666666665 1
          2.6666666666666665 1.6666666666666665 1
          2.833333333333333 1.6666666666666665 1
          3 1.6666666666666665 1
          3.1666666666666665 1.6666666666666665 1
          3.333333333333333 1.6666666666666665 1
          3.5 1.6666666666666665 1
          3.6666666666666665 1.6666666666666665 1
          3.833333333333333 1.6666666666666665 1
          4 1.6666666666666665 1
          4.1666666666666661 1.6666666666666665 1
          4.333333333333333 1.6666666666666665 1
          4.5 1.6666666666666665 1
          4.6666666666666661 1.6666666666666665 1
          4.833333333333333 1.6666666666666665 1
          5 1.6666666666666665 1
          5.1666666666666661 1.6666666666666665 1
          5.333333333333333 1.6666666666666665 1
          5.5 1.6666666666666665 1
          5.6666666666666661 1.6666666666666665 1
          5.833333333333333 1.6666666666666665 1
          6 1.6666666666666665 1
          6.1666666666666661 1.6666666666666665 1
          6.333333333333333 1.6666666666666665 1
          6.5 1.6666666666666665 1
          6.6666666666666661 1.6666666666666665 1
          6.833333333333333 1.6666666666666665 1
          7 1.6666666666666665 1
          0 1.8333333333333333 1
          0.16666666666666666 1.8333333333333333 1
          0.33333333333333331 1.8333333333333333 1
          0.5 1.8333333333333333 1
          0.66666666666666663 1.8333333333333333 1
          0.83333333333333326 1.8333333333333333 1
          1 1.8333333333333333 1
          1.1666666666666665 1.8333333333333333 1
          1.3333333333333333 1.8333333333333333 1
          1.5 1.8333333333333333 1
          1.6666666666666665 1.8333333333333333 1
          1.8333333333333333 1.8333333333333333 1
          2 1.8333333333333333 1
          2.1666666666666665 1.8333333333333333 1
          2.333333333333333 1.8333333333333333 1
          2.5 1.8333333333333333 1
          2.6666666666666665 1.8333333333333333 1
          2.833333333333333 1.8333333333333333 1
          3 1.8333333333333333 1
          3.1666666666666665 1.8333333333333333 1
          3.333333333333333 1.8333333333333333 1
          3.5 1.8333333333333333 1
          3.6666666666666665 1.8333333333333333 1
          3.833333333333333 1.8333333333333333 1
          4 1.8333333333333333 1
          4.1666666666666661 1.8333333333333333 1
          4.333333333333333 1.8333333333333333 1
          4.5 1.8333333333333333 1
          4.6666666666666661 1.8333333333333333 1
          4.833333333333333 1.8333333333333333 1
          5 1.8333333333333333 1
          5.1666666666666661 1.8333333333333333 1
          5.333333333333333 1.8333333333333333 1
          5.5 1.8333333333333333 1
          5.6666666666666661 1.8333333333333333 1
          5.833333333333333 1.8333333333333333 1
          6 1.8333333333333333 1
          6.1666666666666661 1.8333333333333333 1
          6.333333333333333 1.8333333333333333 1
          6.5 1.8333333333333333 1
          6.6666666666666661 1.8333333333333333 1
          6.833333333333333 1.8333333333333333 1
          7 1.8333333333333333 1
          0 2 1
          0.16666666666666666 2 1
          0.33333333333333331 2 1
          0.5 2 1
          0.66666666666666663 2 1
          0.83333333333333326 2 1
          1 2 1
          1.1666666666666665 2 1
          1.3333333333333333 2 1
          1.5 2 1
          1.6666666666666665 2 1
          1.8333333333333333 2 1
          2 2 1
          2.1666666666666665 2 1
          2.333333333333333 2 1
          2.5 2 1
          2.6666666666666665 2 1
          2.833333333333333 2 1
          3 2 1
          3.1666666666666665 2 1
          3.333333333333333 2 1
          3.5 2 1
          3.6666666666666665 2 1
          3.833333333333333 2 1
          4 2 1
          4.1666666666666661 2 1
          4.333333333333333 2 1
          4.5 2 1
          4.6666666666666661 2 1
          4.833333333333333 2 1
          5 2 1
          5.1666666666666661 2 1
          5.333333333333333 2 1
          5.5 2 1
          5.6666666666666661 2 1
          5.833333333333333 2 1
          6 2 1
          6.1666666666666661 2 1
          6.333333333333333 2 1
          6.5 2 1
          6.6666666666666661 2 1
          6.833333333333333 2 1
          7 2 1
          0 2.1666666666666665 1
          0.16666666666666666 2.1666666666666665 1
          0.33333333333333331 2.1666666666666665 1
          0.5 2.1666666666666665 1
          0.66666666666666663 2.1666666666666665 1
          0.83333333333333326 2.1666666666666665 1
          1 2.1666666666666665 1
          1.1666666666666665 2.1666666666666665 1
          1.3333333333333333 2.1666666666666665 1
          1.5 2.1666666666666665 1
          1.6666666666666665 2.1666666666666665 1
          1.8333333333333333 2.1666666666666665 1
          2 2.1666666666666665 1
          2.1666666666666665 2.1666666666666665 1
          2.333333333333333 2.1666666666666665 1
          2.5 2.1666666666666665 1
          2.6666666666666665 2.1666666666666665 1
          2.833333333333333 2.1666666666666665 1
          3 2.1666666666666665 1
          3.1666666666666665 2.1666666666666665 1
          3.333333333333333 2.1666666666666665 1
          3.5 2.1666666666666665 1
          3.6666666666666665 2.1666666666666665 1
          3.833333333333333 2.1666666666666665 1
          4 2.1666666666666665 1
          4.1666666666666661 2.1666666666666665 1
          4.333333333333333 2.1666666666666665 1
          4.5 2.1666666666666665 1
          4.6666666666666661 2.1666666666666665 1
          4.833333333333333 2.1666666666666665 1
          5 2.1666666666666665 1
          5.1666666666666661 2.1666666666666665 1
          5.333333333333333 2.1666666666666665 1
          5.5 2.1666666666666665 1
          5.6666666666666661 2.1666666666666665 1
          5.833333333333333 2.1666666666666665 1
          6 2.1666666666666665 1
          6.1666666666666661 2.1666666666666665 1
          6.333333333333333 2.1666666666666665 1
          6.5 2.1666666666666665 1
          6.6666666666666661 2.1666666666666665 1
          6.833333333333333 2.1666666666666665 1
          7 2.1666666666666665 1
          0 2.333333333333333 1
          0.16666666666666666 2.333333333333333 1
          0.33333333333333331 2.333333333333333 1
          0.5 2.333333333333333 1
          0.66666666666666663 2.333333333333333 1
          0.83333333333333326 2.333333333333333 1
          1 2.333333333333333 1
          1.1666666666666665 2.333333333333333 1
          1.3333333333333333 2.333333333333333 1
          1.5 2.333333333333333 1
          1.6666666666666665 2.333333333333333 1
          1.8333333333333333 2.333333333333333 1
          2 2.333333333333333 1
          2.1666666666666665 2.333333333333333 1
          2.333333333333333 2.333333333333333 1
          2.5 2.333333333333333 1
          2.6666666666666665 2.333333333333333 1
          2.833333333333333 2.333333333333333 1
          3 2.333333333333333 1
          3.1666666666666665 2.333333333333333 1
          3.333333333333333 2.333333333333333 1
          3.5 2.333333333333333 1
          3.6666666666666665 2.333333333333333 1
          3.833333333333333 2.333333333333333 1
          4 2.333333333333333 1
          4.1666666666666661 2.333333333333333 1
          4.333333333333333 2.333333333333333 1
          4.5 2.333333333333333 1
          4.6666666666666661 2.333333333333333 1
          4.833333333333333 2.333333333333333 1
          5 2.333333333333333 1
          5.1666666666666661 2.333333333333333 1
          5.333333333333333 2.333333333333333 1
          5.5 2.333333333333333 1
          5.6666666666666661 2.333333333333333 1
          5.833333333333333 2.333333333333333 1
          6 2.333333333333333 1
          6.1666666666666661 2.333333333333333 1
          6.333333333333333 2.333333333333333 1
          6.5 2.333333333333333 1
          6.6666666666666661 2.333333333333333 1
          6.833333333333333 2.333333333333333 1
          7 2.333333333333333 1
          0 2.5 1
          0.16666666666666666 2.5 1
          0.33333333333333331 2.5 1
          0.5 2.5 1
          0.66666666666666663 2.5 1
          0.83333333333333326 2.5 1
          1 2.5 1
          1.1666666666666665 2.5 1
          1.3333333333333333 2.5 1
          1.5 2.5 1
          1.6666666666666665 2.5 1
          1.8333333333333333 2.5 1
          2 2.5 1
          2.1666666666666665 2.5 1
          2.333333333333333 2.5 1
          2.5 2.5 1
          2.6666666666666665 2.5 1
          2.833333333333333 2.5 1
          3 2.5 1
          3.1666666666666665 2.5 1
          3.333333333333333 2.5 1
          3.5 2.5 1
          3.6666666666666665 2.5 1
          3.833333333333333 2.5 1
          4 2.5 1
          4.1666666666666661 2.5 1
          4.333333333333333 2.5 1
          4.5 2.5 1
          4.6666666666666661 2.5 1
          4.833333333333333 2.5 1
          5 2.5 1
          5.1666666666666661 2.5 1
          5.333333333333333 2.5 1
          5.5 2.5 1
          5.6666666666666661 2.5 1
          5.833333333333333 2.5 1
          6 2.5 1
          6.1666666666666661 2.5 1
          6.333333333333333 2.5 1
          6.5 2.5 1
          6.6666666666666661 2.5 1
          6.833333333333333 2.5 1
          7 2.5 1
          0 2.6666666666666665 1
          0.16666666666666666 2.6666666666666665 1
          0.33333333333333331 2.6666666666666665 1
          0.5 2.6666666666666665 1
          0.66666666666666663 2.6666666666666665 1
          0.83333333333333326 2.6666666666666665 1
          1 2.6666666666666665 1
          1.1666666666666665 2.6666666666666665 1
          1.3333333333333333 2.6666666666666665 1
          1.5 2.6666666666666665 1
          1.6666666666666665 2.6666666666666665 1
          1.8333333333333333 2.6666666666666665 1
          2 2.6666666666666665 1
          2.1666666666666665 2.6666666666666665 1
          2.333333333333333 2.6666666666666665 1
          2.5 2.6666666666666665 1
          2.6666666666666665 2.6666666666666665 1
          2.833333333333333 2.6666666666666665 1
          3 2.6666666666666665 1
          3.1666666666666665 2.6666666666666665 1
          3.333333333333333 2.6666666666666665 1
          3.5 2.6666666666666665 1
          3.6666666666666665 2.6666666666666665 1
          3.833333333333333 2.6666666666666665 1
          4 2.6666666666666665 1
          4.1666666666666661 2.6666666666666665 1
          4.333333333333333 2.6666666666666665 1
          4.5 2.6666666666666665 1
          4.6666666666666661 2.6666666666666665 1
          4.833333333333333 2.6666666666666665 1
          5 2.6666666666666665 1
          5.1666666666666661 2.6666666666666665 1
          5.333333333333333 2.6666666666666665 1
          5.5 2.6666666666666665 1
          5.6666666666666661 2.6666666666666665 1
          5.833333333333333 2.6666666666666665 1
          6 2.6666666666666665 1
          6.1666666666666661 2.6666666666666665 1
          6.333333333333333 2.6666666666666665 1
          6.5 2.6666666666666665 1
          6.6666666666666661 2.6666666666666665 1
          6.833333333333333 2.6666666666666665 1
          7 2.6666666666666665 1
          0 2.833333333333333 1
          0.16666666666666666 2.833333333333333 1
          0.33333333333333331 2.833333333333333 1
          0.5 2.833333333333333 1
          0.66666666666666663 2.833333333333333 1
          0.83333333333333326 2.833333333333333 1
          1 2.833333333333333 1
          1.1666666666666665 2.833333333333333 1
          1.3333333333333333 2.833333333333333 1
          1.5 2.833333333333333 1
          1.6666666666666665 2.833333333333333 1
          1.8333333333333333 2.833333333333333 1
          2 2.833333333333333 1
          2.1666666666666665 2.833333333333333 1
          2.333333333333333 2.833333333333333 1
          2.5 2.833333333333333 1
          2.6666666666666665 2.833333333333333 1
          2.833333333333333 2.833333333333333 1
          3 2.833333333333333 1
          3.1666666666666665 2.833333333333333 1
          3.333333333333333 2.833333333333333 1
          3.5 2.833333333333333 1
          3.6666666666666665 2.833333333333333 1
          3.833333333333333 2.833333333333333 1
          4 2.833333333333333 1
          4.1666666666666661 2.833333333333333 1
          4.333333333333333 2.833333333333333 1
          4.5 2.833333333333333 1
          4.6666666666666661 2.833333333333333 1
          4.833333333333333 2.833333333333333 1
          5 2.833333333333333 1
          5.1666666666666661 2.833333333333333 1
          5.333333333333333 2.833333333333333 1
          5.5 2.833333333333333 1
          5.6666666666666661 2.833333333333333 1
          5.833333333333333 2.833333333333333 1
          6 2.833333333333333 1
          6.1666666666666661 2.833333333333333 1
          6.333333333333333 2.833333333333333 1
          6.5 2.833333333333333 1
          6.6666666666666661 2.833333333333333 1
          6.833333333333333 2.833333333333333 1
          7 2.833333333333333 1
          0 3 1
          0.16666666666666666 3 1
          0.33333333333333331 3 1
          0.5 3 1
          0.66666666666666663 3 1
          0.83333333333333326 3 1
          1 3 1
          1.1666666666666665 3 1
          1.3333333333333333 3 1
          1.5 3 1
          1.6666666666666665 3 1
          1.8333333333333333 3 1
          2 3 1
          2.1666666666666665 3 1
          2.333333333333333 3 1
          2.5 3 1
          2.6666666666666665 3 1
          2.833333333333333 3 1
          3 3 1
          3.1666666666666665 3 1
          3.333333333333333 3 1
          3.5 3 1
          3.6666666666666665 3 1
          3.833333333333333 3 1
          4 3 1
          4.1666666666666661 3 1
          4.333333333333333 3 1
          4.5 3 1
          4.6666666666666661 3 1
          4.833333333333333 3 1
          5 3 1
          5.1666666666666661 3 1
          5.333333333333333 3 1
          5.5 3 1
          5.6666666666666661 3 1
          5.833333333333333 3 1
          6 3 1
          6.1666666666666661 3 1
          6.333333333333333 3 1
          6.5 3 1
          6.6666666666666661 3 1
          6.833333333333333 3 1
          7 3 1
          0 0 1.1666666666666665
          0.16666666666666666 0 1.1666666666666665
          0.33333333333333331 0 1.1666666666666665
          0.5 0 1.1666666666666665
          0.66666666666666663 0 1.1666666666666665
          0.83333333333333326 0 1.1666666666666665
          1 0 1.1666666666666665
          1.1666666666666665 0 1.1666666666666665
          1.3333333333333333 0 1.1666666666666665
          1.5 0 1.1666666666666665
          1.6666666666666665 0 1.1666666666666665
          1.8333333333333333 0 1.1666666666666665
          2 0 1.1666666666666665
          2.1666666666666665 0 1.1666666666666665
          2.333333333333333 0 1.1666666666666665
          2.5 0 1.1666666666666665
          2.6666666666666665 0 1.1666666666666665
          2.833333333333333 0 1.1666666666666665
          3 0 1.1666666666666665
          3.1666666666666665 0 1.1666666666666665
          3.333333333333333 0 1.1666666666666665
          3.5 0 1.1666666666666665
          3.6666666666666665 0 1.1666666666666665
          3.833333333333333 0 1.1666666666666665
          4 0 1.1666666666666665
          4.1666666666666661 0 1.1666666666666665
          4.333333333333333 0 1.1666666666666665
          4.5 0 1.1666666666666665
          4.6666666666666661 0 1.1666666666666665
          4.833333333333333 0 1.1666666666666665
          5 0 1.1666666666666665
          5.1666666666666661 0 1.1666666666666665
          5.333333333333333 0 1.1666666666666665
          5.5 0 1.1666666666666665
          5.6666666666666661 0 1.1666666666666665
          5.833333333333333 0 1.1666666666666665
          6 0 1.1666666666666665
          6.1666666666666661 0 1.1666666666666665
          6.333333333333333 0 1.1666666666666665
          6.5 0 1.1666666666666665
          6.6666666666666661 0 1.1666666666666665
          6.833333333333333 0 1.1666666666666665
          7 0 1.1666666666666665
          0 0.16666666666666666 1.1666666666666665
          0.16666666666666666 0.16666666666666666 1.1666666666666665
          0.33333333333333331 0.16666666666666666 1.1666666666666665
          0.5 0.16666666666666666 1.1666666666666665
          0.66666666666666663 0.16666666666666666 1.1666666666666665
          0.83333333333333326 0.16666666666666666 1.1666666666666665
          1 0.16666666666666666 1.1666666666666665
          1.1666666666666665 0.16666666666666666 1.1666666666666665
          1.3333333333333333 0.16666666666666666 1.1666666666666665
          1.5 0.16666666666666666 1.1666666666666665
          1.6666666666666665 0.16666666666666666 1.1666666666666665
          1.8333333333333333 0.16666666666666666 1.1666666666666665
          2 0.16666666666666666 1.1666666666666665
          2.1666666666666665 0.16666666666666666 1.1666666666666665
          2.333333333333333 0.16666666666666666 1.1666666666666665
          2.5 0.16666666666666666 1.1666666666666665
          2.6666666666666665 0.16666666666666666 1.1666666666666665
          2.833333333333333 0.16666666666666666 1.1666666666666665
          3 0.16666666666666666 1.1666666666666665
          3.1666666666666665 0.16666666666666666 1.1666666666666665
          3.333333333333333 0.16666666666666666 1.1666666666666665
          3.5 0.16666666666666666 1.1666666666666665
          3.6666666666666665 0.16666666666666666 1.1666666666666665
          3.833333333333333 0.16666666666666666 1.1666666666666665
          4 0.16666666666666666 1.1666666666666665
          4.1666666666666661 0.16666666666666666 1.1666666666666665
          4.333333333333333 0.16666666666666666 1.1666666666666665
          4.5 0.16666666666666666 1.1666666666666665
          4.6666666666666661 0.16666666666666666 1.1666666666666665
          4.833333333333333 0.16666666666666666 1.1666666666666665
          5 0.16666666666666666 1.1666666666666665
          5.1666666666666661 0.16666666666666666 1.1666666666666665
          5.333333333333333 0.16666666666666666 1.1666666666666665
          5.5 0.16666666666666666 1.1666666666666665
          5.6666666666666661 0.16666666666666666 1.1666666666666665
          5.833333333333333 0.16666666666666666 1.1666666666666665
          6 0.16666666666666666 1.1666666666666665
          6.1666666666666661 0.16666666666666666 1.1666666666666665
          6.333333333333333 0.16666666666666666 1.1666666666666665
          6.5 0.16666666666666666 1.1666666666666665
          6.6666666666666661 0.16666666666666666 1.1666666666666665
          6.833333333333333 0.16666666666666666 1.1666666666666665
          7 0.16666666666666666 1.1666666666666665
          0 0.33333333333333331 1.1666666666666665
          0.16666666666666666 0.33333333333333331 1.1666666666666665
          0.33333333333333331 0.33333333333333331 1.1666666666666665
          0.5 0.33333333333333331 1.1666666666666665
          0.66666666666666663 0.33333333333333331 1.1666666666666665
          0.83333333333333326 0.33333333333333331 1.1666666666666665
          1 0.33333333333333331 1.1666666666666665
          1.1666666666666665 0.33333333333333331 1.1666666666666665
          1.3333333333333333 0.33333333333333331 1.1666666666666665
          1.5 0.33333333333333331 1.1666666666666665
          1.6666666666666665 0.33333333333333331 1.1666666666666665
          1.8333333333333333 0.33333333333333331 1.1666666666666665
          2 0.33333333333333331 1.1666666666666665
          2.1666666666666665 0.33333333333333331 1.1666666666666665
          2.333333333333333 0.33333333333333331 1.1666666666666665
          2.5 0.33333333333333331 1.1666666666666665
          2.6666666666666665 0.33333333333333331 1.1666666666666665
          2.833333333333333 0.33333333333333331 1.1666666666666665
          3 0.33333333333333331 1.1666666666666665
          3.1666666666666665 0.33333333333333331 1.1666666666666665
          3.333333333333333 0.33333333333333331 1.1666666666666665
          3.5 0.33333333333333331 1.1666666666666665
          3.6666666666666665 0.33333333333333331 1.1666666666666665
          3.833333333333333 0.33333333333333331 1.1666666666666665
          4 0.33333333333333331 1.1666666666666665
          4.1666666666666661 0.33333333333333331 1.1666666666666665
          4.333333333333333 0.33333333333333331 1.1666666666666665
          4.5 0.33333333333333331 1.1666666666666665
          4.6666666666666661 0.33333333333333331 1.1666666666666665
          4.833333333333333 0.33333333333333331 1.1666666666666665
          5 0.33333333333333331 1.1666666666666665
          5.1666666666666661 0.33333333333333331 1.1666666666666665
          5.333333333333333 0.33333333333333331 1.1666666666666665
          5.5 0.33333333333333331 1.1666666666666665
          5.6666666666666661 0.33333333333333331 1.1666666666666665
          5.833333333333333 0.33333333333333331 1.1666666666666665
          6 0.33333333333333331 1.1666666666666665
          6.1666666666666661 0.33333333333333331 1.1666666666666665
          6.333333333333333 0.33333333333333331 1.1666666666666665
          6.5 0.33333333333333331 1.1666666666666665
          6.6666666666666661 0.33333333333333331 1.1666666666666665
          6.833333333333333 0.33333333333333331 1.1666666666666665
          7 0.33333333333333331 1.1666666666666665
          0 0.5 1.1666666666666665
          0.16666666666666666 0.5 1.1666666666666665
          0.33333333333333331 0.5 1.1666666666666665
          0.5 0.5 1.1666666666666665
          0.66666666666666663 0.5 1.1666666666666665
          0.83333333333333326 0.5 1.1666666666666665
          1 0.5 1.1666666666666665
          1.1666666666666665 0.5 1.1666666666666665
          1.3333333333333333 0.5 1.1666666666666665
          1.5 0.5 1.1666666666666665
          1.6666666666666665 0.5 1.1666666666666665
          1.8333333333333333 0.5 1.1666666666666665
          2 0.5 1.1666666666666665
          2.1666666666666665 0.5 1.1666666666666665
          2.333333333333333 0.5 1.1666666666666665
          2.5 0.5 1.1666666666666665
          2.6666666666666665 0.5 1.1666666666666665
          2.833333333333333 0.5 1.1666666666666665
          3 0.5 1.1666666666666665
          3.1666666666666665 0.5 1.1666666666666665
          3.333333333333333 0.5 1.1666666666666665
          3.5 0.5 1.1666666666666665
          3.6666666666666665 0.5 1.1666666666666665
          3.833333333333333 0.5 1.1666666666666665
          4 0.5 1.1666666666666665
          4.1666666666666661 0.5 1.1666666666666665
          4.333333333333333 0.5 1.1666666666666665
          4.5 0.5 1.1666666666666665
          4.6666666666666661 0.5 1.1666666666666665
          4.833333333333333 0.5 1.1666666666666665
          5 0.5 1.1666666666666665
          5.1666666666666661 0.5 1.1666666666666665
          5.333333333333333 0.5 1.1666666666666665
          5.5 0.5 1.1666666666666665
          5.6666666666666661 0.5 1.1666666666666665
          5.833333333333333 0.5 1.1666666666666665
          6 0.5 1.1666666666666665
          6.1666666666666661 0.5 1.1666666666666665
          6.333333333333333 0.5 1.1666666666666665
          6.5 0.5 1.1666666666666665
          6.6666666666666661 0.5 1.1666666666666665
          6.833333333333333 0.5 1.1666666666666665
          7 0.5 1.1666666666666665
          0 0.66666666666666663 1.1666666666666665
          0.16666666666666666 0.66666666666666663 1.1666666666666665
          0.33333333333333331 0.66666666666666663 1.1666666666666665
          0.5 0.66666666666666663 1.1666666666666665
          0.66666666666666663 0.66666666666666663 1.1666666666666665
          0.83333333333333326 0.66666666666666663 1.1666666666666665
          1 0.66666666666666663 1.1666666666666665
          1.1666666666666665 0.66666666666666663 1.1666666666666665
          1.3333333333333333 0.66666666666666663 1.1666666666666665
          1.5 0.66666666666666663 1.1666666666666665
          1.6666666666666665 0.66666666666666663 1.1666666666666665
          1.8333333333333333 0.66666666666666663 1.1666666666666665
          2 0.66666666666666663 1.1666666666666665
          2.1666666666666665 0.66666666666666663 1.1666666666666665
          2.333333333333333 0.66666666666666663 1.1666666666666665
          2.5 0.66666666666666663 1.1666666666666665
          2.6666666666666665 0.66666666666666663 1.1666666666666665
          2.833333333333333 0.66666666666666663 1.1666666666666665
          3 0.66666666666666663 1.1666666666666665
          3.1666666666666665 0.66666666666666663 1.1666666666666665
          3.333333333333333 0.66666666666666663 1.1666666666666665
          3.5 0.66666666666666663 1.1666666666666665
          3.6666666666666665 0.66666666666666663 1.1666666666666665
          3.833333333333333 0.66666666666666663 1.1666666666666665
          4 0.66666666666666663 1.1666666666666665
          4.1666666666666661 0.66666666666666663 1.1666666666666665
          4.333333333333333 0.66666666666666663 1.1666666666666665
          4.5 0.66666666666666663 1.1666666666666665
          4.6666666666666661 0.66666666666666663 1.1666666666666665
          4.833333333333333 0.66666666666666663 1.1666666666666665
          5 0.66666666666666663 1.1666666666666665
          5.1666666666666661 0.66666666666666663 1.1666666666666665
          5.333333333333333 0.66666666666666663 1.1666666666666665
          5.5 0.66666666666666663 1.1666666666666665
          5.6666666666666661 0.66666666666666663 1.1666666666666665
          5.833333333333333 0.66666666666666663 1.1666666666666665
          6 0.66666666666666663 1.1666666666666665
          6.1666666666666661 0.66666666666666663 1.1666666666666665
          6.333333333333333 0.66666666666666663 1.1666666666666665
          6.5 0.66666666666666663 1.1666666666666665
          6.6666666666666661 0.66666666666666663 1.1666666666666665
          6.833333333333333 0.66666666666666663 1.1666666666666665
          7 0.66666666666666663 1.1666666666666665
          0 0.83333333333333326 1.1666666666666665
          0.16666666666666666 0.83333333333333326 1.1666666666666665
          0.33333333333333331 0.83333333333333326 1.1666666666666665
          0.5 0.83333333333333326 1.1666666666666665
          0.66666666666666663 0.83333333333333326 1.1666666666666665
          0.83333333333333326 0.83333333333333326 1.1666666666666665
          1 0.83333333333333326 1.1666666666666665
          1.1666666666666665 0.83333333333333326 1.1666666666666665
          1.3333333333333333 0.83333333333333326 1.1666666666666665
          1.5 0.83333333333333326 1.1666666666666665
          1.6666666666666665 0.83333333333333326 1.1666666666666665
          1.8333333333333333 0.83333333333333326 1.1666666666666665
          2 0.83333333333333326 1.1666666666666665
          2.1666666666666665 0.83333333333333326 1.1666666666666665
          2.333333333333333 0.83333333333333326 1.1666666666666665
          2.5 0.83333333333333326 1.1666666666666665
          2.6666666666666665 0.83333333333333326 1.1666666666666665
          2.833333333333333 0.83333333333333326 1.1666666666666665
          3 0.83333333333333326 1.1666666666666665
          3.1666666666666665 0.83333333333333326 1.1666666666666665
          3.333333333333333 0.83333333333333326 1.1666666666666665
          3.5 0.83333333333333326 1.1666666666666665
          3.6666666666666665 0.83333333333333326 1.1666666666666665
          3.833333333333333 0.83333333333333326 1.1666666666666665
          4 0.83333333333333326 1.1666666666666665
          4.1666666666666661 0.83333333333333326 1.1666666666666665
          4.333333333333333 0.83333333333333326 1.1666666666666665
          4.5 0.83333333333333326 1.1666666666666665
          4.6666666666666661 0.83333333333333326 1.1666666666666665
          4.833333333333333 0.83333333333333326 1.1666666666666665
          5 0.83333333333333326 1.1666666666666665
          5.1666666666666661 0.83333333333333326 1.1666666666666665
          5.333333333333333 0.83333333333333326 1.1666666666666665
          5.5 0.83333333333333326 1.1666666666666665
          5.6666666666666661 0.83333333333333326 1.1666666666666665
          5.833333333333333 0.83333333333333326 1.1666666666666665
          6 0.83333333333333326 1.1666666666666665
          6.1666666666666661 0.83333333333333326 1.1666666666666665
          6.333333333333333 0.83333333333333326 1.1666666666666665
          6.5 0.83333333333333326 1.1666666666666665
          6.6666666666666661 0.83333333333333326 1.1666666666666665
          6.833333333333333 0.83333333333333326 1.1666666666666665
          7 0.83333333333333326 1.1666666666666665
          0 1 1.1666666666666665
          0.16666666666666666 1 1.1666666666666665
          0.33333333333333331 1 1.1666666666666665
          0.5 1 1.1666666666666665
          0.66666666666666663 1 1.1666666666666665
          0.83333333333333326 1 1.1666666666666665
          1 1 1.1666666666666665
          1.1666666666666665 1 1.1666666666666665
          1.3333333333333333 1 1.1666666666666665
          1.5 1 1.1666666666666665
          1.6666666666666665 1 1.1666666666666665
          1.8333333333333333 1 1.1666666666666665
          2 1 1.1666666666666665
          2.1666666666666665 1 1.1666666666666665
          2.333333333333333 1 1.1666666666666665
          2.5 1 1.1666666666666665
          2.6666666666666665 1 1.1666666666666665
          2.833333333333333 1 1.1666666666666665
          3 1 1.1666666666666665
          3.1666666666666665 1 1.1666666666666665
          3.333333333333333 1 1.1666666666666665
          3.5 1 1.1666666666666665
          3.6666666666666665 1 1.1666666666666665
          3.833333333333333 1 1.1666666666666665
          4 1 1.1666666666666665
          4.1666666666666661 1 1.1666666666666665
          4.333333333333333 1 1.1666666666666665
          4.5 1 1.1666666666666665
          4.6666666666666661 1 1.1666666666666665
          4.833333333333333 1 1.1666666666666665
          5 1 1.1666666666666665
          5.1666666666666661 1 1.1666666666666665
          5.333333333333333 1 1.1666666666666665
          5.5 1 1.1666666666666665
          5.6666666666666661 1 1.1666666666666665
          5.833333333333333 1 1.1666666666666665
          6 1 1.1666666666666665
          6.1666666666666661 1 1.1666666666666665
          6.333333333333333 1 1.1666666666666665
          6.5 1 1.1666666666666665
          6.6666666666666661 1 1.1666666666666665
          6.833333333333333 1 1.1666666666666665
          7 1 1.1666666666666665
          0 1.1666666666666665 1.1666666666666665
          0.16666666666666666 1.1666666666666665 1.1666666666666665
          0.33333333333333331 1.1666666666666665 1.1666666666666665
          0.5 1.1666666666666665 1.1666666666666665
          0.66666666666666663 1.1666666666666665 1.1666666666666665
          0.83333333333333326 1.1666666666666665 1.1666666666666665
          1 1.1666666666666665 1.1666666666666665
          1.1666666666666665 1.1666666666666665 1.1666666666666665
          1.3333333333333333 1.1666666666666665 1.1666666666666665
          1.5 1.1666666666666665 1.1666666666666665
          1.6666666666666665 1.1666666666666665 1.1666666666666665
          1.8333333333333333 1.1666666666666665 1.1666666666666665
          2 1.1666666666666665 1.1666666666666665
          2.1666666666666665 1.1666666666666665 1.1666666666666665
          2.333333333333333 1.1666666666666665 1.1666666666666665
          2.5 1.1666666666666665 1.1666666666666665
          2.6666666666666665 1.1666666666666665 1.1666666666666665
          2.833333333333333 1.1666666666666665 1.1666666666666665
          3 1.1666666666666665 1.1666666666666665
          3.1666666666666665 1.1666666666666665 1.1666666666666665
          3.333333333333333 1.1666666666666665 1.1666666666666665
          3.5 1.1666666666666665 1.1666666666666665
          3.6666666666666665 1.1666666666666665 1.1666666666666665
          3.833333333333333 1.1666666666666665 1.1666666666666665
          4 1.1666666666666665 1.1666666666666665
          4.1666666666666661 1.1666666666666665 1.1666666666666665
          4.333333333333333 1.1666666666666665 1.1666666666666665
          4.5 1.1666666666666665 1.1666666666666665
          4.6666666666666661 1.1666666666666665 1.1666666666666665
          4.833333333333333 1.1666666666666665 1.1666666666666665
          5 1.1666666666666665 1.1666666666666665
          5.1666666666666661 1.1666666666666665 1.1666666666666665
          5.333333333333333 1.1666666666666665 1.1666666666666665
          5.5 1.1666666666666665 1.1666666666666665
          5.6666666666666661 1.1666666666666665 1.1666666666666665
          5.833333333333333 1.1666666666666665 1.1666666666666665
          6 1.1666666666666665 1.1666666666666665
          6.1666666666666661 1.1666666666666665 1.1666666666666665
          6.333333333333333 1.1666666666666665 1.1666666666666665
          6.5 1.1666666666666665 1.1666666666666665
          6.6666666666666661 1.1666666666666665 1.1666666666666665
          6.833333333333333 1.1666666666666665 1.1666666666666665
          7 1.1666666666666665 1.1666666666666665
          0 1.3333333333333333 1.1666666666666665
          0.16666666666666666 1.3333333333333333 1.1666666666666665
          0.33333333333333331 1.3333333333333333 1.1666666666666665
          0.5 1.3333333333333333 1.1666666666666665
          0.66666666666666663 1.3333333333333333 1.1666666666666665
          0.83333333333333326 1.3333333333333333 1.1666666666666665
          1 1.3333333333333333 1.1666666666666665
          1.1666666666666665 1.3333333333333333 1.1666666666666665
          1.3333333333333333 1.3333333333333333 1.1666666666666665
          1.5 1.3333333333333333 1.1666666666666665
          1.6666666666666665 1.3333333333333333 1.1666666666666665
          1.8333333333333333 1.3333333333333333 1.1666666666666665
          2 1.3333333333333333 1.1666666666666665
          2.1666666666666665 1.3333333333333333 1.1666666666666665
          2.333333333333333 1.3333333333333333 1.1666666666666665
          2.5 1.3333333333333333 1.1666666666666665
          2.6666666666666665 1.3333333333333333 1.1666666666666665
          2.833333333333333 1.3333333333333333 1.1666666666666665
          3 1.3333333333333333 1.1666666666666665
          3.1666666666666665 1.3333333333333333 1.1666666666666665
          3.333333333333333 1.3333333333333333 1.1666666666666665
          3.5 1.3333333333333333 1.1666666666666665
          3.6666666666666665 1.3333333333333333 1.1666666666666665
          3.833333333333333 1.3333333333333333 1.1666666666666665
          4 1.3333333333333333 1.1666666666666665
          4.1666666666666661 1.3333333333333333 1.1666666666666665
          4.333333333333333 1.3333333333333333 1.1666666666666665
          4.5 1.3333333333333333 1.1666666666666665
          4.6666666666666661 1.3333333333333333 1.1666666666666665
          4.833333333333333 1.3333333333333333 1.1666666666666665
          5 1.3333333333333333 1.1666666666666665
          5.1666666666666661 1.3333333333333333 1.1666666666666665
          5.333333333333333 1.3333333333333333 1.1666666666666665
          5.5 1.3333333333333333 1.1666666666666665
          5.6666666666666661 1.3333333333333333 1.1666666666666665
          5.833333333333333 1.3333333333333333 1.1666666666666665
          6 1.3333333333333333 1.1666666666666665
          6.1666666666666661 1.3333333333333333 1.1666666666666665
          6.333333333333333 1.3333333333333333 1.1666666666666665
          6.5 1.3333333333333333 1.1666666666666665
          6.6666666666666661 1.3333333333333333 1.1666666666666665
          6.833333333333333 1.3333333333333333 1.1666666666666665
          7 1.3333333333333333 1.1666666666666665
          0 1.5 1.1666666666666665
          0.16666666666666666 1.5 1.1666666666666665
          0.33333333333333331 1.5 1.1666666666666665
          0.5 1.5 1.1666666666666665
          0.66666666666666663 1.5 1.1666666666666665
          0.83333333333333326 1.5 1.1666666666666665
          1 1.5 1.1666666666666665
          1.1666666666666665 1.5 1.1666666666666665
          1.3333333333333333 1.5 1.1666666666666665
          1.5 1.5 1.1666666666666665
          1.6666666666666665 1.5 1.1666666666666665
          1.8333333333333333 1.5 1.1666666666666665
          2 1.5 1.1666666666666665
          2.1666666666666665 1.5 1.1666666666666665
          2.333333333333333 1.5 1.1666666666666665
          2.5 1.5 1.1666666666666665
          2.6666666666666665 1.5 1.1666666666666665
          2.833333333333333 1.5 1.1666666666666665
          3 1.5 1.1666666666666665
          3.1666666666666665 1.5 1.1666666666666665
          3.333333333333333 1.5 1.1666666666666665
          3.5 1.5 1.1666666666666665
          3.6666666666666665 1.5 1.1666666666666665
          3.833333333333333 1.5 1.1666666666666665
          4 1.5 1.1666666666666665
          4.1666666666666661 1.5 1.1666666666666665
          4.333333333333333 1.5 1.1666666666666665
          4.5 1.5 1.1666666666666665
          4.6666666666666661 1.5 1.1666666666666665
          4.833333333333333 1.5 1.1666666666666665
          5 1.5 1.1666666666666665
          5.1666666666666661 1.5 1.1666666666666665
          5.333333333333333 1.5 1.1666666666666665
          5.5 1.5 1.1666666666666665
          5.6666666666666661 1.5 1.1666666666666665
          5.833333333333333 1.5 1.1666666666666665
          6 1.5 1.1666666666666665
          6.1666666666666661 1.5 1.1666666666666665
          6.333333333333333 1.5 1.1666666666666665
          6.5 1.5 1.1666666666666665
          6.6666666666666661 1.5 1.1666666666666665
          6.833333333333333 1.5 1.1666666666666665
          7 1.5 1.1666666666666665
          0 1.6666666666666665 1.1666666666666665
          0.16666666666666666 1.6666666666666665 1.1666666666666665
          0.33333333333333331 1.6666666666666665 1.1666666666666665
          0.5 1.6666666666666665 1.1666666666666665
          0.66666666666666663 1.6666666666666665 1.1666666666666665
          0.83333333333333326 1.6666666666666665 1.1666666666666665
          1 1.6666666666666665 1.1666666666666665
          1.1666666666666665 1.6666666666666665 1.1666666666666665
          1.3333333333333333 1.6666666666666665 1.1666666666666665
          1.5 1.6666666666666665 1.1666666666666665
          1.6666666666666665 1.6666666666666665 1.1666666666666665
          1.8333333333333333 1.6666666666666665 1.1666666666666665
          2 1.6666666666666665 1.1666666666666665
          2.1666666666666665 1.6666666666666665 1.1666666666666665
          2.333333333333333 1.6666666666666665 1.1666666666666665
          2.5 1.6666666666666665 1.1666666666666665
          2.6666666666666665 1.6666666666666665 1.1666666666666665
          2.833333333333333 1.6666666666666665 1.1666666666666665
          3 1.6666666666666665 1.1666666666666665
          3.1666666666666665 1.6666666666666665 1.1666666666666665
          3.333333333333333 1.6666666666666665 1.1666666666666665
          3.5 1.6666666666666665 1.1666666666666665
          3.6666666666666665 1.6666666666666665 1.1666666666666665
          3.833333333333333 1.6666666666666665 1.1666666666666665
          4 1.6666666666666665 1.1666666666666665
          4.1666666666666661 1.6666666666666665 1.1666666666666665
          4.333333333333333 1.6666666666666665 1.1666666666666665
          4.5 1.6666666666666665 1.1666666666666665
          4.6666666666666661 1.6666666666666665 1.1666666666666665
          4.833333333333333 1.6666666666666665 1.1666666666666665
          5 1.6666666666666665 1.1666666666666665
          5.1666666666666661 1.6666666666666665 1.1666666666666665
          5.333333333333333 1.6666666666666665 1.1666666666666665
          5.5 1.6666666666666665 1.1666666666666665
          5.6666666666666661 1.6666666666666665 1.1666666666666665
          5.833333333333333 1.6666666666666665 1.1666666666666665
          6 1.6666666666666665 1.1666666666666665
          6.1666666666666661 1.6666666666666665 1.1666666666666665
          6.333333333333333 1.6666666666666665 1.1666666666666665
          6.5 1.6666666666666665 1.1666666666666665
          6.6666666666666661 1.6666666666666665 1.1666666666666665
          6.833333333333333 1.6666666666666665 1.1666666666666665
          7 1.6666666666666665 1.1666666666666665
          0 1.8333333333333333 1.1666666666666665
          0.16666666666666666 1.8333333333333333 1.1666666666666665
          0.33333333333333331 1.8333333333333333 1.1666666666666665
          0.5 1.8333333333333333 1.1666666666666665
          0.66666666666666663 1.8333333333333333 1.1666666666666665
          0.83333333333333326 1.8333333333333333 1.1666666666666665
          1 1.8333333333333333 1.1666666666666665
          1.1666666666666665 1.8333333333333333 1.1666666666666665
          1.3333333333333333 1.8333333333333333 1.1666666666666665
          1.5 1.8333333333333333 1.1666666666666665
          1.6666666666666665 1.8333333333333333 1.1666666666666665
          1.8333333333333333 1.8333333333333333 1.1666666666666665
          2 1.8333333333333333 1.1666666666666665
          2.1666666666666665 1.8333333333333333 1.1666666666666665
          2.333333333333333 1.8333333333333333 1.1666666666666665
          2.5 1.8333333333333333 1.1666666666666665
          2.6666666666666665 1.8333333333333333 1.1666666666666665
          2.833333333333333 1.8333333333333333 1.1666666666666665
          3 1.8333333333333333 1.1666666666666665
          3.1666666666666665 1.8333333333333333 1.1666666666666665
          3.333333333333333 1.8333333333333333 1.1666666666666665
          3.5 1.8333333333333333 1.1666666666666665
          3.6666666666666665 1.8333333333333333 1.1666666666666665
          3.833333333333333 1.8333333333333333 1.1666666666666665
          4 1.8333333333333333 1.1666666666666665
          4.1666666666666661 1.8333333333333333 1.1666666666666665
          4.333333333333333 1.8333333333333333 1.1666666666666665
          4.5 1.8333333333333333 1.1666666666666665
          4.6666666666666661 1.8333333333333333 1.1666666666666665
          4.833333333333333 1.8333333333333333 1.1666666666666665
          5 1.8333333333333333 1.1666666666666665
          5.1666666666666661 1.8333333333333333 1.1666666666666665
          5.333333333333333 1.8333333333333333 1.1666666666666665
          5.5 1.8333333333333333 1.1666666666666665
          5.6666666666666661 1.8333333333333333 1.1666666666666665
          5.833333333333333 1.8333333333333333 1.1666666666666665
          6 1.8333333333333333 1.1666666666666665
          6.1666666666666661 1.8333333333333333 1.1666666666666665
          6.333333333333333 1.8333333333333333 1.1666666666666665
          6.5 1.8333333333333333 1.1666666666666665
          6.6666666666666661 1.8333333333333333 1.1666666666666665
          6.833333333333333 1.8333333333333333 1.1666666666666665
          7 1.8333333333333333 1.1666666666666665
          0 2 1.1666666666666665
          0.16666666666666666 2 1.1666666666666665
          0.33333333333333331 2 1.1666666666666665
          0.5 2 1.1666666666666665
          0.66666666666666663 2 1.1666666666666665
          0.83333333333333326 2 1.1666666666666665
          1 2 1.1666666666666665
          1.1666666666666665 2 1.1666666666666665
          1.3333333333333333 2 1.1666666666666665
          1.5 2 1.1666666666666665
          1.6666666666666665 2 1.1666666666666665
          1.8333333333333333 2 1.1666666666666665
          2 2 1.1666666666666665
          2.1666666666666665 2 1.1666666666666665
          2.333333333333333 2 1.1666666666666665
          2.5 2 1.1666666666666665
          2.6666666666666665 2 1.1666666666666665
          2.833333333333333 2 1.1666666666666665
          3 2 1.1666666666666665
          3.1666666666666665 2 1.1666666666666665
          3.333333333333333 2 1.1666666666666665
          3.5 2 1.1666666666666665
          3.6666666666666665 2 1.1666666666666665
          3.833333333333333 2 1.1666666666666665
          4 2 1.1666666666666665
          4.1666666666666661 2 1.1666666666666665
          4.333333333333333 2 1.1666666666666665
          4.5 2 1.1666666666666665
          4.6666666666666661 2 1.1666666666666665
          4.833333333333333 2 1.1666666666666665
          5 2 1.1666666666666665
          5.1666666666666661 2 1.1666666666666665
          5.333333333333333 2 1.1666666666666665
          5.5 2 1.1666666666666665
          5.6666666666666661 2 1.1666666666666665
          5.833333333333333 2 1.1666666666666665
          6 2 1.1666666666666665
          6.1666666666666661 2 1.1666666666666665
          6.333333333333333 2 1.1666666666666665
          6.5 2 1.1666666666666665
          6.6666666666666661 2 1.1666666666666665
          6.833333333333333 2 1.1666666666666665
          7 2 1.1666666666666665
          0 2.1666666666666665 1.1666666666666665
          0.16666666666666666 2.1666666666666665 1.1666666666666665
          0.33333333333333331 2.1666666666666665 1.1666666666666665
          0.5 2.1666666666666665 1.1666666666666665
          0.66666666666666663 2.1666666666666665 1.1666666666666665
          0.83333333333333326 2.1666666666666665 1.1666666666666665
          1 2.1666666666666665 1.1666666666666665
          1.1666666666666665 2.1666666666666665 1.1666666666666665
          1.3333333333333333 2.1666666666666665 1.1666666666666665
          1.5 2.1666666666666665 1.1666666666666665
          1.6666666666666665 2.1666666666666665 1.1666666666666665
          1.8333333333333333 2.1666666666666665 1.1666666666666665
          2 2.1666666666666665 1.1666666666666665
          2.1666666666666665 2.1666666666666665 1.1666666666666665
          2.333333333333333 2.1666666666666665 1.1666666666666665
          2.5 2.1666666666666665 1.1666666666666665
          2.6666666666666665 2.1666666666666665 1.1666666666666665
          2.833333333333333 2.1666666666666665 1.1666666666666665
          3 2.1666666666666665 1.1666666666666665
          3.1666666666666665 2.1666666666666665 1.1666666666666665
          3.333333333333333 2.1666666666666665 1.1666666666666665
          3.5 2.1666666666666665 1.1666666666666665
          3.6666666666666665 2.1666666666666665 1.1666666666666665
          3.833333333333333 2.1666666666666665 1.1666666666666665
          4 2.1666666666666665 1.1666666666666665
          4.1666666666666661 2.1666666666666665 1.1666666666666665
          4.333333333333333 2.1666666666666665 1.1666666666666665
          4.5 2.1666666666666665 1.1666666666666665
          4.6666666666666661 2.1666666666666665 1.1666666666666665
          4.833333333333333 2.1666666666666665 1.1666666666666665
          5 2.1666666666666665 1.1666666666666665
          5.1666666666666661 2.1666666666666665 1.1666666666666665
          5.333333333333333 2.1666666666666665 1.1666666666666665
          5.5 2.1666666666666665 1.1666666666666665
          5.6666666666666661 2.1666666666666665 1.1666666666666665
          5.833333333333333 2.1666666666666665 1.1666666666666665
          6 2.1666666666666665 1.1666666666666665
          6.1666666666666661 2.1666666666666665 1.1666666666666665
          6.333333333333333 2.1666666666666665 1.1666666666666665
          6.5 2.1666666666666665 1.1666666666666665
          6.6666666666666661 2.1666666666666665 1.1666666666666665
          6.833333333333333 2.1666666666666665 1.1666666666666665
          7 2.1666666666666665 1.1666666666666665
          0 2.333333333333333 1.1666666666666665
          0.16666666666666666 2.333333333333333 1.1666666666666665
          0.33333333333333331 2.333333333333333 1.1666666666666665
          0.5 2.333333333333333 1.1666666666666665
          0.66666666666666663 2.333333333333333 1.1666666666666665
          0.83333333333333326 2.333333333333333 1.1666666666666665
          1 2.333333333333333 1.1666666666666665
          1.1666666666666665 2.333333333333333 1.1666666666666665
          1.3333333333333333 2.333333333333333 1.1666666666666665
          1.5 2.333333333333333 1.1666666666666665
          1.6666666666666665 2.333333333333333 1.1666666666666665
          1.8333333333333333 2.333333333333333 1.1666666666666665
          2 2.333333333333333 1.1666666666666665
          2.1666666666666665 2.333333333333333 1.1666666666666665
          2.333333333333333 2.333333333333333 1.1666666666666665
          2.5 2.333333333333333 1.1666666666666665
          2.6666666666666665 2.333333333333333 1.1666666666666665
          2.833333333333333 2.333333333333333 1.1666666666666665
          3 2.333333333333333 1.1666666666666665
          3.1666666666666665 2.333333333333333 1.1666666666666665
          3.333333333333333 2.333333333333333 1.1666666666666665
          3.5 2.333333333333333 1.1666666666666665
          3.6666666666666665 2.333333333333333 1.1666666666666665
          3.833333333333333 2.333333333333333 1.1666666666666665
          4 2.333333333333333 1.1666666666666665
          4.1666666666666661 2.333333333333333 1.1666666666666665
          4.333333333333333 2.333333333333333 1.1666666666666665
          4.5 2.333333333333333 1.1666666666666665
          4.6666666666666661 2.333333333333333 1.1666666666666665
          4.833333333333333 2.333333333333333 1.1666666666666665
          5 2.333333333333333 1.1666666666666665
          5.1666666666666661 2.333333333333333 1.1666666666666665
          5.333333333333333 2.333333333333333 1.1666666666666665
          5.5 2.333333333333333 1.1666666666666665
          5.6666666666666661 2.333333333333333 1.1666666666666665
          5.833333333333333 2.333333333333333 1.1666666666666665
          6 2.333333333333333 1.1666666666666665
          6.1666666666666661 2.333333333333333 1.1666666666666665
          6.333333333333333 2.333333333333333 1.1666666666666665
          6.5 2.333333333333333 1.1666666666666665
          6.6666666666666661 2.333333333333333 1.1666666666666665
          6.833333333333333 2.333333333333333 1.1666666666666665
          7 2.333333333333333 1.1666666666666665
          0 2.5 1.1666666666666665
          0.16666666666666666 2.5 1.1666666666666665
          0.33333333333333331 2.5 1.1666666666666665
          0.5 2.5 1.1666666666666665
          0.66666666666666663 2.5 1.1666666666666665
          0.83333333333333326 2.5 1.1666666666666665
          1 2.5 1.1666666666666665
          1.1666666666666665 2.5 1.1666666666666665
          1.3333333333333333 2.5 1.1666666666666665
          1.5 2.5 1.1666666666666665
          1.6666666666666665 2.5 1.1666666666666665
          1.8333333333333333 2.5 1.1666666666666665
          2 2.5 1.1666666666666665
          2.1666666666666665 2.5 1.1666666666666665
          2.333333333333333 2.5 1.1666666666666665
          2.5 2.5 1.1666666666666665
          2.6666666666666665 2.5 1.1666666666666665
          2.833333333333333 2.5 1.1666666666666665
          3 2.5 1.1666666666666665
          3.1666666666666665 2.5 1.1666666666666665
          3.333333333333333 2.5 1.1666666666666665
          3.5 2.5 1.1666666666666665
          3.6666666666666665 2.5 1.1666666666666665
          3.833333333333333 2.5 1.1666666666666665
          4 2.5 1.1666666666666665
          4.1666666666666661 2.5 1.1666666666666665
          4.333333333333333 2.5 1.1666666666666665
          4.5 2.5 1.1666666666666665
          4.6666666666666661 2.5 1.1666666666666665
          4.833333333333333 2.5 1.1666666666666665
          5 2.5 1.1666666666666665
          5.1666666666666661 2.5 1.1666666666666665
          5.333333333333333 2.5 1.1666666666666665
          5.5 2.5 1.1666666666666665
          5.6666666666666661 2.5 1.1666666666666665
          5.833333333333333 2.5 1.1666666666666665
          6 2.5 1.1666666666666665
          6.1666666666666661 2.5 1.1666666666666665
          6.333333333333333 2.5 1.1666666666666665
          6.5 2.5 1.1666666666666665
          6.6666666666666661 2.5 1.1666666666666665
          6.833333333333333 2.5 1.1666666666666665
          7 2.5 1.1666666666666665
          0 2.6666666666666665 1.1666666666666665
          0.16666666666666666 2.6666666666666665 1.1666666666666665
          0.33333333333333331 2.6666666666666665 1.1666666666666665
          0.5 2.6666666666666665 1.1666666666666665
          0.66666666666666663 2.6666666666666665 1.1666666666666665
          0.83333333333333326 2.6666666666666665 1.1666666666666665
          1 2.6666666666666665 1.1666666666666665
          1.1666666666666665 2.6666666666666665 1.1666666666666665
          1.3333333333333333 2.6666666666666665 1.1666666666666665
          1.5 2.6666666666666665 1.1666666666666665
          1.6666666666666665 2.6666666666666665 1.1666666666666665
          1.8333333333333333 2.6666666666666665 1.1666666666666665
          2 2.6666666666666665 1.1666666666666665
          2.1666666666666665 2.6666666666666665 1.1666666666666665
          2.333333333333333 2.6666666666666665 1.1666666666666665
          2.5 2.6666666666666665 1.1666666666666665
          2.6666666666666665 2.6666666666666665 1.1666666666666665
          2.833333333333333 2.6666666666666665 1.1666666666666665
          3 2.6666666666666665 1.1666666666666665
          3.1666666666666665 2.6666666666666665 1.1666666666666665
          3.333333333333333 2.6666666666666665 1.1666666666666665
          3.5 2.6666666666666665 1.1666666666666665
          3.6666666666666665 2.6666666666666665 1.1666666666666665
          3.833333333333333 2.6666666666666665 1.1666666666666665
          4 2.6666666666666665 1.1666666666666665
          4.1666666666666661 2.6666666666666665 1.1666666666666665
          4.333333333333333 2.6666666666666665 1.1666666666666665
          4.5 2.6666666666666665 1.1666666666666665
          4.6666666666666661 2.6666666666666665 1.1666666666666665
          4.833333333333333 2.6666666666666665 1.1666666666666665
          5 2.6666666666666665 1.1666666666666665
          5.1666666666666661 2.6666666666666665 1.1666666666666665
          5.333333333333333 2.6666666666666665 1.1666666666666665
          5.5 2.6666666666666665 1.1666666666666665
          5.6666666666666661 2.6666666666666665 1.1666666666666665
          5.833333333333333 2.6666666666666665 1.1666666666666665
          6 2.6666666666666665 1.1666666666666665
          6.1666666666666661 2.6666666666666665 1.1666666666666665
          6.333333333333333 2.6666666666666665 1.1666666666666665
          6.5 2.6666666666666665 1.1666666666666665
          6.6666666666666661 2.6666666666666665 1.1666666666666665
          6.833333333333333 2.6666666666666665 1.1666666666666665
          7 2.6666666666666665 1.1666666666666665
          0 2.833333333333333 1.1666666666666665
          0.16666666666666666 2.833333333333333 1.1666666666666665
          0.33333333333333331 2.833333333333333 1.1666666666666665
          0.5 2.833333333333333 1.1666666666666665
          0.66666666666666663 2.833333333333333 1.1666666666666665
          0.83333333333333326 2.833333333333333 1.1666666666666665
          1 2.833333333333333 1.1666666666666665
          1.1666666666666665 2.833333333333333 1.1666666666666665
          1.3333333333333333 2.833333333333333 1.1666666666666665
          1.5 2.833333333333333 1.1666666666666665
          1.6666666666666665 2.833333333333333 1.1666666666666665
          1.8333333333333333 2.833333333333333 1.1666666666666665
          2 2.833333333333333 1.1666666666666665
          2.1666666666666665 2.833333333333333 1.1666666666666665
          2.333333333333333 2.833333333333333 1.1666666666666665
          2.5 2.833333333333333 1.1666666666666665
          2.6666666666666665 2.833333333333333 1.1666666666666665
          2.833333333333333 2.833333333333333 1.1666666666666665
          3 2.833333333333333 1.1666666666666665
          3.1666666666666665 2.833333333333333 1.1666666666666665
          3.333333333333333 2.833333333333333 1.1666666666666665
          3.5 2.833333333333333 1.1666666666666665
          3.6666666666666665 2.833333333333333 1.1666666666666665
          3.833333333333333 2.833333333333333 1.1666666666666665
          4 2.833333333333333 1.1666666666666665
          4.1666666666666661 2.833333333333333 1.1666666666666665
          4.333333333333333 2.833333333333333 1.1666666666666665
          4.5 2.833333333333333 1.1666666666666665
          4.6666666666666661 2.833333333333333 1.1666666666666665
          4.833333333333333 2.833333333333333 1.1666666666666665
          5 2.833333333333333 1.1666666666666665
          5.1666666666666661 2.833333333333333 1.1666666666666665
          5.333333333333333 2.833333333333333 1.1666666666666665
          5.5 2.833333333333333 1.1666666666666665
          5.6666666666666661 2.833333333333333 1.1666666666666665
          5.833333333333333 2.833333333333333 1.1666666666666665
          6 2.833333333333333 1.1666666666666665
          6.1666666666666661 2.833333333333333 1.1666666666666665
          6.333333333333333 2.833333333333333 1.1666666666666665
          6.5 2.833333333333333 1.1666666666666665
          6.6666666666666661 2.833333333333333 1.1666666666666665
          6.833333333333333 2.833333333333333 1.1666666666666665
          7 2.833333333333333 1.1666666666666665
          0 3 1.1666666666666665
          0.16666666666666666 3 1.1666666666666665
          0.33333333333333331 3 1.1666666666666665
          0.5 3 1.1666666666666665
          0.66666666666666663 3 1.1666666666666665
          0.83333333333333326 3 1.1666666666666665
          1 3 1.1666666666666665
          1.1666666666666665 3 1.1666666666666665
          1.3333333333333333 3 1.1666666666666665
          1.5 3 1.1666666666666665
          1.6666666666666665 3 1.1666666666666665
          1.8333333333333333 3 1.1666666666666665
          2 3 1.1666666666666665
          2.1666666666666665 3 1.1666666666666665
          2.333333333333333 3 1.1666666666666665
          2.5 3 1.1666666666666665
          2.6666666666666665 3 1.1666666666666665
          2.833333333333333 3 1.1666666666666665
          3 3 1.1666666666666665
          3.1666666666666665 3 1.1666666666666665
          3.333333333333333 3 1.1666666666666665
          3.5 3 1.1666666666666665
          3.6666666666666665 3 1.1666666666666665
          3.833333333333333 3 1.1666666666666665
          4 3 1.1666666666666665
          4.1666666666666661 3 1.1666666666666665
          4.333333333333333 3 1.1666666666666665
          4.5 3 1.1666666666666665
          4.6666666666666661 3 1.1666666666666665
          4.833333333333333 3 1.1666666666666665
          5 3 1.1666666666666665
          5.1666666666666661 3 1.1666666666666665
          5.333333333333333 3 1.1666666666666665
          5.5 3 1.1666666666666665
          5.6666666666666661 3 1.1666666666666665
          5.833333333333333 3 1.1666666666666665
          6 3 1.1666666666666665
          6.1666666666666661 3 1.1666666666666665
          6.333333333333333 3 1.1666666666666665
          6.5 3 1.1666666666666665
          6.6666666666666661 3 1.1666666666666665
          6.833333333333333 3 1.1666666666666665
          7 3 1.1666666666666665
          0 0 1.3333333333333333
          0.16666666666666666 0 1.3333333333333333
          0.33333333333333331 0 1.3333333333333333
          0.5 0 1.3333333333333333
          0.66666666666666663 0 1.3333333333333333
          0.83333333333333326 0 1.3333333333333333
          1 0 1.3333333333333333
          1.1666666666666665 0 1.3333333333333333
          1.3333333333333333 0 1.3333333333333333
          1.5 0 1.3333333333333333
          1.6666666666666665 0 1.3333333333333333
          1.8333333333333333 0 1.3333333333333333
          2 0 1.3333333333333333
          2.1666666666666665 0 1.3333333333333333
          2.333333333333333 0 1.3333333333333333
          2.5 0 1.3333333333333333
          2.6666666666666665 0 1.3333333333333333
          2.833333333333333 0 1.3333333333333333
          3 0 1.3333333333333333
          3.1666666666666665 0 1.3333333333333333
          3.333333333333333 0 1.3333333333333333
          3.5 0 1.3333333333333333
          3.6666666666666665 0 1.3333333333333333
          3.833333333333333 0 1.3333333333333333
          4 0 1.3333333333333333
          4.1666666666666661 0 1.3333333333333333
          4.333333333333333 0 1.3333333333333333
          4.5 0 1.3333333333333333
          4.6666666666666661 0 1.3333333333333333
          4.833333333333333 0 1.3333333333333333
          5 0 1.3333333333333333
          5.1666666666666661 0 1.3333333333333333
          5.333333333333333 0 1.3333333333333333
          5.5 0 1.3333333333333333
          5.6666666666666661 0 1.3333333333333333
          5.833333333333333 0 1.3333333333333333
          6 0 1.3333333333333333
          6.1666666666666661 0 1.3333333333333333
          6.333333333333333 0 1.3333333333333333
          6.5 0 1.3333333333333333
          6.6666666666666661 0 1.3333333333333333
          6.833333333333333 0 1.3333333333333333
          7 0 1.3333333333333333
          0 0.16666666666666666 1.3333333333333333
          0.16666666666666666 0.16666666666666666 1.3333333333333333
          0.33333333333333331 0.16666666666666666 1.3333333333333333
          0.5 0.16666666666666666 1.3333333333333333
          0.66666666666666663 0.16666666666666666 1.3333333333333333
          0.83333333333333326 0.16666666666666666 1.3333333333333333
          1 0.16666666666666666 1.3333333333333333
          1.1666666666666665 0.16666666666666666 1.3333333333333333
          1.3333333333333333 0.16666666666666666 1.3333333333333333
          1.5 0.16666666666666666 1.3333333333333333
          1.6666666666666665 0.16666666666666666 1.3333333333333333
          1.8333333333333333 0.16666666666666666 1.3333333333333333
          2 0.16666666666666666 1.3333333333333333
          2.1666666666666665 0.16666666666666666 1.3333333333333333
          2.333333333333333 0.16666666666666666 1.3333333333333333
          2.5 0.16666666666666666 1.3333333333333333
          2.6666666666666665 0.16666666666666666 1.3333333333333333
          2.833333333333333 0.16666666666666666 1.3333333333333333
          3 0.16666666666666666 1.3333333333333333
          3.1666666666666665 0.16666666666666666 1.3333333333333333
          3.333333333333333 0.16666666666666666 1.3333333333333333
          3.5 0.16666666666666666 1.3333333333333333
          3.6666666666666665 0.16666666666666666 1.3333333333333333
          3.833333333333333 0.16666666666666666 1.3333333333333333
          4 0.16666666666666666 1.3333333333333333
          4.1666666666666661 0.16666666666666666 1.3333333333333333
          4.333333333333333 0.16666666666666666 1.3333333333333333
          4.5 0.16666666666666666 1.3333333333333333
          4.6666666666666661 0.16666666666666666 1.3333333333333333
          4.833333333333333 0.16666666666666666 1.3333333333333333
          5 0.16666666666666666 1.3333333333333333
          5.1666666666666661 0.16666666666666666 1.3333333333333333
          5.333333333333333 0.16666666666666666 1.3333333333333333
          5.5 0.16666666666666666 1.3333333333333333
          5.6666666666666661 0.16666666666666666 1.3333333333333333
          5.833333333333333 0.16666666666666666 1.3333333333333333
          6 0.16666666666666666 1.3333333333333333
          6.1666666666666661 0.16666666666666666 1.3333333333333333
          6.333333333333333 0.16666666666666666 1.3333333333333333
          6.5 0.16666666666666666 1.3333333333333333
          6.6666666666666661 0.16666666666666666 1.3333333333333333
          6.833333333333333 0.16666666666666666 1.3333333333333333
          7 0.16666666666666666 1.3333333333333333
          0 0.33333333333333331 1.3333333333333333
          0.16666666666666666 0.33333333333333331 1.3333333333333333
          0.33333333333333331 0.33333333333333331 1.3333333333333333
          0.5 0.33333333333333331 1.3333333333333333
          0.66666666666666663 0.33333333333333331 1.3333333333333333
          0.83333333333333326 0.33333333333333331 1.3333333333333333
          1 0.33333333333333331 1.3333333333333333
          1.1666666666666665 0.33333333333333331 1.3333333333333333
          1.3333333333333333 0.33333333333333331 1.3333333333333333
          1.5 0.33333333333333331 1.3333333333333333
          1.6666666666666665 0.33333333333333331 1.3333333333333333
          1.8333333333333333 0.33333333333333331 1.3333333333333333
          2 0.33333333333333331 1.3333333333333333
          2.1666666666666665 0.33333333333333331 1.3333333333333333
          2.333333333333333 0.33333333333333331 1.3333333333333333
          2.5 0.33333333333333331 1.3333333333333333
          2.6666666666666665 0.33333333333333331 1.3333333333333333
          2.833333333333333 0.33333333333333331 1.3333333333333333
          3 0.33333333333333331 1.3333333333333333
          3.1666666666666665 0.33333333333333331 1.3333333333333333
          3.333333333333333 0.33333333333333331 1.3333333333333333
          3.5 0.33333333333333331 1.3333333333333333
          3.6666666666666665 0.33333333333333331 1.3333333333333333
          3.833333333333333 0.33333333333333331 1.3333333333333333
          4 0.33333333333333331 1.3333333333333333
          4.1666666666666661 0.33333333333333331 1.3333333333333333
          4.333333333333333 0.33333333333333331 1.3333333333333333
          4.5 0.33333333333333331 1.3333333333333333
          4.6666666666666661 0.33333333333333331 1.3333333333333333
          4.833333333333333 0.33333333333333331 1.3333333333333333
          5 0.33333333333333331 1.3333333333333333
          5.1666666666666661 0.33333333333333331 1.3333333333333333
          5.333333333333333 0.33333333333333331 1.3333333333333333
          5.5 0.33333333333333331 1.3333333333333333
          5.6666666666666661 0.33333333333333331 1.3333333333333333
          5.833333333333333 0.33333333333333331 1.3333333333333333
          6 0.33333333333333331 1.3333333333333333
          6.1666666666666661 0.33333333333333331 1.3333333333333333
          6.333333333333333 0.33333333333333331 1.3333333333333333
          6.5 0.33333333333333331 1.3333333333333333
          6.6666666666666661 0.33333333333333331 1.3333333333333333
          6.833333333333333 0.33333333333333331 1.3333333333333333
          7 0.33333333333333331 1.3333333333333333
          0 0.5 1.3333333333333333
          0.16666666666666666 0.5 1.3333333333333333
          0.33333333333333331 0.5 1.3333333333333333
          0.5 0.5 1.3333333333333333
          0.66666666666666663 0.5 1.3333333333333333
          0.83333333333333326 0.5 1.3333333333333333
          1 0.5 1.3333333333333333
          1.1666666666666665 0.5 1.3333333333333333
          1.3333333333333333 0.5 1.3333333333333333
          1.5 0.5 1.3333333333333333
          1.6666666666666665 0.5 1.3333333333333333
          1.8333333333333333 0.5 1.3333333333333333
          2 0.5 1.3333333333333333
          2.1666666666666665 0.5 1.3333333333333333
          2.333333333333333 0.5 1.3333333333333333
          2.5 0.5 1.3333333333333333
          2.6666666666666665 0.5 1.3333333333333333
          2.833333333333333 0.5 1.3333333333333333
          3 0.5 1.3333333333333333
          3.1666666666666665 0.5 1.3333333333333333
          3.333333333333333 0.5 1.3333333333333333
          3.5 0.5 1.3333333333333333
          3.6666666666666665 0.5 1.3333333333333333
          3.833333333333333 0.5 1.3333333333333333
          4 0.5 1.3333333333333333
          4.1666666666666661 0.5 1.3333333333333333
          4.333333333333333 0.5 1.3333333333333333
          4.5 0.5 1.3333333333333333
          4.6666666666666661 0.5 1.3333333333333333
          4.833333333333333 0.5 1.3333333333333333
          5 0.5 1.3333333333333333
          5.1666666666666661 0.5 1.3333333333333333
          5.333333333333333 0.5 1.3333333333333333
          5.5 0.5 1.3333333333333333
          5.6666666666666661 0.5 1.3333333333333333
          5.833333333333333 0.5 1.3333333333333333
          6 0.5 1.3333333333333333
          6.1666666666666661 0.5 1.3333333333333333
          6.333333333333333 0.5 1.3333333333333333
          6.5 0.5 1.3333333333333333
          6.6666666666666661 0.5 1.3333333333333333
          6.833333333333333 0.5 1.3333333333333333
          7 0.5 1.3333333333333333
          0 0.66666666666666663 1.3333333333333333
          0.16666666666666666 0.66666666666666663 1.3333333333333333
          0.33333333333333331 0.66666666666666663 1.3333333333333333
          0.5 0.66666666666666663 1.3333333333333333
          0.66666666666666663 0.66666666666666663 1.3333333333333333
          0.83333333333333326 0.66666666666666663 1.3333333333333333
          1 0.66666666666666663 1.3333333333333333
          1.1666666666666665 0.66666666666666663 1.3333333333333333
          1.3333333333333333 0.66666666666666663 1.3333333333333333
          1.5 0.66666666666666663 1.3333333333333333
          1.6666666666666665 0.66666666666666663 1.3333333333333333
          1.8333333333333333 0.66666666666666663 1.3333333333333333
          2 0.66666666666666663 1.3333333333333333
          2.1666666666666665 0.66666666666666663 1.3333333333333333
          2.333333333333333 0.66666666666666663 1.3333333333333333
          2.5 0.66666666666666663 1.3333333333333333
          2.6666666666666665 0.66666666666666663 1.3333333333333333
          2.833333333333333 0.66666666666666663 1.3333333333333333
          3 0.66666666666666663 1.3333333333333333
          3.1666666666666665 0.66666666666666663 1.3333333333333333
          3.333333333333333 0.66666666666666663 1.3333333333333333
          3.5 0.66666666666666663 1.3333333333333333
          3.6666666666666665 0.66666666666666663 1.3333333333333333
          3.833333333333333 0.66666666666666663 1.3333333333333333
          4 0.66666666666666663 1.3333333333333333
          4.1666666666666661 0.66666666666666663 1.3333333333333333
          4.333333333333333 0.66666666666666663 1.3333333333333333
          4.5 0.66666666666666663 1.3333333333333333
          4.6666666666666661 0.66666666666666663 1.3333333333333333
          4.833333333333333 0.66666666666666663 1.3333333333333333
          5 0.66666666666666663 1.3333333333333333
          5.1666666666666661 0.66666666666666663 1.3333333333333333
          5.333333333333333 0.66666666666666663 1.3333333333333333
          5.5 0.66666666666666663 1.3333333333333333
          5.6666666666666661 0.66666666666666663 1.3333333333333333
          5.833333333333333 0.66666666666666663 1.3333333333333333
          6 0.66666666666666663 1.3333333333333333
          6.1666666666666661 0.66666666666666663 1.3333333333333333
          6.333333333333333 0.66666666666666663 1.3333333333333333
          6.5 0.66666666666666663 1.3333333333333333
          6.6666666666666661 0.66666666666666663 1.3333333333333333
          6.833333333333333 0.66666666666666663 1.3333333333333333
          7 0.66666666666666663 1.3333333333333333
          0 0.83333333333333326 1.3333333333333333
          0.16666666666666666 0.83333333333333326 1.3333333333333333
          0.33333333333333331 0.83333333333333326 1.3333333333333333
          0.5 0.83333333333333326 1.3333333333333333
          0.66666666666666663 0.83333333333333326 1.3333333333333333
          0.83333333333333326 0.83333333333333326 1.3333333333333333
          1 0.83333333333333326 1.3333333333333333
          1.1666666666666665 0.83333333333333326 1.3333333333333333
          1.3333333333333333 0.83333333333333326 1.3333333333333333
          1.5 0.83333333333333326 1.3333333333333333
          1.6666666666666665 0.83333333333333326 1.3333333333333333
          1.8333333333333333 0.83333333333333326 1.3333333333333333
          2 0.83333333333333326 1.3333333333333333
          2.1666666666666665 0.83333333333333326 1.3333333333333333
          2.333333333333333 0.83333333333333326 1.3333333333333333
          2.5 0.83333333333333326 1.3333333333333333
          2.6666666666666665 0.83333333333333326 1.3333333333333333
          2.833333333333333 0.83333333333333326 1.3333333333333333
          3 0.83333333333333326 1.3333333333333333
          3.1666666666666665 0.83333333333333326 1.3333333333333333
          3.333333333333333 0.83333333333333326 1.3333333333333333
          3.5 0.83333333333333326 1.3333333333333333
          3.6666666666666665 0.83333333333333326 1.3333333333333333
          3.833333333333333 0.83333333333333326 1.3333333333333333
          4 0.83333333333333326 1.3333333333333333
          4.1666666666666661 0.83333333333333326 1.3333333333333333
          4.333333333333333 0.83333333333333326 1.3333333333333333
          4.5 0.83333333333333326 1.3333333333333333
          4.6666666666666661 0.83333333333333326 1.3333333333333333
          4.833333333333333 0.83333333333333326 1.3333333333333333
          5 0.83333333333333326 1.3333333333333333
          5.1666666666666661 0.83333333333333326 1.3333333333333333
          5.333333333333333 0.83333333333333326 1.3333333333333333
          5.5 0.83333333333333326 1.3333333333333333
          5.6666666666666661 0.83333333333333326 1.3333333333333333
          5.833333333333333 0.83333333333333326 1.3333333333333333
          6 0.83333333333333326 1.3333333333333333
          6.1666666666666661 0.83333333333333326 1.3333333333333333
          6.333333333333333 0.83333333333333326 1.3333333333333333
          6.5 0.83333333333333326 1.3333333333333333
          6.6666666666666661 0.83333333333333326 1.3333333333333333
          6.833333333333333 0.83333333333333326 1.3333333333333333
          7 0.83333333333333326 1.3333333333333333
          0 1 1.3333333333333333
          0.16666666666666666 1 1.3333333333333333
          0.33333333333333331 1 1.3333333333333333
          0.5 1 1.3333333333333333
          0.66666666666666663 1 1.3333333333333333
          0.83333333333333326 1 1.3333333333333333
          1 1 1.3333333333333333
          1.1666666666666665 1 1.3333333333333333
          1.3333333333333333 1 1.3333333333333333
          1.5 1 1.3333333333333333
          1.6666666666666665 1 1.3333333333333333
          1.8333333333333333 1 1.3333333333333333
          2 1 1.3333333333333333
          2.1666666666666665 1 1.3333333333333333
          2.333333333333333 1 1.3333333333333333
          2.5 1 1.3333333333333333
          2.6666666666666665 1 1.3333333333333333
          2.833333333333333 1 1.3333333333333333
          3 1 1.3333333333333333
          3.1666666666666665 1 1.3333333333333333
          3.333333333333333 1 1.3333333333333333
          3.5 1 1.3333333333333333
          3.6666666666666665 1 1.3333333333333333
          3.833333333333333 1 1.3333333333333333
          4 1 1.3333333333333333
          4.1666666666666661 1 1.3333333333333333
          4.333333333333333 1 1.3333333333333333
          4.5 1 1.3333333333333333
          4.6666666666666661 1 1.3333333333333333
          4.833333333333333 1 1.3333333333333333
          5 1 1.3333333333333333
          5.1666666666666661 1 1.3333333333333333
          5.333333333333333 1 1.3333333333333333
          5.5 1 1.3333333333333333
          5.6666666666666661 1 1.3333333333333333
          5.833333333333333 1 1.3333333333333333
          6 1 1.3333333333333333
          6.1666666666666661 1 1.3333333333333333
          6.333333333333333 1 1.3333333333333333
          6.5 1 1.3333333333333333
          6.6666666666666661 1 1.3333333333333333
          6.833333333333333 1 1.3333333333333333
          7 1 1.3333333333333333
          0 1.1666666666666665 1.3333333333333333
          0.16666666666666666 1.1666666666666665 1.3333333333333333
          0.33333333333333331 1.1666666666666665 1.3333333333333333
          0.5 1.1666666666666665 1.3333333333333333
          0.66666666666666663 1.1666666666666665 1.3333333333333333
          0.83333333333333326 1.1666666666666665 1.3333333333333333
          1 1.1666666666666665 1.3333333333333333
          1.1666666666666665 1.1666666666666665 1.3333333333333333
          1.3333333333333333 1.1666666666666665 1.3333333333333333
          1.5 1.1666666666666665 1.3333333333333333
          1.6666666666666665 1.1666666666666665 1.3333333333333333
          1.8333333333333333 1.1666666666666665 1.3333333333333333
          2 1.1666666666666665 1.3333333333333333
          2.1666666666666665 1.1666666666666665 1.3333333333333333
          2.333333333333333 1.1666666666666665 1.3333333333333333
          2.5 1.1666666666666665 1.3333333333333333
          2.6666666666666665 1.1666666666666665 1.3333333333333333
          2.833333333333333 1.1666666666666665 1.3333333333333333
          3 1.1666666666666665 1.3333333333333333
          3.1666666666666665 1.1666666666666665 1.3333333333333333
          3.333333333333333 1.1666666666666665 1.3333333333333333
          3.5 1.1666666666666665 1.3333333333333333
          3.6666666666666665 1.1666666666666665 1.3333333333333333
          3.833333333333333 1.1666666666666665 1.3333333333333333
          4 1.1666666666666665 1.3333333333333333
          4.1666666666666661 1.1666666666666665 1.3333333333333333
          4.333333333333333 1.1666666666666665 1.3333333333333333
          4.5 1.1666666666666665 1.3333333333333333
          4.6666666666666661 1.1666666666666665 1.3333333333333333
          4.833333333333333 1.1666666666666665 1.3333333333333333
          5 1.1666666666666665 1.3333333333333333
          5.1666666666666661 1.1666666666666665 1.3333333333333333
          5.333333333333333 1.1666666666666665 1.3333333333333333
          5.5 1.1666666666666665 1.3333333333333333
          5.6666666666666661 1.1666666666666665 1.3333333333333333
          5.833333333333333 1.1666666666666665 1.3333333333333333
          6 1.1666666666666665 1.3333333333333333
          6.1666666666666661 1.1666666666666665 1.3333333333333333
          6.333333333333333 1.1666666666666665 1.3333333333333333
          6.5 1.1666666666666665 1.3333333333333333
          6.6666666666666661 1.1666666666666665 1.3333333333333333
          6.833333333333333 1.1666666666666665 1.3333333333333333
          7 1.1666666666666665 1.3333333333333333
          0 1.3333333333333333 1.3333333333333333
          0.16666666666666666 1.3333333333333333 1.3333333333333333
          0.33333333333333331 1.3333333333333333 1.3333333333333333
          0.5 1.3333333333333333 1.3333333333333333
          0.66666666666666663 1.3333333333333333 1.3333333333333333
          0.83333333333333326 1.3333333333333333 1.3333333333333333
          1 1.3333333333333333 1.3333333333333333
          1.1666666666666665 1.3333333333333333 1.3333333333333333
          1.3333333333333333 1.3333333333333333 1.3333333333333333
          1.5 1.3333333333333333 1.3333333333333333
          1.6666666666666665 1.3333333333333333 1.3333333333333333
          1.8333333333333333 1.3333333333333333 1.3333333333333333
          2 1.3333333333333333 1.3333333333333333
          2.1666666666666665 1.3333333333333333 1.3333333333333333
          2.333333333333333 1.3333333333333333 1.3333333333333333
          2.5 1.3333333333333333 1.3333333333333333
          2.6666666666666665 1.3333333333333333 1.3333333333333333
          2.833333333333333 1.3333333333333333 1.3333333333333333
          3 1.3333333333333333 1.3333333333333333
          3.1666666666666665 1.3333333333333333 1.3333333333333333
          3.333333333333333 1.3333333333333333 1.3333333333333333
          3.5 1.3333333333333333 1.3333333333333333
          3.6666666666666665 1.3333333333333333 1.3333333333333333
          3.833333333333333 1.3333333333333333 1.3333333333333333
          4 1.3333333333333333 1.3333333333333333
          4.1666666666666661 1.3333333333333333 1.3333333333333333
          4.333333333333333 1.3333333333333333 1.3333333333333333
          4.5 1.3333333333333333 1.3333333333333333
          4.6666666666666661 1.3333333333333333 1.3333333333333333
          4.833333333333333 1.3333333333333333 1.3333333333333333
          5 1.3333333333333333 1.3333333333333333
          5.1666666666666661 1.3333333333333333 1.3333333333333333
          5.333333333333333 1.3333333333333333 1.3333333333333333
          5.5 1.3333333333333333 1.3333333333333333
          5.6666666666666661 1.3333333333333333 1.3333333333333333
          5.833333333333333 1.3333333333333333 1.3333333333333333
          6 1.3333333333333333 1.3333333333333333
          6.1666666666666661 1.3333333333333333 1.3333333333333333
          6.333333333333333 1.3333333333333333 1.3333333333333333
          6.5 1.3333333333333333 1.3333333333333333
          6.6666666666666661 1.3333333333333333 1.3333333333333333
          6.833333333333333 1.3333333333333333 1.3333333333333333
          7 1.3333333333333333 1.3333333333333333
          0 1.5 1.3333333333333333
          0.16666666666666666 1.5 1.3333333333333333
          0.33333333333333331 1.5 1.3333333333333333
          0.5 1.5 1.3333333333333333
          0.66666666666666663 1.5 1.3333333333333333
          0.83333333333333326 1.5 1.3333333333333333
          1 1.5 1.3333333333333333
          1.1666666666666665 1.5 1.3333333333333333
          1.3333333333333333 1.5 1.3333333333333333
          1.5 1.5 1.3333333333333333
          1.6666666666666665 1.5 1.3333333333333333
          1.8333333333333333 1.5 1.3333333333333333
          2 1.5 1.3333333333333333
          2.1666666666666665 1.5 1.3333333333333333
          2.333333333333333 1.5 1.3333333333333333
          2.5 1.5 1.3333333333333333
          2.6666666666666665 1.5 1.3333333333333333
          2.833333333333333 1.5 1.3333333333333333
          3 1.5 1.3333333333333333
          3.1666666666666665 1.5 1.3333333333333333
          3.333333333333333 1.5 1.3333333333333333
          3.5 1.5 1.3333333333333333
          3.6666666666666665 1.5 1.3333333333333333
          3.833333333333333 1.5 1.3333333333333333
          4 1.5 1.3333333333333333
          4.1666666666666661 1.5 1.3333333333333333
          4.333333333333333 1.5 1.3333333333333333
          4.5 1.5 1.3333333333333333
          4.6666666666666661 1.5 1.3333333333333333
          4.833333333333333 1.5 1.3333333333333333
          5 1.5 1.3333333333333333
          5.1666666666666661 1.5 1.3333333333333333
          5.333333333333333 1.5 1.3333333333333333
          5.5 1.5 1.3333333333333333
          5.6666666666666661 1.5 1.3333333333333333
          5.833333333333333 1.5 1.3333333333333333
          6 1.5 1.3333333333333333
          6.1666666666666661 1.5 1.3333333333333333
          6.333333333333333 1.5 1.3333333333333333
          6.5 1.5 1.3333333333333333
          6.6666666666666661 1.5 1.3333333333333333
          6.833333333333333 1.5 1.3333333333333333
          7 1.5 1.3333333333333333
          0 1.6666666666666665 1.3333333333333333
          0.16666666666666666 1.6666666666666665 1.3333333333333333
          0.33333333333333331 1.6666666666666665 1.3333333333333333
          0.5 1.6666666666666665 1.3333333333333333
          0.66666666666666663 1.6666666666666665 1.3333333333333333
          0.83333333333333326 1.6666666666666665 1.3333333333333333
          1 1.6666666666666665 1.3333333333333333
          1.1666666666666665 1.6666666666666665 1.3333333333333333
          1.3333333333333333 1.6666666666666665 1.3333333333333333
          1.5 1.6666666666666665 1.3333333333333333
          1.6666666666666665 1.6666666666666665 1.3333333333333333
          1.8333333333333333 1.6666666666666665 1.3333333333333333
          2 1.6666666666666665 1.3333333333333333
          2.1666666666666665 1.6666666666666665 1.3333333333333333
          2.333333333333333 1.6666666666666665 1.3333333333333333
          2.5 1.6666666666666665 1.3333333333333333
          2.6666666666666665 1.6666666666666665 1.3333333333333333
          2.833333333333333 1.6666666666666665 1.3333333333333333
          3 1.6666666666666665 1.3333333333333333
          3.1666666666666665 1.6666666666666665 1.3333333333333333
          3.333333333333333 1.6666666666666665 1.3333333333333333
          3.5 1.6666666666666665 1.3333333333333333
          3.6666666666666665 1.6666666666666665 1.3333333333333333
          3.833333333333333 1.6666666666666665 1.3333333333333333
          4 1.6666666666666665 1.3333333333333333
          4.1666666666666661 1.6666666666666665 1.3333333333333333
          4.333333333333333 1.6666666666666665 1.3333333333333333
          4.5 1.6666666666666665 1.3333333333333333
          4.6666666666666661 1.6666666666666665 1.3333333333333333
          4.833333333333333 1.6666666666666665 1.3333333333333333
          5 1.6666666666666665 1.3333333333333333
          5.1666666666666661 1.6666666666666665 1.3333333333333333
          5.333333333333333 1.6666666666666665 1.3333333333333333
          5.5 1.6666666666666665 1.3333333333333333
          5.6666666666666661 1.6666666666666665 1.3333333333333333
          5.833333333333333 1.6666666666666665 1.3333333333333333
          6 1.6666666666666665 1.3333333333333333
          6.1666666666666661 1.6666666666666665 1.3333333333333333
          6.333333333333333 1.6666666666666665 1.3333333333333333
          6.5 1.6666666666666665 1.3333333333333333
          6.6666666666666661 1.6666666666666665 1.3333333333333333
          6.833333333333333 1.6666666666666665 1.3333333333333333
          7 1.6666666666666665 1.3333333333333333
          0 1.8333333333333333 1.3333333333333333
          0.16666666666666666 1.8333333333333333 1.3333333333333333
          0.33333333333333331 1.8333333333333333 1.3333333333333333
          0.5 1.8333333333333333 1.3333333333333333
          0.66666666666666663 1.8333333333333333 1.3333333333333333
          0.83333333333333326 1.8333333333333333 1.3333333333333333
          1 1.8333333333333333 1.3333333333333333
          1.1666666666666665 1.8333333333333333 1.3333333333333333
          1.3333333333333333 1.8333333333333333 1.3333333333333333
          1.5 1.8333333333333333 1.3333333333333333
          1.6666666666666665 1.8333333333333333 1.3333333333333333
          1.8333333333333333 1.8333333333333333 1.3333333333333333
          2 1.8333333333333333 1.3333333333333333
          2.1666666666666665 1.8333333333333333 1.3333333333333333
          2.333333333333333 1.8333333333333333 1.3333333333333333
          2.5 1.8333333333333333 1.3333333333333333
          2.6666666666666665 1.8333333333333333 1.3333333333333333
          2.833333333333333 1.8333333333333333 1.3333333333333333
          3 1.8333333333333333 1.3333333333333333
          3.1666666666666665 1.8333333333333333 1.3333333333333333
          3.333333333333333 1.8333333333333333 1.3333333333333333
          3.5 1.8333333333333333 1.3333333333333333
          3.6666666666666665 1.8333333333333333 1.3333333333333333
          3.833333333333333 1.8333333333333333 1.3333333333333333
          4 1.8333333333333333 1.3333333333333333
          4.1666666666666661 1.8333333333333333 1.3333333333333333
          4.333333333333333 1.8333333333333333 1.3333333333333333
          4.5 1.8333333333333333 1.3333333333333333
          4.6666666666666661 1.8333333333333333 1.3333333333333333
          4.833333333333333 1.8333333333333333 1.3333333333333333
          5 1.8333333333333333 1.3333333333333333
          5.1666666666666661 1.8333333333333333 1.3333333333333333
          5.333333333333333 1.8333333333333333 1.3333333333333333
          5.5 1.8333333333333333 1.3333333333333333
          5.6666666666666661 1.8333333333333333 1.3333333333333333
          5.833333333333333 1.8333333333333333 1.3333333333333333
          6 1.8333333333333333 1.3333333333333333
          6.1666666666666661 1.8333333333333333 1.3333333333333333
          6.333333333333333 1.8333333333333333 1.3333333333333333
          6.5 1.8333333333333333 1.3333333333333333
          6.6666666666666661 1.8333333333333333 1.3333333333333333
          6.833333333333333 1.8333333333333333 1.3333333333333333
          7 1.8333333333333333 1.3333333333333333
          0 2 1.3333333333333333
          0.16666666666666666 2 1.3333333333333333
          0.33333333333333331 2 1.3333333333333333
          0.5 2 1.3333333333333333
          0.66666666666666663 2 1.3333333333333333
          0.83333333333333326 2 1.3333333333333333
          1 2 1.3333333333333333
          1.1666666666666665 2 1.3333333333333333
          1.3333333333333333 2 1.3333333333333333
          1.5 2 1.3333333333333333
          1.6666666666666665 2 1.3333333333333333
          1.8333333333333333 2 1.3333333333333333
          2 2 1.3333333333333333
          2.1666666666666665 2 1.3333333333333333
          2.333333333333333 2 1.3333333333333333
          2.5 2 1.3333333333333333
          2.6666666666666665 2 1.3333333333333333
          2.833333333333333 2 1.3333333333333333
          3 2 1.3333333333333333
          3.1666666666666665 2 1.3333333333333333
          3.333333333333333 2 1.3333333333333333
          3.5 2 1.3333333333333333
          3.6666666666666665 2 1.3333333333333333
          3.833333333333333 2 1.3333333333333333
          4 2 1.3333333333333333
          4.1666666666666661 2 1.3333333333333333
          4.333333333333333 2 1.3333333333333333
          4.5 2 1.3333333333333333
          4.6666666666666661 2 1.3333333333333333
          4.833333333333333 2 1.3333333333333333
          5 2 1.3333333333333333
          5.1666666666666661 2 1.3333333333333333
          5.333333333333333 2 1.3333333333333333
          5.5 2 1.3333333333333333
          5.6666666666666661 2 1.3333333333333333
          5.833333333333333 2 1.3333333333333333
          6 2 1.3333333333333333
          6.1666666666666661 2 1.3333333333333333
          6.333333333333333 2 1.3333333333333333
          6.5 2 1.3333333333333333
          6.6666666666666661 2 1.3333333333333333
          6.833333333333333 2 1.3333333333333333
          7 2 1.3333333333333333
          0 2.1666666666666665 1.3333333333333333
          0.16666666666666666 2.1666666666666665 1.3333333333333333
          0.33333333333333331 2.1666666666666665 1.3333333333333333
          0.5 2.1666666666666665 1.3333333333333333
          0.66666666666666663 2.1666666666666665 1.3333333333333333
          0.83333333333333326 2.1666666666666665 1.3333333333333333
          1 2.1666666666666665 1.3333333333333333
          1.1666666666666665 2.1666666666666665 1.3333333333333333
          1.3333333333333333 2.1666666666666665 1.3333333333333333
          1.5 2.1666666666666665 1.3333333333333333
          1.6666666666666665 2.1666666666666665 1.3333333333333333
          1.8333333333333333 2.1666666666666665 1.3333333333333333
          2 2.1666666666666665 1.3333333333333333
          2.1666666666666665 2.1666666666666665 1.3333333333333333
          2.333333333333333 2.1666666666666665 1.3333333333333333
          2.5 2.1666666666666665 1.3333333333333333
          2.6666666666666665 2.1666666666666665 1.3333333333333333
          2.833333333333333 2.1666666666666665 1.3333333333333333
          3 2.1666666666666665 1.3333333333333333
          3.1666666666666665 2.1666666666666665 1.3333333333333333
          3.333333333333333 2.1666666666666665 1.3333333333333333
          3.5 2.1666666666666665 1.3333333333333333
          3.6666666666666665 2.1666666666666665 1.3333333333333333
          3.833333333333333 2.1666666666666665 1.3333333333333333
          4 2.1666666666666665 1.3333333333333333
          4.1666666666666661 2.1666666666666665 1.3333333333333333
          4.333333333333333 2.1666666666666665 1.3333333333333333
          4.5 2.1666666666666665 1.3333333333333333
          4.6666666666666661 2.1666666666666665 1.3333333333333333
          4.833333333333333 2.1666666666666665 1.3333333333333333
          5 2.1666666666666665 1.3333333333333333
          5.1666666666666661 2.1666666666666665 1.3333333333333333
          5.333333333333333 2.1666666666666665 1.3333333333333333
          5.5 2.1666666666666665 1.3333333333333333
          5.6666666666666661 2.1666666666666665 1.3333333333333333
          5.833333333333333 2.1666666666666665 1.3333333333333333
          6 2.1666666666666665 1.3333333333333333
          6.1666666666666661 2.1666666666666665 1.3333333333333333
          6.333333333333333 2.1666666666666665 1.3333333333333333
          6.5 2.1666666666666665 1.3333333333333333
          6.6666666666666661 2.1666666666666665 1.3333333333333333
          6.833333333333333 2.1666666666666665 1.3333333333333333
          7 2.1666666666666665 1.3333333333333333
          0 2.333333333333333 1.3333333333333333
          0.16666666666666666 2.333333333333333 1.3333333333333333
          0.33333333333333331 2.333333333333333 1.3333333333333333
          0.5 2.333333333333333 1.3333333333333333
          0.66666666666666663 2.333333333333333 1.3333333333333333
          0.83333333333333326 2.333333333333333 1.3333333333333333
          1 2.333333333333333 1.3333333333333333
          1.1666666666666665 2.333333333333333 1.3333333333333333
          1.3333333333333333 2.333333333333333 1.3333333333333333
          1.5 2.333333333333333 1.3333333333333333
          1.6666666666666665 2.333333333333333 1.3333333333333333
          1.8333333333333333 2.333333333333333 1.3333333333333333
          2 2.333333333333333 1.3333333333333333
          2.1666666666666665 2.333333333333333 1.3333333333333333
          2.333333333333333 2.333333333333333 1.3333333333333333
          2.5 2.333333333333333 1.3333333333333333
          2.6666666666666665 2.333333333333333 1.3333333333333333
          2.833333333333333 2.333333333333333 1.3333333333333333
          3 2.333333333333333 1.3333333333333333
          3.1666666666666665 2.333333333333333 1.3333333333333333
          3.333333333333333 2.333333333333333 1.3333333333333333
          3.5 2.333333333333333 1.3333333333333333
          3.6666666666666665 2.333333333333333 1.3333333333333333
          3.833333333333333 2.333333333333333 1.3333333333333333
          4 2.333333333333333 1.3333333333333333
          4.1666666666666661 2.333333333333333 1.3333333333333333
          4.333333333333333 2.333333333333333 1.3333333333333333
          4.5 2.333333333333333 1.3333333333333333
          4.6666666666666661 2.333333333333333 1.3333333333333333
          4.833333333333333 2.333333333333333 1.3333333333333333
          5 2.333333333333333 1.3333333333333333
          5.1666666666666661 2.333333333333333 1.3333333333333333
          5.333333333333333 2.333333333333333 1.3333333333333333
          5.5 2.333333333333333 1.3333333333333333
          5.6666666666666661 2.333333333333333 1.3333333333333333
          5.833333333333333 2.333333333333333 1.3333333333333333
          6 2.333333333333333 1.3333333333333333
          6.1666666666666661 2.333333333333333 1.3333333333333333
          6.333333333333333 2.333333333333333 1.3333333333333333
          6.5 2.333333333333333 1.3333333333333333
          6.6666666666666661 2.333333333333333 1.3333333333333333
          6.833333333333333 2.333333333333333 1.3333333333333333
          7 2.333333333333333 1.3333333333333333
          0 2.5 1.3333333333333333
          0.16666666666666666 2.5 1.3333333333333333
          0.33333333333333331 2.5 1.3333333333333333
          0.5 2.5 1.3333333333333333
          0.66666666666666663 2.5 1.3333333333333333
          0.83333333333333326 2.5 1.3333333333333333
          1 2.5 1.3333333333333333
          1.1666666666666665 2.5 1.3333333333333333
          1.3333333333333333 2.5 1.3333333333333333
          1.5 2.5 1.3333333333333333
          1.6666666666666665 2.5 1.3333333333333333
          1.8333333333333333 2.5 1.3333333333333333
          2 2.5 1.3333333333333333
          2.1666666666666665 2.5 1.3333333333333333
          2.333333333333333 2.5 1.3333333333333333
          2.5 2.5 1.3333333333333333
          2.6666666666666665 2.5 1.3333333333333333
          2.833333333333333 2.5 1.3333333333333333
          3 2.5 1.3333333333333333
          3.1666666666666665 2.5 1.3333333333333333
          3.333333333333333 2.5 1.3333333333333333
          3.5 2.5 1.3333333333333333
          3.6666666666666665 2.5 1.3333333333333333
          3.833333333333333 2.5 1.3333333333333333
          4 2.5 1.3333333333333333
          4.1666666666666661 2.5 1.3333333333333333
          4.333333333333333 2.5 1.3333333333333333
          4.5 2.5 1.3333333333333333
          4.6666666666666661 2.5 1.3333333333333333
          4.833333333333333 2.5 1.3333333333333333
          5 2.5 1.3333333333333333
          5.1666666666666661 2.5 1.3333333333333333
          5.333333333333333 2.5 1.3333333333333333
          5.5 2.5 1.3333333333333333
          5.6666666666666661 2.5 1.3333333333333333
          5.833333333333333 2.5 1.3333333333333333
          6 2.5 1.3333333333333333
          6.1666666666666661 2.5 1.3333333333333333
          6.333333333333333 2.5 1.3333333333333333
          6.5 2.5 1.3333333333333333
          6.6666666666666661 2.5 1.3333333333333333
          6.833333333333333 2.5 1.3333333333333333
          7 2.5 1.3333333333333333
          0 2.6666666666666665 1.3333333333333333
          0.16666666666666666 2.6666666666666665 1.3333333333333333
          0.33333333333333331 2.6666666666666665 1.3333333333333333
          0.5 2.6666666666666665 1.3333333333333333
          0.66666666666666663 2.6666666666666665 1.3333333333333333
          0.83333333333333326 2.6666666666666665 1.3333333333333333
          1 2.6666666666666665 1.3333333333333333
          1.1666666666666665 2.6666666666666665 1.3333333333333333
          1.3333333333333333 2.6666666666666665 1.3333333333333333
          1.5 2.6666666666666665 1.3333333333333333
          1.6666666666666665 2.6666666666666665 1.3333333333333333
          1.8333333333333333 2.6666666666666665 1.3333333333333333
          2 2.6666666666666665 1.3333333333333333
          2.1666666666666665 2.6666666666666665 1.3333333333333333
          2.333333333333333 2.6666666666666665 1.3333333333333333
          2.5 2.6666666666666665 1.3333333333333333
          2.6666666666666665 2.6666666666666665 1.3333333333333333
          2.833333333333333 2.6666666666666665 1.3333333333333333
          3 2.6666666666666665 1.3333333333333333
          3.1666666666666665 2.6666666666666665 1.3333333333333333
          3.333333333333333 2.6666666666666665 1.3333333333333333
          3.5 2.6666666666666665 1.3333333333333333
          3.6666666666666665 2.6666666666666665 1.3333333333333333
          3.833333333333333 2.6666666666666665 1.3333333333333333
          4 2.6666666666666665 1.3333333333333333
          4.1666666666666661 2.6666666666666665 1.3333333333333333
          4.333333333333333 2.6666666666666665 1.3333333333333333
          4.5 2.6666666666666665 1.3333333333333333
          4.6666666666666661 2.6666666666666665 1.3333333333333333
          4.833333333333333 2.6666666666666665 1.3333333333333333
          5 2.6666666666666665 1.3333333333333333
          5.1666666666666661 2.6666666666666665 1.3333333333333333
          5.333333333333333 2.6666666666666665 1.3333333333333333
          5.5 2.6666666666666665 1.3333333333333333
          5.6666666666666661 2.6666666666666665 1.3333333333333333
          5.833333333333333 2.6666666666666665 1.3333333333333333
          6 2.6666666666666665 1.3333333333333333
          6.1666666666666661 2.6666666666666665 1.3333333333333333
          6.333333333333333 2.6666666666666665 1.3333333333333333
          6.5 2.6666666666666665 1.3333333333333333
          6.6666666666666661 2.6666666666666665 1.3333333333333333
          6.833333333333333 2.6666666666666665 1.3333333333333333
          7 2.6666666666666665 1.3333333333333333
          0 2.833333333333333 1.3333333333333333
          0.16666666666666666 2.833333333333333 1.3333333333333333
          0.33333333333333331 2.833333333333333 1.3333333333333333
          0.5 2.833333333333333 1.3333333333333333
          0.66666666666666663 2.833333333333333 1.3333333333333333
          0.83333333333333326 2.833333333333333 1.3333333333333333
          1 2.833333333333333 1.3333333333333333
          1.1666666666666665 2.833333333333333 1.3333333333333333
          1.3333333333333333 2.833333333333333 1.3333333333333333
          1.5 2.833333333333333 1.3333333333333333
          1.6666666666666665 2.833333333333333 1.3333333333333333
          1.8333333333333333 2.833333333333333 1.3333333333333333
          2 2.833333333333333 1.3333333333333333
          2.1666666666666665 2.833333333333333 1.3333333333333333
          2.333333333333333 2.833333333333333 1.3333333333333333
          2.5 2.833333333333333 1.3333333333333333
          2.6666666666666665 2.833333333333333 1.3333333333333333
          2.833333333333333 2.833333333333333 1.3333333333333333
          3 2.833333333333333 1.3333333333333333
          3.1666666666666665 2.833333333333333 1.3333333333333333
          3.333333333333333 2.833333333333333 1.3333333333333333
          3.5 2.833333333333333 1.3333333333333333
          3.6666666666666665 2.833333333333333 1.3333333333333333
          3.833333333333333 2.833333333333333 1.3333333333333333
          4 2.833333333333333 1.3333333333333333
          4.1666666666666661 2.833333333333333 1.3333333333333333
          4.333333333333333 2.833333333333333 1.3333333333333333
          4.5 2.833333333333333 1.3333333333333333
          4.6666666666666661 2.833333333333333 1.3333333333333333
          4.833333333333333 2.833333333333333 1.3333333333333333
          5 2.833333333333333 1.3333333333333333
          5.1666666666666661 2.833333333333333 1.3333333333333333
          5.333333333333333 2.833333333333333 1.3333333333333333
          5.5 2.833333333333333 1.3333333333333333
          5.6666666666666661 2.833333333333333 1.3333333333333333
          5.833333333333333 2.833333333333333 1.3333333333333333
          6 2.833333333333333 1.3333333333333333
          6.1666666666666661 2.833333333333333 1.3333333333333333
          6.333333333333333 2.833333333333333 1.3333333333333333
          6.5 2.833333333333333 1.3333333333333333
          6.6666666666666661 2.833333333333333 1.3333333333333333
          6.833333333333333 2.833333333333333 1.3333333333333333
          7 2.833333333333333 1.3333333333333333
          0 3 1.3333333333333333
          0.16666666666666666 3 1.3333333333333333
          0.33333333333333331 3 1.3333333333333333
          0.5 3 1.3333333333333333
          0.66666666666666663 3 1.3333333333333333
          0.83333333333333326 3 1.3333333333333333
          1 3 1.3333333333333333
          1.1666666666666665 3 1.3333333333333333
          1.3333333333333333 3 1.3333333333333333
          1.5 3 1.3333333333333333
          1.6666666666666665 3 1.3333333333333333
          1.8333333333333333 3 1.3333333333333333
          2 3 1.3333333333333333
          2.1666666666666665 3 1.3333333333333333
          2.333333333333333 3 1.3333333333333333
          2.5 3 1.3333333333333333
          2.6666666666666665 3 1.3333333333333333
          2.833333333333333 3 1.3333333333333333
          3 3 1.3333333333333333
          3.1666666666666665 3 1.3333333333333333
          3.333333333333333 3 1.3333333333333333
          3.5 3 1.3333333333333333
          3.6666666666666665 3 1.3333333333333333
          3.833333333333333 3 1.3333333333333333
          4 3 1.3333333333333333
          4.1666666666666661 3 1.3333333333333333
          4.333333333333333 3 1.3333333333333333
          4.5 3 1.3333333333333333
          4.6666666666666661 3 1.3333333333333333
          4.833333333333333 3 1.3333333333333333
          5 3 1.3333333333333333
          5.1666666666666661 3 1.3333333333333333
          5.333333333333333 3 1.3333333333333333
          5.5 3 1.3333333333333333
          5.6666666666666661 3 1.3333333333333333
          5.833333333333333 3 1.3333333333333333
          6 3 1.3333333333333333
          6.1666666666666661 3 1.3333333333333333
          6.333333333333333 3 1.3333333333333333
          6.5 3 1.3333333333333333
          6.6666666666666661 3 1.3333333333333333
          6.833333333333333 3 1.3333333333333333
          7 3 1.3333333333333333
          0 0 1.5
          0.16666666666666666 0 1.5
          0.33333333333333331 0 1.5
          0.5 0 1.5
          0.66666666666666663 0 1.5
          0.83333333333333326 0 1.5
          1 0 1.5
          1.1666666666666665 0 1.5
          1.3333333333333333 0 1.5
          1.5 0 1.5
          1.6666666666666665 0 1.5
          1.8333333333333333 0 1.5
          2 0 1.5
          2.1666666666666665 0 1.5
          2.333333333333333 0 1.5
          2.5 0 1.5
          2.6666666666666665 0 1.5
          2.833333333333333 0 1.5
          3 0 1.5
          3.1666666666666665 0 1.5
          3.333333333333333 0 1.5
          3.5 0 1.5
          3.6666666666666665 0 1.5
          3.833333333333333 0 1.5
          4 0 1.5
          4.1666666666666661 0 1.5
          4.333333333333333 0 1.5
          4.5 0 1.5
          4.6666666666666661 0 1.5
          4.833333333333333 0 1.5
          5 0 1.5
          5.1666666666666661 0 1.5
          5.333333333333333 0 1.5
          5.5 0 1.5
          5.6666666666666661 0 1.5
          5.833333333333333 0 1.5
          6 0 1.5
          6.1666666666666661 0 1.5
          6.333333333333333 0 1.5
          6.5 0 1.5
          6.6666666666666661 0 1.5
          6.833333333333333 0 1.5
          7 0 1.5
          0 0.16666666666666666 1.5
          0.16666666666666666 0.16666666666666666 1.5
          0.33333333333333331 0.16666666666666666 1.5
          0.5 0.16666666666666666 1.5
          0.66666666666666663 0.16666666666666666 1.5
          0.83333333333333326 0.16666666666666666 1.5
          1 0.16666666666666666 1.5
          1.1666666666666665 0.16666666666666666 1.5
          1.3333333333333333 0.16666666666666666 1.5
          1.5 0.16666666666666666 1.5
          1.6666666666666665 0.16666666666666666 1.5
          1.8333333333333333 0.16666666666666666 1.5
          2 0.16666666666666666 1.5
          2.1666666666666665 0.16666666666666666 1.5
          2.333333333333333 0.16666666666666666 1.5
          2.5 0.16666666666666666 1.5
          2.6666666666666665 0.16666666666666666 1.5
          2.833333333333333 0.16666666666666666 1.5
          3 0.16666666666666666 1.5
          3.1666666666666665 0.16666666666666666 1.5
          3.333333333333333 0.16666666666666666 1.5
          3.5 0.16666666666666666 1.5
          3.6666666666666665 0.16666666666666666 1.5
          3.833333333333333 0.16666666666666666 1.5
          4 0.16666666666666666 1.5
          4.1666666666666661 0.16666666666666666 1.5
          4.333333333333333 0.16666666666666666 1.5
          4.5 0.16666666666666666 1.5
          4.6666666666666661 0.16666666666666666 1.5
          4.833333333333333 0.16666666666666666 1.5
          5 0.16666666666666666 1.5
          5.1666666666666661 0.16666666666666666 1.5
          5.333333333333333 0.16666666666666666 1.5
          5.5 0.16666666666666666 1.5
          5.6666666666666661 0.16666666666666666 1.5
          5.833333333333333 0.16666666666666666 1.5
          6 0.16666666666666666 1.5
          6.1666666666666661 0.16666666666666666 1.5
          6.333333333333333 0.16666666666666666 1.5
          6.5 0.16666666666666666 1.5
          6.6666666666666661 0.16666666666666666 1.5
          6.833333333333333 0.16666666666666666 1.5
          7 0.16666666666666666 1.5
          0 0.33333333333333331 1.5
          0.16666666666666666 0.33333333333333331 1.5
          0.33333333333333331 0.33333333333333331 1.5
          0.5 0.33333333333333331 1.5
          0.66666666666666663 0.33333333333333331 1.5
          0.83333333333333326 0.33333333333333331 1.5
          1 0.33333333333333331 1.5
          1.1666666666666665 0.33333333333333331 1.5
          1.3333333333333333 0.33333333333333331 1.5
          1.5 0.33333333333333331 1.5
          1.6666666666666665 0.33333333333333331 1.5
          1.8333333333333333 0.33333333333333331 1.5
          2 0.33333333333333331 1.5
          2.1666666666666665 0.33333333333333331 1.5
          2.333333333333333 0.33333333333333331 1.5
          2.5 0.33333333333333331 1.5
          2.6666666666666665 0.33333333333333331 1.5
          2.833333333333333 0.33333333333333331 1.5
          3 0.33333333333333331 1.5
          3.1666666666666665 0.33333333333333331 1.5
          3.333333333333333 0.33333333333333331 1.5
          3.5 0.33333333333333331 1.5
          3.6666666666666665 0.33333333333333331 1.5
          3.833333333333333 0.33333333333333331 1.5
          4 0.33333333333333331 1.5
          4.1666666666666661 0.33333333333333331 1.5
          4.333333333333333 0.33333333333333331 1.5
          4.5 0.33333333333333331 1.5
          4.6666666666666661 0.33333333333333331 1.5
          4.833333333333333 0.33333333333333331 1.5
          5 0.33333333333333331 1.5
          5.1666666666666661 0.33333333333333331 1.5
          5.333333333333333 0.33333333333333331 1.5
          5.5 0.33333333333333331 1.5
          5.6666666666666661 0.33333333333333331 1.5
          5.833333333333333 0.33333333333333331 1.5
          6 0.33333333333333331 1.5
          6.1666666666666661 0.33333333333333331 1.5
          6.333333333333333 0.33333333333333331 1.5
          6.5 0.33333333333333331 1.5
          6.6666666666666661 0.33333333333333331 1.5
          6.833333333333333 0.33333333333333331 1.5
          7 0.33333333333333331 1.5
          0 0.5 1.5
          0.16666666666666666 0.5 1.5
          0.33333333333333331 0.5 1.5
          0.5 0.5 1.5
          0.66666666666666663 0.5 1.5
          0.83333333333333326 0.5 1.5
          1 0.5 1.5
          1.1666666666666665 0.5 1.5
          1.3333333333333333 0.5 1.5
          1.5 0.5 1.5
          1.6666666666666665 0.5 1.5
          1.8333333333333333 0.5 1.5
          2 0.5 1.5
          2.1666666666666665 0.5 1.5
          2.333333333333333 0.5 1.5
          2.5 0.5 1.5
          2.6666666666666665 0.5 1.5
          2.833333333333333 0.5 1.5
          3 0.5 1.5
          3.1666666666666665 0.5 1.5
          3.333333333333333 0.5 1.5
          3.5 0.5 1.5
          3.6666666666666665 0.5 1.5
          3.833333333333333 0.5 1.5
          4 0.5 1.5
          4.1666666666666661 0.5 1.5
          4.333333333333333 0.5 1.5
          4.5 0.5 1.5
          4.6666666666666661 0.5 1.5
          4.833333333333333 0.5 1.5
          5 0.5 1.5
          5.1666666666666661 0.5 1.5
          5.333333333333333 0.5 1.5
          5.5 0.5 1.5
          5.6666666666666661 0.5 1.5
          5.833333333333333 0.5 1.5
          6 0.5 1.5
          6.1666666666666661 0.5 1.5
          6.333333333333333 0.5 1.5
          6.5 0.5 1.5
          6.6666666666666661 0.5 1.5
          6.833333333333333 0.5 1.5
          7 0.5 1.5
          0 0.66666666666666663 1.5
          0.16666666666666666 0.66666666666666663 1.5
          0.33333333333333331 0.66666666666666663 1.5
          0.5 0.66666666666666663 1.5
          0.66666666666666663 0.66666666666666663 1.5
          0.83333333333333326 0.66666666666666663 1.5
          1 0.66666666666666663 1.5
          1.1666666666666665 0.66666666666666663 1.5
          1.3333333333333333 0.66666666666666663 1.5
          1.5 0.66666666666666663 1.5
          1.6666666666666665 0.66666666666666663 1.5
          1.8333333333333333 0.66666666666666663 1.5
          2 0.66666666666666663 1.5
          2.1666666666666665 0.66666666666666663 1.5
          2.333333333333333 0.66666666666666663 1.5
          2.5 0.66666666666666663 1.5
          2.6666666666666665 0.66666666666666663 1.5
          2.833333333333333 0.66666666666666663 1.5
          3 0.66666666666666663 1.5
          3.1666666666666665 0.66666666666666663 1.5
          3.333333333333333 0.66666666666666663 1.5
          3.5 0.66666666666666663 1.5
          3.6666666666666665 0.66666666666666663 1.5
          3.833333333333333 0.66666666666666663 1.5
          4 0.66666666666666663 1.5
          4.1666666666666661 0.66666666666666663 1.5
          4.333333333333333 0.66666666666666663 1.5
          4.5 0.66666666666666663 1.5
          4.6666666666666661 0.66666666666666663 1.5
          4.833333333333333 0.66666666666666663 1.5
          5 0.66666666666666663 1.5
          5.1666666666666661 0.66666666666666663 1.5
          5.333333333333333 0.66666666666666663 1.5
          5.5 0.66666666666666663 1.5
          5.6666666666666661 0.66666666666666663 1.5
          5.833333333333333 0.66666666666666663 1.5
          6 0.66666666666666663 1.5
          6.1666666666666661 0.66666666666666663 1.5
          6.333333333333333 0.66666666666666663 1.5
          6.5 0.66666666666666663 1.5
          6.6666666666666661 0.66666666666666663 1.5
          6.833333333333333 0.66666666666666663 1.5
          7 0.66666666666666663 1.5
          0 0.83333333333333326 1.5
          0.16666666666666666 0.83333333333333326 1.5
          0.33333333333333331 0.83333333333333326 1.5
          0.5 0.83333333333333326 1.5
          0.66666666666666663 0.83333333333333326 1.5
          0.83333333333333326 0.83333333333333326 1.5
          1 0.83333333333333326 1.5
          1.1666666666666665 0.83333333333333326 1.5
          1.3333333333333333 0.83333333333333326 1.5
          1.5 0.83333333333333326 1.5
          1.6666666666666665 0.83333333333333326 1.5
          1.8333333333333333 0.83333333333333326 1.5
          2 0.83333333333333326 1.5
          2.1666666666666665 0.83333333333333326 1.5
          2.333333333333333 0.83333333333333326 1.5
          2.5 0.83333333333333326 1.5
          2.6666666666666665 0.83333333333333326 1.5
          2.833333333333333 0.83333333333333326 1.5
          3 0.83333333333333326 1.5
          3.1666666666666665 0.83333333333333326 1.5
          3.333333333333333 0.83333333333333326 1.5
          3.5 0.83333333333333326 1.5
          3.6666666666666665 0.83333333333333326 1.5
          3.833333333333333 0.83333333333333326 1.5
          4 0.83333333333333326 1.5
          4.1666666666666661 0.83333333333333326 1.5
          4.333333333333333 0.83333333333333326 1.5
          4.5 0.83333333333333326 1.5
          4.6666666666666661 0.83333333333333326 1.5
          4.833333333333333 0.83333333333333326 1.5
          5 0.83333333333333326 1.5
          5.1666666666666661 0.83333333333333326 1.5
          5.333333333333333 0.83333333333333326 1.5
          5.5 0.83333333333333326 1.5
          5.6666666666666661 0.83333333333333326 1.5
          5.833333333333333 0.83333333333333326 1.5
          6 0.83333333333333326 1.5
          6.1666666666666661 0.83333333333333326 1.5
          6.333333333333333 0.83333333333333326 1.5
          6.5 0.83333333333333326 1.5
          6.6666666666666661 0.83333333333333326 1.5
          6.833333333333333 0.83333333333333326 1.5
          7 0.83333333333333326 1.5
          0 1 1.5
          0.16666666666666666 1 1.5
          0.33333333333333331 1 1.5
          0.5 1 1.5
          0.66666666666666663 1 1.5
          0.83333333333333326 1 1.5
          1 1 1.5
          1.1666666666666665 1 1.5
          1.3333333333333333 1 1.5
          1.5 1 1.5
          1.6666666666666665 1 1.5
          1.8333333333333333 1 1.5
          2 1 1.5
          2.1666666666666665 1 1.5
          2.333333333333333 1 1.5
          2.5 1 1.5
          2.6666666666666665 1 1.5
          2.833333333333333 1 1.5
          3 1 1.5
          3.1666666666666665 1 1.5
          3.333333333333333 1 1.5
          3.5 1 1.5
          3.6666666666666665 1 1.5
          3.833333333333333 1 1.5
          4 1 1.5
          4.1666666666666661 1 1.5
          4.333333333333333 1 1.5
          4.5 1 1.5
          4.6666666666666661 1 1.5
          4.833333333333333 1 1.5
          5 1 1.5
          5.1666666666666661 1 1.5
          5.333333333333333 1 1.5
          5.5 1 1.5
          5.6666666666666661 1 1.5
          5.833333333333333 1 1.5
          6 1 1.5
          6.1666666666666661 1 1.5
          6.333333333333333 1 1.5
          6.5 1 1.5
          6.6666666666666661 1 1.5
          6.833333333333333 1 1.5
          7 1 1.5
          0 1.1666666666666665 1.5
          0.16666666666666666 1.1666666666666665 1.5
          0.33333333333333331 1.1666666666666665 1.5
          0.5 1.1666666666666665 1.5
          0.66666666666666663 1.1666666666666665 1.5
          0.83333333333333326 1.1666666666666665 1.5
          1 1.1666666666666665 1.5
          1.1666666666666665 1.1666666666666665 1.5
          1.3333333333333333 1.1666666666666665 1.5
          1.5 1.1666666666666665 1.5
          1.6666666666666665 1.1666666666666665 1.5
          1.8333333333333333 1.1666666666666665 1.5
          2 1.1666666666666665 1.5
          2.1666666666666665 1.1666666666666665 1.5
          2.333333333333333 1.1666666666666665 1.5
          2.5 1.1666666666666665 1.5
          2.6666666666666665 1.1666666666666665 1.5
          2.833333333333333 1.1666666666666665 1.5
          3 1.1666666666666665 1.5
          3.1666666666666665 1.1666666666666665 1.5
          3.333333333333333 1.1666666666666665 1.5
          3.5 1.1666666666666665 1.5
          3.6666666666666665 1.1666666666666665 1.5
          3.833333333333333 1.1666666666666665 1.5
          4 1.1666666666666665 1.5
          4.1666666666666661 1.1666666666666665 1.5
          4.333333333333333 1.1666666666666665 1.5
          4.5 1.1666666666666665 1.5
          4.6666666666666661 1.1666666666666665 1.5
          4.833333333333333 1.1666666666666665 1.5
          5 1.1666666666666665 1.5
          5.1666666666666661 1.1666666666666665 1.5
          5.333333333333333 1.1666666666666665 1.5
          5.5 1.1666666666666665 1.5
          5.6666666666666661 1.1666666666666665 1.5
          5.833333333333333 1.1666666666666665 1.5
          6 1.1666666666666665 1.5
          6.1666666666666661 1.1666666666666665 1.5
          6.333333333333333 1.1666666666666665 1.5
          6.5 1.1666666666666665 1.5
          6.6666666666666661 1.1666666666666665 1.5
          6.833333333333333 1.1666666666666665 1.5
          7 1.1666666666666665 1.5
          0 1.3333333333333333 1.5
          0.16666666666666666 1.3333333333333333 1.5
          0.33333333333333331 1.3333333333333333 1.5
          0.5 1.3333333333333333 1.5
          0.66666666666666663 1.3333333333333333 1.5
          0.83333333333333326 1.3333333333333333 1.5
          1 1.3333333333333333 1.5
          1.1666666666666665 1.3333333333333333 1.5
          1.3333333333333333 1.3333333333333333 1.5
          1.5 1.3333333333333333 1.5
          1.6666666666666665 1.3333333333333333 1.5
          1.8333333333333333 1.3333333333333333 1.5
          2 1.3333333333333333 1.5
          2.1666666666666665 1.3333333333333333 1.5
          2.333333333333333 1.3333333333333333 1.5
          2.5 1.3333333333333333 1.5
          2.6666666666666665 1.3333333333333333 1.5
          2.833333333333333 1.3333333333333333 1.5
          3 1.3333333333333333 1.5
          3.1666666666666665 1.3333333333333333 1.5
          3.333333333333333 1.3333333333333333 1.5
          3.5 1.3333333333333333 1.5
          3.6666666666666665 1.3333333333333333 1.5
          3.833333333333333 1.3333333333333333 1.5
          4 1.3333333333333333 1.5
          4.1666666666666661 1.3333333333333333 1.5
          4.333333333333333 1.3333333333333333 1.5
          4.5 1.3333333333333333 1.5
          4.6666666666666661 1.3333333333333333 1.5
          4.833333333333333 1.3333333333333333 1.5
          5 1.3333333333333333 1.5
          5.1666666666666661 1.3333333333333333 1.5
          5.333333333333333 1.3333333333333333 1.5
          5.5 1.3333333333333333 1.5
          5.6666666666666661 1.3333333333333333 1.5
          5.833333333333333 1.3333333333333333 1.5
          6 1.3333333333333333 1.5
          6.1666666666666661 1.3333333333333333 1.5
          6.333333333333333 1.3333333333333333 1.5
          6.5 1.3333333333333333 1.5
          6.6666666666666661 1.3333333333333333 1.5
          6.833333333333333 1.3333333333333333 1.5
          7 1.3333333333333333 1.5
          0 1.5 1.5
          0.16666666666666666 1.5 1.5
          0.33333333333333331 1.5 1.5
          0.5 1.5 1.5
          0.66666666666666663 1.5 1.5
          0.83333333333333326 1.5 1.5
          1 1.5 1.5
          1.1666666666666665 1.5 1.5
          1.3333333333333333 1.5 1.5
          1.5 1.5 1.5
          1.6666666666666665 1.5 1.5
          1.8333333333333333 1.5 1.5
          2 1.5 1.5
          2.1666666666666665 1.5 1.5
          2.333333333333333 1.5 1.5
          2.5 1.5 1.5
          2.6666666666666665 1.5 1.5
          2.833333333333333 1.5 1.5
          3 1.5 1.5
          3.1666666666666665 1.5 1.5
          3.333333333333333 1.5 1.5
          3.5 1.5 1.5
          3.6666666666666665 1.5 1.5
          3.833333333333333 1.5 1.5
          4 1.5 1.5
          4.1666666666666661 1.5 1.5
          4.333333333333333 1.5 1.5
          4.5 1.5 1.5
          4.6666666666666661 1.5 1.5
          4.833333333333333 1.5 1.5
          5 1.5 1.5
          5.1666666666666661 1.5 1.5
          5.333333333333333 1.5 1.5
          5.5 1.5 1.5
          5.6666666666666661 1.5 1.5
          5.833333333333333 1.5 1.5
          6 1.5 1.5
          6.1666666666666661 1.5 1.5
          6.333333333333333 1.5 1.5
          6.5 1.5 1.5
          6.6666666666666661 1.5 1.5
          6.833333333333333 1.5 1.5
          7 1.5 1.5
          0 1.6666666666666665 1.5
          0.16666666666666666 1.6666666666666665 1.5
          0.33333333333333331 1.6666666666666665 1.5
          0.5 1.6666666666666665 1.5
          0.66666666666666663 1.6666666666666665 1.5
          0.83333333333333326 1.6666666666666665 1.5
          1 1.6666666666666665 1.5
          1.1666666666666665 1.6666666666666665 1.5
          1.3333333333333333 1.6666666666666665 1.5
          1.5 1.6666666666666665 1.5
          1.6666666666666665 1.6666666666666665 1.5
          1.8333333333333333 1.6666666666666665 1.5
          2 1.6666666666666665 1.5
          2.1666666666666665 1.6666666666666665 1.5
          2.333333333333333 1.6666666666666665 1.5
          2.5 1.6666666666666665 1.5
          2.6666666666666665 1.6666666666666665 1.5
          2.833333333333333 1.6666666666666665 1.5
          3 1.6666666666666665 1.5
          3.1666666666666665 1.6666666666666665 1.5
          3.333333333333333 1.6666666666666665 1.5
          3.5 1.6666666666666665 1.5
          3.6666666666666665 1.6666666666666665 1.5
          3.833333333333333 1.6666666666666665 1.5
          4 1.6666666666666665 1.5
          4.1666666666666661 1.6666666666666665 1.5
          4.333333333333333 1.6666666666666665 1.5
          4.5 1.6666666666666665 1.5
          4.6666666666666661 1.6666666666666665 1.5
          4.833333333333333 1.6666666666666665 1.5
          5 1.6666666666666665 1.5
          5.1666666666666661 1.6666666666666665 1.5
          5.333333333333333 1.6666666666666665 1.5
          5.5 1.6666666666666665 1.5
          5.6666666666666661 1.6666666666666665 1.5
          5.833333333333333 1.6666666666666665 1.5
          6 1.6666666666666665 1.5
          6.1666666666666661 1.6666666666666665 1.5
          6.333333333333333 1.6666666666666665 1.5
          6.5 1.6666666666666665 1.5
          6.6666666666666661 1.6666666666666665 1.5
          6.833333333333333 1.6666666666666665 1.5
          7 1.6666666666666665 1.5
          0 1.8333333333333333 1.5
          0.16666666666666666 1.8333333333333333 1.5
          0.33333333333333331 1.8333333333333333 1.5
          0.5 1.8333333333333333 1.5
          0.66666666666666663 1.8333333333333333 1.5
          0.83333333333333326 1.8333333333333333 1.5
          1 1.8333333333333333 1.5
          1.1666666666666665 1.8333333333333333 1.5
          1.3333333333333333 1.8333333333333333 1.5
          1.5 1.8333333333333333 1.5
          1.6666666666666665 1.8333333333333333 1.5
          1.8333333333333333 1.8333333333333333 1.5
          2 1.8333333333333333 1.5
          2.1666666666666665 1.8333333333333333 1.5
          2.333333333333333 1.8333333333333333 1.5
          2.5 1.8333333333333333 1.5
          2.6666666666666665 1.8333333333333333 1.5
          2.833333333333333 1.8333333333333333 1.5
          3 1.8333333333333333 1.5
          3.1666666666666665 1.8333333333333333 1.5
          3.333333333333333 1.8333333333333333 1.5
          3.5 1.8333333333333333 1.5
          3.6666666666666665 1.8333333333333333 1.5
          3.833333333333333 1.8333333333333333 1.5
          4 1.8333333333333333 1.5
          4.1666666666666661 1.8333333333333333 1.5
          4.333333333333333 1.8333333333333333 1.5
          4.5 1.8333333333333333 1.5
          4.6666666666666661 1.8333333333333333 1.5
          4.833333333333333 1.8333333333333333 1.5
          5 1.8333333333333333 1.5
          5.1666666666666661 1.8333333333333333 1.5
          5.333333333333333 1.8333333333333333 1.5
          5.5 1.8333333333333333 1.5
          5.6666666666666661 1.8333333333333333 1.5
          5.833333333333333 1.8333333333333333 1.5
          6 1.8333333333333333 1.5
          6.1666666666666661 1.8333333333333333 1.5
          6.333333333333333 1.8333333333333333 1.5
          6.5 1.8333333333333333 1.5
          6.6666666666666661 1.8333333333333333 1.5
          6.833333333333333 1.8333333333333333 1.5
          7 1.8333333333333333 1.5
          0 2 1.5
          0.16666666666666666 2 1.5
          0.33333333333333331 2 1.5
          0.5 2 1.5
          0.66666666666666663 2 1.5
          0.83333333333333326 2 1.5
          1 2 1.5
          1.1666666666666665 2 1.5
          1.3333333333333333 2 1.5
          1.5 2 1.5
          1.6666666666666665 2 1.5
          1.8333333333333333 2 1.5
          2 2 1.5
          2.1666666666666665 2 1.5
          2.333333333333333 2 1.5
          2.5 2 1.5
          2.6666666666666665 2 1.5
          2.833333333333333 2 1.5
          3 2 1.5
          3.1666666666666665 2 1.5
          3.333333333333333 2 1.5
          3.5 2 1.5
          3.6666666666666665 2 1.5
          3.833333333333333 2 1.5
          4 2 1.5
          4.1666666666666661 2 1.5
          4.333333333333333 2 1.5
          4.5 2 1.5
          4.6666666666666661 2 1.5
          4.833333333333333 2 1.5
          5 2 1.5
          5.1666666666666661 2 1.5
          5.333333333333333 2 1.5
          5.5 2 1.5
          5.6666666666666661 2 1.5
          5.833333333333333 2 1.5
          6 2 1.5
          6.1666666666666661 2 1.5
          6.333333333333333 2 1.5
          6.5 2 1.5
          6.6666666666666661 2 1.5
          6.833333333333333 2 1.5
          7 2 1.5
          0 2.1666666666666665 1.5
          0.16666666666666666 2.1666666666666665 1.5
          0.33333333333333331 2.1666666666666665 1.5
          0.5 2.1666666666666665 1.5
          0.66666666666666663 2.1666666666666665 1.5
          0.83333333333333326 2.1666666666666665 1.5
          1 2.1666666666666665 1.5
          1.1666666666666665 2.1666666666666665 1.5
          1.3333333333333333 2.1666666666666665 1.5
          1.5 2.1666666666666665 1.5
          1.6666666666666665 2.1666666666666665 1.5
          1.8333333333333333 2.1666666666666665 1.5
          2 2.1666666666666665 1.5
          2.1666666666666665 2.1666666666666665 1.5
          2.333333333333333 2.1666666666666665 1.5
          2.5 2.1666666666666665 1.5
          2.6666666666666665 2.1666666666666665 1.5
          2.833333333333333 2.1666666666666665 1.5
          3 2.1666666666666665 1.5
          3.1666666666666665 2.1666666666666665 1.5
          3.333333333333333 2.1666666666666665 1.5
          3.5 2.1666666666666665 1.5
          3.6666666666666665 2.1666666666666665 1.5
          3.833333333333333 2.1666666666666665 1.5
          4 2.1666666666666665 1.5
          4.1666666666666661 2.1666666666666665 1.5
          4.333333333333333 2.1666666666666665 1.5
          4.5 2.1666666666666665 1.5
          4.6666666666666661 2.1666666666666665 1.5
          4.833333333333333 2.1666666666666665 1.5
          5 2.1666666666666665 1.5
          5.1666666666666661 2.1666666666666665 1.5
          5.333333333333333 2.1666666666666665 1.5
          5.5 2.1666666666666665 1.5
          5.6666666666666661 2.1666666666666665 1.5
          5.833333333333333 2.1666666666666665 1.5
          6 2.1666666666666665 1.5
          6.1666666666666661 2.1666666666666665 1.5
          6.333333333333333 2.1666666666666665 1.5
          6.5 2.1666666666666665 1.5
          6.6666666666666661 2.1666666666666665 1.5
          6.833333333333333 2.1666666666666665 1.5
          7 2.1666666666666665 1.5
          0 2.333333333333333 1.5
          0.16666666666666666 2.333333333333333 1.5
          0.33333333333333331 2.333333333333333 1.5
          0.5 2.333333333333333 1.5
          0.66666666666666663 2.333333333333333 1.5
          0.83333333333333326 2.333333333333333 1.5
          1 2.333333333333333 1.5
          1.1666666666666665 2.333333333333333 1.5
          1.3333333333333333 2.333333333333333 1.5
          1.5 2.333333333333333 1.5
          1.6666666666666665 2.333333333333333 1.5
          1.8333333333333333 2.333333333333333 1.5
          2 2.333333333333333 1.5
          2.1666666666666665 2.333333333333333 1.5
          2.333333333333333 2.333333333333333 1.5
          2.5 2.333333333333333 1.5
          2.6666666666666665 2.333333333333333 1.5
          2.833333333333333 2.333333333333333 1.5
          3 2.333333333333333 1.5
          3.1666666666666665 2.333333333333333 1.5
          3.333333333333333 2.333333333333333 1.5
          3.5 2.333333333333333 1.5
          3.6666666666666665 2.333333333333333 1.5
          3.833333333333333 2.333333333333333 1.5
          4 2.333333333333333 1.5
          4.1666666666666661 2.333333333333333 1.5
          4.333333333333333 2.333333333333333 1.5
          4.5 2.333333333333333 1.5
          4.6666666666666661 2.333333333333333 1.5
          4.833333333333333 2.333333333333333 1.5
          5 2.333333333333333 1.5
          5.1666666666666661 2.333333333333333 1.5
          5.333333333333333 2.333333333333333 1.5
          5.5 2.333333333333333 1.5
          5.6666666666666661 2.333333333333333 1.5
          5.833333333333333 2.333333333333333 1.5
          6 2.333333333333333 1.5
          6.1666666666666661 2.333333333333333 1.5
          6.333333333333333 2.333333333333333 1.5
          6.5 2.333333333333333 1.5
          6.6666666666666661 2.333333333333333 1.5
          6.833333333333333 2.333333333333333 1.5
          7 2.333333333333333 1.5
          0 2.5 1.5
          0.16666666666666666 2.5 1.5
          0.33333333333333331 2.5 1.5
          0.5 2.5 1.5
          0.66666666666666663 2.5 1.5
          0.83333333333333326 2.5 1.5
          1 2.5 1.5
          1.1666666666666665 2.5 1.5
          1.3333333333333333 2.5 1.5
          1.5 2.5 1.5
          1.6666666666666665 2.5 1.5
          1.8333333333333333 2.5 1.5
          2 2.5 1.5
          2.1666666666666665 2.5 1.5
          2.333333333333333 2.5 1.5
          2.5 2.5 1.5
          2.6666666666666665 2.5 1.5
          2.833333333333333 2.5 1.5
          3 2.5 1.5
          3.1666666666666665 2.5 1.5
          3.333333333333333 2.5 1.5
          3.5 2.5 1.5
          3.6666666666666665 2.5 1.5
          3.833333333333333 2.5 1.5
          4 2.5 1.5
          4.1666666666666661 2.5 1.5
          4.333333333333333 2.5 1.5
          4.5 2.5 1.5
          4.6666666666666661 2.5 1.5
          4.833333333333333 2.5 1.5
          5 2.5 1.5
          5.1666666666666661 2.5 1.5
          5.333333333333333 2.5 1.5
          5.5 2.5 1.5
          5.6666666666666661 2.5 1.5
          5.833333333333333 2.5 1.5
          6 2.5 1.5
          6.1666666666666661 2.5 1.5
          6.333333333333333 2.5 1.5
          6.5 2.5 1.5
          6.6666666666666661 2.5 1.5
          6.833333333333333 2.5 1.5
          7 2.5 1.5
          0 2.6666666666666665 1.5
          0.16666666666666666 2.6666666666666665 1.5
          0.33333333333333331 2.6666666666666665 1.5
          0.5 2.6666666666666665 1.5
          0.66666666666666663 2.6666666666666665 1.5
          0.83333333333333326 2.6666666666666665 1.5
          1 2.6666666666666665 1.5
          1.1666666666666665 2.6666666666666665 1.5
          1.3333333333333333 2.6666666666666665 1.5
          1.5 2.6666666666666665 1.5
          1.6666666666666665 2.6666666666666665 1.5
          1.8333333333333333 2.6666666666666665 1.5
          2 2.6666666666666665 1.5
          2.1666666666666665 2.6666666666666665 1.5
          2.333333333333333 2.6666666666666665 1.5
          2.5 2.6666666666666665 1.5
          2.6666666666666665 2.6666666666666665 1.5
          2.833333333333333 2.6666666666666665 1.5
          3 2.6666666666666665 1.5
          3.1666666666666665 2.6666666666666665 1.5
          3.333333333333333 2.6666666666666665 1.5
          3.5 2.6666666666666665 1.5
          3.6666666666666665 2.6666666666666665 1.5
          3.833333333333333 2.6666666666666665 1.5
          4 2.6666666666666665 1.5
          4.1666666666666661 2.6666666666666665 1.5
          4.333333333333333 2.6666666666666665 1.5
          4.5 2.6666666666666665 1.5
          4.6666666666666661 2.6666666666666665 1.5
          4.833333333333333 2.6666666666666665 1.5
          5 2.6666666666666665 1.5
          5.1666666666666661 2.6666666666666665 1.5
          5.333333333333333 2.6666666666666665 1.5
          5.5 2.6666666666666665 1.5
          5.6666666666666661 2.6666666666666665 1.5
          5.833333333333333 2.6666666666666665 1.5
          6 2.6666666666666665 1.5
          6.1666666666666661 2.6666666666666665 1.5
          6.333333333333333 2.6666666666666665 1.5
          6.5 2.6666666666666665 1.5
          6.6666666666666661 2.6666666666666665 1.5
          6.833333333333333 2.6666666666666665 1.5
          7 2.6666666666666665 1.5
          0 2.833333333333333 1.5
          0.16666666666666666 2.833333333333333 1.5
          0.33333333333333331 2.833333333333333 1.5
          0.5 2.833333333333333 1.5
          0.66666666666666663 2.833333333333333 1.5
          0.83333333333333326 2.833333333333333 1.5
          1 2.833333333333333 1.5
          1.1666666666666665 2.833333333333333 1.5
          1.3333333333333333 2.833333333333333 1.5
          1.5 2.833333333333333 1.5
          1.6666666666666665 2.833333333333333 1.5
          1.8333333333333333 2.833333333333333 1.5
          2 2.833333333333333 1.5
          2.1666666666666665 2.833333333333333 1.5
          2.333333333333333 2.833333333333333 1.5
          2.5 2.833333333333333 1.5
          2.6666666666666665 2.833333333333333 1.5
          2.833333333333333 2.833333333333333 1.5
          3 2.833333333333333 1.5
          3.1666666666666665 2.833333333333333 1.5
          3.333333333333333 2.833333333333333 1.5
          3.5 2.833333333333333 1.5
          3.6666666666666665 2.833333333333333 1.5
          3.833333333333333 2.833333333333333 1.5
          4 2.833333333333333 1.5
          4.1666666666666661 2.833333333333333 1.5
          4.333333333333333 2.833333333333333 1.5
          4.5 2.833333333333333 1.5
          4.6666666666666661 2.833333333333333 1.5
          4.833333333333333 2.833333333333333 1.5
          5 2.833333333333333 1.5
          5.1666666666666661 2.833333333333333 1.5
          5.333333333333333 2.833333333333333 1.5
          5.5 2.833333333333333 1.5
          5.6666666666666661 2.833333333333333 1.5
          5.833333333333333 2.833333333333333 1.5
          6 2.833333333333333 1.5
          6.1666666666666661 2.833333333333333 1.5
          6.333333333333333 2.833333333333333 1.5
          6.5 2.833333333333333 1.5
          6.6666666666666661 2.833333333333333 1.5
          6.833333333333333 2.833333333333333 1.5
          7 2.833333333333333 1.5
          0 3 1.5
          0.16666666666666666 3 1.5
          0.33333333333333331 3 1.5
          0.5 3 1.5
          0.66666666666666663 3 1.5
          0.83333333333333326 3 1.5
          1 3 1.5
          1.1666666666666665 3 1.5
          1.3333333333333333 3 1.5
          1.5 3 1.5
          1.6666666666666665 3 1.5
          1.8333333333333333 3 1.5
          2 3 1.5
          2.1666666666666665 3 1.5
          2.333333333333333 3 1.5
          2.5 3 1.5
          2.6666666666666665 3 1.5
          2.833333333333333 3 1.5
          3 3 1.5
          3.1666666666666665 3 1.5
          3.333333333333333 3 1.5
          3.5 3 1.5
          3.6666666666666665 3 1.5
          3.833333333333333 3 1.5
          4 3 1.5
          4.1666666666666661 3 1.5
          4.333333333333333 3 1.5
          4.5 3 1.5
          4.6666666666666661 3 1.5
          4.833333333333333 3 1.5
          5 3 1.5
          5.1666666666666661 3 1.5
          5.333333333333333 3 1.5
          5.5 3 1.5
          5.6666666666666661 3 1.5
          5.833333333333333 3 1.5
          6 3 1.5
          6.1666666666666661 3 1.5
          6.333333333333333 3 1.5
          6.5 3 1.5
          6.6666666666666661 3 1.5
          6.833333333333333 3 1.5
          7 3 1.5
          0 0 1.6666666666666665
          0.16666666666666666 0 1.6666666666666665
          0.33333333333333331 0 1.6666666666666665
          0.5 0 1.6666666666666665
          0.66666666666666663 0 1.6666666666666665
          0.83333333333333326 0 1.6666666666666665
          1 0 1.6666666666666665
          1.1666666666666665 0 1.6666666666666665
          1.3333333333333333 0 1.6666666666666665
          1.5 0 1.6666666666666665
          1.6666666666666665 0 1.6666666666666665
          1.8333333333333333 0 1.6666666666666665
          2 0 1.6666666666666665
          2.1666666666666665 0 1.6666666666666665
          2.333333333333333 0 1.6666666666666665
          2.5 0 1.6666666666666665
          2.6666666666666665 0 1.6666666666666665
          2.833333333333333 0 1.6666666666666665
          3 0 1.6666666666666665
          3.1666666666666665 0 1.6666666666666665
          3.333333333333333 0 1.6666666666666665
          3.5 0 1.6666666666666665
          3.6666666666666665 0 1.6666666666666665
          3.833333333333333 0 1.6666666666666665
          4 0 1.6666666666666665
          4.1666666666666661 0 1.6666666666666665
          4.333333333333333 0 1.6666666666666665
          4.5 0 1.6666666666666665
          4.6666666666666661 0 1.6666666666666665
          4.833333333333333 0 1.6666666666666665
          5 0 1.6666666666666665
          5.1666666666666661 0 1.6666666666666665
          5.333333333333333 0 1.6666666666666665
          5.5 0 1.6666666666666665
          5.6666666666666661 0 1.6666666666666665
          5.833333333333333 0 1.6666666666666665
          6 0 1.6666666666666665
          6.1666666666666661 0 1.6666666666666665
          6.333333333333333 0 1.6666666666666665
          6.5 0 1.6666666666666665
          6.6666666666666661 0 1.6666666666666665
          6.833333333333333 0 1.6666666666666665
          7 0 1.6666666666666665
          0 0.16666666666666666 1.6666666666666665
          0.16666666666666666 0.16666666666666666 1.6666666666666665
          0.33333333333333331 0.16666666666666666 1.6666666666666665
          0.5 0.16666666666666666 1.6666666666666665
          0.66666666666666663 0.16666666666666666 1.6666666666666665
          0.83333333333333326 0.16666666666666666 1.6666666666666665
          1 0.16666666666666666 1.6666666666666665
          1.1666666666666665 0.16666666666666666 1.6666666666666665
          1.3333333333333333 0.16666666666666666 1.6666666666666665
          1.5 0.16666666666666666 1.6666666666666665
          1.6666666666666665 0.16666666666666666 1.6666666666666665
          1.8333333333333333 0.16666666666666666 1.6666666666666665
          2 0.16666666666666666 1.6666666666666665
          2.1666666666666665 0.16666666666666666 1.6666666666666665
          2.333333333333333 0.16666666666666666 1.6666666666666665
          2.5 0.16666666666666666 1.6666666666666665
          2.6666666666666665 0.16666666666666666 1.6666666666666665
          2.833333333333333 0.16666666666666666 1.6666666666666665
          3 0.16666666666666666 1.6666666666666665
          3.1666666666666665 0.16666666666666666 1.6666666666666665
          3.333333333333333 0.16666666666666666 1.6666666666666665
          3.5 0.16666666666666666 1.6666666666666665
          3.6666666666666665 0.16666666666666666 1.6666666666666665
          3.833333333333333 0.16666666666666666 1.6666666666666665
          4 0.16666666666666666 1.6666666666666665
          4.1666666666666661 0.16666666666666666 1.6666666666666665
          4.333333333333333 0.16666666666666666 1.6666666666666665
          4.5 0.16666666666666666 1.6666666666666665
          4.6666666666666661 0.16666666666666666 1.6666666666666665
          4.833333333333333 0.16666666666666666 1.6666666666666665
          5 0.16666666666666666 1.6666666666666665
          5.1666666666666661 0.16666666666666666 1.6666666666666665
          5.333333333333333 0.16666666666666666 1.6666666666666665
          5.5 0.16666666666666666 1.6666666666666665
          5.6666666666666661 0.16666666666666666 1.6666666666666665
          5.833333333333333 0.16666666666666666 1.6666666666666665
          6 0.16666666666666666 1.6666666666666665
          6.1666666666666661 0.16666666666666666 1.6666666666666665
          6.333333333333333 0.16666666666666666 1.6666666666666665
          6.5 0.16666666666666666 1.6666666666666665
          6.6666666666666661 0.16666666666666666 1.6666666666666665
          6.833333333333333 0.16666666666666666 1.6666666666666665
          7 0.16666666666666666 1.6666666666666665
          0 0.33333333333333331 1.6666666666666665
          0.16666666666666666 0.33333333333333331 1.6666666666666665
          0.33333333333333331 0.33333333333333331 1.6666666666666665
          0.5 0.33333333333333331 1.6666666666666665
          0.66666666666666663 0.33333333333333331 1.6666666666666665
          0.83333333333333326 0.33333333333333331 1.6666666666666665
          1 0.33333333333333331 1.6666666666666665
          1.1666666666666665 0.33333333333333331 1.6666666666666665
          1.3333333333333333 0.33333333333333331 1.6666666666666665
          1.5 0.33333333333333331 1.6666666666666665
          1.6666666666666665 0.33333333333333331 1.6666666666666665
          1.8333333333333333 0.33333333333333331 1.6666666666666665
          2 0.33333333333333331 1.6666666666666665
          2.1666666666666665 0.33333333333333331 1.6666666666666665
          2.333333333333333 0.33333333333333331 1.6666666666666665
          2.5 0.33333333333333331 1.6666666666666665
          2.6666666666666665 0.33333333333333331 1.6666666666666665
          2.833333333333333 0.33333333333333331 1.6666666666666665
          3 0.33333333333333331 1.6666666666666665
          3.1666666666666665 0.33333333333333331 1.6666666666666665
          3.333333333333333 0.33333333333333331 1.6666666666666665
          3.5 0.33333333333333331 1.6666666666666665
          3.6666666666666665 0.33333333333333331 1.6666666666666665
          3.833333333333333 0.33333333333333331 1.6666666666666665
          4 0.33333333333333331 1.6666666666666665
          4.1666666666666661 0.33333333333333331 1.6666666666666665
          4.333333333333333 0.33333333333333331 1.6666666666666665
          4.5 0.33333333333333331 1.6666666666666665
          4.6666666666666661 0.33333333333333331 1.6666666666666665
          4.833333333333333 0.33333333333333331 1.6666666666666665
          5 0.33333333333333331 1.6666666666666665
          5.1666666666666661 0.33333333333333331 1.6666666666666665
          5.333333333333333 0.33333333333333331 1.6666666666666665
          5.5 0.33333333333333331 1.6666666666666665
          5.6666666666666661 0.33333333333333331 1.6666666666666665
          5.833333333333333 0.33333333333333331 1.6666666666666665
          6 0.33333333333333331 1.6666666666666665
          6.1666666666666661 0.33333333333333331 1.6666666666666665
          6.333333333333333 0.33333333333333331 1.6666666666666665
          6.5 0.33333333333333331 1.6666666666666665
          6.6666666666666661 0.33333333333333331 1.6666666666666665
          6.833333333333333 0.33333333333333331 1.6666666666666665
          7 0.33333333333333331 1.6666666666666665
          0 0.5 1.6666666666666665
          0.16666666666666666 0.5 1.6666666666666665
          0.33333333333333331 0.5 1.6666666666666665
          0.5 0.5 1.6666666666666665
          0.66666666666666663 0.5 1.6666666666666665
          0.83333333333333326 0.5 1.6666666666666665
          1 0.5 1.6666666666666665
          1.1666666666666665 0.5 1.6666666666666665
          1.3333333333333333 0.5 1.6666666666666665
          1.5 0.5 1.6666666666666665
          1.6666666666666665 0.5 1.6666666666666665
          1.8333333333333333 0.5 1.6666666666666665
          2 0.5 1.6666666666666665
          2.1666666666666665 0.5 1.6666666666666665
          2.333333333333333 0.5 1.6666666666666665
          2.5 0.5 1.6666666666666665
          2.6666666666666665 0.5 1.6666666666666665
          2.833333333333333 0.5 1.6666666666666665
          3 0.5 1.6666666666666665
          3.1666666666666665 0.5 1.6666666666666665
          3.333333333333333 0.5 1.6666666666666665
          3.5 0.5 1.6666666666666665
          3.6666666666666665 0.5 1.6666666666666665
          3.833333333333333 0.5 1.6666666666666665
          4 0.5 1.6666666666666665
          4.1666666666666661 0.5 1.6666666666666665
          4.333333333333333 0.5 1.6666666666666665
          4.5 0.5 1.6666666666666665
          4.6666666666666661 0.5 1.6666666666666665
          4.833333333333333 0.5 1.6666666666666665
          5 0.5 1.6666666666666665
          5.1666666666666661 0.5 1.6666666666666665
          5.333333333333333 0.5 1.6666666666666665
          5.5 0.5 1.6666666666666665
          5.6666666666666661 0.5 1.6666666666666665
          5.833333333333333 0.5 1.6666666666666665
          6 0.5 1.6666666666666665
          6.1666666666666661 0.5 1.6666666666666665
          6.333333333333333 0.5 1.6666666666666665
          6.5 0.5 1.6666666666666665
          6.6666666666666661 0.5 1.6666666666666665
          6.833333333333333 0.5 1.6666666666666665
          7 0.5 1.6666666666666665
          0 0.66666666666666663 1.6666666666666665
          0.16666666666666666 0.66666666666666663 1.6666666666666665
          0.33333333333333331 0.66666666666666663 1.6666666666666665
          0.5 0.66666666666666663 1.6666666666666665
          0.66666666666666663 0.66666666666666663 1.6666666666666665
          0.83333333333333326 0.66666666666666663 1.6666666666666665
          1 0.66666666666666663 1.6666666666666665
          1.1666666666666665 0.66666666666666663 1.6666666666666665
          1.3333333333333333 0.66666666666666663 1.6666666666666665
          1.5 0.66666666666666663 1.6666666666666665
          1.6666666666666665 0.66666666666666663 1.6666666666666665
          1.8333333333333333 0.66666666666666663 1.6666666666666665
          2 0.66666666666666663 1.6666666666666665
          2.1666666666666665 0.66666666666666663 1.6666666666666665
          2.333333333333333 0.66666666666666663 1.6666666666666665
          2.5 0.66666666666666663 1.6666666666666665
          2.6666666666666665 0.66666666666666663 1.6666666666666665
          2.833333333333333 0.66666666666666663 1.6666666666666665
          3 0.66666666666666663 1.6666666666666665
          3.1666666666666665 0.66666666666666663 1.6666666666666665
          3.333333333333333 0.66666666666666663 1.6666666666666665
          3.5 0.66666666666666663 1.6666666666666665
          3.6666666666666665 0.66666666666666663 1.6666666666666665
          3.833333333333333 0.66666666666666663 1.6666666666666665
          4 0.66666666666666663 1.6666666666666665
          4.1666666666666661 0.66666666666666663 1.6666666666666665
          4.333333333333333 0.66666666666666663 1.6666666666666665
          4.5 0.66666666666666663 1.6666666666666665
          4.6666666666666661 0.66666666666666663 1.6666666666666665
          4.833333333333333 0.66666666666666663 1.6666666666666665
          5 0.66666666666666663 1.6666666666666665
          5.1666666666666661 0.66666666666666663 1.6666666666666665
          5.333333333333333 0.66666666666666663 1.6666666666666665
          5.5 0.66666666666666663 1.6666666666666665
          5.6666666666666661 0.66666666666666663 1.6666666666666665
          5.833333333333333 0.66666666666666663 1.6666666666666665
          6 0.66666666666666663 1.6666666666666665
          6.1666666666666661 0.66666666666666663 1.6666666666666665
          6.333333333333333 0.66666666666666663 1.6666666666666665
          6.5 0.66666666666666663 1.6666666666666665
          6.6666666666666661 0.66666666666666663 1.6666666666666665
          6.833333333333333 0.66666666666666663 1.6666666666666665
          7 0.66666666666666663 1.6666666666666665
          0 0.83333333333333326 1.6666666666666665
          0.16666666666666666 0.83333333333333326 1.6666666666666665
          0.33333333333333331 0.83333333333333326 1.6666666666666665
          0.5 0.83333333333333326 1.6666666666666665
          0.66666666666666663 0.83333333333333326 1.6666666666666665
          0.83333333333333326 0.83333333333333326 1.6666666666666665
          1 0.83333333333333326 1.6666666666666665
          1.1666666666666665 0.83333333333333326 1.6666666666666665
          1.3333333333333333 0.83333333333333326 1.6666666666666665
          1.5 0.83333333333333326 1.6666666666666665
          1.6666666666666665 0.83333333333333326 1.6666666666666665
          1.8333333333333333 0.83333333333333326 1.6666666666666665
          2 0.83333333333333326 1.6666666666666665
          2.1666666666666665 0.83333333333333326 1.6666666666666665
          2.333333333333333 0.83333333333333326 1.6666666666666665
          2.5 0.83333333333333326 1.6666666666666665
          2.6666666666666665 0.83333333333333326 1.6666666666666665
          2.833333333333333 0.83333333333333326 1.6666666666666665
          3 0.83333333333333326 1.6666666666666665
          3.1666666666666665 0.83333333333333326 1.6666666666666665
          3.333333333333333 0.83333333333333326 1.6666666666666665
          3.5 0.83333333333333326 1.6666666666666665
          3.6666666666666665 0.83333333333333326 1.6666666666666665
          3.833333333333333 0.83333333333333326 1.6666666666666665
          4 0.83333333333333326 1.6666666666666665
          4.1666666666666661 0.83333333333333326 1.6666666666666665
          4.333333333333333 0.83333333333333326 1.6666666666666665
          4.5 0.83333333333333326 1.6666666666666665
          4.6666666666666661 0.83333333333333326 1.6666666666666665
          4.833333333333333 0.83333333333333326 1.6666666666666665
          5 0.83333333333333326 1.6666666666666665
          5.1666666666666661 0.83333333333333326 1.6666666666666665
          5.333333333333333 0.83333333333333326 1.6666666666666665
          5.5 0.83333333333333326 1.6666666666666665
          5.6666666666666661 0.83333333333333326 1.6666666666666665
          5.833333333333333 0.83333333333333326 1.6666666666666665
          6 0.83333333333333326 1.6666666666666665
          6.1666666666666661 0.83333333333333326 1.6666666666666665
          6.333333333333333 0.83333333333333326 1.6666666666666665
          6.5 0.83333333333333326 1.6666666666666665
          6.6666666666666661 0.83333333333333326 1.6666666666666665
          6.833333333333333 0.83333333333333326 1.6666666666666665
          7 0.83333333333333326 1.6666666666666665
          0 1 1.6666666666666665
          0.16666666666666666 1 1.6666666666666665
          0.33333333333333331 1 1.6666666666666665
          0.5 1 1.6666666666666665
          0.66666666666666663 1 1.6666666666666665
          0.83333333333333326 1 1.6666666666666665
          1 1 1.6666666666666665
          1.1666666666666665 1 1.6666666666666665
          1.3333333333333333 1 1.6666666666666665
          1.5 1 1.6666666666666665
          1.6666666666666665 1 1.6666666666666665
          1.8333333333333333 1 1.6666666666666665
          2 1 1.6666666666666665
          2.1666666666666665 1 1.6666666666666665
          2.333333333333333 1 1.6666666666666665
          2.5 1 1.6666666666666665
          2.6666666666666665 1 1.6666666666666665
          2.833333333333333 1 1.6666666666666665
          3 1 1.6666666666666665
          3.1666666666666665 1 1.6666666666666665
          3.333333333333333 1 1.6666666666666665
          3.5 1 1.6666666666666665
          3.6666666666666665 1 1.6666666666666665
          3.833333333333333 1 1.6666666666666665
          4 1 1.6666666666666665
          4.1666666666666661 1 1.6666666666666665
          4.333333333333333 1 1.6666666666666665
          4.5 1 1.6666666666666665
          4.6666666666666661 1 1.6666666666666665
          4.833333333333333 1 1.6666666666666665
          5 1 1.6666666666666665
          5.1666666666666661 1 1.6666666666666665
          5.333333333333333 1 1.6666666666666665
          5.5 1 1.6666666666666665
          5.6666666666666661 1 1.6666666666666665
          5.833333333333333 1 1.6666666666666665
          6 1 1.6666666666666665
          6.1666666666666661 1 1.6666666666666665
          6.333333333333333 1 1.6666666666666665
          6.5 1 1.6666666666666665
          6.6666666666666661 1 1.6666666666666665
          6.833333333333333 1 1.6666666666666665
          7 1 1.6666666666666665
          0 1.1666666666666665 1.6666666666666665
          0.16666666666666666 1.1666666666666665 1.6666666666666665
          0.33333333333333331 1.1666666666666665 1.6666666666666665
          0.5 1.1666666666666665 1.6666666666666665
          0.66666666666666663 1.1666666666666665 1.6666666666666665
          0.83333333333333326 1.1666666666666665 1.6666666666666665
          1 1.1666666666666665 1.6666666666666665
          1.1666666666666665 1.1666666666666665 1.6666666666666665
          1.3333333333333333 1.1666666666666665 1.6666666666666665
          1.5 1.1666666666666665 1.6666666666666665
          1.6666666666666665 1.1666666666666665 1.6666666666666665
          1.8333333333333333 1.1666666666666665 1.6666666666666665
          2 1.1666666666666665 1.6666666666666665
          2.1666666666666665 1.1666666666666665 1.6666666666666665
          2.333333333333333 1.1666666666666665 1.6666666666666665
          2.5 1.1666666666666665 1.6666666666666665
          2.6666666666666665 1.1666666666666665 1.6666666666666665
          2.833333333333333 1.1666666666666665 1.6666666666666665
          3 1.1666666666666665 1.6666666666666665
          3.1666666666666665 1.1666666666666665 1.6666666666666665
          3.333333333333333 1.1666666666666665 1.6666666666666665
          3.5 1.1666666666666665 1.6666666666666665
          3.6666666666666665 1.1666666666666665 1.6666666666666665
          3.833333333333333 1.1666666666666665 1.6666666666666665
          4 1.1666666666666665 1.6666666666666665
          4.1666666666666661 1.1666666666666665 1.6666666666666665
          4.333333333333333 1.1666666666666665 1.6666666666666665
          4.5 1.1666666666666665 1.6666666666666665
          4.6666666666666661 1.1666666666666665 1.6666666666666665
          4.833333333333333 1.1666666666666665 1.6666666666666665
          5 1.1666666666666665 1.6666666666666665
          5.1666666666666661 1.1666666666666665 1.6666666666666665
          5.333333333333333 1.1666666666666665 1.6666666666666665
          5.5 1.1666666666666665 1.6666666666666665
          5.6666666666666661 1.1666666666666665 1.6666666666666665
          5.833333333333333 1.1666666666666665 1.6666666666666665
          6 1.1666666666666665 1.6666666666666665
          6.1666666666666661 1.1666666666666665 1.6666666666666665
          6.333333333333333 1.1666666666666665 1.6666666666666665
          6.5 1.1666666666666665 1.6666666666666665
          6.6666666666666661 1.1666666666666665 1.6666666666666665
          6.833333333333333 1.1666666666666665 1.6666666666666665
          7 1.1666666666666665 1.6666666666666665
          0 1.3333333333333333 1.6666666666666665
          0.16666666666666666 1.3333333333333333 1.6666666666666665
          0.33333333333333331 1.3333333333333333 1.6666666666666665
          0.5 1.3333333333333333 1.6666666666666665
          0.66666666666666663 1.3333333333333333 1.6666666666666665
          0.83333333333333326 1.3333333333333333 1.6666666666666665
          1 1.3333333333333333 1.6666666666666665
          1.1666666666666665 1.3333333333333333 1.6666666666666665
          1.3333333333333333 1.3333333333333333 1.6666666666666665
          1.5 1.3333333333333333 1.6666666666666665
          1.6666666666666665 1.3333333333333333 1.6666666666666665
          1.8333333333333333 1.3333333333333333 1.6666666666666665
          2 1.3333333333333333 1.6666666666666665
          2.1666666666666665 1.3333333333333333 1.6666666666666665
          2.333333333333333 1.3333333333333333 1.6666666666666665
          2.5 1.3333333333333333 1.6666666666666665
          2.6666666666666665 1.3333333333333333 1.6666666666666665
          2.833333333333333 1.3333333333333333 1.6666666666666665
          3 1.3333333333333333 1.6666666666666665
          3.1666666666666665 1.3333333333333333 1.6666666666666665
          3.333333333333333 1.3333333333333333 1.6666666666666665
          3.5 1.3333333333333333 1.6666666666666665
          3.6666666666666665 1.3333333333333333 1.6666666666666665
          3.833333333333333 1.3333333333333333 1.6666666666666665
          4 1.3333333333333333 1.6666666666666665
          4.1666666666666661 1.3333333333333333 1.6666666666666665
          4.333333333333333 1.3333333333333333 1.6666666666666665
          4.5 1.3333333333333333 1.6666666666666665
          4.6666666666666661 1.3333333333333333 1.6666666666666665
          4.833333333333333 1.3333333333333333 1.6666666666666665
          5 1.3333333333333333 1.6666666666666665
          5.1666666666666661 1.3333333333333333 1.6666666666666665
          5.333333333333333 1.3333333333333333 1.6666666666666665
          5.5 1.3333333333333333 1.6666666666666665
          5.6666666666666661 1.3333333333333333 1.6666666666666665
          5.833333333333333 1.3333333333333333 1.6666666666666665
          6 1.3333333333333333 1.6666666666666665
          6.1666666666666661 1.3333333333333333 1.6666666666666665
          6.333333333333333 1.3333333333333333 1.6666666666666665
          6.5 1.3333333333333333 1.6666666666666665
          6.6666666666666661 1.3333333333333333 1.6666666666666665
          6.833333333333333 1.3333333333333333 1.6666666666666665
          7 1.3333333333333333 1.6666666666666665
          0 1.5 1.6666666666666665
          0.16666666666666666 1.5 1.6666666666666665
          0.33333333333333331 1.5 1.6666666666666665
          0.5 1.5 1.6666666666666665
          0.66666666666666663 1.5 1.6666666666666665
          0.83333333333333326 1.5 1.6666666666666665
          1 1.5 1.6666666666666665
          1.1666666666666665 1.5 1.6666666666666665
          1.3333333333333333 1.5 1.6666666666666665
          1.5 1.5 1.6666666666666665
          1.6666666666666665 1.5 1.6666666666666665
          1.8333333333333333 1.5 1.6666666666666665
          2 1.5 1.6666666666666665
          2.1666666666666665 1.5 1.6666666666666665
          2.333333333333333 1.5 1.6666666666666665
          2.5 1.5 1.6666666666666665
          2.6666666666666665 1.5 1.6666666666666665
          2.833333333333333 1.5 1.6666666666666665
          3 1.5 1.6666666666666665
          3.1666666666666665 1.5 1.6666666666666665
          3.333333333333333 1.5 1.6666666666666665
          3.5 1.5 1.6666666666666665
          3.6666666666666665 1.5 1.6666666666666665
          3.833333333333333 1.5 1.6666666666666665
          4 1.5 1.6666666666666665
          4.1666666666666661 1.5 1.6666666666666665
          4.333333333333333 1.5 1.6666666666666665
          4.5 1.5 1.6666666666666665
          4.6666666666666661 1.5 1.6666666666666665
          4.833333333333333 1.5 1.6666666666666665
          5 1.5 1.6666666666666665
          5.1666666666666661 1.5 1.6666666666666665
          5.333333333333333 1.5 1.6666666666666665
          5.5 1.5 1.6666666666666665
          5.6666666666666661 1.5 1.6666666666666665
          5.833333333333333 1.5 1.6666666666666665
          6 1.5 1.6666666666666665
          6.1666666666666661 1.5 1.6666666666666665
          6.333333333333333 1.5 1.6666666666666665
          6.5 1.5 1.6666666666666665
          6.6666666666666661 1.5 1.6666666666666665
          6.833333333333333 1.5 1.6666666666666665
          7 1.5 1.6666666666666665
          0 1.6666666666666665 1.6666666666666665
          0.16666666666666666 1.6666666666666665 1.6666666666666665
          0.33333333333333331 1.6666666666666665 1.6666666666666665
          0.5 1.6666666666666665 1.6666666666666665
          0.66666666666666663 1.6666666666666665 1.6666666666666665
          0.83333333333333326 1.6666666666666665 1.6666666666666665
          1 1.6666666666666665 1.6666666666666665
          1.1666666666666665 1.6666666666666665 1.6666666666666665
          1.3333333333333333 1.6666666666666665 1.6666666666666665
          1.5 1.6666666666666665 1.6666666666666665
          1.6666666666666665 1.6666666666666665 1.6666666666666665
          1.8333333333333333 1.6666666666666665 1.6666666666666665
          2 1.6666666666666665 1.6666666666666665
          2.1666666666666665 1.6666666666666665 1.6666666666666665
          2.333333333333333 1.6666666666666665 1.6666666666666665
          2.5 1.6666666666666665 1.6666666666666665
          2.6666666666666665 1.6666666666666665 1.6666666666666665
          2.833333333333333 1.6666666666666665 1.6666666666666665
          3 1.6666666666666665 1.6666666666666665
          3.1666666666666665 1.6666666666666665 1.6666666666666665
          3.333333333333333 1.6666666666666665 1.6666666666666665
          3.5 1.6666666666666665 1.6666666666666665
          3.6666666666666665 1.6666666666666665 1.6666666666666665
          3.833333333333333 1.6666666666666665 1.6666666666666665
          4 1.6666666666666665 1.6666666666666665
          4.1666666666666661 1.6666666666666665 1.6666666666666665
          4.333333333333333 1.6666666666666665 1.6666666666666665
          4.5 1.6666666666666665 1.6666666666666665
          4.6666666666666661 1.6666666666666665 1.6666666666666665
          4.833333333333333 1.6666666666666665 1.6666666666666665
          5 1.6666666666666665 1.6666666666666665
          5.1666666666666661 1.6666666666666665 1.6666666666666665
          5.333333333333333 1.6666666666666665 1.6666666666666665
          5.5 1.6666666666666665 1.6666666666666665
          5.6666666666666661 1.6666666666666665 1.6666666666666665
          5.833333333333333 1.6666666666666665 1.6666666666666665
          6 1.6666666666666665 1.6666666666666665
          6.1666666666666661 1.6666666666666665 1.6666666666666665
          6.333333333333333 1.6666666666666665 1.6666666666666665
          6.5 1.6666666666666665 1.6666666666666665
          6.6666666666666661 1.6666666666666665 1.6666666666666665
          6.833333333333333 1.6666666666666665 1.6666666666666665
          7 1.6666666666666665 1.6666666666666665
          0 1.8333333333333333 1.6666666666666665
          0.16666666666666666 1.8333333333333333 1.6666666666666665
          0.33333333333333331 1.8333333333333333 1.6666666666666665
          0.5 1.8333333333333333 1.6666666666666665
          0.66666666666666663 1.8333333333333333 1.6666666666666665
          0.83333333333333326 1.8333333333333333 1.6666666666666665
          1 1.8333333333333333 1.6666666666666665
          1.1666666666666665 1.8333333333333333 1.6666666666666665
          1.3333333333333333 1.8333333333333333 1.6666666666666665
          1.5 1.8333333333333333 1.6666666666666665
          1.6666666666666665 1.8333333333333333 1.6666666666666665
          1.8333333333333333 1.8333333333333333 1.6666666666666665
          2 1.8333333333333333 1.6666666666666665
          2.1666666666666665 1.8333333333333333 1.6666666666666665
          2.333333333333333 1.8333333333333333 1.6666666666666665
          2.5 1.8333333333333333 1.6666666666666665
          2.6666666666666665 1.8333333333333333 1.6666666666666665
          2.833333333333333 1.8333333333333333 1.6666666666666665
          3 1.8333333333333333 1.6666666666666665
          3.1666666666666665 1.8333333333333333 1.6666666666666665
          3.333333333333333 1.8333333333333333 1.6666666666666665
          3.5 1.8333333333333333 1.6666666666666665
          3.6666666666666665 1.8333333333333333 1.6666666666666665
          3.833333333333333 1.8333333333333333 1.6666666666666665
          4 1.8333333333333333 1.6666666666666665
          4.1666666666666661 1.8333333333333333 1.6666666666666665
          4.333333333333333 1.8333333333333333 1.6666666666666665
          4.5 1.8333333333333333 1.6666666666666665
          4.6666666666666661 1.8333333333333333 1.6666666666666665
          4.833333333333333 1.8333333333333333 1.6666666666666665
          5 1.8333333333333333 1.6666666666666665
          5.1666666666666661 1.8333333333333333 1.6666666666666665
          5.333333333333333 1.8333333333333333 1.6666666666666665
          5.5 1.8333333333333333 1.6666666666666665
          5.6666666666666661 1.8333333333333333 1.6666666666666665
          5.833333333333333 1.8333333333333333 1.6666666666666665
          6 1.8333333333333333 1.6666666666666665
          6.1666666666666661 1.8333333333333333 1.6666666666666665
          6.333333333333333 1.8333333333333333 1.6666666666666665
          6.5 1.8333333333333333 1.6666666666666665
          6.6666666666666661 1.8333333333333333 1.6666666666666665
          6.833333333333333 1.8333333333333333 1.6666666666666665
          7 1.8333333333333333 1.6666666666666665
          0 2 1.6666666666666665
          0.16666666666666666 2 1.6666666666666665
          0.33333333333333331 2 1.6666666666666665
          0.5 2 1.6666666666666665
          0.66666666666666663 2 1.6666666666666665
          0.83333333333333326 2 1.6666666666666665
          1 2 1.6666666666666665
          1.1666666666666665 2 1.6666666666666665
          1.3333333333333333 2 1.6666666666666665
          1.5 2 1.6666666666666665
          1.6666666666666665 2 1.6666666666666665
          1.8333333333333333 2 1.6666666666666665
          2 2 1.6666666666666665
          2.1666666666666665 2 1.6666666666666665
          2.333333333333333 2 1.6666666666666665
          2.5 2 1.6666666666666665
          2.6666666666666665 2 1.6666666666666665
          2.833333333333333 2 1.6666666666666665
          3 2 1.6666666666666665
          3.1666666666666665 2 1.6666666666666665
          3.333333333333333 2 1.6666666666666665
          3.5 2 1.6666666666666665
          3.6666666666666665 2 1.6666666666666665
          3.833333333333333 2 1.6666666666666665
          4 2 1.6666666666666665
          4.1666666666666661 2 1.6666666666666665
          4.333333333333333 2 1.6666666666666665
          4.5 2 1.6666666666666665
          4.6666666666666661 2 1.6666666666666665
          4.833333333333333 2 1.6666666666666665
          5 2 1.6666666666666665
          5.1666666666666661 2 1.6666666666666665
          5.333333333333333 2 1.6666666666666665
          5.5 2 1.6666666666666665
          5.6666666666666661 2 1.6666666666666665
          5.833333333333333 2 1.6666666666666665
          6 2 1.6666666666666665
          6.1666666666666661 2 1.6666666666666665
          6.333333333333333 2 1.6666666666666665
          6.5 2 1.6666666666666665
          6.6666666666666661 2 1.6666666666666665
          6.833333333333333 2 1.6666666666666665
          7 2 1.6666666666666665
          0 2.1666666666666665 1.6666666666666665
          0.16666666666666666 2.1666666666666665 1.6666666666666665
          0.33333333333333331 2.1666666666666665 1.6666666666666665
          0.5 2.1666666666666665 1.6666666666666665
          0.66666666666666663 2.1666666666666665 1.6666666666666665
          0.83333333333333326 2.1666666666666665 1.6666666666666665
          1 2.1666666666666665 1.6666666666666665
          1.1666666666666665 2.1666666666666665 1.6666666666666665
          1.3333333333333333 2.1666666666666665 1.6666666666666665
          1.5 2.1666666666666665 1.6666666666666665
          1.6666666666666665 2.1666666666666665 1.6666666666666665
          1.8333333333333333 2.1666666666666665 1.6666666666666665
          2 2.1666666666666665 1.6666666666666665
          2.1666666666666665 2.1666666666666665 1.6666666666666665
          2.333333333333333 2.1666666666666665 1.6666666666666665
          2.5 2.1666666666666665 1.6666666666666665
          2.6666666666666665 2.1666666666666665 1.6666666666666665
          2.833333333333333 2.1666666666666665 1.6666666666666665
          3 2.1666666666666665 1.6666666666666665
          3.1666666666666665 2.1666666666666665 1.6666666666666665
          3.333333333333333 2.1666666666666665 1.6666666666666665
          3.5 2.1666666666666665 1.6666666666666665
          3.6666666666666665 2.1666666666666665 1.6666666666666665
          3.833333333333333 2.1666666666666665 1.6666666666666665
          4 2.1666666666666665 1.6666666666666665
          4.1666666666666661 2.1666666666666665 1.6666666666666665
          4.333333333333333 2.1666666666666665 1.6666666666666665
          4.5 2.1666666666666665 1.6666666666666665
          4.6666666666666661 2.1666666666666665 1.6666666666666665
          4.833333333333333 2.1666666666666665 1.6666666666666665
          5 2.1666666666666665 1.6666666666666665
          5.1666666666666661 2.1666666666666665 1.6666666666666665
          5.333333333333333 2.1666666666666665 1.6666666666666665
          5.5 2.1666666666666665 1.6666666666666665
          5.6666666666666661 2.1666666666666665 1.6666666666666665
          5.833333333333333 2.1666666666666665 1.6666666666666665
          6 2.1666666666666665 1.6666666666666665
          6.1666666666666661 2.1666666666666665 1.6666666666666665
          6.333333333333333 2.1666666666666665 1.6666666666666665
          6.5 2.1666666666666665 1.6666666666666665
          6.6666666666666661 2.1666666666666665 1.6666666666666665
          6.833333333333333 2.1666666666666665 1.6666666666666665
          7 2.1666666666666665 1.6666666666666665
          0 2.333333333333333 1.6666666666666665
          0.16666666666666666 2.333333333333333 1.6666666666666665
          0.33333333333333331 2.333333333333333 1.6666666666666665
          0.5 2.333333333333333 1.6666666666666665
          0.66666666666666663 2.333333333333333 1.6666666666666665
          0.83333333333333326 2.333333333333333 1.6666666666666665
          1 2.333333333333333 1.6666666666666665
          1.1666666666666665 2.333333333333333 1.6666666666666665
          1.3333333333333333 2.333333333333333 1.6666666666666665
          1.5 2.333333333333333 1.6666666666666665
          1.6666666666666665 2.333333333333333 1.6666666666666665
          1.8333333333333333 2.333333333333333 1.6666666666666665
          2 2.333333333333333 1.6666666666666665
          2.1666666666666665 2.333333333333333 1.6666666666666665
          2.333333333333333 2.333333333333333 1.6666666666666665
          2.5 2.333333333333333 1.6666666666666665
          2.6666666666666665 2.333333333333333 1.6666666666666665
          2.833333333333333 2.333333333333333 1.6666666666666665
          3 2.333333333333333 1.6666666666666665
          3.1666666666666665 2.333333333333333 1.6666666666666665
          3.333333333333333 2.333333333333333 1.6666666666666665
          3.5 2.333333333333333 1.6666666666666665
          3.6666666666666665 2.333333333333333 1.6666666666666665
          3.833333333333333 2.333333333333333 1.6666666666666665
          4 2.333333333333333 1.6666666666666665
          4.1666666666666661 2.333333333333333 1.6666666666666665
          4.333333333333333 2.333333333333333 1.6666666666666665
          4.5 2.333333333333333 1.6666666666666665
          4.6666666666666661 2.333333333333333 1.6666666666666665
          4.833333333333333 2.333333333333333 1.6666666666666665
          5 2.333333333333333 1.6666666666666665
          5.1666666666666661 2.333333333333333 1.6666666666666665
          5.333333333333333 2.333333333333333 1.6666666666666665
          5.5 2.333333333333333 1.6666666666666665
          5.6666666666666661 2.333333333333333 1.6666666666666665
          5.833333333333333 2.333333333333333 1.6666666666666665
          6 2.333333333333333 1.6666666666666665
          6.1666666666666661 2.333333333333333 1.6666666666666665
          6.333333333333333 2.333333333333333 1.6666666666666665
          6.5 2.333333333333333 1.6666666666666665
          6.6666666666666661 2.333333333333333 1.6666666666666665
          6.833333333333333 2.333333333333333 1.6666666666666665
          7 2.333333333333333 1.6666666666666665
          0 2.5 1.6666666666666665
          0.16666666666666666 2.5 1.6666666666666665
          0.33333333333333331 2.5 1.6666666666666665
          0.5 2.5 1.6666666666666665
          0.66666666666666663 2.5 1.6666666666666665
          0.83333333333333326 2.5 1.6666666666666665
          1 2.5 1.6666666666666665
          1.1666666666666665 2.5 1.6666666666666665
          1.3333333333333333 2.5 1.6666666666666665
          1.5 2.5 1.6666666666666665
          1.6666666666666665 2.5 1.6666666666666665
          1.8333333333333333 2.5 1.6666666666666665
          2 2.5 1.6666666666666665
          2.1666666666666665 2.5 1.6666666666666665
          2.333333333333333 2.5 1.6666666666666665
          2.5 2.5 1.6666666666666665
          2.6666666666666665 2.5 1.6666666666666665
          2.833333333333333 2.5 1.6666666666666665
          3 2.5 1.6666666666666665
          3.1666666666666665 2.5 1.6666666666666665
          3.333333333333333 2.5 1.6666666666666665
          3.5 2.5 1.6666666666666665
          3.6666666666666665 2.5 1.6666666666666665
          3.833333333333333 2.5 1.6666666666666665
          4 2.5 1.6666666666666665
          4.1666666666666661 2.5 1.6666666666666665
          4.333333333333333 2.5 1.6666666666666665
          4.5 2.5 1.6666666666666665
          4.6666666666666661 2.5 1.6666666666666665
          4.833333333333333 2.5 1.6666666666666665
          5 2.5 1.6666666666666665
          5.1666666666666661 2.5 1.6666666666666665
          5.333333333333333 2.5 1.6666666666666665
          5.5 2.5 1.6666666666666665
          5.6666666666666661 2.5 1.6666666666666665
          5.833333333333333 2.5 1.6666666666666665
          6 2.5 1.6666666666666665
          6.1666666666666661 2.5 1.6666666666666665
          6.333333333333333 2.5 1.6666666666666665
          6.5 2.5 1.6666666666666665
          6.6666666666666661 2.5 1.6666666666666665
          6.833333333333333 2.5 1.6666666666666665
          7 2.5 1.6666666666666665
          0 2.6666666666666665 1.6666666666666665
          0.16666666666666666 2.6666666666666665 1.6666666666666665
          0.33333333333333331 2.6666666666666665 1.6666666666666665
          0.5 2.6666666666666665 1.6666666666666665
          0.66666666666666663 2.6666666666666665 1.6666666666666665
          0.83333333333333326 2.6666666666666665 1.6666666666666665
          1 2.6666666666666665 1.6666666666666665
          1.1666666666666665 2.6666666666666665 1.6666666666666665
          1.3333333333333333 2.6666666666666665 1.6666666666666665
          1.5 2.6666666666666665 1.6666666666666665
          1.6666666666666665 2.6666666666666665 1.6666666666666665
          1.8333333333333333 2.6666666666666665 1.6666666666666665
          2 2.6666666666666665 1.6666666666666665
          2.1666666666666665 2.6666666666666665 1.6666666666666665
          2.333333333333333 2.6666666666666665 1.6666666666666665
          2.5 2.6666666666666665 1.6666666666666665
          2.6666666666666665 2.6666666666666665 1.6666666666666665
          2.833333333333333 2.6666666666666665 1.6666666666666665
          3 2.6666666666666665 1.6666666666666665
          3.1666666666666665 2.6666666666666665 1.6666666666666665
          3.333333333333333 2.6666666666666665 1.6666666666666665
          3.5 2.6666666666666665 1.6666666666666665
          3.6666666666666665 2.6666666666666665 1.6666666666666665
          3.833333333333333 2.6666666666666665 1.6666666666666665
          4 2.6666666666666665 1.6666666666666665
          4.1666666666666661 2.6666666666666665 1.6666666666666665
          4.333333333333333 2.6666666666666665 1.6666666666666665
          4.5 2.6666666666666665 1.6666666666666665
          4.6666666666666661 2.6666666666666665 1.6666666666666665
          4.833333333333333 2.6666666666666665 1.6666666666666665
          5 2.6666666666666665 1.6666666666666665
          5.1666666666666661 2.6666666666666665 1.6666666666666665
          5.333333333333333 2.6666666666666665 1.6666666666666665
          5.5 2.6666666666666665 1.6666666666666665
          5.6666666666666661 2.6666666666666665 1.6666666666666665
          5.833333333333333 2.6666666666666665 1.6666666666666665
          6 2.6666666666666665 1.6666666666666665
          6.1666666666666661 2.6666666666666665 1.6666666666666665
          6.333333333333333 2.6666666666666665 1.6666666666666665
          6.5 2.6666666666666665 1.6666666666666665
          6.6666666666666661 2.6666666666666665 1.6666666666666665
          6.833333333333333 2.6666666666666665 1.6666666666666665
          7 2.6666666666666665 1.6666666666666665
          0 2.833333333333333 1.6666666666666665
          0.16666666666666666 2.833333333333333 1.6666666666666665
          0.33333333333333331 2.833333333333333 1.6666666666666665
          0.5 2.833333333333333 1.6666666666666665
          0.66666666666666663 2.833333333333333 1.6666666666666665
          0.83333333333333326 2.833333333333333 1.6666666666666665
          1 2.833333333333333 1.6666666666666665
          1.1666666666666665 2.833333333333333 1.6666666666666665
          1.3333333333333333 2.833333333333333 1.6666666666666665
          1.5 2.833333333333333 1.6666666666666665
          1.6666666666666665 2.833333333333333 1.6666666666666665
          1.8333333333333333 2.833333333333333 1.6666666666666665
          2 2.833333333333333 1.6666666666666665
          2.1666666666666665 2.833333333333333 1.6666666666666665
          2.333333333333333 2.833333333333333 1.6666666666666665
          2.5 2.833333333333333 1.6666666666666665
          2.6666666666666665 2.833333333333333 1.6666666666666665
          2.833333333333333 2.833333333333333 1.6666666666666665
          3 2.833333333333333 1.6666666666666665
          3.1666666666666665 2.833333333333333 1.6666666666666665
          3.333333333333333 2.833333333333333 1.6666666666666665
          3.5 2.833333333333333 1.6666666666666665
          3.6666666666666665 2.833333333333333 1.6666666666666665
          3.833333333333333 2.833333333333333 1.6666666666666665
          4 2.833333333333333 1.6666666666666665
          4.1666666666666661 2.833333333333333 1.6666666666666665
          4.333333333333333 2.833333333333333 1.6666666666666665
          4.5 2.833333333333333 1.6666666666666665
          4.6666666666666661 2.833333333333333 1.6666666666666665
          4.833333333333333 2.833333333333333 1.6666666666666665
          5 2.833333333333333 1.6666666666666665
          5.1666666666666661 2.833333333333333 1.6666666666666665
          5.333333333333333 2.833333333333333 1.6666666666666665
          5.5 2.833333333333333 1.6666666666666665
          5.6666666666666661 2.833333333333333 1.6666666666666665
          5.833333333333333 2.833333333333333 1.6666666666666665
          6 2.833333333333333 1.6666666666666665
          6.1666666666666661 2.833333333333333 1.6666666666666665
          6.333333333333333 2.833333333333333 1.6666666666666665
          6.5 2.833333333333333 1.6666666666666665
          6.6666666666666661 2.833333333333333 1.6666666666666665
          6.833333333333333 2.833333333333333 1.6666666666666665
          7 2.833333333333333 1.6666666666666665
          0 3 1.6666666666666665
          0.16666666666666666 3 1.6666666666666665
          0.33333333333333331 3 1.6666666666666665
          0.5 3 1.6666666666666665
          0.66666666666666663 3 1.6666666666666665
          0.83333333333333326 3 1.6666666666666665
          1 3 1.6666666666666665
          1.1666666666666665 3 1.6666666666666665
          1.3333333333333333 3 1.6666666666666665
          1.5 3 1.6666666666666665
          1.6666666666666665 3 1.6666666666666665
          1.8333333333333333 3 1.6666666666666665
          2 3 1.6666666666666665
          2.1666666666666665 3 1.6666666666666665
          2.333333333333333 3 1.6666666666666665
          2.5 3 1.6666666666666665
          2.6666666666666665 3 1.6666666666666665
          2.833333333333333 3 1.6666666666666665
          3 3 1.6666666666666665
          3.1666666666666665 3 1.6666666666666665
          3.333333333333333 3 1.6666666666666665
          3.5 3 1.6666666666666665
          3.6666666666666665 3 1.6666666666666665
          3.833333333333333 3 1.6666666666666665
          4 3 1.6666666666666665
          4.1666666666666661 3 1.6666666666666665
          4.333333333333333 3 1.6666666666666665
          4.5 3 1.6666666666666665
          4.6666666666666661 3 1.6666666666666665
          4.833333333333333 3 1.6666666666666665
          5 3 1.6666666666666665
          5.1666666666666661 3 1.6666666666666665
          5.333333333333333 3 1.6666666666666665
          5.5 3 1.6666666666666665
          5.6666666666666661 3 1.6666666666666665
          5.833333333333333 3 1.6666666666666665
          6 3 1.6666666666666665
          6.1666666666666661 3 1.6666666666666665
          6.333333333333333 3 1.6666666666666665
          6.5 3 1.6666666666666665
          6.6666666666666661 3 1.6666666666666665
          6.833333333333333 3 1.6666666666666665
          7 3 1.6666666666666665
          0 0 1.8333333333333333
          0.16666666666666666 0 1.8333333333333333
          0.33333333333333331 0 1.8333333333333333
          0.5 0 1.8333333333333333
          0.66666666666666663 0 1.8333333333333333
          0.83333333333333326 0 1.8333333333333333
          1 0 1.8333333333333333
          1.1666666666666665 0 1.8333333333333333
          1.3333333333333333 0 1.8333333333333333
          1.5 0 1.8333333333333333
          1.6666666666666665 0 1.8333333333333333
          1.8333333333333333 0 1.8333333333333333
          2 0 1.8333333333333333
          2.1666666666666665 0 1.8333333333333333
          2.333333333333333 0 1.8333333333333333
          2.5 0 1.8333333333333333
          2.6666666666666665 0 1.8333333333333333
          2.833333333333333 0 1.8333333333333333
          3 0 1.8333333333333333
          3.1666666666666665 0 1.8333333333333333
          3.333333333333333 0 1.8333333333333333
          3.5 0 1.8333333333333333
          3.6666666666666665 0 1.8333333333333333
          3.833333333333333 0 1.8333333333333333
          4 0 1.8333333333333333
          4.1666666666666661 0 1.8333333333333333
          4.333333333333333 0 1.8333333333333333
          4.5 0 1.8333333333333333
          4.6666666666666661 0 1.8333333333333333
          4.833333333333333 0 1.8333333333333333
          5 0 1.8333333333333333
          5.1666666666666661 0 1.8333333333333333
          5.333333333333333 0 1.8333333333333333
          5.5 0 1.8333333333333333
          5.6666666666666661 0 1.8333333333333333
          5.833333333333333 0 1.8333333333333333
          6 0 1.8333333333333333
          6.1666666666666661 0 1.8333333333333333
          6.333333333333333 0 1.8333333333333333
          6.5 0 1.8333333333333333
          6.6666666666666661 0 1.8333333333333333
          6.833333333333333 0 1.8333333333333333
          7 0 1.8333333333333333
          0 0.16666666666666666 1.8333333333333333
          0.16666666666666666 0.16666666666666666 1.8333333333333333
          0.33333333333333331 0.16666666666666666 1.8333333333333333
          0.5 0.16666666666666666 1.8333333333333333
          0.66666666666666663 0.16666666666666666 1.8333333333333333
          0.83333333333333326 0.16666666666666666 1.8333333333333333
          1 0.16666666666666666 1.8333333333333333
          1.1666666666666665 0.16666666666666666 1.8333333333333333
          1.3333333333333333 0.16666666666666666 1.8333333333333333
          1.5 0.16666666666666666 1.8333333333333333
          1.6666666666666665 0.16666666666666666 1.8333333333333333
          1.8333333333333333 0.16666666666666666 1.8333333333333333
          2 0.16666666666666666 1.8333333333333333
          2.1666666666666665 0.16666666666666666 1.8333333333333333
          2.333333333333333 0.16666666666666666 1.8333333333333333
          2.5 0.16666666666666666 1.8333333333333333
          2.6666666666666665 0.16666666666666666 1.8333333333333333
          2.833333333333333 0.16666666666666666 1.8333333333333333
          3 0.16666666666666666 1.8333333333333333
          3.1666666666666665 0.16666666666666666 1.8333333333333333
          3.333333333333333 0.16666666666666666 1.8333333333333333
          3.5 0.16666666666666666 1.8333333333333333
          3.6666666666666665 0.16666666666666666 1.8333333333333333
          3.833333333333333 0.16666666666666666 1.8333333333333333
          4 0.16666666666666666 1.8333333333333333
          4.1666666666666661 0.16666666666666666 1.8333333333333333
          4.333333333333333 0.16666666666666666 1.8333333333333333
          4.5 0.16666666666666666 1.8333333333333333
          4.6666666666666661 0.16666666666666666 1.8333333333333333
          4.833333333333333 0.16666666666666666 1.8333333333333333
          5 0.16666666666666666 1.8333333333333333
          5.1666666666666661 0.16666666666666666 1.8333333333333333
          5.333333333333333 0.16666666666666666 1.8333333333333333
          5.5 0.16666666666666666 1.8333333333333333
          5.6666666666666661 0.16666666666666666 1.8333333333333333
          5.833333333333333 0.16666666666666666 1.8333333333333333
          6 0.16666666666666666 1.8333333333333333
          6.1666666666666661 0.16666666666666666 1.8333333333333333
          6.333333333333333 0.16666666666666666 1.8333333333333333
          6.5 0.16666666666666666 1.8333333333333333
          6.6666666666666661 0.16666666666666666 1.8333333333333333
          6.833333333333333 0.16666666666666666 1.8333333333333333
          7 0.16666666666666666 1.8333333333333333
          0 0.33333333333333331 1.8333333333333333
          0.16666666666666666 0.33333333333333331 1.8333333333333333
          0.33333333333333331 0.33333333333333331 1.8333333333333333
          0.5 0.33333333333333331 1.8333333333333333
          0.66666666666666663 0.33333333333333331 1.8333333333333333
          0.83333333333333326 0.33333333333333331 1.8333333333333333
          1 0.33333333333333331 1.8333333333333333
          1.1666666666666665 0.33333333333333331 1.8333333333333333
          1.3333333333333333 0.33333333333333331 1.8333333333333333
          1.5 0.33333333333333331 1.8333333333333333
          1.6666666666666665 0.33333333333333331 1.8333333333333333
          1.8333333333333333 0.33333333333333331 1.8333333333333333
          2 0.33333333333333331 1.8333333333333333
          2.1666666666666665 0.33333333333333331 1.8333333333333333
          2.333333333333333 0.33333333333333331 1.8333333333333333
          2.5 0.33333333333333331 1.8333333333333333
          2.6666666666666665 0.33333333333333331 1.8333333333333333
          2.833333333333333 0.33333333333333331 1.8333333333333333
          3 0.33333333333333331 1.8333333333333333
          3.1666666666666665 0.33333333333333331 1.8333333333333333
          3.333333333333333 0.33333333333333331 1.8333333333333333
          3.5 0.33333333333333331 1.8333333333333333
          3.6666666666666665 0.33333333333333331 1.8333333333333333
          3.833333333333333 0.33333333333333331 1.8333333333333333
          4 0.33333333333333331 1.8333333333333333
          4.1666666666666661 0.33333333333333331 1.8333333333333333
          4.333333333333333 0.33333333333333331 1.8333333333333333
          4.5 0.33333333333333331 1.8333333333333333
          4.6666666666666661 0.33333333333333331 1.8333333333333333
          4.833333333333333 0.33333333333333331 1.8333333333333333
          5 0.33333333333333331 1.8333333333333333
          5.1666666666666661 0.33333333333333331 1.8333333333333333
          5.333333333333333 0.33333333333333331 1.8333333333333333
          5.5 0.33333333333333331 1.8333333333333333
          5.6666666666666661 0.33333333333333331 1.8333333333333333
          5.833333333333333 0.33333333333333331 1.8333333333333333
          6 0.33333333333333331 1.8333333333333333
          6.1666666666666661 0.33333333333333331 1.8333333333333333
          6.333333333333333 0.33333333333333331 1.8333333333333333
          6.5 0.33333333333333331 1.8333333333333333
          6.6666666666666661 0.33333333333333331 1.8333333333333333
          6.833333333333333 0.33333333333333331 1.8333333333333333
          7 0.33333333333333331 1.8333333333333333
          0 0.5 1.8333333333333333
          0.16666666666666666 0.5 1.8333333333333333
          0.33333333333333331 0.5 1.8333333333333333
          0.5 0.5 1.8333333333333333
          0.66666666666666663 0.5 1.8333333333333333
          0.83333333333333326 0.5 1.8333333333333333
          1 0.5 1.8333333333333333
          1.1666666666666665 0.5 1.8333333333333333
          1.3333333333333333 0.5 1.8333333333333333
          1.5 0.5 1.8333333333333333
          1.6666666666666665 0.5 1.8333333333333333
          1.8333333333333333 0.5 1.8333333333333333
          2 0.5 1.8333333333333333
          2.1666666666666665 0.5 1.8333333333333333
          2.333333333333333 0.5 1.8333333333333333
          2.5 0.5 1.8333333333333333
          2.6666666666666665 0.5 1.8333333333333333
          2.833333333333333 0.5 1.8333333333333333
          3 0.5 1.8333333333333333
          3.1666666666666665 0.5 1.8333333333333333
          3.333333333333333 0.5 1.8333333333333333
          3.5 0.5 1.8333333333333333
          3.6666666666666665 0.5 1.8333333333333333
          3.833333333333333 0.5 1.8333333333333333
          4 0.5 1.8333333333333333
          4.1666666666666661 0.5 1.8333333333333333
          4.333333333333333 0.5 1.8333333333333333
          4.5 0.5 1.8333333333333333
          4.6666666666666661 0.5 1.8333333333333333
          4.833333333333333 0.5 1.8333333333333333
          5 0.5 1.8333333333333333
          5.1666666666666661 0.5 1.8333333333333333
          5.333333333333333 0.5 1.8333333333333333
          5.5 0.5 1.8333333333333333
          5.6666666666666661 0.5 1.8333333333333333
          5.833333333333333 0.5 1.8333333333333333
          6 0.5 1.8333333333333333
          6.1666666666666661 0.5 1.8333333333333333
          6.333333333333333 0.5 1.8333333333333333
          6.5 0.5 1.8333333333333333
          6.6666666666666661 0.5 1.8333333333333333
          6.833333333333333 0.5 1.8333333333333333
          7 0.5 1.8333333333333333
          0 0.66666666666666663 1.8333333333333333
          0.16666666666666666 0.66666666666666663 1.8333333333333333
          0.33333333333333331 0.66666666666666663 1.8333333333333333
          0.5 0.66666666666666663 1.8333333333333333
          0.66666666666666663 0.66666666666666663 1.8333333333333333
          0.83333333333333326 0.66666666666666663 1.8333333333333333
          1 0.66666666666666663 1.8333333333333333
          1.1666666666666665 0.66666666666666663 1.8333333333333333
          1.3333333333333333 0.66666666666666663 1.8333333333333333
          1.5 0.66666666666666663 1.8333333333333333
          1.6666666666666665 0.66666666666666663 1.8333333333333333
          1.8333333333333333 0.66666666666666663 1.8333333333333333
          2 0.66666666666666663 1.8333333333333333
          2.1666666666666665 0.66666666666666663 1.8333333333333333
          2.333333333333333 0.66666666666666663 1.8333333333333333
          2.5 0.66666666666666663 1.8333333333333333
          2.6666666666666665 0.66666666666666663 1.8333333333333333
          2.833333333333333 0.66666666666666663 1.8333333333333333
          3 0.66666666666666663 1.8333333333333333
          3.1666666666666665 0.66666666666666663 1.8333333333333333
          3.333333333333333 0.66666666666666663 1.8333333333333333
          3.5 0.66666666666666663 1.8333333333333333
          3.6666666666666665 0.66666666666666663 1.8333333333333333
          3.833333333333333 0.66666666666666663 1.8333333333333333
          4 0.66666666666666663 1.8333333333333333
          4.1666666666666661 0.66666666666666663 1.8333333333333333
          4.333333333333333 0.66666666666666663 1.8333333333333333
          4.5 0.66666666666666663 1.8333333333333333
          4.6666666666666661 0.66666666666666663 1.8333333333333333
          4.833333333333333 0.66666666666666663 1.8333333333333333
          5 0.66666666666666663 1.8333333333333333
          5.1666666666666661 0.66666666666666663 1.8333333333333333
          5.333333333333333 0.66666666666666663 1.8333333333333333
          5.5 0.66666666666666663 1.8333333333333333
          5.6666666666666661 0.66666666666666663 1.8333333333333333
          5.833333333333333 0.66666666666666663 1.8333333333333333
          6 0.66666666666666663 1.8333333333333333
          6.1666666666666661 0.66666666666666663 1.8333333333333333
          6.333333333333333 0.66666666666666663 1.8333333333333333
          6.5 0.66666666666666663 1.8333333333333333
          6.6666666666666661 0.66666666666666663 1.8333333333333333
          6.833333333333333 0.66666666666666663 1.8333333333333333
          7 0.66666666666666663 1.8333333333333333
          0 0.83333333333333326 1.8333333333333333
          0.16666666666666666 0.83333333333333326 1.8333333333333333
          0.33333333333333331 0.83333333333333326 1.8333333333333333
          0.5 0.83333333333333326 1.8333333333333333
          0.66666666666666663 0.83333333333333326 1.8333333333333333
          0.83333333333333326 0.83333333333333326 1.8333333333333333
          1 0.83333333333333326 1.8333333333333333
          1.1666666666666665 0.83333333333333326 1.8333333333333333
          1.3333333333333333 0.83333333333333326 1.8333333333333333
          1.5 0.83333333333333326 1.8333333333333333
          1.6666666666666665 0.83333333333333326 1.8333333333333333
          1.8333333333333333 0.83333333333333326 1.8333333333333333
          2 0.83333333333333326 1.8333333333333333
          2.1666666666666665 0.83333333333333326 1.8333333333333333
          2.333333333333333 0.83333333333333326 1.8333333333333333
          2.5 0.83333333333333326 1.8333333333333333
          2.6666666666666665 0.83333333333333326 1.8333333333333333
          2.833333333333333 0.83333333333333326 1.8333333333333333
          3 0.83333333333333326 1.8333333333333333
          3.1666666666666665 0.83333333333333326 1.8333333333333333
          3.333333333333333 0.83333333333333326 1.8333333333333333
          3.5 0.83333333333333326 1.8333333333333333
          3.6666666666666665 0.83333333333333326 1.8333333333333333
          3.833333333333333 0.83333333333333326 1.8333333333333333
          4 0.83333333333333326 1.8333333333333333
          4.1666666666666661 0.83333333333333326 1.8333333333333333
          4.333333333333333 0.83333333333333326 1.8333333333333333
          4.5 0.83333333333333326 1.8333333333333333
          4.6666666666666661 0.83333333333333326 1.8333333333333333
          4.833333333333333 0.83333333333333326 1.8333333333333333
          5 0.83333333333333326 1.8333333333333333
          5.1666666666666661 0.83333333333333326 1.8333333333333333
          5.333333333333333 0.83333333333333326 1.8333333333333333
          5.5 0.83333333333333326 1.8333333333333333
          5.6666666666666661 0.83333333333333326 1.8333333333333333
          5.833333333333333 0.83333333333333326 1.8333333333333333
          6 0.83333333333333326 1.8333333333333333
          6.1666666666666661 0.83333333333333326 1.8333333333333333
          6.333333333333333 0.83333333333333326 1.8333333333333333
          6.5 0.83333333333333326 1.8333333333333333
          6.6666666666666661 0.83333333333333326 1.8333333333333333
          6.833333333333333 0.83333333333333326 1.8333333333333333
          7 0.83333333333333326 1.8333333333333333
          0 1 1.8333333333333333
          0.16666666666666666 1 1.8333333333333333
          0.33333333333333331 1 1.8333333333333333
          0.5 1 1.8333333333333333
          0.66666666666666663 1 1.8333333333333333
          0.83333333333333326 1 1.8333333333333333
          1 1 1.8333333333333333
          1.1666666666666665 1 1.8333333333333333
          1.3333333333333333 1 1.8333333333333333
          1.5 1 1.8333333333333333
          1.6666666666666665 1 1.8333333333333333
          1.8333333333333333 1 1.8333333333333333
          2 1 1.8333333333333333
          2.1666666666666665 1 1.8333333333333333
          2.333333333333333 1 1.8333333333333333
          2.5 1 1.8333333333333333
          2.6666666666666665 1 1.8333333333333333
          2.833333333333333 1 1.8333333333333333
          3 1 1.8333333333333333
          3.1666666666666665 1 1.8333333333333333
          3.333333333333333 1 1.8333333333333333
          3.5 1 1.8333333333333333
          3.6666666666666665 1 1.8333333333333333
          3.833333333333333 1 1.8333333333333333
          4 1 1.8333333333333333
          4.1666666666666661 1 1.8333333333333333
          4.333333333333333 1 1.8333333333333333
          4.5 1 1.8333333333333333
          4.6666666666666661 1 1.8333333333333333
          4.833333333333333 1 1.8333333333333333
          5 1 1.8333333333333333
          5.1666666666666661 1 1.8333333333333333
          5.333333333333333 1 1.8333333333333333
          5.5 1 1.8333333333333333
          5.6666666666666661 1 1.8333333333333333
          5.833333333333333 1 1.8333333333333333
          6 1 1.8333333333333333
          6.1666666666666661 1 1.8333333333333333
          6.333333333333333 1 1.8333333333333333
          6.5 1 1.8333333333333333
          6.6666666666666661 1 1.8333333333333333
          6.833333333333333 1 1.8333333333333333
          7 1 1.8333333333333333
          0 1.1666666666666665 1.8333333333333333
          0.16666666666666666 1.1666666666666665 1.8333333333333333
          0.33333333333333331 1.1666666666666665 1.8333333333333333
          0.5 1.1666666666666665 1.8333333333333333
          0.66666666666666663 1.1666666666666665 1.8333333333333333
          0.83333333333333326 1.1666666666666665 1.8333333333333333
          1 1.1666666666666665 1.8333333333333333
          1.1666666666666665 1.1666666666666665 1.8333333333333333
          1.3333333333333333 1.1666666666666665 1.8333333333333333
          1.5 1.1666666666666665 1.8333333333333333
          1.6666666666666665 1.1666666666666665 1.8333333333333333
          1.8333333333333333 1.1666666666666665 1.8333333333333333
          2 1.1666666666666665 1.8333333333333333
          2.1666666666666665 1.1666666666666665 1.8333333333333333
          2.333333333333333 1.1666666666666665 1.8333333333333333
          2.5 1.1666666666666665 1.8333333333333333
          2.6666666666666665 1.1666666666666665 1.8333333333333333
          2.833333333333333 1.1666666666666665 1.8333333333333333
          3 1.1666666666666665 1.8333333333333333
          3.1666666666666665 1.1666666666666665 1.8333333333333333
          3.333333333333333 1.1666666666666665 1.8333333333333333
          3.5 1.1666666666666665 1.8333333333333333
          3.6666666666666665 1.1666666666666665 1.8333333333333333
          3.833333333333333 1.1666666666666665 1.8333333333333333
          4 1.1666666666666665 1.8333333333333333
          4.1666666666666661 1.1666666666666665 1.8333333333333333
          4.333333333333333 1.1666666666666665 1.8333333333333333
          4.5 1.1666666666666665 1.8333333333333333
          4.6666666666666661 1.1666666666666665 1.8333333333333333
          4.833333333333333 1.1666666666666665 1.8333333333333333
          5 1.1666666666666665 1.8333333333333333
          5.1666666666666661 1.1666666666666665 1.8333333333333333
          5.333333333333333 1.1666666666666665 1.8333333333333333
          5.5 1.1666666666666665 1.8333333333333333
          5.6666666666666661 1.1666666666666665 1.8333333333333333
          5.833333333333333 1.1666666666666665 1.8333333333333333
          6 1.1666666666666665 1.8333333333333333
          6.1666666666666661 1.1666666666666665 1.8333333333333333
          6.333333333333333 1.1666666666666665 1.8333333333333333
          6.5 1.1666666666666665 1.8333333333333333
          6.6666666666666661 1.1666666666666665 1.8333333333333333
          6.833333333333333 1.1666666666666665 1.8333333333333333
          7 1.1666666666666665 1.8333333333333333
          0 1.3333333333333333 1.8333333333333333
          0.16666666666666666 1.3333333333333333 1.8333333333333333
          0.33333333333333331 1.3333333333333333 1.8333333333333333
          0.5 1.3333333333333333 1.8333333333333333
          0.66666666666666663 1.3333333333333333 1.8333333333333333
          0.83333333333333326 1.3333333333333333 1.8333333333333333
          1 1.3333333333333333 1.8333333333333333
          1.1666666666666665 1.3333333333333333 1.8333333333333333
          1.3333333333333333 1.3333333333333333 1.8333333333333333
          1.5 1.3333333333333333 1.8333333333333333
          1.6666666666666665 1.3333333333333333 1.8333333333333333
          1.8333333333333333 1.3333333333333333 1.8333333333333333
          2 1.3333333333333333 1.8333333333333333
          2.1666666666666665 1.3333333333333333 1.8333333333333333
          2.333333333333333 1.3333333333333333 1.8333333333333333
          2.5 1.3333333333333333 1.8333333333333333
          2.6666666666666665 1.3333333333333333 1.8333333333333333
          2.833333333333333 1.3333333333333333 1.8333333333333333
          3 1.3333333333333333 1.8333333333333333
          3.1666666666666665 1.3333333333333333 1.8333333333333333
          3.333333333333333 1.3333333333333333 1.8333333333333333
          3.5 1.3333333333333333 1.8333333333333333
          3.6666666666666665 1.3333333333333333 1.8333333333333333
          3.833333333333333 1.3333333333333333 1.8333333333333333
          4 1.3333333333333333 1.8333333333333333
          4.1666666666666661 1.3333333333333333 1.8333333333333333
          4.333333333333333 1.3333333333333333 1.8333333333333333
          4.5 1.3333333333333333 1.8333333333333333
          4.6666666666666661 1.3333333333333333 1.8333333333333333
          4.833333333333333 1.3333333333333333 1.8333333333333333
          5 1.3333333333333333 1.8333333333333333
          5.1666666666666661 1.3333333333333333 1.8333333333333333
          5.333333333333333 1.3333333333333333 1.8333333333333333
          5.5 1.3333333333333333 1.8333333333333333
          5.6666666666666661 1.3333333333333333 1.8333333333333333
          5.833333333333333 1.3333333333333333 1.8333333333333333
          6 1.3333333333333333 1.8333333333333333
          6.1666666666666661 1.3333333333333333 1.8333333333333333
          6.333333333333333 1.3333333333333333 1.8333333333333333
          6.5 1.3333333333333333 1.8333333333333333
          6.6666666666666661 1.3333333333333333 1.8333333333333333
          6.833333333333333 1.3333333333333333 1.8333333333333333
          7 1.3333333333333333 1.8333333333333333
          0 1.5 1.8333333333333333
          0.16666666666666666 1.5 1.8333333333333333
          0.33333333333333331 1.5 1.8333333333333333
          0.5 1.5 1.8333333333333333
          0.66666666666666663 1.5 1.8333333333333333
          0.83333333333333326 1.5 1.8333333333333333
          1 1.5 1.8333333333333333
          1.1666666666666665 1.5 1.8333333333333333
          1.3333333333333333 1.5 1.8333333333333333
          1.5 1.5 1.8333333333333333
          1.6666666666666665 1.5 1.8333333333333333
          1.8333333333333333 1.5 1.8333333333333333
          2 1.5 1.8333333333333333
          2.1666666666666665 1.5 1.8333333333333333
          2.333333333333333 1.5 1.8333333333333333
          2.5 1.5 1.8333333333333333
          2.6666666666666665 1.5 1.8333333333333333
          2.833333333333333 1.5 1.8333333333333333
          3 1.5 1.8333333333333333
          3.1666666666666665 1.5 1.8333333333333333
          3.333333333333333 1.5 1.8333333333333333
          3.5 1.5 1.8333333333333333
          3.6666666666666665 1.5 1.8333333333333333
          3.833333333333333 1.5 1.8333333333333333
          4 1.5 1.8333333333333333
          4.1666666666666661 1.5 1.8333333333333333
          4.333333333333333 1.5 1.8333333333333333
          4.5 1.5 1.8333333333333333
          4.6666666666666661 1.5 1.8333333333333333
          4.833333333333333 1.5 1.8333333333333333
          5 1.5 1.8333333333333333
          5.1666666666666661 1.5 1.8333333333333333
          5.333333333333333 1.5 1.8333333333333333
          5.5 1.5 1.8333333333333333
          5.6666666666666661 1.5 1.8333333333333333
          5.833333333333333 1.5 1.8333333333333333
          6 1.5 1.8333333333333333
          6.1666666666666661 1.5 1.8333333333333333
          6.333333333333333 1.5 1.8333333333333333
          6.5 1.5 1.8333333333333333
          6.6666666666666661 1.5 1.8333333333333333
          6.833333333333333 1.5 1.8333333333333333
          7 1.5 1.8333333333333333
          0 1.6666666666666665 1.8333333333333333
          0.16666666666666666 1.6666666666666665 1.8333333333333333
          0.33333333333333331 1.6666666666666665 1.8333333333333333
          0.5 1.6666666666666665 1.8333333333333333
          0.66666666666666663 1.6666666666666665 1.8333333333333333
          0.83333333333333326 1.6666666666666665 1.8333333333333333
          1 1.6666666666666665 1.8333333333333333
          1.1666666666666665 1.6666666666666665 1.8333333333333333
          1.3333333333333333 1.6666666666666665 1.8333333333333333
          1.5 1.6666666666666665 1.8333333333333333
          1.6666666666666665 1.6666666666666665 1.8333333333333333
          1.8333333333333333 1.6666666666666665 1.8333333333333333
          2 1.6666666666666665 1.8333333333333333
          2.1666666666666665 1.6666666666666665 1.8333333333333333
          2.333333333333333 1.6666666666666665 1.8333333333333333
          2.5 1.6666666666666665 1.8333333333333333
          2.6666666666666665 1.6666666666666665 1.8333333333333333
          2.833333333333333 1.6666666666666665 1.8333333333333333
          3 1.6666666666666665 1.8333333333333333
          3.1666666666666665 1.6666666666666665 1.8333333333333333
          3.333333333333333 1.6666666666666665 1.8333333333333333
          3.5 1.6666666666666665 1.8333333333333333
          3.6666666666666665 1.6666666666666665 1.8333333333333333
          3.833333333333333 1.6666666666666665 1.8333333333333333
          4 1.6666666666666665 1.8333333333333333
          4.1666666666666661 1.6666666666666665 1.8333333333333333
          4.333333333333333 1.6666666666666665 1.8333333333333333
          4.5 1.6666666666666665 1.8333333333333333
          4.6666666666666661 1.6666666666666665 1.8333333333333333
          4.833333333333333 1.6666666666666665 1.8333333333333333
          5 1.6666666666666665 1.8333333333333333
          5.1666666666666661 1.6666666666666665 1.8333333333333333
          5.333333333333333 1.6666666666666665 1.8333333333333333
          5.5 1.6666666666666665 1.8333333333333333
          5.6666666666666661 1.6666666666666665 1.8333333333333333
          5.833333333333333 1.6666666666666665 1.8333333333333333
          6 1.6666666666666665 1.8333333333333333
          6.1666666666666661 1.6666666666666665 1.8333333333333333
          6.333333333333333 1.6666666666666665 1.8333333333333333
          6.5 1.6666666666666665 1.8333333333333333
          6.6666666666666661 1.6666666666666665 1.8333333333333333
          6.833333333333333 1.6666666666666665 1.8333333333333333
          7 1.6666666666666665 1.8333333333333333
          0 1.8333333333333333 1.8333333333333333
          0.16666666666666666 1.8333333333333333 1.8333333333333333
          0.33333333333333331 1.8333333333333333 1.8333333333333333
          0.5 1.8333333333333333 1.8333333333333333
          0.66666666666666663 1.8333333333333333 1.8333333333333333
          0.83333333333333326 1.8333333333333333 1.8333333333333333
          1 1.8333333333333333 1.8333333333333333
          1.1666666666666665 1.8333333333333333 1.8333333333333333
          1.3333333333333333 1.8333333333333333 1.8333333333333333
          1.5 1.8333333333333333 1.8333333333333333
          1.6666666666666665 1.8333333333333333 1.8333333333333333
          1.8333333333333333 1.8333333333333333 1.8333333333333333
          2 1.8333333333333333 1.8333333333333333
          2.1666666666666665 1.8333333333333333 1.8333333333333333
          2.333333333333333 1.8333333333333333 1.8333333333333333
          2.5 1.8333333333333333 1.8333333333333333
          2.6666666666666665 1.8333333333333333 1.8333333333333333
          2.833333333333333 1.8333333333333333 1.8333333333333333
          3 1.8333333333333333 1.8333333333333333
          3.1666666666666665 1.8333333333333333 1.8333333333333333
          3.333333333333333 1.8333333333333333 1.8333333333333333
          3.5 1.8333333333333333 1.8333333333333333
          3.6666666666666665 1.8333333333333333 1.8333333333333333
          3.833333333333333 1.8333333333333333 1.8333333333333333
          4 1.8333333333333333 1.8333333333333333
          4.1666666666666661 1.8333333333333333 1.8333333333333333
          4.333333333333333 1.8333333333333333 1.8333333333333333
          4.5 1.8333333333333333 1.8333333333333333
          4.6666666666666661 1.8333333333333333 1.8333333333333333
          4.833333333333333 1.8333333333333333 1.8333333333333333
          5 1.8333333333333333 1.8333333333333333
          5.1666666666666661 1.8333333333333333 1.8333333333333333
          5.333333333333333 1.8333333333333333 1.8333333333333333
          5.5 1.8333333333333333 1.8333333333333333
          5.6666666666666661 1.8333333333333333 1.8333333333333333
          5.833333333333333 1.8333333333333333 1.8333333333333333
          6 1.8333333333333333 1.8333333333333333
          6.1666666666666661 1.8333333333333333 1.8333333333333333
          6.333333333333333 1.8333333333333333 1.8333333333333333
          6.5 1.8333333333333333 1.8333333333333333
          6.6666666666666661 1.8333333333333333 1.8333333333333333
          6.833333333333333 1.8333333333333333 1.8333333333333333
          7 1.8333333333333333 1.8333333333333333
          0 2 1.8333333333333333
          0.16666666666666666 2 1.8333333333333333
          0.33333333333333331 2 1.8333333333333333
          0.5 2 1.8333333333333333
          0.66666666666666663 2 1.8333333333333333
          0.83333333333333326 2 1.8333333333333333
          1 2 1.8333333333333333
          1.1666666666666665 2 1.8333333333333333
          1.3333333333333333 2 1.8333333333333333
          1.5 2 1.8333333333333333
          1.6666666666666665 2 1.8333333333333333
          1.8333333333333333 2 1.8333333333333333
          2 2 1.8333333333333333
          2.1666666666666665 2 1.8333333333333333
          2.333333333333333 2 1.8333333333333333
          2.5 2 1.8333333333333333
          2.6666666666666665 2 1.8333333333333333
          2.833333333333333 2 1.8333333333333333
          3 2 1.8333333333333333
          3.1666666666666665 2 1.8333333333333333
          3.333333333333333 2 1.8333333333333333
          3.5 2 1.8333333333333333
          3.6666666666666665 2 1.8333333333333333
          3.833333333333333 2 1.8333333333333333
          4 2 1.8333333333333333
          4.1666666666666661 2 1.8333333333333333
          4.333333333333333 2 1.8333333333333333
          4.5 2 1.8333333333333333
          4.6666666666666661 2 1.8333333333333333
          4.833333333333333 2 1.8333333333333333
          5 2 1.8333333333333333
          5.1666666666666661 2 1.8333333333333333
          5.333333333333333 2 1.8333333333333333
          5.5 2 1.8333333333333333
          5.6666666666666661 2 1.8333333333333333
          5.833333333333333 2 1.8333333333333333
          6 2 1.8333333333333333
          6.1666666666666661 2 1.8333333333333333
          6.333333333333333 2 1.8333333333333333
          6.5 2 1.8333333333333333
          6.6666666666666661 2 1.8333333333333333
          6.833333333333333 2 1.8333333333333333
          7 2 1.8333333333333333
          0 2.1666666666666665 1.8333333333333333
          0.16666666666666666 2.1666666666666665 1.8333333333333333
          0.33333333333333331 2.1666666666666665 1.8333333333333333
          0.5 2.1666666666666665 1.8333333333333333
          0.66666666666666663 2.1666666666666665 1.8333333333333333
          0.83333333333333326 2.1666666666666665 1.8333333333333333
          1 2.1666666666666665 1.8333333333333333
          1.1666666666666665 2.1666666666666665 1.8333333333333333
          1.3333333333333333 2.1666666666666665 1.8333333333333333
          1.5 2.1666666666666665 1.8333333333333333
          1.6666666666666665 2.1666666666666665 1.8333333333333333
          1.8333333333333333 2.1666666666666665 1.8333333333333333
          2 2.1666666666666665 1.8333333333333333
          2.1666666666666665 2.1666666666666665 1.8333333333333333
          2.333333333333333 2.1666666666666665 1.8333333333333333
          2.5 2.1666666666666665 1.8333333333333333
          2.6666666666666665 2.1666666666666665 1.8333333333333333
          2.833333333333333 2.1666666666666665 1.8333333333333333
          3 2.1666666666666665 1.8333333333333333
          3.1666666666666665 2.1666666666666665 1.8333333333333333
          3.333333333333333 2.1666666666666665 1.8333333333333333
          3.5 2.1666666666666665 1.8333333333333333
          3.6666666666666665 2.1666666666666665 1.8333333333333333
          3.833333333333333 2.1666666666666665 1.8333333333333333
          4 2.1666666666666665 1.8333333333333333
          4.1666666666666661 2.1666666666666665 1.8333333333333333
          4.333333333333333 2.1666666666666665 1.8333333333333333
          4.5 2.1666666666666665 1.8333333333333333
          4.6666666666666661 2.1666666666666665 1.8333333333333333
          4.833333333333333 2.1666666666666665 1.8333333333333333
          5 2.1666666666666665 1.8333333333333333
          5.1666666666666661 2.1666666666666665 1.8333333333333333
          5.333333333333333 2.1666666666666665 1.8333333333333333
          5.5 2.1666666666666665 1.8333333333333333
          5.6666666666666661 2.1666666666666665 1.8333333333333333
          5.833333333333333 2.1666666666666665 1.8333333333333333
          6 2.1666666666666665 1.8333333333333333
          6.1666666666666661 2.1666666666666665 1.8333333333333333
          6.333333333333333 2.1666666666666665 1.8333333333333333
          6.5 2.1666666666666665 1.8333333333333333
          6.6666666666666661 2.1666666666666665 1.8333333333333333
          6.833333333333333 2.1666666666666665 1.8333333333333333
          7 2.1666666666666665 1.8333333333333333
          0 2.333333333333333 1.8333333333333333
          0.16666666666666666 2.333333333333333 1.8333333333333333
          0.33333333333333331 2.333333333333333 1.8333333333333333
          0.5 2.333333333333333 1.8333333333333333
          0.66666666666666663 2.333333333333333 1.8333333333333333
          0.83333333333333326 2.333333333333333 1.8333333333333333
          1 2.333333333333333 1.8333333333333333
          1.1666666666666665 2.333333333333333 1.8333333333333333
          1.3333333333333333 2.333333333333333 1.8333333333333333
          1.5 2.333333333333333 1.8333333333333333
          1.6666666666666665 2.333333333333333 1.8333333333333333
          1.8333333333333333 2.333333333333333 1.8333333333333333
          2 2.333333333333333 1.8333333333333333
          2.1666666666666665 2.333333333333333 1.8333333333333333
          2.333333333333333 2.333333333333333 1.8333333333333333
          2.5 2.333333333333333 1.8333333333333333
          2.6666666666666665 2.333333333333333 1.8333333333333333
          2.833333333333333 2.333333333333333 1.8333333333333333
          3 2.333333333333333 1.8333333333333333
          3.1666666666666665 2.333333333333333 1.8333333333333333
          3.333333333333333 2.333333333333333 1.8333333333333333
          3.5 2.333333333333333 1.8333333333333333
          3.6666666666666665 2.333333333333333 1.8333333333333333
          3.833333333333333 2.333333333333333 1.8333333333333333
          4 2.333333333333333 1.8333333333333333
          4.1666666666666661 2.333333333333333 1.8333333333333333
          4.333333333333333 2.333333333333333 1.8333333333333333
          4.5 2.333333333333333 1.8333333333333333
          4.6666666666666661 2.333333333333333 1.8333333333333333
          4.833333333333333 2.333333333333333 1.8333333333333333
          5 2.333333333333333 1.8333333333333333
          5.1666666666666661 2.333333333333333 1.8333333333333333
          5.333333333333333 2.333333333333333 1.8333333333333333
          5.5 2.333333333333333 1.8333333333333333
          5.6666666666666661 2.333333333333333 1.8333333333333333
          5.833333333333333 2.333333333333333 1.8333333333333333
          6 2.333333333333333 1.8333333333333333
          6.1666666666666661 2.333333333333333 1.8333333333333333
          6.333333333333333 2.333333333333333 1.8333333333333333
          6.5 2.333333333333333 1.8333333333333333
          6.6666666666666661 2.333333333333333 1.8333333333333333
          6.833333333333333 2.333333333333333 1.8333333333333333
          7 2.333333333333333 1.8333333333333333
          0 2.5 1.8333333333333333
          0.16666666666666666 2.5 1.8333333333333333
          0.33333333333333331 2.5 1.8333333333333333
          0.5 2.5 1.8333333333333333
          0.66666666666666663 2.5 1.8333333333333333
          0.83333333333333326 2.5 1.8333333333333333
          1 2.5 1.8333333333333333
          1.1666666666666665 2.5 1.8333333333333333
          1.3333333333333333 2.5 1.8333333333333333
          1.5 2.5 1.8333333333333333
          1.6666666666666665 2.5 1.8333333333333333
          1.8333333333333333 2.5 1.8333333333333333
          2 2.5 1.8333333333333333
          2.1666666666666665 2.5 1.8333333333333333
          2.333333333333333 2.5 1.8333333333333333
          2.5 2.5 1.8333333333333333
          2.6666666666666665 2.5 1.8333333333333333
          2.833333333333333 2.5 1.8333333333333333
          3 2.5 1.8333333333333333
          3.1666666666666665 2.5 1.8333333333333333
          3.333333333333333 2.5 1.8333333333333333
          3.5 2.5 1.8333333333333333
          3.6666666666666665 2.5 1.8333333333333333
          3.833333333333333 2.5 1.8333333333333333
          4 2.5 1.8333333333333333
          4.1666666666666661 2.5 1.8333333333333333
          4.333333333333333 2.5 1.8333333333333333
          4.5 2.5 1.8333333333333333
          4.6666666666666661 2.5 1.8333333333333333
          4.833333333333333 2.5 1.8333333333333333
          5 2.5 1.8333333333333333
          5.1666666666666661 2.5 1.8333333333333333
          5.333333333333333 2.5 1.8333333333333333
          5.5 2.5 1.8333333333333333
          5.6666666666666661 2.5 1.8333333333333333
          5.833333333333333 2.5 1.8333333333333333
          6 2.5 1.8333333333333333
          6.1666666666666661 2.5 1.8333333333333333
          6.333333333333333 2.5 1.8333333333333333
          6.5 2.5 1.8333333333333333
          6.6666666666666661 2.5 1.8333333333333333
          6.833333333333333 2.5 1.8333333333333333
          7 2.5 1.8333333333333333
          0 2.6666666666666665 1.8333333333333333
          0.16666666666666666 2.6666666666666665 1.8333333333333333
          0.33333333333333331 2.6666666666666665 1.8333333333333333
          0.5 2.6666666666666665 1.8333333333333333
          0.66666666666666663 2.6666666666666665 1.8333333333333333
          0.83333333333333326 2.6666666666666665 1.8333333333333333
          1 2.6666666666666665 1.8333333333333333
          1.1666666666666665 2.6666666666666665 1.8333333333333333
          1.3333333333333333 2.6666666666666665 1.8333333333333333
          1.5 2.6666666666666665 1.8333333333333333
          1.6666666666666665 2.6666666666666665 1.8333333333333333
          1.8333333333333333 2.6666666666666665 1.8333333333333333
          2 2.6666666666666665 1.8333333333333333
          2.1666666666666665 2.6666666666666665 1.8333333333333333
          2.333333333333333 2.6666666666666665 1.8333333333333333
          2.5 2.6666666666666665 1.8333333333333333
          2.6666666666666665 2.6666666666666665 1.8333333333333333
          2.833333333333333 2.6666666666666665 1.8333333333333333
          3 2.6666666666666665 1.8333333333333333
          3.1666666666666665 2.6666666666666665 1.8333333333333333
          3.333333333333333 2.6666666666666665 1.8333333333333333
          3.5 2.6666666666666665 1.8333333333333333
          3.6666666666666665 2.6666666666666665 1.8333333333333333
          3.833333333333333 2.6666666666666665 1.8333333333333333
          4 2.6666666666666665 1.8333333333333333
          4.1666666666666661 2.6666666666666665 1.8333333333333333
          4.333333333333333 2.6666666666666665 1.8333333333333333
          4.5 2.6666666666666665 1.8333333333333333
          4.6666666666666661 2.6666666666666665 1.8333333333333333
          4.833333333333333 2.6666666666666665 1.8333333333333333
          5 2.6666666666666665 1.8333333333333333
          5.1666666666666661 2.6666666666666665 1.8333333333333333
          5.333333333333333 2.6666666666666665 1.8333333333333333
          5.5 2.6666666666666665 1.8333333333333333
          5.6666666666666661 2.6666666666666665 1.8333333333333333
          5.833333333333333 2.6666666666666665 1.8333333333333333
          6 2.6666666666666665 1.8333333333333333
          6.1666666666666661 2.6666666666666665 1.8333333333333333
          6.333333333333333 2.6666666666666665 1.8333333333333333
          6.5 2.6666666666666665 1.8333333333333333
          6.6666666666666661 2.6666666666666665 1.8333333333333333
          6.833333333333333 2.6666666666666665 1.8333333333333333
          7 2.6666666666666665 1.8333333333333333
          0 2.833333333333333 1.8333333333333333
          0.16666666666666666 2.833333333333333 1.8333333333333333
          0.33333333333333331 2.833333333333333 1.8333333333333333
          0.5 2.833333333333333 1.8333333333333333
          0.66666666666666663 2.833333333333333 1.8333333333333333
          0.83333333333333326 2.833333333333333 1.8333333333333333
          1 2.833333333333333 1.8333333333333333
          1.1666666666666665 2.833333333333333 1.8333333333333333
          1.3333333333333333 2.833333333333333 1.8333333333333333
          1.5 2.833333333333333 1.8333333333333333
          1.6666666666666665 2.833333333333333 1.8333333333333333
          1.8333333333333333 2.833333333333333 1.8333333333333333
          2 2.833333333333333 1.8333333333333333
          2.1666666666666665 2.833333333333333 1.8333333333333333
          2.333333333333333 2.833333333333333 1.8333333333333333
          2.5 2.833333333333333 1.8333333333333333
          2.6666666666666665 2.833333333333333 1.8333333333333333
          2.833333333333333 2.833333333333333 1.8333333333333333
          3 2.833333333333333 1.8333333333333333
          3.1666666666666665 2.833333333333333 1.8333333333333333
          3.333333333333333 2.833333333333333 1.8333333333333333
          3.5 2.833333333333333 1.8333333333333333
          3.6666666666666665 2.833333333333333 1.8333333333333333
          3.833333333333333 2.833333333333333 1.8333333333333333
          4 2.833333333333333 1.8333333333333333
          4.1666666666666661 2.833333333333333 1.8333333333333333
          4.333333333333333 2.833333333333333 1.8333333333333333
          4.5 2.833333333333333 1.8333333333333333
          4.6666666666666661 2.833333333333333 1.8333333333333333
          4.833333333333333 2.833333333333333 1.8333333333333333
          5 2.833333333333333 1.8333333333333333
          5.1666666666666661 2.833333333333333 1.8333333333333333
          5.333333333333333 2.833333333333333 1.8333333333333333
          5.5 2.833333333333333 1.8333333333333333
          5.6666666666666661 2.833333333333333 1.8333333333333333
          5.833333333333333 2.833333333333333 1.8333333333333333
          6 2.833333333333333 1.8333333333333333
          6.1666666666666661 2.833333333333333 1.8333333333333333
          6.333333333333333 2.833333333333333 1.8333333333333333
          6.5 2.833333333333333 1.8333333333333333
          6.6666666666666661 2.833333333333333 1.8333333333333333
          6.833333333333333 2.833333333333333 1.8333333333333333
          7 2.833333333333333 1.8333333333333333
          0 3 1.8333333333333333
          0.16666666666666666 3 1.8333333333333333
          0.33333333333333331 3 1.8333333333333333
          0.5 3 1.8333333333333333
          0.66666666666666663 3 1.8333333333333333
          0.83333333333333326 3 1.8333333333333333
          1 3 1.8333333333333333
          1.1666666666666665 3 1.8333333333333333
          1.3333333333333333 3 1.8333333333333333
          1.5 3 1.8333333333333333
          1.6666666666666665 3 1.8333333333333333
          1.8333333333333333 3 1.8333333333333333
          2 3 1.8333333333333333
          2.1666666666666665 3 1.8333333333333333
          2.333333333333333 3 1.8333333333333333
          2.5 3 1.8333333333333333
          2.6666666666666665 3 1.8333333333333333
          2.833333333333333 3 1.8333333333333333
          3 3 1.8333333333333333
          3.1666666666666665 3 1.8333333333333333
          3.333333333333333 3 1.8333333333333333
          3.5 3 1.8333333333333333
          3.6666666666666665 3 1.8333333333333333
          3.833333333333333 3 1.8333333333333333
          4 3 1.8333333333333333
          4.1666666666666661 3 1.8333333333333333
          4.333333333333333 3 1.8333333333333333
          4.5 3 1.8333333333333333
          4.6666666666666661 3 1.8333333333333333
          4.833333333333333 3 1.8333333333333333
          5 3 1.8333333333333333
          5.1666666666666661 3 1.8333333333333333
          5.333333333333333 3 1.8333333333333333
          5.5 3 1.8333333333333333
          5.6666666666666661 3 1.8333333333333333
          5.833333333333333 3 1.8333333333333333
          6 3 1.8333333333333333
          6.1666666666666661 3 1.8333333333333333
          6.333333333333333 3 1.8333333333333333
          6.5 3 1.8333333333333333
          6.6666666666666661 3 1.8333333333333333
          6.833333333333333 3 1.8333333333333333
          7 3 1.8333333333333333
          0 0 2
          0.16666666666666666 0 2
          0.33333333333333331 0 2
          0.5 0 2
          0.66666666666666663 0 2
          0.83333333333333326 0 2
          1 0 2
          1.1666666666666665 0 2
          1.3333333333333333 0 2
          1.5 0 2
          1.6666666666666665 0 2
          1.8333333333333333 0 2
          2 0 2
          2.1666666666666665 0 2
          2.333333333333333 0 2
          2.5 0 2
          2.6666666666666665 0 2
          2.833333333333333 0 2
          3 0 2
          3.1666666666666665 0 2
          3.333333333333333 0 2
          3.5 0 2
          3.6666666666666665 0 2
          3.833333333333333 0 2
          4 0 2
          4.1666666666666661 0 2
          4.333333333333333 0 2
          4.5 0 2
          4.6666666666666661 0 2
          4.833333333333333 0 2
          5 0 2
          5.1666666666666661 0 2
          5.333333333333333 0 2
          5.5 0 2
          5.6666666666666661 0 2
          5.833333333333333 0 2
          6 0 2
          6.1666666666666661 0 2
          6.333333333333333 0 2
          6.5 0 2
          6.6666666666666661 0 2
          6.833333333333333 0 2
          7 0 2
          0 0.16666666666666666 2
          0.16666666666666666 0.16666666666666666 2
          0.33333333333333331 0.16666666666666666 2
          0.5 0.16666666666666666 2
          0.66666666666666663 0.16666666666666666 2
          0.83333333333333326 0.16666666666666666 2
          1 0.16666666666666666 2
          1.1666666666666665 0.16666666666666666 2
          1.3333333333333333 0.16666666666666666 2
          1.5 0.16666666666666666 2
          1.6666666666666665 0.16666666666666666 2
          1.8333333333333333 0.16666666666666666 2
          2 0.16666666666666666 2
          2.1666666666666665 0.16666666666666666 2
          2.333333333333333 0.16666666666666666 2
          2.5 0.16666666666666666 2
          2.6666666666666665 0.16666666666666666 2
          2.833333333333333 0.16666666666666666 2
          3 0.16666666666666666 2
          3.1666666666666665 0.16666666666666666 2
          3.333333333333333 0.16666666666666666 2
          3.5 0.16666666666666666 2
          3.6666666666666665 0.16666666666666666 2
          3.833333333333333 0.16666666666666666 2
          4 0.16666666666666666 2
          4.1666666666666661 0.16666666666666666 2
          4.333333333333333 0.16666666666666666 2
          4.5 0.16666666666666666 2
          4.6666666666666661 0.16666666666666666 2
          4.833333333333333 0.16666666666666666 2
          5 0.16666666666666666 2
          5.1666666666666661 0.16666666666666666 2
          5.333333333333333 0.16666666666666666 2
          5.5 0.16666666666666666 2
          5.6666666666666661 0.16666666666666666 2
          5.833333333333333 0.16666666666666666 2
          6 0.16666666666666666 2
          6.1666666666666661 0.16666666666666666 2
          6.333333333333333 0.16666666666666666 2
          6.5 0.16666666666666666 2
          6.6666666666666661 0.16666666666666666 2
          6.833333333333333 0.16666666666666666 2
          7 0.16666666666666666 2
          0 0.33333333333333331 2
          0.16666666666666666 0.33333333333333331 2
          0.33333333333333331 0.33333333333333331 2
          0.5 0.33333333333333331 2
          0.66666666666666663 0.33333333333333331 2
          0.83333333333333326 0.33333333333333331 2
          1 0.33333333333333331 2
          1.1666666666666665 0.33333333333333331 2
          1.3333333333333333 0.33333333333333331 2
          1.5 0.33333333333333331 2
          1.6666666666666665 0.33333333333333331 2
          1.8333333333333333 0.33333333333333331 2
          2 0.33333333333333331 2
          2.1666666666666665 0.33333333333333331 2
          2.333333333333333 0.33333333333333331 2
          2.5 0.33333333333333331 2
          2.6666666666666665 0.33333333333333331 2
          2.833333333333333 0.33333333333333331 2
          3 0.33333333333333331 2
          3.1666666666666665 0.33333333333333331 2
          3.333333333333333 0.33333333333333331 2
          3.5 0.33333333333333331 2
          3.6666666666666665 0.33333333333333331 2
          3.833333333333333 0.33333333333333331 2
          4 0.33333333333333331 2
          4.1666666666666661 0.33333333333333331 2
          4.333333333333333 0.33333333333333331 2
          4.5 0.33333333333333331 2
          4.6666666666666661 0.33333333333333331 2
          4.833333333333333 0.33333333333333331 2
          5 0.33333333333333331 2
          5.1666666666666661 0.33333333333333331 2
          5.333333333333333 0.33333333333333331 2
          5.5 0.33333333333333331 2
          5.6666666666666661 0.33333333333333331 2
          5.833333333333333 0.33333333333333331 2
          6 0.33333333333333331 2
          6.1666666666666661 0.33333333333333331 2
          6.333333333333333 0.33333333333333331 2
          6.5 0.33333333333333331 2
          6.6666666666666661 0.33333333333333331 2
          6.833333333333333 0.33333333333333331 2
          7 0.33333333333333331 2
          0 0.5 2
          0.16666666666666666 0.5 2
          0.33333333333333331 0.5 2
          0.5 0.5 2
          0.66666666666666663 0.5 2
          0.83333333333333326 0.5 2
          1 0.5 2
          1.1666666666666665 0.5 2
          1.3333333333333333 0.5 2
          1.5 0.5 2
          1.6666666666666665 0.5 2
          1.8333333333333333 0.5 2
          2 0.5 2
          2.1666666666666665 0.5 2
          2.333333333333333 0.5 2
          2.5 0.5 2
          2.6666666666666665 0.5 2
          2.833333333333333 0.5 2
          3 0.5 2
          3.1666666666666665 0.5 2
          3.333333333333333 0.5 2
          3.5 0.5 2
          3.6666666666666665 0.5 2
          3.833333333333333 0.5 2
          4 0.5 2
          4.1666666666666661 0.5 2
          4.333333333333333 0.5 2
          4.5 0.5 2
          4.6666666666666661 0.5 2
          4.833333333333333 0.5 2
          5 0.5 2
          5.1666666666666661 0.5 2
          5.333333333333333 0.5 2
          5.5 0.5 2
          5.6666666666666661 0.5 2
          5.833333333333333 0.5 2
          6 0.5 2
          6.1666666666666661 0.5 2
          6.333333333333333 0.5 2
          6.5 0.5 2
          6.6666666666666661 0.5 2
          6.833333333333333 0.5 2
          7 0.5 2
          0 0.66666666666666663 2
          0.16666666666666666 0.66666666666666663 2
          0.33333333333333331 0.66666666666666663 2
          0.5 0.66666666666666663 2
          0.66666666666666663 0.66666666666666663 2
          0.83333333333333326 0.66666666666666663 2
          1 0.66666666666666663 2
          1.1666666666666665 0.66666666666666663 2
          1.3333333333333333 0.66666666666666663 2
          1.5 0.66666666666666663 2
          1.6666666666666665 0.66666666666666663 2
          1.8333333333333333 0.66666666666666663 2
          2 0.66666666666666663 2
          2.1666666666666665 0.66666666666666663 2
          2.333333333333333 0.66666666666666663 2
          2.5 0.66666666666666663 2
          2.6666666666666665 0.66666666666666663 2
          2.833333333333333 0.66666666666666663 2
          3 0.66666666666666663 2
          3.1666666666666665 0.66666666666666663 2
          3.333333333333333 0.66666666666666663 2
          3.5 0.66666666666666663 2
          3.6666666666666665 0.66666666666666663 2
          3.833333333333333 0.66666666666666663 2
          4 0.66666666666666663 2
          4.1666666666666661 0.66666666666666663 2
          4.333333333333333 0.66666666666666663 2
          4.5 0.66666666666666663 2
          4.6666666666666661 0.66666666666666663 2
          4.833333333333333 0.66666666666666663 2
          5 0.66666666666666663 2
          5.1666666666666661 0.66666666666666663 2
          5.333333333333333 0.66666666666666663 2
          5.5 0.66666666666666663 2
          5.6666666666666661 0.66666666666666663 2
          5.833333333333333 0.66666666666666663 2
          6 0.66666666666666663 2
          6.1666666666666661 0.66666666666666663 2
          6.333333333333333 0.66666666666666663 2
          6.5 0.66666666666666663 2
          6.6666666666666661 0.66666666666666663 2
          6.833333333333333 0.66666666666666663 2
          7 0.66666666666666663 2
          0 0.83333333333333326 2
          0.16666666666666666 0.83333333333333326 2
          0.33333333333333331 0.83333333333333326 2
          0.5 0.83333333333333326 2
          0.66666666666666663 0.83333333333333326 2
          0.83333333333333326 0.83333333333333326 2
          1 0.83333333333333326 2
          1.1666666666666665 0.83333333333333326 2
          1.3333333333333333 0.83333333333333326 2
          1.5 0.83333333333333326 2
          1.6666666666666665 0.83333333333333326 2
          1.8333333333333333 0.83333333333333326 2
          2 0.83333333333333326 2
          2.1666666666666665 0.83333333333333326 2
          2.333333333333333 0.83333333333333326 2
          2.5 0.83333333333333326 2
          2.6666666666666665 0.83333333333333326 2
          2.833333333333333 0.83333333333333326 2
          3 0.83333333333333326 2
          3.1666666666666665 0.83333333333333326 2
          3.333333333333333 0.83333333333333326 2
          3.5 0.83333333333333326 2
          3.6666666666666665 0.83333333333333326 2
          3.833333333333333 0.83333333333333326 2
          4 0.83333333333333326 2
          4.1666666666666661 0.83333333333333326 2
          4.333333333333333 0.83333333333333326 2
          4.5 0.83333333333333326 2
          4.6666666666666661 0.83333333333333326 2
          4.833333333333333 0.83333333333333326 2
          5 0.83333333333333326 2
          5.1666666666666661 0.83333333333333326 2
          5.333333333333333 0.83333333333333326 2
          5.5 0.83333333333333326 2
          5.6666666666666661 0.83333333333333326 2
          5.833333333333333 0.83333333333333326 2
          6 0.83333333333333326 2
          6.1666666666666661 0.83333333333333326 2
          6.333333333333333 0.83333333333333326 2
          6.5 0.83333333333333326 2
          6.6666666666666661 0.83333333333333326 2
          6.833333333333333 0.83333333333333326 2
          7 0.83333333333333326 2
          0 1 2
          0.16666666666666666 1 2
          0.33333333333333331 1 2
          0.5 1 2
          0.66666666666666663 1 2
          0.83333333333333326 1 2
          1 1 2
          1.1666666666666665 1 2
          1.3333333333333333 1 2
          1.5 1 2
          1.6666666666666665 1 2
          1.8333333333333333 1 2
          2 1 2
          2.1666666666666665 1 2
          2.333333333333333 1 2
          2.5 1 2
          2.6666666666666665 1 2
          2.833333333333333 1 2
          3 1 2
          3.1666666666666665 1 2
          3.333333333333333 1 2
          3.5 1 2
          3.6666666666666665 1 2
          3.833333333333333 1 2
          4 1 2
          4.1666666666666661 1 2
          4.333333333333333 1 2
          4.5 1 2
          4.6666666666666661 1 2
          4.833333333333333 1 2
          5 1 2
          5.1666666666666661 1 2
          5.333333333333333 1 2
          5.5 1 2
          5.6666666666666661 1 2
          5.833333333333333 1 2
          6 1 2
          6.1666666666666661 1 2
          6.333333333333333 1 2
          6.5 1 2
          6.6666666666666661 1 2
          6.833333333333333 1 2
          7 1 2
          0 1.1666666666666665 2
          0.16666666666666666 1.1666666666666665 2
          0.33333333333333331 1.1666666666666665 2
          0.5 1.1666666666666665 2
          0.66666666666666663 1.1666666666666665 2
          0.83333333333333326 1.1666666666666665 2
          1 1.1666666666666665 2
          1.1666666666666665 1.1666666666666665 2
          1.3333333333333333 1.1666666666666665 2
          1.5 1.1666666666666665 2
          1.6666666666666665 1.1666666666666665 2
          1.8333333333333333 1.1666666666666665 2
          2 1.1666666666666665 2
          2.1666666666666665 1.1666666666666665 2
          2.333333333333333 1.1666666666666665 2
          2.5 1.1666666666666665 2
          2.6666666666666665 1.1666666666666665 2
          2.833333333333333 1.1666666666666665 2
          3 1.1666666666666665 2
          3.1666666666666665 1.1666666666666665 2
          3.333333333333333 1.1666666666666665 2
          3.5 1.1666666666666665 2
          3.6666666666666665 1.1666666666666665 2
          3.833333333333333 1.1666666666666665 2
          4 1.1666666666666665 2
          4.1666666666666661 1.1666666666666665 2
          4.333333333333333 1.1666666666666665 2
          4.5 1.1666666666666665 2
          4.6666666666666661 1.1666666666666665 2
          4.833333333333333 1.1666666666666665 2
          5 1.1666666666666665 2
          5.1666666666666661 1.1666666666666665 2
          5.333333333333333 1.1666666666666665 2
          5.5 1.1666666666666665 2
          5.6666666666666661 1.1666666666666665 2
          5.833333333333333 1.1666666666666665 2
          6 1.1666666666666665 2
          6.1666666666666661 1.1666666666666665 2
          6.333333333333333 1.1666666666666665 2
          6.5 1.1666666666666665 2
          6.6666666666666661 1.1666666666666665 2
          6.833333333333333 1.1666666666666665 2
          7 1.1666666666666665 2
          0 1.3333333333333333 2
          0.16666666666666666 1.3333333333333333 2
          0.33333333333333331 1.3333333333333333 2
          0.5 1.3333333333333333 2
          0.66666666666666663 1.3333333333333333 2
          0.83333333333333326 1.3333333333333333 2
          1 1.3333333333333333 2
          1.1666666666666665 1.3333333333333333 2
          1.3333333333333333 1.3333333333333333 2
          1.5 1.3333333333333333 2
          1.6666666666666665 1.3333333333333333 2
          1.8333333333333333 1.3333333333333333 2
          2 1.3333333333333333 2
          2.1666666666666665 1.3333333333333333 2
          2.333333333333333 1.3333333333333333 2
          2.5 1.3333333333333333 2
          2.6666666666666665 1.3333333333333333 2
          2.833333333333333 1.3333333333333333 2
          3 1.3333333333333333 2
          3.1666666666666665 1.3333333333333333 2
          3.333333333333333 1.3333333333333333 2
          3.5 1.3333333333333333 2
          3.6666666666666665 1.3333333333333333 2
          3.833333333333333 1.3333333333333333 2
          4 1.3333333333333333 2
          4.1666666666666661 1.3333333333333333 2
          4.333333333333333 1.3333333333333333 2
          4.5 1.3333333333333333 2
          4.6666666666666661 1.3333333333333333 2
          4.833333333333333 1.3333333333333333 2
          5 1.3333333333333333 2
          5.1666666666666661 1.3333333333333333 2
          5.333333333333333 1.3333333333333333 2
          5.5 1.3333333333333333 2
          5.6666666666666661 1.3333333333333333 2
          5.833333333333333 1.3333333333333333 2
          6 1.3333333333333333 2
          6.1666666666666661 1.3333333333333333 2
          6.333333333333333 1.3333333333333333 2
          6.5 1.3333333333333333 2
          6.6666666666666661 1.3333333333333333 2
          6.833333333333333 1.3333333333333333 2
          7 1.3333333333333333 2
          0 1.5 2
          0.16666666666666666 1.5 2
          0.33333333333333331 1.5 2
          0.5 1.5 2
          0.66666666666666663 1.5 2
          0.83333333333333326 1.5 2
          1 1.5 2
          1.1666666666666665 1.5 2
          1.3333333333333333 1.5 2
          1.5 1.5 2
          1.6666666666666665 1.5 2
          1.8333333333333333 1.5 2
          2 1.5 2
          2.1666666666666665 1.5 2
          2.333333333333333 1.5 2
          2.5 1.5 2
          2.6666666666666665 1.5 2
          2.833333333333333 1.5 2
          3 1.5 2
          3.1666666666666665 1.5 2
          3.333333333333333 1.5 2
          3.5 1.5 2
          3.6666666666666665 1.5 2
          3.833333333333333 1.5 2
          4 1.5 2
          4.1666666666666661 1.5 2
          4.333333333333333 1.5 2
          4.5 1.5 2
          4.6666666666666661 1.5 2
          4.833333333333333 1.5 2
          5 1.5 2
          5.1666666666666661 1.5 2
          5.333333333333333 1.5 2
          5.5 1.5 2
          5.6666666666666661 1.5 2
          5.833333333333333 1.5 2
          6 1.5 2
          6.1666666666666661 1.5 2
          6.333333333333333 1.5 2
          6.5 1.5 2
          6.6666666666666661 1.5 2
          6.833333333333333 1.5 2
          7 1.5 2
          0 1.6666666666666665 2
          0.16666666666666666 1.6666666666666665 2
          0.33333333333333331 1.6666666666666665 2
          0.5 1.6666666666666665 2
          0.66666666666666663 1.6666666666666665 2
          0.83333333333333326 1.6666666666666665 2
          1 1.6666666666666665 2
          1.1666666666666665 1.6666666666666665 2
          1.3333333333333333 1.6666666666666665 2
          1.5 1.6666666666666665 2
          1.6666666666666665 1.6666666666666665 2
          1.8333333333333333 1.6666666666666665 2
          2 1.6666666666666665 2
          2.1666666666666665 1.6666666666666665 2
          2.333333333333333 1.6666666666666665 2
          2.5 1.6666666666666665 2
          2.6666666666666665 1.6666666666666665 2
          2.833333333333333 1.6666666666666665 2
          3 1.6666666666666665 2
          3.1666666666666665 1.6666666666666665 2
          3.333333333333333 1.6666666666666665 2
          3.5 1.6666666666666665 2
          3.6666666666666665 1.6666666666666665 2
          3.833333333333333 1.6666666666666665 2
          4 1.6666666666666665 2
          4.1666666666666661 1.6666666666666665 2
          4.333333333333333 1.6666666666666665 2
          4.5 1.6666666666666665 2
          4.6666666666666661 1.6666666666666665 2
          4.833333333333333 1.6666666666666665 2
          5 1.6666666666666665 2
          5.1666666666666661 1.6666666666666665 2
          5.333333333333333 1.6666666666666665 2
          5.5 1.6666666666666665 2
          5.6666666666666661 1.6666666666666665 2
          5.833333333333333 1.6666666666666665 2
          6 1.6666666666666665 2
          6.1666666666666661 1.6666666666666665 2
          6.333333333333333 1.6666666666666665 2
          6.5 1.6666666666666665 2
          6.6666666666666661 1.6666666666666665 2
          6.833333333333333 1.6666666666666665 2
          7 1.6666666666666665 2
          0 1.8333333333333333 2
          0.16666666666666666 1.8333333333333333 2
          0.33333333333333331 1.8333333333333333 2
          0.5 1.8333333333333333 2
          0.66666666666666663 1.8333333333333333 2
          0.83333333333333326 1.8333333333333333 2
          1 1.8333333333333333 2
          1.1666666666666665 1.8333333333333333 2
          1.3333333333333333 1.8333333333333333 2
          1.5 1.8333333333333333 2
          1.6666666666666665 1.8333333333333333 2
          1.8333333333333333 1.8333333333333333 2
          2 1.8333333333333333 2
          2.1666666666666665 1.8333333333333333 2
          2.333333333333333 1.8333333333333333 2
          2.5 1.8333333333333333 2
          2.6666666666666665 1.8333333333333333 2
          2.833333333333333 1.8333333333333333 2
          3 1.8333333333333333 2
          3.1666666666666665 1.8333333333333333 2
          3.333333333333333 1.8333333333333333 2
          3.5 1.8333333333333333 2
          3.6666666666666665 1.8333333333333333 2
          3.833333333333333 1.8333333333333333 2
          4 1.8333333333333333 2
          4.1666666666666661 1.8333333333333333 2
          4.333333333333333 1.8333333333333333 2
          4.5 1.8333333333333333 2
          4.6666666666666661 1.8333333333333333 2
          4.833333333333333 1.8333333333333333 2
          5 1.8333333333333333 2
          5.1666666666666661 1.8333333333333333 2
          5.333333333333333 1.8333333333333333 2
          5.5 1.8333333333333333 2
          5.6666666666666661 1.8333333333333333 2
          5.833333333333333 1.8333333333333333 2
          6 1.8333333333333333 2
          6.1666666666666661 1.8333333333333333 2
          6.333333333333333 1.8333333333333333 2
          6.5 1.8333333333333333 2
          6.6666666666666661 1.8333333333333333 2
          6.833333333333333 1.8333333333333333 2
          7 1.8333333333333333 2
          0 2 2
          0.16666666666666666 2 2
          0.33333333333333331 2 2
          0.5 2 2
          0.66666666666666663 2 2
          0.83333333333333326 2 2
          1 2 2
          1.1666666666666665 2 2
          1.3333333333333333 2 2
          1.5 2 2
          1.6666666666666665 2 2
          1.8333333333333333 2 2
          2 2 2
          2.1666666666666665 2 2
          2.333333333333333 2 2
          2.5 2 2
          2.6666666666666665 2 2
          2.833333333333333 2 2
          3 2 2
          3.1666666666666665 2 2
          3.333333333333333 2 2
          3.5 2 2
          3.6666666666666665 2 2
          3.833333333333333 2 2
          4 2 2
          4.1666666666666661 2 2
          4.333333333333333 2 2
          4.5 2 2
          4.6666666666666661 2 2
          4.833333333333333 2 2
          5 2 2
          5.1666666666666661 2 2
          5.333333333333333 2 2
          5.5 2 2
          5.6666666666666661 2 2
          5.833333333333333 2 2
          6 2 2
          6.1666666666666661 2 2
          6.333333333333333 2 2
          6.5 2 2
          6.6666666666666661 2 2
          6.833333333333333 2 2
          7 2 2
          0 2.1666666666666665 2
          0.16666666666666666 2.1666666666666665 2
          0.33333333333333331 2.1666666666666665 2
          0.5 2.1666666666666665 2
          0.66666666666666663 2.1666666666666665 2
          0.83333333333333326 2.1666666666666665 2
          1 2.1666666666666665 2
          1.1666666666666665 2.1666666666666665 2
          1.3333333333333333 2.1666666666666665 2
          1.5 2.1666666666666665 2
          1.6666666666666665 2.1666666666666665 2
          1.8333333333333333 2.1666666666666665 2
          2 2.1666666666666665 2
          2.1666666666666665 2.1666666666666665 2
          2.333333333333333 2.1666666666666665 2
          2.5 2.1666666666666665 2
          2.6666666666666665 2.1666666666666665 2
          2.833333333333333 2.1666666666666665 2
          3 2.1666666666666665 2
          3.1666666666666665 2.1666666666666665 2
          3.333333333333333 2.1666666666666665 2
          3.5 2.1666666666666665 2
          3.6666666666666665 2.1666666666666665 2
          3.833333333333333 2.1666666666666665 2
          4 2.1666666666666665 2
          4.1666666666666661 2.1666666666666665 2
          4.333333333333333 2.1666666666666665 2
          4.5 2.1666666666666665 2
          4.6666666666666661 2.1666666666666665 2
          4.833333333333333 2.1666666666666665 2
          5 2.1666666666666665 2
          5.1666666666666661 2.1666666666666665 2
          5.333333333333333 2.1666666666666665 2
          5.5 2.1666666666666665 2
          5.6666666666666661 2.1666666666666665 2
          5.833333333333333 2.1666666666666665 2
          6 2.1666666666666665 2
          6.1666666666666661 2.1666666666666665 2
          6.333333333333333 2.1666666666666665 2
          6.5 2.1666666666666665 2
          6.6666666666666661 2.1666666666666665 2
          6.833333333333333 2.1666666666666665 2
          7 2.1666666666666665 2
          0 2.333333333333333 2
          0.16666666666666666 2.333333333333333 2
          0.33333333333333331 2.333333333333333 2
          0.5 2.333333333333333 2
          0.66666666666666663 2.333333333333333 2
          0.83333333333333326 2.333333333333333 2
          1 2.333333333333333 2
          1.1666666666666665 2.333333333333333 2
          1.3333333333333333 2.333333333333333 2
          1.5 2.333333333333333 2
          1.6666666666666665 2.333333333333333 2
          1.8333333333333333 2.333333333333333 2
          2 2.333333333333333 2
          2.1666666666666665 2.333333333333333 2
          2.333333333333333 2.333333333333333 2
          2.5 2.333333333333333 2
          2.6666666666666665 2.333333333333333 2
          2.833333333333333 2.333333333333333 2
          3 2.333333333333333 2
          3.1666666666666665 2.333333333333333 2
          3.333333333333333 2.333333333333333 2
          3.5 2.333333333333333 2
          3.6666666666666665 2.333333333333333 2
          3.833333333333333 2.333333333333333 2
          4 2.333333333333333 2
          4.1666666666666661 2.333333333333333 2
          4.333333333333333 2.333333333333333 2
          4.5 2.333333333333333 2
          4.6666666666666661 2.333333333333333 2
          4.833333333333333 2.333333333333333 2
          5 2.333333333333333 2
          5.1666666666666661 2.333333333333333 2
          5.333333333333333 2.333333333333333 2
          5.5 2.333333333333333 2
          5.6666666666666661 2.333333333333333 2
          5.833333333333333 2.333333333333333 2
          6 2.333333333333333 2
          6.1666666666666661 2.333333333333333 2
          6.333333333333333 2.333333333333333 2
          6.5 2.333333333333333 2
          6.6666666666666661 2.333333333333333 2
          6.833333333333333 2.333333333333333 2
          7 2.333333333333333 2
          0 2.5 2
          0.16666666666666666 2.5 2
          0.33333333333333331 2.5 2
          0.5 2.5 2
          0.66666666666666663 2.5 2
          0.83333333333333326 2.5 2
          1 2.5 2
          1.1666666666666665 2.5 2
          1.3333333333333333 2.5 2
          1.5 2.5 2
          1.6666666666666665 2.5 2
          1.8333333333333333 2.5 2
          2 2.5 2
          2.1666666666666665 2.5 2
          2.333333333333333 2.5 2
          2.5 2.5 2
          2.6666666666666665 2.5 2
          2.833333333333333 2.5 2
          3 2.5 2
          3.1666666666666665 2.5 2
          3.333333333333333 2.5 2
          3.5 2.5 2
          3.6666666666666665 2.5 2
          3.833333333333333 2.5 2
          4 2.5 2
          4.1666666666666661 2.5 2
          4.333333333333333 2.5 2
          4.5 2.5 2
          4.6666666666666661 2.5 2
          4.833333333333333 2.5 2
          5 2.5 2
          5.1666666666666661 2.5 2
          5.333333333333333 2.5 2
          5.5 2.5 2
          5.6666666666666661 2.5 2
          5.833333333333333 2.5 2
          6 2.5 2
          6.1666666666666661 2.5 2
          6.333333333333333 2.5 2
          6.5 2.5 2
          6.6666666666666661 2.5 2
          6.833333333333333 2.5 2
          7 2.5 2
          0 2.6666666666666665 2
          0.16666666666666666 2.6666666666666665 2
          0.33333333333333331 2.6666666666666665 2
          0.5 2.6666666666666665 2
          0.66666666666666663 2.6666666666666665 2
          0.83333333333333326 2.6666666666666665 2
          1 2.6666666666666665 2
          1.1666666666666665 2.6666666666666665 2
          1.3333333333333333 2.6666666666666665 2
          1.5 2.6666666666666665 2
          1.6666666666666665 2.6666666666666665 2
          1.8333333333333333 2.6666666666666665 2
          2 2.6666666666666665 2
          2.1666666666666665 2.6666666666666665 2
          2.333333333333333 2.6666666666666665 2
          2.5 2.6666666666666665 2
          2.6666666666666665 2.6666666666666665 2
          2.833333333333333 2.6666666666666665 2
          3 2.6666666666666665 2
          3.1666666666666665 2.6666666666666665 2
          3.333333333333333 2.6666666666666665 2
          3.5 2.6666666666666665 2
          3.6666666666666665 2.6666666666666665 2
          3.833333333333333 2.6666666666666665 2
          4 2.6666666666666665 2
          4.1666666666666661 2.6666666666666665 2
          4.333333333333333 2.6666666666666665 2
          4.5 2.6666666666666665 2
          4.6666666666666661 2.6666666666666665 2
          4.833333333333333 2.6666666666666665 2
          5 2.6666666666666665 2
          5.1666666666666661 2.6666666666666665 2
          5.333333333333333 2.6666666666666665 2
          5.5 2.6666666666666665 2
          5.6666666666666661 2.6666666666666665 2
          5.833333333333333 2.6666666666666665 2
          6 2.6666666666666665 2
          6.1666666666666661 2.6666666666666665 2
          6.333333333333333 2.6666666666666665 2
          6.5 2.6666666666666665 2
          6.6666666666666661 2.6666666666666665 2
          6.833333333333333 2.6666666666666665 2
          7 2.6666666666666665 2
          0 2.833333333333333 2
          0.16666666666666666 2.833333333333333 2
          0.33333333333333331 2.833333333333333 2
          0.5 2.833333333333333 2
          0.66666666666666663 2.833333333333333 2
          0.83333333333333326 2.833333333333333 2
          1 2.833333333333333 2
          1.1666666666666665 2.833333333333333 2
          1.3333333333333333 2.833333333333333 2
          1.5 2.833333333333333 2
          1.6666666666666665 2.833333333333333 2
          1.8333333333333333 2.833333333333333 2
          2 2.833333333333333 2
          2.1666666666666665 2.833333333333333 2
          2.333333333333333 2.833333333333333 2
          2.5 2.833333333333333 2
          2.6666666666666665 2.833333333333333 2
          2.833333333333333 2.833333333333333 2
          3 2.833333333333333 2
          3.1666666666666665 2.833333333333333 2
          3.333333333333333 2.833333333333333 2
          3.5 2.833333333333333 2
          3.6666666666666665 2.833333333333333 2
          3.833333333333333 2.833333333333333 2
          4 2.833333333333333 2
          4.1666666666666661 2.833333333333333 2
          4.333333333333333 2.833333333333333 2
          4.5 2.833333333333333 2
          4.6666666666666661 2.833333333333333 2
          4.833333333333333 2.833333333333333 2
          5 2.833333333333333 2
          5.1666666666666661 2.833333333333333 2
          5.333333333333333 2.833333333333333 2
          5.5 2.833333333333333 2
          5.6666666666666661 2.833333333333333 2
          5.833333333333333 2.833333333333333 2
          6 2.833333333333333 2
          6.1666666666666661 2.833333333333333 2
          6.333333333333333 2.833333333333333 2
          6.5 2.833333333333333 2
          6.6666666666666661 2.833333333333333 2
          6.833333333333333 2.833333333333333 2
          7 2.833333333333333 2
          0 3 2
          0.16666666666666666 3 2
          0.33333333333333331 3 2
          0.5 3 2
          0.66666666666666663 3 2
          0.83333333333333326 3 2
          1 3 2
          1.1666666666666665 3 2
          1.3333333333333333 3 2
          1.5 3 2
          1.6666666666666665 3 2
          1.8333333333333333 3 2
          2 3 2
          2.1666666666666665 3 2
          2.333333333333333 3 2
          2.5 3 2
          2.6666666666666665 3 2
          2.833333333333333 3 2
          3 3 2
          3.1666666666666665 3 2
          3.333333333333333 3 2
          3.5 3 2
          3.6666666666666665 3 2
          3.833333333333333 3 2
          4 3 2
          4.1666666666666661 3 2
          4.333333333333333 3 2
          4.5 3 2
          4.6666666666666661 3 2
          4.833333333333333 3 2
          5 3 2
          5.1666666666666661 3 2
          5.333333333333333 3 2
          5.5 3 2
          5.6666666666666661 3 2
          5.833333333333333 3 2
          6 3 2
          6.1666666666666661 3 2
          6.333333333333333 3 2
          6.5 3 2
          6.6666666666666661 3 2
          6.833333333333333 3 2
          7 3 2
          0 0 2.1666666666666665
          0.16666666666666666 0 2.1666666666666665
          0.33333333333333331 0 2.1666666666666665
          0.5 0 2.1666666666666665
          0.66666666666666663 0 2.1666666666666665
          0.83333333333333326 0 2.1666666666666665
          1 0 2.1666666666666665
          1.1666666666666665 0 2.1666666666666665
          1.3333333333333333 0 2.1666666666666665
          1.5 0 2.1666666666666665
          1.6666666666666665 0 2.1666666666666665
          1.8333333333333333 0 2.1666666666666665
          2 0 2.1666666666666665
          2.1666666666666665 0 2.1666666666666665
          2.333333333333333 0 2.1666666666666665
          2.5 0 2.1666666666666665
          2.6666666666666665 0 2.1666666666666665
          2.833333333333333 0 2.1666666666666665
          3 0 2.1666666666666665
          3.1666666666666665 0 2.1666666666666665
          3.333333333333333 0 2.1666666666666665
          3.5 0 2.1666666666666665
          3.6666666666666665 0 2.1666666666666665
          3.833333333333333 0 2.1666666666666665
          4 0 2.1666666666666665
          4.1666666666666661 0 2.1666666666666665
          4.333333333333333 0 2.1666666666666665
          4.5 0 2.1666666666666665
          4.6666666666666661 0 2.1666666666666665
          4.833333333333333 0 2.1666666666666665
          5 0 2.1666666666666665
          5.1666666666666661 0 2.1666666666666665
          5.333333333333333 0 2.1666666666666665
          5.5 0 2.1666666666666665
          5.6666666666666661 0 2.1666666666666665
          5.833333333333333 0 2.1666666666666665
          6 0 2.1666666666666665
          6.1666666666666661 0 2.1666666666666665
          6.333333333333333 0 2.1666666666666665
          6.5 0 2.1666666666666665
          6.6666666666666661 0 2.1666666666666665
          6.833333333333333 0 2.1666666666666665
          7 0 2.1666666666666665
          0 0.16666666666666666 2.1666666666666665
          0.16666666666666666 0.16666666666666666 2.1666666666666665
          0.33333333333333331 0.16666666666666666 2.1666666666666665
          0.5 0.16666666666666666 2.1666666666666665
          0.66666666666666663 0.16666666666666666 2.1666666666666665
          0.83333333333333326 0.16666666666666666 2.1666666666666665
          1 0.16666666666666666 2.1666666666666665
          1.1666666666666665 0.16666666666666666 2.1666666666666665
          1.3333333333333333 0.16666666666666666 2.1666666666666665
          1.5 0.16666666666666666 2.1666666666666665
          1.6666666666666665 0.16666666666666666 2.1666666666666665
          1.8333333333333333 0.16666666666666666 2.1666666666666665
          2 0.16666666666666666 2.1666666666666665
          2.1666666666666665 0.16666666666666666 2.1666666666666665
          2.333333333333333 0.16666666666666666 2.1666666666666665
          2.5 0.16666666666666666 2.1666666666666665
          2.6666666666666665 0.16666666666666666 2.1666666666666665
          2.833333333333333 0.16666666666666666 2.1666666666666665
          3 0.16666666666666666 2.1666666666666665
          3.1666666666666665 0.16666666666666666 2.1666666666666665
          3.333333333333333 0.16666666666666666 2.1666666666666665
          3.5 0.16666666666666666 2.1666666666666665
          3.6666666666666665 0.16666666666666666 2.1666666666666665
          3.833333333333333 0.16666666666666666 2.1666666666666665
          4 0.16666666666666666 2.1666666666666665
          4.1666666666666661 0.16666666666666666 2.1666666666666665
          4.333333333333333 0.16666666666666666 2.1666666666666665
          4.5 0.16666666666666666 2.1666666666666665
          4.6666666666666661 0.16666666666666666 2.1666666666666665
          4.833333333333333 0.16666666666666666 2.1666666666666665
          5 0.16666666666666666 2.1666666666666665
          5.1666666666666661 0.16666666666666666 2.1666666666666665
          5.333333333333333 0.16666666666666666 2.1666666666666665
          5.5 0.16666666666666666 2.1666666666666665
          5.6666666666666661 0.16666666666666666 2.1666666666666665
          5.833333333333333 0.16666666666666666 2.1666666666666665
          6 0.16666666666666666 2.1666666666666665
          6.1666666666666661 0.16666666666666666 2.1666666666666665
          6.333333333333333 0.16666666666666666 2.1666666666666665
          6.5 0.16666666666666666 2.1666666666666665
          6.6666666666666661 0.16666666666666666 2.1666666666666665
          6.833333333333333 0.16666666666666666 2.1666666666666665
          7 0.16666666666666666 2.1666666666666665
          0 0.33333333333333331 2.1666666666666665
          0.16666666666666666 0.33333333333333331 2.1666666666666665
          0.33333333333333331 0.33333333333333331 2.1666666666666665
          0.5 0.33333333333333331 2.1666666666666665
          0.66666666666666663 0.33333333333333331 2.1666666666666665
          0.83333333333333326 0.33333333333333331 2.1666666666666665
          1 0.33333333333333331 2.1666666666666665
          1.1666666666666665 0.33333333333333331 2.1666666666666665
          1.3333333333333333 0.33333333333333331 2.1666666666666665
          1.5 0.33333333333333331 2.1666666666666665
          1.6666666666666665 0.33333333333333331 2.1666666666666665
          1.8333333333333333 0.33333333333333331 2.1666666666666665
          2 0.33333333333333331 2.1666666666666665
          2.1666666666666665 0.33333333333333331 2.1666666666666665
          2.333333333333333 0.33333333333333331 2.1666666666666665
          2.5 0.33333333333333331 2.1666666666666665
          2.6666666666666665 0.33333333333333331 2.1666666666666665
          2.833333333333333 0.33333333333333331 2.1666666666666665
          3 0.33333333333333331 2.1666666666666665
          3.1666666666666665 0.33333333333333331 2.1666666666666665
          3.333333333333333 0.33333333333333331 2.1666666666666665
          3.5 0.33333333333333331 2.1666666666666665
          3.6666666666666665 0.33333333333333331 2.1666666666666665
          3.833333333333333 0.33333333333333331 2.1666666666666665
          4 0.33333333333333331 2.1666666666666665
          4.1666666666666661 0.33333333333333331 2.1666666666666665
          4.333333333333333 0.33333333333333331 2.1666666666666665
          4.5 0.33333333333333331 2.1666666666666665
          4.6666666666666661 0.33333333333333331 2.1666666666666665
          4.833333333333333 0.33333333333333331 2.1666666666666665
          5 0.33333333333333331 2.1666666666666665
          5.1666666666666661 0.33333333333333331 2.1666666666666665
          5.333333333333333 0.33333333333333331 2.1666666666666665
          5.5 0.33333333333333331 2.1666666666666665
          5.6666666666666661 0.33333333333333331 2.1666666666666665
          5.833333333333333 0.33333333333333331 2.1666666666666665
          6 0.33333333333333331 2.1666666666666665
          6.1666666666666661 0.33333333333333331 2.1666666666666665
          6.333333333333333 0.33333333333333331 2.1666666666666665
          6.5 0.33333333333333331 2.1666666666666665
          6.6666666666666661 0.33333333333333331 2.1666666666666665
          6.833333333333333 0.33333333333333331 2.1666666666666665
          7 0.33333333333333331 2.1666666666666665
          0 0.5 2.1666666666666665
          0.16666666666666666 0.5 2.1666666666666665
          0.33333333333333331 0.5 2.1666666666666665
          0.5 0.5 2.1666666666666665
          0.66666666666666663 0.5 2.1666666666666665
          0.83333333333333326 0.5 2.1666666666666665
          1 0.5 2.1666666666666665
          1.1666666666666665 0.5 2.1666666666666665
          1.3333333333333333 0.5 2.1666666666666665
          1.5 0.5 2.1666666666666665
          1.6666666666666665 0.5 2.1666666666666665
          1.8333333333333333 0.5 2.1666666666666665
          2 0.5 2.1666666666666665
          2.1666666666666665 0.5 2.1666666666666665
          2.333333333333333 0.5 2.1666666666666665
          2.5 0.5 2.1666666666666665
          2.6666666666666665 0.5 2.1666666666666665
          2.833333333333333 0.5 2.1666666666666665
          3 0.5 2.1666666666666665
          3.1666666666666665 0.5 2.1666666666666665
          3.333333333333333 0.5 2.1666666666666665
          3.5 0.5 2.1666666666666665
          3.6666666666666665 0.5 2.1666666666666665
          3.833333333333333 0.5 2.1666666666666665
          4 0.5 2.1666666666666665
          4.1666666666666661 0.5 2.1666666666666665
          4.333333333333333 0.5 2.1666666666666665
          4.5 0.5 2.1666666666666665
          4.6666666666666661 0.5 2.1666666666666665
          4.833333333333333 0.5 2.1666666666666665
          5 0.5 2.1666666666666665
          5.1666666666666661 0.5 2.1666666666666665
          5.333333333333333 0.5 2.1666666666666665
          5.5 0.5 2.1666666666666665
          5.6666666666666661 0.5 2.1666666666666665
          5.833333333333333 0.5 2.1666666666666665
          6 0.5 2.1666666666666665
          6.1666666666666661 0.5 2.1666666666666665
          6.333333333333333 0.5 2.1666666666666665
          6.5 0.5 2.1666666666666665
          6.6666666666666661 0.5 2.1666666666666665
          6.833333333333333 0.5 2.1666666666666665
          7 0.5 2.1666666666666665
          0 0.66666666666666663 2.1666666666666665
          0.16666666666666666 0.66666666666666663 2.1666666666666665
          0.33333333333333331 0.66666666666666663 2.1666666666666665
          0.5 0.66666666666666663 2.1666666666666665
          0.66666666666666663 0.66666666666666663 2.1666666666666665
          0.83333333333333326 0.66666666666666663 2.1666666666666665
          1 0.66666666666666663 2.1666666666666665
          1.1666666666666665 0.66666666666666663 2.1666666666666665
          1.3333333333333333 0.66666666666666663 2.1666666666666665
          1.5 0.66666666666666663 2.1666666666666665
          1.6666666666666665 0.66666666666666663 2.1666666666666665
          1.8333333333333333 0.66666666666666663 2.1666666666666665
          2 0.66666666666666663 2.1666666666666665
          2.1666666666666665 0.66666666666666663 2.1666666666666665
          2.333333333333333 0.66666666666666663 2.1666666666666665
          2.5 0.66666666666666663 2.1666666666666665
          2.6666666666666665 0.66666666666666663 2.1666666666666665
          2.833333333333333 0.66666666666666663 2.1666666666666665
          3 0.66666666666666663 2.1666666666666665
          3.1666666666666665 0.66666666666666663 2.1666666666666665
          3.333333333333333 0.66666666666666663 2.1666666666666665
          3.5 0.66666666666666663 2.1666666666666665
          3.6666666666666665 0.66666666666666663 2.1666666666666665
          3.833333333333333 0.66666666666666663 2.1666666666666665
          4 0.66666666666666663 2.1666666666666665
          4.1666666666666661 0.66666666666666663 2.1666666666666665
          4.333333333333333 0.66666666666666663 2.1666666666666665
          4.5 0.66666666666666663 2.1666666666666665
          4.6666666666666661 0.66666666666666663 2.1666666666666665
          4.833333333333333 0.66666666666666663 2.1666666666666665
          5 0.66666666666666663 2.1666666666666665
          5.1666666666666661 0.66666666666666663 2.1666666666666665
          5.333333333333333 0.66666666666666663 2.1666666666666665
          5.5 0.66666666666666663 2.1666666666666665
          5.6666666666666661 0.66666666666666663 2.1666666666666665
          5.833333333333333 0.66666666666666663 2.1666666666666665
          6 0.66666666666666663 2.1666666666666665
          6.1666666666666661 0.66666666666666663 2.1666666666666665
          6.333333333333333 0.66666666666666663 2.1666666666666665
          6.5 0.66666666666666663 2.1666666666666665
          6.6666666666666661 0.66666666666666663 2.1666666666666665
          6.833333333333333 0.66666666666666663 2.1666666666666665
          7 0.66666666666666663 2.1666666666666665
          0 0.83333333333333326 2.1666666666666665
          0.16666666666666666 0.83333333333333326 2.1666666666666665
          0.33333333333333331 0.83333333333333326 2.1666666666666665
          0.5 0.83333333333333326 2.1666666666666665
          0.66666666666666663 0.83333333333333326 2.1666666666666665
          0.83333333333333326 0.83333333333333326 2.1666666666666665
          1 0.83333333333333326 2.1666666666666665
          1.1666666666666665 0.83333333333333326 2.1666666666666665
          1.3333333333333333 0.83333333333333326 2.1666666666666665
          1.5 0.83333333333333326 2.1666666666666665
          1.6666666666666665 0.83333333333333326 2.1666666666666665
          1.8333333333333333 0.83333333333333326 2.1666666666666665
          2 0.83333333333333326 2.1666666666666665
          2.1666666666666665 0.83333333333333326 2.1666666666666665
          2.333333333333333 0.83333333333333326 2.1666666666666665
          2.5 0.83333333333333326 2.1666666666666665
          2.6666666666666665 0.83333333333333326 2.1666666666666665
          2.833333333333333 0.83333333333333326 2.1666666666666665
          3 0.83333333333333326 2.1666666666666665
          3.1666666666666665 0.83333333333333326 2.1666666666666665
          3.333333333333333 0.83333333333333326 2.1666666666666665
          3.5 0.83333333333333326 2.1666666666666665
          3.6666666666666665 0.83333333333333326 2.1666666666666665
          3.833333333333333 0.83333333333333326 2.1666666666666665
          4 0.83333333333333326 2.1666666666666665
          4.1666666666666661 0.83333333333333326 2.1666666666666665
          4.333333333333333 0.83333333333333326 2.1666666666666665
          4.5 0.83333333333333326 2.1666666666666665
          4.6666666666666661 0.83333333333333326 2.1666666666666665
          4.833333333333333 0.83333333333333326 2.1666666666666665
          5 0.83333333333333326 2.1666666666666665
          5.1666666666666661 0.83333333333333326 2.1666666666666665
          5.333333333333333 0.83333333333333326 2.1666666666666665
          5.5 0.83333333333333326 2.1666666666666665
          5.6666666666666661 0.83333333333333326 2.1666666666666665
          5.833333333333333 0.83333333333333326 2.1666666666666665
          6 0.83333333333333326 2.1666666666666665
          6.1666666666666661 0.83333333333333326 2.1666666666666665
          6.333333333333333 0.83333333333333326 2.1666666666666665
          6.5 0.83333333333333326 2.1666666666666665
          6.6666666666666661 0.83333333333333326 2.1666666666666665
          6.833333333333333 0.83333333333333326 2.1666666666666665
          7 0.83333333333333326 2.1666666666666665
          0 1 2.1666666666666665
          0.16666666666666666 1 2.1666666666666665
          0.33333333333333331 1 2.1666666666666665
          0.5 1 2.1666666666666665
          0.66666666666666663 1 2.1666666666666665
          0.83333333333333326 1 2.1666666666666665
          1 1 2.1666666666666665
          1.1666666666666665 1 2.1666666666666665
          1.3333333333333333 1 2.1666666666666665
          1.5 1 2.1666666666666665
          1.6666666666666665 1 2.1666666666666665
          1.8333333333333333 1 2.1666666666666665
          2 1 2.1666666666666665
          2.1666666666666665 1 2.1666666666666665
          2.333333333333333 1 2.1666666666666665
          2.5 1 2.1666666666666665
          2.6666666666666665 1 2.1666666666666665
          2.833333333333333 1 2.1666666666666665
          3 1 2.1666666666666665
          3.1666666666666665 1 2.1666666666666665
          3.333333333333333 1 2.1666666666666665
          3.5 1 2.1666666666666665
          3.6666666666666665 1 2.1666666666666665
          3.833333333333333 1 2.1666666666666665
          4 1 2.1666666666666665
          4.1666666666666661 1 2.1666666666666665
          4.333333333333333 1 2.1666666666666665
          4.5 1 2.1666666666666665
          4.6666666666666661 1 2.1666666666666665
          4.833333333333333 1 2.1666666666666665
          5 1 2.1666666666666665
          5.1666666666666661 1 2.1666666666666665
          5.333333333333333 1 2.1666666666666665
          5.5 1 2.1666666666666665
          5.6666666666666661 1 2.1666666666666665
          5.833333333333333 1 2.1666666666666665
          6 1 2.1666666666666665
          6.1666666666666661 1 2.1666666666666665
          6.333333333333333 1 2.1666666666666665
          6.5 1 2.1666666666666665
          6.6666666666666661 1 2.1666666666666665
          6.833333333333333 1 2.1666666666666665
          7 1 2.1666666666666665
          0 1.1666666666666665 2.1666666666666665
          0.16666666666666666 1.1666666666666665 2.1666666666666665
          0.33333333333333331 1.1666666666666665 2.1666666666666665
          0.5 1.1666666666666665 2.1666666666666665
          0.66666666666666663 1.1666666666666665 2.1666666666666665
          0.83333333333333326 1.1666666666666665 2.1666666666666665
          1 1.1666666666666665 2.1666666666666665
          1.1666666666666665 1.1666666666666665 2.1666666666666665
          1.3333333333333333 1.1666666666666665 2.1666666666666665
          1.5 1.1666666666666665 2.1666666666666665
          1.6666666666666665 1.1666666666666665 2.1666666666666665
          1.8333333333333333 1.1666666666666665 2.1666666666666665
          2 1.1666666666666665 2.1666666666666665
          2.1666666666666665 1.1666666666666665 2.1666666666666665
          2.333333333333333 1.1666666666666665 2.1666666666666665
          2.5 1.1666666666666665 2.1666666666666665
          2.6666666666666665 1.1666666666666665 2.1666666666666665
          2.833333333333333 1.1666666666666665 2.1666666666666665
          3 1.1666666666666665 2.1666666666666665
          3.1666666666666665 1.1666666666666665 2.1666666666666665
          3.333333333333333 1.1666666666666665 2.1666666666666665
          3.5 1.1666666666666665 2.1666666666666665
          3.6666666666666665 1.1666666666666665 2.1666666666666665
          3.833333333333333 1.1666666666666665 2.1666666666666665
          4 1.1666666666666665 2.1666666666666665
          4.1666666666666661 1.1666666666666665 2.1666666666666665
          4.333333333333333 1.1666666666666665 2.1666666666666665
          4.5 1.1666666666666665 2.1666666666666665
          4.6666666666666661 1.1666666666666665 2.1666666666666665
          4.833333333333333 1.1666666666666665 2.1666666666666665
          5 1.1666666666666665 2.1666666666666665
          5.1666666666666661 1.1666666666666665 2.1666666666666665
          5.333333333333333 1.1666666666666665 2.1666666666666665
          5.5 1.1666666666666665 2.1666666666666665
          5.6666666666666661 1.1666666666666665 2.1666666666666665
          5.833333333333333 1.1666666666666665 2.1666666666666665
          6 1.1666666666666665 2.1666666666666665
          6.1666666666666661 1.1666666666666665 2.1666666666666665
          6.333333333333333 1.1666666666666665 2.1666666666666665
          6.5 1.1666666666666665 2.1666666666666665
          6.6666666666666661 1.1666666666666665 2.1666666666666665
          6.833333333333333 1.1666666666666665 2.1666666666666665
          7 1.1666666666666665 2.1666666666666665
          0 1.3333333333333333 2.1666666666666665
          0.16666666666666666 1.3333333333333333 2.1666666666666665
          0.33333333333333331 1.3333333333333333 2.1666666666666665
          0.5 1.3333333333333333 2.1666666666666665
          0.66666666666666663 1.3333333333333333 2.1666666666666665
          0.83333333333333326 1.3333333333333333 2.1666666666666665
          1 1.3333333333333333 2.1666666666666665
          1.1666666666666665 1.3333333333333333 2.1666666666666665
          1.3333333333333333 1.3333333333333333 2.1666666666666665
          1.5 1.3333333333333333 2.1666666666666665
          1.6666666666666665 1.3333333333333333 2.1666666666666665
          1.8333333333333333 1.3333333333333333 2.1666666666666665
          2 1.3333333333333333 2.1666666666666665
          2.1666666666666665 1.3333333333333333 2.1666666666666665
          2.333333333333333 1.3333333333333333 2.1666666666666665
          2.5 1.3333333333333333 2.1666666666666665
          2.6666666666666665 1.3333333333333333 2.1666666666666665
          2.833333333333333 1.3333333333333333 2.1666666666666665
          3 1.3333333333333333 2.1666666666666665
          3.1666666666666665 1.3333333333333333 2.1666666666666665
          3.333333333333333 1.3333333333333333 2.1666666666666665
          3.5 1.3333333333333333 2.1666666666666665
          3.6666666666666665 1.3333333333333333 2.1666666666666665
          3.833333333333333 1.3333333333333333 2.1666666666666665
          4 1.3333333333333333 2.1666666666666665
          4.1666666666666661 1.3333333333333333 2.1666666666666665
          4.333333333333333 1.3333333333333333 2.1666666666666665
          4.5 1.3333333333333333 2.1666666666666665
          4.6666666666666661 1.3333333333333333 2.1666666666666665
          4.833333333333333 1.3333333333333333 2.1666666666666665
          5 1.3333333333333333 2.1666666666666665
          5.1666666666666661 1.3333333333333333 2.1666666666666665
          5.333333333333333 1.3333333333333333 2.1666666666666665
          5.5 1.3333333333333333 2.1666666666666665
          5.6666666666666661 1.3333333333333333 2.1666666666666665
          5.833333333333333 1.3333333333333333 2.1666666666666665
          6 1.3333333333333333 2.1666666666666665
          6.1666666666666661 1.3333333333333333 2.1666666666666665
          6.333333333333333 1.3333333333333333 2.1666666666666665
          6.5 1.3333333333333333 2.1666666666666665
          6.6666666666666661 1.3333333333333333 2.1666666666666665
          6.833333333333333 1.3333333333333333 2.1666666666666665
          7 1.3333333333333333 2.1666666666666665
          0 1.5 2.1666666666666665
          0.16666666666666666 1.5 2.1666666666666665
          0.33333333333333331 1.5 2.1666666666666665
          0.5 1.5 2.1666666666666665
          0.66666666666666663 1.5 2.1666666666666665
          0.83333333333333326 1.5 2.1666666666666665
          1 1.5 2.1666666666666665
          1.1666666666666665 1.5 2.1666666666666665
          1.3333333333333333 1.5 2.1666666666666665
          1.5 1.5 2.1666666666666665
          1.6666666666666665 1.5 2.1666666666666665
          1.8333333333333333 1.5 2.1666666666666665
          2 1.5 2.1666666666666665
          2.1666666666666665 1.5 2.1666666666666665
          2.333333333333333 1.5 2.1666666666666665
          2.5 1.5 2.1666666666666665
          2.6666666666666665 1.5 2.1666666666666665
          2.833333333333333 1.5 2.1666666666666665
          3 1.5 2.1666666666666665
          3.1666666666666665 1.5 2.1666666666666665
          3.333333333333333 1.5 2.1666666666666665
          3.5 1.5 2.1666666666666665
          3.6666666666666665 1.5 2.1666666666666665
          3.833333333333333 1.5 2.1666666666666665
          4 1.5 2.1666666666666665
          4.1666666666666661 1.5 2.1666666666666665
          4.333333333333333 1.5 2.1666666666666665
          4.5 1.5 2.1666666666666665
          4.6666666666666661 1.5 2.1666666666666665
          4.833333333333333 1.5 2.1666666666666665
          5 1.5 2.1666666666666665
          5.1666666666666661 1.5 2.1666666666666665
          5.333333333333333 1.5 2.1666666666666665
          5.5 1.5 2.1666666666666665
          5.6666666666666661 1.5 2.1666666666666665
          5.833333333333333 1.5 2.1666666666666665
          6 1.5 2.1666666666666665
          6.1666666666666661 1.5 2.1666666666666665
          6.333333333333333 1.5 2.1666666666666665
          6.5 1.5 2.1666666666666665
          6.6666666666666661 1.5 2.1666666666666665
          6.833333333333333 1.5 2.1666666666666665
          7 1.5 2.1666666666666665
          0 1.6666666666666665 2.1666666666666665
          0.16666666666666666 1.6666666666666665 2.1666666666666665
          0.33333333333333331 1.6666666666666665 2.1666666666666665
          0.5 1.6666666666666665 2.1666666666666665
          0.66666666666666663 1.6666666666666665 2.1666666666666665
          0.83333333333333326 1.6666666666666665 2.1666666666666665
          1 1.6666666666666665 2.1666666666666665
          1.1666666666666665 1.6666666666666665 2.1666666666666665
          1.3333333333333333 1.6666666666666665 2.1666666666666665
          1.5 1.6666666666666665 2.1666666666666665
          1.6666666666666665 1.6666666666666665 2.1666666666666665
          1.8333333333333333 1.6666666666666665 2.1666666666666665
          2 1.6666666666666665 2.1666666666666665
          2.1666666666666665 1.6666666666666665 2.1666666666666665
          2.333333333333333 1.6666666666666665 2.1666666666666665
          2.5 1.6666666666666665 2.1666666666666665
          2.6666666666666665 1.6666666666666665 2.1666666666666665
          2.833333333333333 1.6666666666666665 2.1666666666666665
          3 1.6666666666666665 2.1666666666666665
          3.1666666666666665 1.6666666666666665 2.1666666666666665
          3.333333333333333 1.6666666666666665 2.1666666666666665
          3.5 1.6666666666666665 2.1666666666666665
          3.6666666666666665 1.6666666666666665 2.1666666666666665
          3.833333333333333 1.6666666666666665 2.1666666666666665
          4 1.6666666666666665 2.1666666666666665
          4.1666666666666661 1.6666666666666665 2.1666666666666665
          4.333333333333333 1.6666666666666665 2.1666666666666665
          4.5 1.6666666666666665 2.1666666666666665
          4.6666666666666661 1.6666666666666665 2.1666666666666665
          4.833333333333333 1.6666666666666665 2.1666666666666665
          5 1.6666666666666665 2.1666666666666665
          5.1666666666666661 1.6666666666666665 2.1666666666666665
          5.333333333333333 1.6666666666666665 2.1666666666666665
          5.5 1.6666666666666665 2.1666666666666665
          5.6666666666666661 1.6666666666666665 2.1666666666666665
          5.833333333333333 1.6666666666666665 2.1666666666666665
          6 1.6666666666666665 2.1666666666666665
          6.1666666666666661 1.6666666666666665 2.1666666666666665
          6.333333333333333 1.6666666666666665 2.1666666666666665
          6.5 1.6666666666666665 2.1666666666666665
          6.6666666666666661 1.6666666666666665 2.1666666666666665
          6.833333333333333 1.6666666666666665 2.1666666666666665
          7 1.6666666666666665 2.1666666666666665
          0 1.8333333333333333 2.1666666666666665
          0.16666666666666666 1.8333333333333333 2.1666666666666665
          0.33333333333333331 1.8333333333333333 2.1666666666666665
          0.5 1.8333333333333333 2.1666666666666665
          0.66666666666666663 1.8333333333333333 2.1666666666666665
          0.83333333333333326 1.8333333333333333 2.1666666666666665
          1 1.8333333333333333 2.1666666666666665
          1.1666666666666665 1.8333333333333333 2.1666666666666665
          1.3333333333333333 1.8333333333333333 2.1666666666666665
          1.5 1.8333333333333333 2.1666666666666665
          1.6666666666666665 1.8333333333333333 2.1666666666666665
          1.8333333333333333 1.8333333333333333 2.1666666666666665
          2 1.8333333333333333 2.1666666666666665
          2.1666666666666665 1.8333333333333333 2.1666666666666665
          2.333333333333333 1.8333333333333333 2.1666666666666665
          2.5 1.8333333333333333 2.1666666666666665
          2.6666666666666665 1.8333333333333333 2.1666666666666665
          2.833333333333333 1.8333333333333333 2.1666666666666665
          3 1.8333333333333333 2.1666666666666665
          3.1666666666666665 1.8333333333333333 2.1666666666666665
          3.333333333333333 1.8333333333333333 2.1666666666666665
          3.5 1.8333333333333333 2.1666666666666665
          3.6666666666666665 1.8333333333333333 2.1666666666666665
          3.833333333333333 1.8333333333333333 2.1666666666666665
          4 1.8333333333333333 2.1666666666666665
          4.1666666666666661 1.8333333333333333 2.1666666666666665
          4.333333333333333 1.8333333333333333 2.1666666666666665
          4.5 1.8333333333333333 2.1666666666666665
          4.6666666666666661 1.8333333333333333 2.1666666666666665
          4.833333333333333 1.8333333333333333 2.1666666666666665
          5 1.8333333333333333 2.1666666666666665
          5.1666666666666661 1.8333333333333333 2.1666666666666665
          5.333333333333333 1.8333333333333333 2.1666666666666665
          5.5 1.8333333333333333 2.1666666666666665
          5.6666666666666661 1.8333333333333333 2.1666666666666665
          5.833333333333333 1.8333333333333333 2.1666666666666665
          6 1.8333333333333333 2.1666666666666665
          6.1666666666666661 1.8333333333333333 2.1666666666666665
          6.333333333333333 1.8333333333333333 2.1666666666666665
          6.5 1.8333333333333333 2.1666666666666665
          6.6666666666666661 1.8333333333333333 2.1666666666666665
          6.833333333333333 1.8333333333333333 2.1666666666666665
          7 1.8333333333333333 2.1666666666666665
          0 2 2.1666666666666665
          0.16666666666666666 2 2.1666666666666665
          0.33333333333333331 2 2.1666666666666665
          0.5 2 2.1666666666666665
          0.66666666666666663 2 2.1666666666666665
          0.83333333333333326 2 2.1666666666666665
          1 2 2.1666666666666665
          1.1666666666666665 2 2.1666666666666665
          1.3333333333333333 2 2.1666666666666665
          1.5 2 2.1666666666666665
          1.6666666666666665 2 2.1666666666666665
          1.8333333333333333 2 2.1666666666666665
          2 2 2.1666666666666665
          2.1666666666666665 2 2.1666666666666665
          2.333333333333333 2 2.1666666666666665
          2.5 2 2.1666666666666665
          2.6666666666666665 2 2.1666666666666665
          2.833333333333333 2 2.1666666666666665
          3 2 2.1666666666666665
          3.1666666666666665 2 2.1666666666666665
          3.333333333333333 2 2.1666666666666665
          3.5 2 2.1666666666666665
          3.6666666666666665 2 2.1666666666666665
          3.833333333333333 2 2.1666666666666665
          4 2 2.1666666666666665
          4.1666666666666661 2 2.1666666666666665
          4.333333333333333 2 2.1666666666666665
          4.5 2 2.1666666666666665
          4.6666666666666661 2 2.1666666666666665
          4.833333333333333 2 2.1666666666666665
          5 2 2.1666666666666665
          5.1666666666666661 2 2.1666666666666665
          5.333333333333333 2 2.1666666666666665
          5.5 2 2.1666666666666665
          5.6666666666666661 2 2.1666666666666665
          5.833333333333333 2 2.1666666666666665
          6 2 2.1666666666666665
          6.1666666666666661 2 2.1666666666666665
          6.333333333333333 2 2.1666666666666665
          6.5 2 2.1666666666666665
          6.6666666666666661 2 2.1666666666666665
          6.833333333333333 2 2.1666666666666665
          7 2 2.1666666666666665
          0 2.1666666666666665 2.1666666666666665
          0.16666666666666666 2.1666666666666665 2.1666666666666665
          0.33333333333333331 2.1666666666666665 2.1666666666666665
          0.5 2.1666666666666665 2.1666666666666665
          0.66666666666666663 2.1666666666666665 2.1666666666666665
          0.83333333333333326 2.1666666666666665 2.1666666666666665
          1 2.1666666666666665 2.1666666666666665
          1.1666666666666665 2.1666666666666665 2.1666666666666665
          1.3333333333333333 2.1666666666666665 2.1666666666666665
          1.5 2.1666666666666665 2.1666666666666665
          1.6666666666666665 2.1666666666666665 2.1666666666666665
          1.8333333333333333 2.1666666666666665 2.1666666666666665
          2 2.1666666666666665 2.1666666666666665
          2.1666666666666665 2.1666666666666665 2.1666666666666665
          2.333333333333333 2.1666666666666665 2.1666666666666665
          2.5 2.1666666666666665 2.1666666666666665
          2.6666666666666665 2.1666666666666665 2.1666666666666665
          2.833333333333333 2.1666666666666665 2.1666666666666665
          3 2.1666666666666665 2.1666666666666665
          3.1666666666666665 2.1666666666666665 2.1666666666666665
          3.333333333333333 2.1666666666666665 2.1666666666666665
          3.5 2.1666666666666665 2.1666666666666665
          3.6666666666666665 2.1666666666666665 2.1666666666666665
          3.833333333333333 2.1666666666666665 2.1666666666666665
          4 2.1666666666666665 2.1666666666666665
          4.1666666666666661 2.1666666666666665 2.1666666666666665
          4.333333333333333 2.1666666666666665 2.1666666666666665
          4.5 2.1666666666666665 2.1666666666666665
          4.6666666666666661 2.1666666666666665 2.1666666666666665
          4.833333333333333 2.1666666666666665 2.1666666666666665
          5 2.1666666666666665 2.1666666666666665
          5.1666666666666661 2.1666666666666665 2.1666666666666665
          5.333333333333333 2.1666666666666665 2.1666666666666665
          5.5 2.1666666666666665 2.1666666666666665
          5.6666666666666661 2.1666666666666665 2.1666666666666665
          5.833333333333333 2.1666666666666665 2.1666666666666665
          6 2.1666666666666665 2.1666666666666665
          6.1666666666666661 2.1666666666666665 2.1666666666666665
          6.333333333333333 2.1666666666666665 2.1666666666666665
          6.5 2.1666666666666665 2.1666666666666665
          6.6666666666666661 2.1666666666666665 2.1666666666666665
          6.833333333333333 2.1666666666666665 2.1666666666666665
          7 2.1666666666666665 2.1666666666666665
          0 2.333333333333333 2.1666666666666665
          0.16666666666666666 2.333333333333333 2.1666666666666665
          0.33333333333333331 2.333333333333333 2.1666666666666665
          0.5 2.333333333333333 2.1666666666666665
          0.66666666666666663 2.333333333333333 2.1666666666666665
          0.83333333333333326 2.333333333333333 2.1666666666666665
          1 2.333333333333333 2.1666666666666665
          1.1666666666666665 2.333333333333333 2.1666666666666665
          1.3333333333333333 2.333333333333333 2.1666666666666665
          1.5 2.333333333333333 2.1666666666666665
          1.6666666666666665 2.333333333333333 2.1666666666666665
          1.8333333333333333 2.333333333333333 2.1666666666666665
          2 2.333333333333333 2.1666666666666665
          2.1666666666666665 2.333333333333333 2.1666666666666665
          2.333333333333333 2.333333333333333 2.1666666666666665
          2.5 2.333333333333333 2.1666666666666665
          2.6666666666666665 2.333333333333333 2.1666666666666665
          2.833333333333333 2.333333333333333 2.1666666666666665
          3 2.333333333333333 2.1666666666666665
          3.1666666666666665 2.333333333333333 2.1666666666666665
          3.333333333333333 2.333333333333333 2.1666666666666665
          3.5 2.333333333333333 2.1666666666666665
          3.6666666666666665 2.333333333333333 2.1666666666666665
          3.833333333333333 2.333333333333333 2.1666666666666665
          4 2.333333333333333 2.1666666666666665
          4.1666666666666661 2.333333333333333 2.1666666666666665
          4.333333333333333 2.333333333333333 2.1666666666666665
          4.5 2.333333333333333 2.1666666666666665
          4.6666666666666661 2.333333333333333 2.1666666666666665
          4.833333333333333 2.333333333333333 2.1666666666666665
          5 2.333333333333333 2.1666666666666665
          5.1666666666666661 2.333333333333333 2.1666666666666665
          5.333333333333333 2.333333333333333 2.1666666666666665
          5.5 2.333333333333333 2.1666666666666665
          5.6666666666666661 2.333333333333333 2.1666666666666665
          5.833333333333333 2.333333333333333 2.1666666666666665
          6 2.333333333333333 2.1666666666666665
          6.1666666666666661 2.333333333333333 2.1666666666666665
          6.333333333333333 2.333333333333333 2.1666666666666665
          6.5 2.333333333333333 2.1666666666666665
          6.6666666666666661 2.333333333333333 2.1666666666666665
          6.833333333333333 2.333333333333333 2.1666666666666665
          7 2.333333333333333 2.1666666666666665
          0 2.5 2.1666666666666665
          0.16666666666666666 2.5 2.1666666666666665
          0.33333333333333331 2.5 2.1666666666666665
          0.5 2.5 2.1666666666666665
          0.66666666666666663 2.5 2.1666666666666665
          0.83333333333333326 2.5 2.1666666666666665
          1 2.5 2.1666666666666665
          1.1666666666666665 2.5 2.1666666666666665
          1.3333333333333333 2.5 2.1666666666666665
          1.5 2.5 2.1666666666666665
          1.6666666666666665 2.5 2.1666666666666665
          1.8333333333333333 2.5 2.1666666666666665
          2 2.5 2.1666666666666665
          2.1666666666666665 2.5 2.1666666666666665
          2.333333333333333 2.5 2.1666666666666665
          2.5 2.5 2.1666666666666665
          2.6666666666666665 2.5 2.1666666666666665
          2.833333333333333 2.5 2.1666666666666665
          3 2.5 2.1666666666666665
          3.1666666666666665 2.5 2.1666666666666665
          3.333333333333333 2.5 2.1666666666666665
          3.5 2.5 2.1666666666666665
          3.6666666666666665 2.5 2.1666666666666665
          3.833333333333333 2.5 2.1666666666666665
          4 2.5 2.1666666666666665
          4.1666666666666661 2.5 2.1666666666666665
          4.333333333333333 2.5 2.1666666666666665
          4.5 2.5 2.1666666666666665
          4.6666666666666661 2.5 2.1666666666666665
          4.833333333333333 2.5 2.1666666666666665
          5 2.5 2.1666666666666665
          5.1666666666666661 2.5 2.1666666666666665
          5.333333333333333 2.5 2.1666666666666665
          5.5 2.5 2.1666666666666665
          5.6666666666666661 2.5 2.1666666666666665
          5.833333333333333 2.5 2.1666666666666665
          6 2.5 2.1666666666666665
          6.1666666666666661 2.5 2.1666666666666665
          6.333333333333333 2.5 2.1666666666666665
          6.5 2.5 2.1666666666666665
          6.6666666666666661 2.5 2.1666666666666665
          6.833333333333333 2.5 2.1666666666666665
          7 2.5 2.1666666666666665
          0 2.6666666666666665 2.1666666666666665
          0.16666666666666666 2.6666666666666665 2.1666666666666665
          0.33333333333333331 2.6666666666666665 2.1666666666666665
          0.5 2.6666666666666665 2.1666666666666665
          0.66666666666666663 2.6666666666666665 2.1666666666666665
          0.83333333333333326 2.6666666666666665 2.1666666666666665
          1 2.6666666666666665 2.1666666666666665
          1.1666666666666665 2.6666666666666665 2.1666666666666665
          1.3333333333333333 2.6666666666666665 2.1666666666666665
          1.5 2.6666666666666665 2.1666666666666665
          1.6666666666666665 2.6666666666666665 2.1666666666666665
          1.8333333333333333 2.6666666666666665 2.1666666666666665
          2 2.6666666666666665 2.1666666666666665
          2.1666666666666665 2.6666666666666665 2.1666666666666665
          2.333333333333333 2.6666666666666665 2.1666666666666665
          2.5 2.6666666666666665 2.1666666666666665
          2.6666666666666665 2.6666666666666665 2.1666666666666665
          2.833333333333333 2.6666666666666665 2.1666666666666665
          3 2.6666666666666665 2.1666666666666665
          3.1666666666666665 2.6666666666666665 2.1666666666666665
          3.333333333333333 2.6666666666666665 2.1666666666666665
          3.5 2.6666666666666665 2.1666666666666665
          3.6666666666666665 2.6666666666666665 2.1666666666666665
          3.833333333333333 2.6666666666666665 2.1666666666666665
          4 2.6666666666666665 2.1666666666666665
          4.1666666666666661 2.6666666666666665 2.1666666666666665
          4.333333333333333 2.6666666666666665 2.1666666666666665
          4.5 2.6666666666666665 2.1666666666666665
          4.6666666666666661 2.6666666666666665 2.1666666666666665
          4.833333333333333 2.6666666666666665 2.1666666666666665
          5 2.6666666666666665 2.1666666666666665
          5.1666666666666661 2.6666666666666665 2.1666666666666665
          5.333333333333333 2.6666666666666665 2.1666666666666665
          5.5 2.6666666666666665 2.1666666666666665
          5.6666666666666661 2.6666666666666665 2.1666666666666665
          5.833333333333333 2.6666666666666665 2.1666666666666665
          6 2.6666666666666665 2.1666666666666665
          6.1666666666666661 2.6666666666666665 2.1666666666666665
          6.333333333333333 2.6666666666666665 2.1666666666666665
          6.5 2.6666666666666665 2.1666666666666665
          6.6666666666666661 2.6666666666666665 2.1666666666666665
          6.833333333333333 2.6666666666666665 2.1666666666666665
          7 2.6666666666666665 2.1666666666666665
          0 2.833333333333333 2.1666666666666665
          0.16666666666666666 2.833333333333333 2.1666666666666665
          0.33333333333333331 2.833333333333333 2.1666666666666665
          0.5 2.833333333333333 2.1666666666666665
          0.66666666666666663 2.833333333333333 2.1666666666666665
          0.83333333333333326 2.833333333333333 2.1666666666666665
          1 2.833333333333333 2.1666666666666665
          1.1666666666666665 2.833333333333333 2.1666666666666665
          1.3333333333333333 2.833333333333333 2.1666666666666665
          1.5 2.833333333333333 2.1666666666666665
          1.6666666666666665 2.833333333333333 2.1666666666666665
          1.8333333333333333 2.833333333333333 2.1666666666666665
          2 2.833333333333333 2.1666666666666665
          2.1666666666666665 2.833333333333333 2.1666666666666665
          2.333333333333333 2.833333333333333 2.1666666666666665
          2.5 2.833333333333333 2.1666666666666665
          2.6666666666666665 2.833333333333333 2.1666666666666665
          2.833333333333333 2.833333333333333 2.1666666666666665
          3 2.833333333333333 2.1666666666666665
          3.1666666666666665 2.833333333333333 2.1666666666666665
          3.333333333333333 2.833333333333333 2.1666666666666665
          3.5 2.833333333333333 2.1666666666666665
          3.6666666666666665 2.833333333333333 2.1666666666666665
          3.833333333333333 2.833333333333333 2.1666666666666665
          4 2.833333333333333 2.1666666666666665
          4.1666666666666661 2.833333333333333 2.1666666666666665
          4.333333333333333 2.833333333333333 2.1666666666666665
          4.5 2.833333333333333 2.1666666666666665
          4.6666666666666661 2.833333333333333 2.1666666666666665
          4.833333333333333 2.833333333333333 2.1666666666666665
          5 2.833333333333333 2.1666666666666665
          5.1666666666666661 2.833333333333333 2.1666666666666665
          5.333333333333333 2.833333333333333 2.1666666666666665
          5.5 2.833333333333333 2.1666666666666665
          5.6666666666666661 2.833333333333333 2.1666666666666665
          5.833333333333333 2.833333333333333 2.1666666666666665
          6 2.833333333333333 2.1666666666666665
          6.1666666666666661 2.833333333333333 2.1666666666666665
          6.333333333333333 2.833333333333333 2.1666666666666665
          6.5 2.833333333333333 2.1666666666666665
          6.6666666666666661 2.833333333333333 2.1666666666666665
          6.833333333333333 2.833333333333333 2.1666666666666665
          7 2.833333333333333 2.1666666666666665
          0 3 2.1666666666666665
          0.16666666666666666 3 2.1666666666666665
          0.33333333333333331 3 2.1666666666666665
          0.5 3 2.1666666666666665
          0.66666666666666663 3 2.1666666666666665
          0.83333333333333326 3 2.1666666666666665
          1 3 2.1666666666666665
          1.1666666666666665 3 2.1666666666666665
          1.3333333333333333 3 2.1666666666666665
          1.5 3 2.1666666666666665
          1.6666666666666665 3 2.1666666666666665
          1.8333333333333333 3 2.1666666666666665
          2 3 2.1666666666666665
          2.1666666666666665 3 2.1666666666666665
          2.333333333333333 3 2.1666666666666665
          2.5 3 2.1666666666666665
          2.6666666666666665 3 2.1666666666666665
          2.833333333333333 3 2.1666666666666665
          3 3 2.1666666666666665
          3.1666666666666665 3 2.1666666666666665
          3.333333333333333 3 2.1666666666666665
          3.5 3 2.1666666666666665
          3.6666666666666665 3 2.1666666666666665
          3.833333333333333 3 2.1666666666666665
          4 3 2.1666666666666665
          4.1666666666666661 3 2.1666666666666665
          4.333333333333333 3 2.1666666666666665
          4.5 3 2.1666666666666665
          4.6666666666666661 3 2.1666666666666665
          4.833333333333333 3 2.1666666666666665
          5 3 2.1666666666666665
          5.1666666666666661 3 2.1666666666666665
          5.333333333333333 3 2.1666666666666665
          5.5 3 2.1666666666666665
          5.6666666666666661 3 2.1666666666666665
          5.833333333333333 3 2.1666666666666665
          6 3 2.1666666666666665
          6.1666666666666661 3 2.1666666666666665
          6.333333333333333 3 2.1666666666666665
          6.5 3 2.1666666666666665
          6.6666666666666661 3 2.1666666666666665
          6.833333333333333 3 2.1666666666666665
          7 3 2.1666666666666665
          0 0 2.333333333333333
          0.16666666666666666 0 2.333333333333333
          0.33333333333333331 0 2.333333333333333
          0.5 0 2.333333333333333
          0.66666666666666663 0 2.333333333333333
          0.83333333333333326 0 2.333333333333333
          1 0 2.333333333333333
          1.1666666666666665 0 2.333333333333333
          1.3333333333333333 0 2.333333333333333
          1.5 0 2.333333333333333
          1.6666666666666665 0 2.333333333333333
          1.8333333333333333 0 2.333333333333333
          2 0 2.333333333333333
          2.1666666666666665 0 2.333333333333333
          2.333333333333333 0 2.333333333333333
          2.5 0 2.333333333333333
          2.6666666666666665 0 2.333333333333333
          2.833333333333333 0 2.333333333333333
          3 0 2.333333333333333
          3.1666666666666665 0 2.333333333333333
          3.333333333333333 0 2.333333333333333
          3.5 0 2.333333333333333
          3.6666666666666665 0 2.333333333333333
          3.833333333333333 0 2.333333333333333
          4 0 2.333333333333333
          4.1666666666666661 0 2.333333333333333
          4.333333333333333 0 2.333333333333333
          4.5 0 2.333333333333333
          4.6666666666666661 0 2.333333333333333
          4.833333333333333 0 2.333333333333333
          5 0 2.333333333333333
          5.1666666666666661 0 2.333333333333333
          5.333333333333333 0 2.333333333333333
          5.5 0 2.333333333333333
          5.6666666666666661 0 2.333333333333333
          5.833333333333333 0 2.333333333333333
          6 0 2.333333333333333
          6.1666666666666661 0 2.333333333333333
          6.333333333333333 0 2.333333333333333
          6.5 0 2.333333333333333
          6.6666666666666661 0 2.333333333333333
          6.833333333333333 0 2.333333333333333
          7 0 2.333333333333333
          0 0.16666666666666666 2.333333333333333
          0.16666666666666666 0.16666666666666666 2.333333333333333
          0.33333333333333331 0.16666666666666666 2.333333333333333
          0.5 0.16666666666666666 2.333333333333333
          0.66666666666666663 0.16666666666666666 2.333333333333333
          0.83333333333333326 0.16666666666666666 2.333333333333333
          1 0.16666666666666666 2.333333333333333
          1.1666666666666665 0.16666666666666666 2.333333333333333
          1.3333333333333333 0.16666666666666666 2.333333333333333
          1.5 0.16666666666666666 2.333333333333333
          1.6666666666666665 0.16666666666666666 2.333333333333333
          1.8333333333333333 0.16666666666666666 2.333333333333333
          2 0.16666666666666666 2.333333333333333
          2.1666666666666665 0.16666666666666666 2.333333333333333
          2.333333333333333 0.16666666666666666 2.333333333333333
          2.5 0.16666666666666666 2.333333333333333
          2.6666666666666665 0.16666666666666666 2.333333333333333
          2.833333333333333 0.16666666666666666 2.333333333333333
          3 0.16666666666666666 2.333333333333333
          3.1666666666666665 0.16666666666666666 2.333333333333333
          3.333333333333333 0.16666666666666666 2.333333333333333
          3.5 0.16666666666666666 2.333333333333333
          3.6666666666666665 0.16666666666666666 2.333333333333333
          3.833333333333333 0.16666666666666666 2.333333333333333
          4 0.16666666666666666 2.333333333333333
          4.1666666666666661 0.16666666666666666 2.333333333333333
          4.333333333333333 0.16666666666666666 2.333333333333333
          4.5 0.16666666666666666 2.333333333333333
          4.6666666666666661 0.16666666666666666 2.333333333333333
          4.833333333333333 0.16666666666666666 2.333333333333333
          5 0.16666666666666666 2.333333333333333
          5.1666666666666661 0.16666666666666666 2.333333333333333
          5.333333333333333 0.16666666666666666 2.333333333333333
          5.5 0.16666666666666666 2.333333333333333
          5.6666666666666661 0.16666666666666666 2.333333333333333
          5.833333333333333 0.16666666666666666 2.333333333333333
          6 0.16666666666666666 2.333333333333333
          6.1666666666666661 0.16666666666666666 2.333333333333333
          6.333333333333333 0.16666666666666666 2.333333333333333
          6.5 0.16666666666666666 2.333333333333333
          6.6666666666666661 0.16666666666666666 2.333333333333333
          6.833333333333333 0.16666666666666666 2.333333333333333
          7 0.16666666666666666 2.333333333333333
          0 0.33333333333333331 2.333333333333333
          0.16666666666666666 0.33333333333333331 2.333333333333333
          0.33333333333333331 0.33333333333333331 2.333333333333333
          0.5 0.33333333333333331 2.333333333333333
          0.66666666666666663 0.33333333333333331 2.333333333333333
          0.83333333333333326 0.33333333333333331 2.333333333333333
          1 0.33333333333333331 2.333333333333333
          1.1666666666666665 0.33333333333333331 2.333333333333333
          1.3333333333333333 0.33333333333333331 2.333333333333333
          1.5 0.33333333333333331 2.333333333333333
          1.6666666666666665 0.33333333333333331 2.333333333333333
          1.8333333333333333 0.33333333333333331 2.333333333333333
          2 0.33333333333333331 2.333333333333333
          2.1666666666666665 0.33333333333333331 2.333333333333333
          2.333333333333333 0.33333333333333331 2.333333333333333
          2.5 0.33333333333333331 2.333333333333333
          2.6666666666666665 0.33333333333333331 2.333333333333333
          2.833333333333333 0.33333333333333331 2.333333333333333
          3 0.33333333333333331 2.333333333333333
          3.1666666666666665 0.33333333333333331 2.333333333333333
          3.333333333333333 0.33333333333333331 2.333333333333333
          3.5 0.33333333333333331 2.333333333333333
          3.6666666666666665 0.33333333333333331 2.333333333333333
          3.833333333333333 0.33333333333333331 2.333333333333333
          4 0.33333333333333331 2.333333333333333
          4.1666666666666661 0.33333333333333331 2.333333333333333
          4.333333333333333 0.33333333333333331 2.333333333333333
          4.5 0.33333333333333331 2.333333333333333
          4.6666666666666661 0.33333333333333331 2.333333333333333
          4.833333333333333 0.33333333333333331 2.333333333333333
          5 0.33333333333333331 2.333333333333333
          5.1666666666666661 0.33333333333333331 2.333333333333333
          5.333333333333333 0.33333333333333331 2.333333333333333
          5.5 0.33333333333333331 2.333333333333333
          5.6666666666666661 0.33333333333333331 2.333333333333333
          5.833333333333333 0.33333333333333331 2.333333333333333
          6 0.33333333333333331 2.333333333333333
          6.1666666666666661 0.33333333333333331 2.333333333333333
          6.333333333333333 0.33333333333333331 2.333333333333333
          6.5 0.33333333333333331 2.333333333333333
          6.6666666666666661 0.33333333333333331 2.333333333333333
          6.833333333333333 0.33333333333333331 2.333333333333333
          7 0.33333333333333331 2.333333333333333
          0 0.5 2.333333333333333
          0.16666666666666666 0.5 2.333333333333333
          0.33333333333333331 0.5 2.333333333333333
          0.5 0.5 2.333333333333333
          0.66666666666666663 0.5 2.333333333333333
          0.83333333333333326 0.5 2.333333333333333
          1 0.5 2.333333333333333
          1.1666666666666665 0.5 2.333333333333333
          1.3333333333333333 0.5 2.333333333333333
          1.5 0.5 2.333333333333333
          1.6666666666666665 0.5 2.333333333333333
          1.8333333333333333 0.5 2.333333333333333
          2 0.5 2.333333333333333
          2.1666666666666665 0.5 2.333333333333333
          2.333333333333333 0.5 2.333333333333333
          2.5 0.5 2.333333333333333
          2.6666666666666665 0.5 2.333333333333333
          2.833333333333333 0.5 2.333333333333333
          3 0.5 2.333333333333333
          3.1666666666666665 0.5 2.333333333333333
          3.333333333333333 0.5 2.333333333333333
          3.5 0.5 2.333333333333333
          3.6666666666666665 0.5 2.333333333333333
          3.833333333333333 0.5 2.333333333333333
          4 0.5 2.333333333333333
          4.1666666666666661 0.5 2.333333333333333
          4.333333333333333 0.5 2.333333333333333
          4.5 0.5 2.333333333333333
          4.6666666666666661 0.5 2.333333333333333
          4.833333333333333 0.5 2.333333333333333
          5 0.5 2.333333333333333
          5.1666666666666661 0.5 2.333333333333333
          5.333333333333333 0.5 2.333333333333333
          5.5 0.5 2.333333333333333
          5.6666666666666661 0.5 2.333333333333333
          5.833333333333333 0.5 2.333333333333333
          6 0.5 2.333333333333333
          6.1666666666666661 0.5 2.333333333333333
          6.333333333333333 0.5 2.333333333333333
          6.5 0.5 2.333333333333333
          6.6666666666666661 0.5 2.333333333333333
          6.833333333333333 0.5 2.333333333333333
          7 0.5 2.333333333333333
          0 0.66666666666666663 2.333333333333333
          0.16666666666666666 0.66666666666666663 2.333333333333333
          0.33333333333333331 0.66666666666666663 2.333333333333333
          0.5 0.66666666666666663 2.333333333333333
          0.66666666666666663 0.66666666666666663 2.333333333333333
          0.83333333333333326 0.66666666666666663 2.333333333333333
          1 0.66666666666666663 2.333333333333333
          1.1666666666666665 0.66666666666666663 2.333333333333333
          1.3333333333333333 0.66666666666666663 2.333333333333333
          1.5 0.66666666666666663 2.333333333333333
          1.6666666666666665 0.66666666666666663 2.333333333333333
          1.8333333333333333 0.66666666666666663 2.333333333333333
          2 0.66666666666666663 2.333333333333333
          2.1666666666666665 0.66666666666666663 2.333333333333333
          2.333333333333333 0.66666666666666663 2.333333333333333
          2.5 0.66666666666666663 2.333333333333333
          2.6666666666666665 0.66666666666666663 2.333333333333333
          2.833333333333333 0.66666666666666663 2.333333333333333
          3 0.66666666666666663 2.333333333333333
          3.1666666666666665 0.66666666666666663 2.333333333333333
          3.333333333333333 0.66666666666666663 2.333333333333333
          3.5 0.66666666666666663 2.333333333333333
          3.6666666666666665 0.66666666666666663 2.333333333333333
          3.833333333333333 0.66666666666666663 2.333333333333333
          4 0.66666666666666663 2.333333333333333
          4.1666666666666661 0.66666666666666663 2.333333333333333
          4.333333333333333 0.66666666666666663 2.333333333333333
          4.5 0.66666666666666663 2.333333333333333
          4.6666666666666661 0.66666666666666663 2.333333333333333
          4.833333333333333 0.66666666666666663 2.333333333333333
          5 0.66666666666666663 2.333333333333333
          5.1666666666666661 0.66666666666666663 2.333333333333333
          5.333333333333333 0.66666666666666663 2.333333333333333
          5.5 0.66666666666666663 2.333333333333333
          5.6666666666666661 0.66666666666666663 2.333333333333333
          5.833333333333333 0.66666666666666663 2.333333333333333
          6 0.66666666666666663 2.333333333333333
          6.1666666666666661 0.66666666666666663 2.333333333333333
          6.333333333333333 0.66666666666666663 2.333333333333333
          6.5 0.66666666666666663 2.333333333333333
          6.6666666666666661 0.66666666666666663 2.333333333333333
          6.833333333333333 0.66666666666666663 2.333333333333333
          7 0.66666666666666663 2.333333333333333
          0 0.83333333333333326 2.333333333333333
          0.16666666666666666 0.83333333333333326 2.333333333333333
          0.33333333333333331 0.83333333333333326 2.333333333333333
          0.5 0.83333333333333326 2.333333333333333
          0.66666666666666663 0.83333333333333326 2.333333333333333
          0.83333333333333326 0.83333333333333326 2.333333333333333
          1 0.83333333333333326 2.333333333333333
          1.1666666666666665 0.83333333333333326 2.333333333333333
          1.3333333333333333 0.83333333333333326 2.333333333333333
          1.5 0.83333333333333326 2.333333333333333
          1.6666666666666665 0.83333333333333326 2.333333333333333
          1.8333333333333333 0.83333333333333326 2.333333333333333
          2 0.83333333333333326 2.333333333333333
          2.1666666666666665 0.83333333333333326 2.333333333333333
          2.333333333333333 0.83333333333333326 2.333333333333333
          2.5 0.83333333333333326 2.333333333333333
          2.6666666666666665 0.83333333333333326 2.333333333333333
          2.833333333333333 0.83333333333333326 2.333333333333333
          3 0.83333333333333326 2.333333333333333
          3.1666666666666665 0.83333333333333326 2.333333333333333
          3.333333333333333 0.83333333333333326 2.333333333333333
          3.5 0.83333333333333326 2.333333333333333
          3.6666666666666665 0.83333333333333326 2.333333333333333
          3.833333333333333 0.83333333333333326 2.333333333333333
          4 0.83333333333333326 2.333333333333333
          4.1666666666666661 0.83333333333333326 2.333333333333333
          4.333333333333333 0.83333333333333326 2.333333333333333
          4.5 0.83333333333333326 2.333333333333333
          4.6666666666666661 0.83333333333333326 2.333333333333333
          4.833333333333333 0.83333333333333326 2.333333333333333
          5 0.83333333333333326 2.333333333333333
          5.1666666666666661 0.83333333333333326 2.333333333333333
          5.333333333333333 0.83333333333333326 2.333333333333333
          5.5 0.83333333333333326 2.333333333333333
          5.6666666666666661 0.83333333333333326 2.333333333333333
          5.833333333333333 0.83333333333333326 2.333333333333333
          6 0.83333333333333326 2.333333333333333
          6.1666666666666661 0.83333333333333326 2.333333333333333
          6.333333333333333 0.83333333333333326 2.333333333333333
          6.5 0.83333333333333326 2.333333333333333
          6.6666666666666661 0.83333333333333326 2.333333333333333
          6.833333333333333 0.83333333333333326 2.333333333333333
          7 0.83333333333333326 2.333333333333333
          0 1 2.333333333333333
          0.16666666666666666 1 2.333333333333333
          0.33333333333333331 1 2.333333333333333
          0.5 1 2.333333333333333
          0.66666666666666663 1 2.333333333333333
          0.83333333333333326 1 2.333333333333333
          1 1 2.333333333333333
          1.1666666666666665 1 2.333333333333333
          1.3333333333333333 1 2.333333333333333
          1.5 1 2.333333333333333
          1.6666666666666665 1 2.333333333333333
          1.8333333333333333 1 2.333333333333333
          2 1 2.333333333333333
          2.1666666666666665 1 2.333333333333333
          2.333333333333333 1 2.333333333333333
          2.5 1 2.333333333333333
          2.6666666666666665 1 2.333333333333333
          2.833333333333333 1 2.333333333333333
          3 1 2.333333333333333
          3.1666666666666665 1 2.333333333333333
          3.333333333333333 1 2.333333333333333
          3.5 1 2.333333333333333
          3.6666666666666665 1 2.333333333333333
          3.833333333333333 1 2.333333333333333
          4 1 2.333333333333333
          4.1666666666666661 1 2.333333333333333
          4.333333333333333 1 2.333333333333333
          4.5 1 2.333333333333333
          4.6666666666666661 1 2.333333333333333
          4.833333333333333 1 2.333333333333333
          5 1 2.333333333333333
          5.1666666666666661 1 2.333333333333333
          5.333333333333333 1 2.333333333333333
          5.5 1 2.333333333333333
          5.6666666666666661 1 2.333333333333333
          5.833333333333333 1 2.333333333333333
          6 1 2.333333333333333
          6.1666666666666661 1 2.333333333333333
          6.333333333333333 1 2.333333333333333
          6.5 1 2.333333333333333
          6.6666666666666661 1 2.333333333333333
          6.833333333333333 1 2.333333333333333
          7 1 2.333333333333333
          0 1.1666666666666665 2.333333333333333
          0.16666666666666666 1.1666666666666665 2.333333333333333
          0.33333333333333331 1.1666666666666665 2.333333333333333
          0.5 1.1666666666666665 2.333333333333333
          0.66666666666666663 1.1666666666666665 2.333333333333333
          0.83333333333333326 1.1666666666666665 2.333333333333333
          1 1.1666666666666665 2.333333333333333
          1.1666666666666665 1.1666666666666665 2.333333333333333
          1.3333333333333333 1.1666666666666665 2.333333333333333
          1.5 1.1666666666666665 2.333333333333333
          1.6666666666666665 1.1666666666666665 2.333333333333333
          1.8333333333333333 1.1666666666666665 2.333333333333333
          2 1.1666666666666665 2.333333333333333
          2.1666666666666665 1.1666666666666665 2.333333333333333
          2.333333333333333 1.1666666666666665 2.333333333333333
          2.5 1.1666666666666665 2.333333333333333
          2.6666666666666665 1.1666666666666665 2.333333333333333
          2.833333333333333 1.1666666666666665 2.333333333333333
          3 1.1666666666666665 2.333333333333333
          3.1666666666666665 1.1666666666666665 2.333333333333333
          3.333333333333333 1.1666666666666665 2.333333333333333
          3.5 1.1666666666666665 2.333333333333333
          3.6666666666666665 1.1666666666666665 2.333333333333333
          3.833333333333333 1.1666666666666665 2.333333333333333
          4 1.1666666666666665 2.333333333333333
          4.1666666666666661 1.1666666666666665 2.333333333333333
          4.333333333333333 1.1666666666666665 2.333333333333333
          4.5 1.1666666666666665 2.333333333333333
          4.6666666666666661 1.1666666666666665 2.333333333333333
          4.833333333333333 1.1666666666666665 2.333333333333333
          5 1.1666666666666665 2.333333333333333
          5.1666666666666661 1.1666666666666665 2.333333333333333
          5.333333333333333 1.1666666666666665 2.333333333333333
          5.5 1.1666666666666665 2.333333333333333
          5.6666666666666661 1.1666666666666665 2.333333333333333
          5.833333333333333 1.1666666666666665 2.333333333333333
          6 1.1666666666666665 2.333333333333333
          6.1666666666666661 1.1666666666666665 2.333333333333333
          6.333333333333333 1.1666666666666665 2.333333333333333
          6.5 1.1666666666666665 2.333333333333333
          6.6666666666666661 1.1666666666666665 2.333333333333333
          6.833333333333333 1.1666666666666665 2.333333333333333
          7 1.1666666666666665 2.333333333333333
          0 1.3333333333333333 2.333333333333333
          0.16666666666666666 1.3333333333333333 2.333333333333333
          0.33333333333333331 1.3333333333333333 2.333333333333333
          0.5 1.3333333333333333 2.333333333333333
          0.66666666666666663 1.3333333333333333 2.333333333333333
          0.83333333333333326 1.3333333333333333 2.333333333333333
          1 1.3333333333333333 2.333333333333333
          1.1666666666666665 1.3333333333333333 2.333333333333333
          1.3333333333333333 1.3333333333333333 2.333333333333333
          1.5 1.3333333333333333 2.333333333333333
          1.6666666666666665 1.3333333333333333 2.333333333333333
          1.8333333333333333 1.3333333333333333 2.333333333333333
          2 1.3333333333333333 2.333333333333333
          2.1666666666666665 1.3333333333333333 2.333333333333333
          2.333333333333333 1.3333333333333333 2.333333333333333
          2.5 1.3333333333333333 2.333333333333333
          2.6666666666666665 1.3333333333333333 2.333333333333333
          2.833333333333333 1.3333333333333333 2.333333333333333
          3 1.3333333333333333 2.333333333333333
          3.1666666666666665 1.3333333333333333 2.333333333333333
          3.333333333333333 1.3333333333333333 2.333333333333333
          3.5 1.3333333333333333 2.333333333333333
          3.6666666666666665 1.3333333333333333 2.333333333333333
          3.833333333333333 1.3333333333333333 2.333333333333333
          4 1.3333333333333333 2.333333333333333
          4.1666666666666661 1.3333333333333333 2.333333333333333
          4.333333333333333 1.3333333333333333 2.333333333333333
          4.5 1.3333333333333333 2.333333333333333
          4.6666666666666661 1.3333333333333333 2.333333333333333
          4.833333333333333 1.3333333333333333 2.333333333333333
          5 1.3333333333333333 2.333333333333333
          5.1666666666666661 1.3333333333333333 2.333333333333333
          5.333333333333333 1.3333333333333333 2.333333333333333
          5.5 1.3333333333333333 2.333333333333333
          5.6666666666666661 1.3333333333333333 2.333333333333333
          5.833333333333333 1.3333333333333333 2.333333333333333
          6 1.3333333333333333 2.333333333333333
          6.1666666666666661 1.3333333333333333 2.333333333333333
          6.333333333333333 1.3333333333333333 2.333333333333333
          6.5 1.3333333333333333 2.333333333333333
          6.6666666666666661 1.3333333333333333 2.333333333333333
          6.833333333333333 1.3333333333333333 2.333333333333333
          7 1.3333333333333333 2.333333333333333
          0 1.5 2.333333333333333
          0.16666666666666666 1.5 2.333333333333333
          0.33333333333333331 1.5 2.333333333333333
          0.5 1.5 2.333333333333333
          0.66666666666666663 1.5 2.333333333333333
          0.83333333333333326 1.5 2.333333333333333
          1 1.5 2.333333333333333
          1.1666666666666665 1.5 2.333333333333333
          1.3333333333333333 1.5 2.333333333333333
          1.5 1.5 2.333333333333333
          1.6666666666666665 1.5 2.333333333333333
          1.8333333333333333 1.5 2.333333333333333
          2 1.5 2.333333333333333
          2.1666666666666665 1.5 2.333333333333333
          2.333333333333333 1.5 2.333333333333333
          2.5 1.5 2.333333333333333
          2.6666666666666665 1.5 2.333333333333333
          2.833333333333333 1.5 2.333333333333333
          3 1.5 2.333333333333333
          3.1666666666666665 1.5 2.333333333333333
          3.333333333333333 1.5 2.333333333333333
          3.5 1.5 2.333333333333333
          3.6666666666666665 1.5 2.333333333333333
          3.833333333333333 1.5 2.333333333333333
          4 1.5 2.333333333333333
          4.1666666666666661 1.5 2.333333333333333
          4.333333333333333 1.5 2.333333333333333
          4.5 1.5 2.333333333333333
          4.6666666666666661 1.5 2.333333333333333
          4.833333333333333 1.5 2.333333333333333
          5 1.5 2.333333333333333
          5.1666666666666661 1.5 2.333333333333333
          5.333333333333333 1.5 2.333333333333333
          5.5 1.5 2.333333333333333
          5.6666666666666661 1.5 2.333333333333333
          5.833333333333333 1.5 2.333333333333333
          6 1.5 2.333333333333333
          6.1666666666666661 1.5 2.333333333333333
          6.333333333333333 1.5 2.333333333333333
          6.5 1.5 2.333333333333333
          6.6666666666666661 1.5 2.333333333333333
          6.833333333333333 1.5 2.333333333333333
          7 1.5 2.333333333333333
          0 1.6666666666666665 2.333333333333333
          0.16666666666666666 1.6666666666666665 2.333333333333333
          0.33333333333333331 1.6666666666666665 2.333333333333333
          0.5 1.6666666666666665 2.333333333333333
          0.66666666666666663 1.6666666666666665 2.333333333333333
          0.83333333333333326 1.6666666666666665 2.333333333333333
          1 1.6666666666666665 2.333333333333333
          1.1666666666666665 1.6666666666666665 2.333333333333333
          1.3333333333333333 1.6666666666666665 2.333333333333333
          1.5 1.6666666666666665 2.333333333333333
          1.6666666666666665 1.6666666666666665 2.333333333333333
          1.8333333333333333 1.6666666666666665 2.333333333333333
          2 1.6666666666666665 2.333333333333333
          2.1666666666666665 1.6666666666666665 2.333333333333333
          2.333333333333333 1.6666666666666665 2.333333333333333
          2.5 1.6666666666666665 2.333333333333333
          2.6666666666666665 1.6666666666666665 2.333333333333333
          2.833333333333333 1.6666666666666665 2.333333333333333
          3 1.6666666666666665 2.333333333333333
          3.1666666666666665 1.6666666666666665 2.333333333333333
          3.333333333333333 1.6666666666666665 2.333333333333333
          3.5 1.6666666666666665 2.333333333333333
          3.6666666666666665 1.6666666666666665 2.333333333333333
          3.833333333333333 1.6666666666666665 2.333333333333333
          4 1.6666666666666665 2.333333333333333
          4.1666666666666661 1.6666666666666665 2.333333333333333
          4.333333333333333 1.6666666666666665 2.333333333333333
          4.5 1.6666666666666665 2.333333333333333
          4.6666666666666661 1.6666666666666665 2.333333333333333
          4.833333333333333 1.6666666666666665 2.333333333333333
          5 1.6666666666666665 2.333333333333333
          5.1666666666666661 1.6666666666666665 2.333333333333333
          5.333333333333333 1.6666666666666665 2.333333333333333
          5.5 1.6666666666666665 2.333333333333333
          5.6666666666666661 1.6666666666666665 2.333333333333333
          5.833333333333333 1.6666666666666665 2.333333333333333
          6 1.6666666666666665 2.333333333333333
          6.1666666666666661 1.6666666666666665 2.333333333333333
          6.333333333333333 1.6666666666666665 2.333333333333333
          6.5 1.6666666666666665 2.333333333333333
          6.6666666666666661 1.6666666666666665 2.333333333333333
          6.833333333333333 1.6666666666666665 2.333333333333333
          7 1.6666666666666665 2.333333333333333
          0 1.8333333333333333 2.333333333333333
          0.16666666666666666 1.8333333333333333 2.333333333333333
          0.33333333333333331 1.8333333333333333 2.333333333333333
          0.5 1.8333333333333333 2.333333333333333
          0.66666666666666663 1.8333333333333333 2.333333333333333
          0.83333333333333326 1.8333333333333333 2.333333333333333
          1 1.8333333333333333 2.333333333333333
          1.1666666666666665 1.8333333333333333 2.333333333333333
          1.3333333333333333 1.8333333333333333 2.333333333333333
          1.5 1.8333333333333333 2.333333333333333
          1.6666666666666665 1.8333333333333333 2.333333333333333
          1.8333333333333333 1.8333333333333333 2.333333333333333
          2 1.8333333333333333 2.333333333333333
          2.1666666666666665 1.8333333333333333 2.333333333333333
          2.333333333333333 1.8333333333333333 2.333333333333333
          2.5 1.8333333333333333 2.333333333333333
          2.6666666666666665 1.8333333333333333 2.333333333333333
          2.833333333333333 1.8333333333333333 2.333333333333333
          3 1.8333333333333333 2.333333333333333
          3.1666666666666665 1.8333333333333333 2.333333333333333
          3.333333333333333 1.8333333333333333 2.333333333333333
          3.5 1.8333333333333333 2.333333333333333
          3.6666666666666665 1.8333333333333333 2.333333333333333
          3.833333333333333 1.8333333333333333 2.333333333333333
          4 1.8333333333333333 2.333333333333333
          4.1666666666666661 1.8333333333333333 2.333333333333333
          4.333333333333333 1.8333333333333333 2.333333333333333
          4.5 1.8333333333333333 2.333333333333333
          4.6666666666666661 1.8333333333333333 2.333333333333333
          4.833333333333333 1.8333333333333333 2.333333333333333
          5 1.8333333333333333 2.333333333333333
          5.1666666666666661 1.8333333333333333 2.333333333333333
          5.333333333333333 1.8333333333333333 2.333333333333333
          5.5 1.8333333333333333 2.333333333333333
          5.6666666666666661 1.8333333333333333 2.333333333333333
          5.833333333333333 1.8333333333333333 2.333333333333333
          6 1.8333333333333333 2.333333333333333
          6.1666666666666661 1.8333333333333333 2.333333333333333
          6.333333333333333 1.8333333333333333 2.333333333333333
          6.5 1.8333333333333333 2.333333333333333
          6.6666666666666661 1.8333333333333333 2.333333333333333
          6.833333333333333 1.8333333333333333 2.333333333333333
          7 1.8333333333333333 2.333333333333333
          0 2 2.333333333333333
          0.16666666666666666 2 2.333333333333333
          0.33333333333333331 2 2.333333333333333
          0.5 2 2.333333333333333
          0.66666666666666663 2 2.333333333333333
          0.83333333333333326 2 2.333333333333333
          1 2 2.333333333333333
          1.1666666666666665 2 2.333333333333333
          1.3333333333333333 2 2.333333333333333
          1.5 2 2.333333333333333
          1.6666666666666665 2 2.333333333333333
          1.8333333333333333 2 2.333333333333333
          2 2 2.333333333333333
          2.1666666666666665 2 2.333333333333333
          2.333333333333333 2 2.333333333333333
          2.5 2 2.333333333333333
          2.6666666666666665 2 2.333333333333333
          2.833333333333333 2 2.333333333333333
          3 2 2.333333333333333
          3.1666666666666665 2 2.333333333333333
          3.333333333333333 2 2.333333333333333
          3.5 2 2.333333333333333
          3.6666666666666665 2 2.333333333333333
          3.833333333333333 2 2.333333333333333
          4 2 2.333333333333333
          4.1666666666666661 2 2.333333333333333
          4.333333333333333 2 2.333333333333333
          4.5 2 2.333333333333333
          4.6666666666666661 2 2.333333333333333
          4.833333333333333 2 2.333333333333333
          5 2 2.333333333333333
          5.1666666666666661 2 2.333333333333333
          5.333333333333333 2 2.333333333333333
          5.5 2 2.333333333333333
          5.6666666666666661 2 2.333333333333333
          5.833333333333333 2 2.333333333333333
          6 2 2.333333333333333
          6.1666666666666661 2 2.333333333333333
          6.333333333333333 2 2.333333333333333
          6.5 2 2.333333333333333
          6.6666666666666661 2 2.333333333333333
          6.833333333333333 2 2.333333333333333
          7 2 2.333333333333333
          0 2.1666666666666665 2.333333333333333
          0.16666666666666666 2.1666666666666665 2.333333333333333
          0.33333333333333331 2.1666666666666665 2.333333333333333
          0.5 2.1666666666666665 2.333333333333333
          0.66666666666666663 2.1666666666666665 2.333333333333333
          0.83333333333333326 2.1666666666666665 2.333333333333333
          1 2.1666666666666665 2.333333333333333
          1.1666666666666665 2.1666666666666665 2.333333333333333
          1.3333333333333333 2.1666666666666665 2.333333333333333
          1.5 2.1666666666666665 2.333333333333333
          1.6666666666666665 2.1666666666666665 2.333333333333333
          1.8333333333333333 2.1666666666666665 2.333333333333333
          2 2.1666666666666665 2.333333333333333
          2.1666666666666665 2.1666666666666665 2.333333333333333
          2.333333333333333 2.1666666666666665 2.333333333333333
          2.5 2.1666666666666665 2.333333333333333
          2.6666666666666665 2.1666666666666665 2.333333333333333
          2.833333333333333 2.1666666666666665 2.333333333333333
          3 2.1666666666666665 2.333333333333333
          3.1666666666666665 2.1666666666666665 2.333333333333333
          3.333333333333333 2.1666666666666665 2.333333333333333
          3.5 2.1666666666666665 2.333333333333333
          3.6666666666666665 2.1666666666666665 2.333333333333333
          3.833333333333333 2.1666666666666665 2.333333333333333
          4 2.1666666666666665 2.333333333333333
          4.1666666666666661 2.1666666666666665 2.333333333333333
          4.333333333333333 2.1666666666666665 2.333333333333333
          4.5 2.1666666666666665 2.333333333333333
          4.6666666666666661 2.1666666666666665 2.333333333333333
          4.833333333333333 2.1666666666666665 2.333333333333333
          5 2.1666666666666665 2.333333333333333
          5.1666666666666661 2.1666666666666665 2.333333333333333
          5.333333333333333 2.1666666666666665 2.333333333333333
          5.5 2.1666666666666665 2.333333333333333
          5.6666666666666661 2.1666666666666665 2.333333333333333
          5.833333333333333 2.1666666666666665 2.333333333333333
          6 2.1666666666666665 2.333333333333333
          6.1666666666666661 2.1666666666666665 2.333333333333333
          6.333333333333333 2.1666666666666665 2.333333333333333
          6.5 2.1666666666666665 2.333333333333333
          6.6666666666666661 2.1666666666666665 2.333333333333333
          6.833333333333333 2.1666666666666665 2.333333333333333
          7 2.1666666666666665 2.333333333333333
          0 2.333333333333333 2.333333333333333
          0.16666666666666666 2.333333333333333 2.333333333333333
          0.33333333333333331 2.333333333333333 2.333333333333333
          0.5 2.333333333333333 2.333333333333333
          0.66666666666666663 2.333333333333333 2.333333333333333
          0.83333333333333326 2.333333333333333 2.333333333333333
          1 2.333333333333333 2.333333333333333
          1.1666666666666665 2.333333333333333 2.333333333333333
          1.3333333333333333 2.333333333333333 2.333333333333333
          1.5 2.333333333333333 2.333333333333333
          1.6666666666666665 2.333333333333333 2.333333333333333
          1.8333333333333333 2.333333333333333 2.333333333333333
          2 2.333333333333333 2.333333333333333
          2.1666666666666665 2.333333333333333 2.333333333333333
          2.333333333333333 2.333333333333333 2.333333333333333
          2.5 2.333333333333333 2.333333333333333
          2.6666666666666665 2.333333333333333 2.333333333333333
          2.833333333333333 2.333333333333333 2.333333333333333
          3 2.333333333333333 2.333333333333333
          3.1666666666666665 2.333333333333333 2.333333333333333
          3.333333333333333 2.333333333333333 2.333333333333333
          3.5 2.333333333333333 2.333333333333333
          3.6666666666666665 2.333333333333333 2.333333333333333
          3.833333333333333 2.333333333333333 2.333333333333333
          4 2.333333333333333 2.333333333333333
          4.1666666666666661 2.333333333333333 2.333333333333333
          4.333333333333333 2.333333333333333 2.333333333333333
          4.5 2.333333333333333 2.333333333333333
          4.6666666666666661 2.333333333333333 2.333333333333333
          4.833333333333333 2.333333333333333 2.333333333333333
          5 2.333333333333333 2.333333333333333
          5.1666666666666661 2.333333333333333 2.333333333333333
          5.333333333333333 2.333333333333333 2.333333333333333
          5.5 2.333333333333333 2.333333333333333
          5.6666666666666661 2.333333333333333 2.333333333333333
          5.833333333333333 2.333333333333333 2.333333333333333
          6 2.333333333333333 2.333333333333333
          6.1666666666666661 2.333333333333333 2.333333333333333
          6.333333333333333 2.333333333333333 2.333333333333333
          6.5 2.333333333333333 2.333333333333333
          6.6666666666666661 2.333333333333333 2.333333333333333
          6.833333333333333 2.333333333333333 2.333333333333333
          7 2.333333333333333 2.333333333333333
          0 2.5 2.333333333333333
          0.16666666666666666 2.5 2.333333333333333
          0.33333333333333331 2.5 2.333333333333333
          0.5 2.5 2.333333333333333
          0.66666666666666663 2.5 2.333333333333333
          0.83333333333333326 2.5 2.333333333333333
          1 2.5 2.333333333333333
          1.1666666666666665 2.5 2.333333333333333
          1.3333333333333333 2.5 2.333333333333333
          1.5 2.5 2.333333333333333
          1.6666666666666665 2.5 2.333333333333333
          1.8333333333333333 2.5 2.333333333333333
          2 2.5 2.333333333333333
          2.1666666666666665 2.5 2.333333333333333
          2.333333333333333 2.5 2.333333333333333
          2.5 2.5 2.333333333333333
          2.6666666666666665 2.5 2.333333333333333
          2.833333333333333 2.5 2.333333333333333
          3 2.5 2.333333333333333
          3.1666666666666665 2.5 2.333333333333333
          3.333333333333333 2.5 2.333333333333333
          3.5 2.5 2.333333333333333
          3.6666666666666665 2.5 2.333333333333333
          3.833333333333333 2.5 2.333333333333333
          4 2.5 2.333333333333333
          4.1666666666666661 2.5 2.333333333333333
          4.333333333333333 2.5 2.333333333333333
          4.5 2.5 2.333333333333333
          4.6666666666666661 2.5 2.333333333333333
          4.833333333333333 2.5 2.333333333333333
          5 2.5 2.333333333333333
          5.1666666666666661 2.5 2.333333333333333
          5.333333333333333 2.5 2.333333333333333
          5.5 2.5 2.333333333333333
          5.6666666666666661 2.5 2.333333333333333
          5.833333333333333 2.5 2.333333333333333
          6 2.5 2.333333333333333
          6.1666666666666661 2.5 2.333333333333333
          6.333333333333333 2.5 2.333333333333333
          6.5 2.5 2.333333333333333
          6.6666666666666661 2.5 2.333333333333333
          6.833333333333333 2.5 2.333333333333333
          7 2.5 2.333333333333333
          0 2.6666666666666665 2.333333333333333
          0.16666666666666666 2.6666666666666665 2.333333333333333
          0.33333333333333331 2.6666666666666665 2.333333333333333
          0.5 2.6666666666666665 2.333333333333333
          0.66666666666666663 2.6666666666666665 2.333333333333333
          0.83333333333333326 2.6666666666666665 2.333333333333333
          1 2.6666666666666665 2.333333333333333
          1.1666666666666665 2.6666666666666665 2.333333333333333
          1.3333333333333333 2.6666666666666665 2.333333333333333
          1.5 2.6666666666666665 2.333333333333333
          1.6666666666666665 2.6666666666666665 2.333333333333333
          1.8333333333333333 2.6666666666666665 2.333333333333333
          2 2.6666666666666665 2.333333333333333
          2.1666666666666665 2.6666666666666665 2.333333333333333
          2.333333333333333 2.6666666666666665 2.333333333333333
          2.5 2.6666666666666665 2.333333333333333
          2.6666666666666665 2.6666666666666665 2.333333333333333
          2.833333333333333 2.6666666666666665 2.333333333333333
          3 2.6666666666666665 2.333333333333333
          3.1666666666666665 2.6666666666666665 2.333333333333333
          3.333333333333333 2.6666666666666665 2.333333333333333
          3.5 2.6666666666666665 2.333333333333333
          3.6666666666666665 2.6666666666666665 2.333333333333333
          3.833333333333333 2.6666666666666665 2.333333333333333
          4 2.6666666666666665 2.333333333333333
          4.1666666666666661 2.6666666666666665 2.333333333333333
          4.333333333333333 2.6666666666666665 2.333333333333333
          4.5 2.6666666666666665 2.333333333333333
          4.6666666666666661 2.6666666666666665 2.333333333333333
          4.833333333333333 2.6666666666666665 2.333333333333333
          5 2.6666666666666665 2.333333333333333
          5.1666666666666661 2.6666666666666665 2.333333333333333
          5.333333333333333 2.6666666666666665 2.333333333333333
          5.5 2.6666666666666665 2.333333333333333
          5.6666666666666661 2.6666666666666665 2.333333333333333
          5.833333333333333 2.6666666666666665 2.333333333333333
          6 2.6666666666666665 2.333333333333333
          6.1666666666666661 2.6666666666666665 2.333333333333333
          6.333333333333333 2.6666666666666665 2.333333333333333
          6.5 2.6666666666666665 2.333333333333333
          6.6666666666666661 2.6666666666666665 2.333333333333333
          6.833333333333333 2.6666666666666665 2.333333333333333
          7 2.6666666666666665 2.333333333333333
          0 2.833333333333333 2.333333333333333
          0.16666666666666666 2.833333333333333 2.333333333333333
          0.33333333333333331 2.833333333333333 2.333333333333333
          0.5 2.833333333333333 2.333333333333333
          0.66666666666666663 2.833333333333333 2.333333333333333
          0.83333333333333326 2.833333333333333 2.333333333333333
          1 2.833333333333333 2.333333333333333
          1.1666666666666665 2.833333333333333 2.333333333333333
          1.3333333333333333 2.833333333333333 2.333333333333333
          1.5 2.833333333333333 2.333333333333333
          1.6666666666666665 2.833333333333333 2.333333333333333
          1.8333333333333333 2.833333333333333 2.333333333333333
          2 2.833333333333333 2.333333333333333
          2.1666666666666665 2.833333333333333 2.333333333333333
          2.333333333333333 2.833333333333333 2.333333333333333
          2.5 2.833333333333333 2.333333333333333
          2.6666666666666665 2.833333333333333 2.333333333333333
          2.833333333333333 2.833333333333333 2.333333333333333
          3 2.833333333333333 2.333333333333333
          3.1666666666666665 2.833333333333333 2.333333333333333
          3.333333333333333 2.833333333333333 2.333333333333333
          3.5 2.833333333333333 2.333333333333333
          3.6666666666666665 2.833333333333333 2.333333333333333
          3.833333333333333 2.833333333333333 2.333333333333333
          4 2.833333333333333 2.333333333333333
          4.1666666666666661 2.833333333333333 2.333333333333333
          4.333333333333333 2.833333333333333 2.333333333333333
          4.5 2.833333333333333 2.333333333333333
          4.6666666666666661 2.833333333333333 2.333333333333333
          4.833333333333333 2.833333333333333 2.333333333333333
          5 2.833333333333333 2.333333333333333
          5.1666666666666661 2.833333333333333 2.333333333333333
          5.333333333333333 2.833333333333333 2.333333333333333
          5.5 2.833333333333333 2.333333333333333
          5.6666666666666661 2.833333333333333 2.333333333333333
          5.833333333333333 2.833333333333333 2.333333333333333
          6 2.833333333333333 2.333333333333333
          6.1666666666666661 2.833333333333333 2.333333333333333
          6.333333333333333 2.833333333333333 2.333333333333333
          6.5 2.833333333333333 2.333333333333333
          6.6666666666666661 2.833333333333333 2.333333333333333
          6.833333333333333 2.833333333333333 2.333333333333333
          7 2.833333333333333 2.333333333333333
          0 3 2.333333333333333
          0.16666666666666666 3 2.333333333333333
          0.33333333333333331 3 2.333333333333333
          0.5 3 2.333333333333333
          0.66666666666666663 3 2.333333333333333
          0.83333333333333326 3 2.333333333333333
          1 3 2.333333333333333
          1.1666666666666665 3 2.333333333333333
          1.3333333333333333 3 2.333333333333333
          1.5 3 2.333333333333333
          1.6666666666666665 3 2.333333333333333
          1.8333333333333333 3 2.333333333333333
          2 3 2.333333333333333
          2.1666666666666665 3 2.333333333333333
          2.333333333333333 3 2.333333333333333
          2.5 3 2.333333333333333
          2.6666666666666665 3 2.333333333333333
          2.833333333333333 3 2.333333333333333
          3 3 2.333333333333333
          3.1666666666666665 3 2.333333333333333
          3.333333333333333 3 2.333333333333333
          3.5 3 2.333333333333333
          3.6666666666666665 3 2.333333333333333
          3.833333333333333 3 2.333333333333333
          4 3 2.333333333333333
          4.1666666666666661 3 2.333333333333333
          4.333333333333333 3 2.333333333333333
          4.5 3 2.333333333333333
          4.6666666666666661 3 2.333333333333333
          4.833333333333333 3 2.333333333333333
          5 3 2.333333333333333
          5.1666666666666661 3 2.333333333333333
          5.333333333333333 3 2.333333333333333
          5.5 3 2.333333333333333
          5.6666666666666661 3 2.333333333333333
          5.833333333333333 3 2.333333333333333
          6 3 2.333333333333333
          6.1666666666666661 3 2.333333333333333
          6.333333333333333 3 2.333333333333333
          6.5 3 2.333333333333333
          6.6666666666666661 3 2.333333333333333
          6.833333333333333 3 2.333333333333333
          7 3 2.333333333333333
          0 0 2.5
          0.16666666666666666 0 2.5
          0.33333333333333331 0 2.5
          0.5 0 2.5
          0.66666666666666663 0 2.5
          0.83333333333333326 0 2.5
          1 0 2.5
          1.1666666666666665 0 2.5
          1.3333333333333333 0 2.5
          1.5 0 2.5
          1.6666666666666665 0 2.5
          1.8333333333333333 0 2.5
          2 0 2.5
          2.1666666666666665 0 2.5
          2.333333333333333 0 2.5
          2.5 0 2.5
          2.6666666666666665 0 2.5
          2.833333333333333 0 2.5
          3 0 2.5
          3.1666666666666665 0 2.5
          3.333333333333333 0 2.5
          3.5 0 2.5
          3.6666666666666665 0 2.5
          3.833333333333333 0 2.5
          4 0 2.5
          4.1666666666666661 0 2.5
          4.333333333333333 0 2.5
          4.5 0 2.5
          4.6666666666666661 0 2.5
          4.833333333333333 0 2.5
          5 0 2.5
          5.1666666666666661 0 2.5
          5.333333333333333 0 2.5
          5.5 0 2.5
          5.6666666666666661 0 2.5
          5.833333333333333 0 2.5
          6 0 2.5
          6.1666666666666661 0 2.5
          6.333333333333333 0 2.5
          6.5 0 2.5
          6.6666666666666661 0 2.5
          6.833333333333333 0 2.5
          7 0 2.5
          0 0.16666666666666666 2.5
          0.16666666666666666 0.16666666666666666 2.5
          0.33333333333333331 0.16666666666666666 2.5
          0.5 0.16666666666666666 2.5
          0.66666666666666663 0.16666666666666666 2.5
          0.83333333333333326 0.16666666666666666 2.5
          1 0.16666666666666666 2.5
          1.1666666666666665 0.16666666666666666 2.5
          1.3333333333333333 0.16666666666666666 2.5
          1.5 0.16666666666666666 2.5
          1.6666666666666665 0.16666666666666666 2.5
          1.8333333333333333 0.16666666666666666 2.5
          2 0.16666666666666666 2.5
          2.1666666666666665 0.16666666666666666 2.5
          2.333333333333333 0.16666666666666666 2.5
          2.5 0.16666666666666666 2.5
          2.6666666666666665 0.16666666666666666 2.5
          2.833333333333333 0.16666666666666666 2.5
          3 0.16666666666666666 2.5
          3.1666666666666665 0.16666666666666666 2.5
          3.333333333333333 0.16666666666666666 2.5
          3.5 0.16666666666666666 2.5
          3.6666666666666665 0.16666666666666666 2.5
          3.833333333333333 0.16666666666666666 2.5
          4 0.16666666666666666 2.5
          4.1666666666666661 0.16666666666666666 2.5
          4.333333333333333 0.16666666666666666 2.5
          4.5 0.16666666666666666 2.5
          4.6666666666666661 0.16666666666666666 2.5
          4.833333333333333 0.16666666666666666 2.5
          5 0.16666666666666666 2.5
          5.1666666666666661 0.16666666666666666 2.5
          5.333333333333333 0.16666666666666666 2.5
          5.5 0.16666666666666666 2.5
          5.6666666666666661 0.16666666666666666 2.5
          5.833333333333333 0.16666666666666666 2.5
          6 0.16666666666666666 2.5
          6.1666666666666661 0.16666666666666666 2.5
          6.333333333333333 0.16666666666666666 2.5
          6.5 0.16666666666666666 2.5
          6.6666666666666661 0.16666666666666666 2.5
          6.833333333333333 0.16666666666666666 2.5
          7 0.16666666666666666 2.5
          0 0.33333333333333331 2.5
          0.16666666666666666 0.33333333333333331 2.5
          0.33333333333333331 0.33333333333333331 2.5
          0.5 0.33333333333333331 2.5
          0.66666666666666663 0.33333333333333331 2.5
          0.83333333333333326 0.33333333333333331 2.5
          1 0.33333333333333331 2.5
          1.1666666666666665 0.33333333333333331 2.5
          1.3333333333333333 0.33333333333333331 2.5
          1.5 0.33333333333333331 2.5
          1.6666666666666665 0.33333333333333331 2.5
          1.8333333333333333 0.33333333333333331 2.5
          2 0.33333333333333331 2.5
          2.1666666666666665 0.33333333333333331 2.5
          2.333333333333333 0.33333333333333331 2.5
          2.5 0.33333333333333331 2.5
          2.6666666666666665 0.33333333333333331 2.5
          2.833333333333333 0.33333333333333331 2.5
          3 0.33333333333333331 2.5
          3.1666666666666665 0.33333333333333331 2.5
          3.333333333333333 0.33333333333333331 2.5
          3.5 0.33333333333333331 2.5
          3.6666666666666665 0.33333333333333331 2.5
          3.833333333333333 0.33333333333333331 2.5
          4 0.33333333333333331 2.5
          4.1666666666666661 0.33333333333333331 2.5
          4.333333333333333 0.33333333333333331 2.5
          4.5 0.33333333333333331 2.5
          4.6666666666666661 0.33333333333333331 2.5
          4.833333333333333 0.33333333333333331 2.5
          5 0.33333333333333331 2.5
          5.1666666666666661 0.33333333333333331 2.5
          5.333333333333333 0.33333333333333331 2.5
          5.5 0.33333333333333331 2.5
          5.6666666666666661 0.33333333333333331 2.5
          5.833333333333333 0.33333333333333331 2.5
          6 0.33333333333333331 2.5
          6.1666666666666661 0.33333333333333331 2.5
          6.333333333333333 0.33333333333333331 2.5
          6.5 0.33333333333333331 2.5
          6.6666666666666661 0.33333333333333331 2.5
          6.833333333333333 0.33333333333333331 2.5
          7 0.33333333333333331 2.5
          0 0.5 2.5
          0.16666666666666666 0.5 2.5
          0.33333333333333331 0.5 2.5
          0.5 0.5 2.5
          0.66666666666666663 0.5 2.5
          0.83333333333333326 0.5 2.5
          1 0.5 2.5
          1.1666666666666665 0.5 2.5
          1.3333333333333333 0.5 2.5
          1.5 0.5 2.5
          1.6666666666666665 0.5 2.5
          1.8333333333333333 0.5 2.5
          2 0.5 2.5
          2.1666666666666665 0.5 2.5
          2.333333333333333 0.5 2.5
          2.5 0.5 2.5
          2.6666666666666665 0.5 2.5
          2.833333333333333 0.5 2.5
          3 0.5 2.5
          3.1666666666666665 0.5 2.5
          3.333333333333333 0.5 2.5
          3.5 0.5 2.5
          3.6666666666666665 0.5 2.5
          3.833333333333333 0.5 2.5
          4 0.5 2.5
          4.1666666666666661 0.5 2.5
          4.333333333333333 0.5 2.5
          4.5 0.5 2.5
          4.6666666666666661 0.5 2.5
          4.833333333333333 0.5 2.5
          5 0.5 2.5
          5.1666666666666661 0.5 2.5
          5.333333333333333 0.5 2.5
          5.5 0.5 2.5
          5.6666666666666661 0.5 2.5
          5.833333333333333 0.5 2.5
          6 0.5 2.5
          6.1666666666666661 0.5 2.5
          6.333333333333333 0.5 2.5
          6.5 0.5 2.5
          6.6666666666666661 0.5 2.5
          6.833333333333333 0.5 2.5
          7 0.5 2.5
          0 0.66666666666666663 2.5
          0.16666666666666666 0.66666666666666663 2.5
          0.33333333333333331 0.66666666666666663 2.5
          0.5 0.66666666666666663 2.5
          0.66666666666666663 0.66666666666666663 2.5
          0.83333333333333326 0.66666666666666663 2.5
          1 0.66666666666666663 2.5
          1.1666666666666665 0.66666666666666663 2.5
          1.3333333333333333 0.66666666666666663 2.5
          1.5 0.66666666666666663 2.5
          1.6666666666666665 0.66666666666666663 2.5
          1.8333333333333333 0.66666666666666663 2.5
          2 0.66666666666666663 2.5
          2.1666666666666665 0.66666666666666663 2.5
          2.333333333333333 0.66666666666666663 2.5
          2.5 0.66666666666666663 2.5
          2.6666666666666665 0.66666666666666663 2.5
          2.833333333333333 0.66666666666666663 2.5
          3 0.66666666666666663 2.5
          3.1666666666666665 0.66666666666666663 2.5
          3.333333333333333 0.66666666666666663 2.5
          3.5 0.66666666666666663 2.5
          3.6666666666666665 0.66666666666666663 2.5
          3.833333333333333 0.66666666666666663 2.5
          4 0.66666666666666663 2.5
          4.1666666666666661 0.66666666666666663 2.5
          4.333333333333333 0.66666666666666663 2.5
          4.5 0.66666666666666663 2.5
          4.6666666666666661 0.66666666666666663 2.5
          4.833333333333333 0.66666666666666663 2.5
          5 0.66666666666666663 2.5
          5.1666666666666661 0.66666666666666663 2.5
          5.333333333333333 0.66666666666666663 2.5
          5.5 0.66666666666666663 2.5
          5.6666666666666661 0.66666666666666663 2.5
          5.833333333333333 0.66666666666666663 2.5
          6 0.66666666666666663 2.5
          6.1666666666666661 0.66666666666666663 2.5
          6.333333333333333 0.66666666666666663 2.5
          6.5 0.66666666666666663 2.5
          6.6666666666666661 0.66666666666666663 2.5
          6.833333333333333 0.66666666666666663 2.5
          7 0.66666666666666663 2.5
          0 0.83333333333333326 2.5
          0.16666666666666666 0.83333333333333326 2.5
          0.33333333333333331 0.83333333333333326 2.5
          0.5 0.83333333333333326 2.5
          0.66666666666666663 0.83333333333333326 2.5
          0.83333333333333326 0.83333333333333326 2.5
          1 0.83333333333333326 2.5
          1.1666666666666665 0.83333333333333326 2.5
          1.3333333333333333 0.83333333333333326 2.5
          1.5 0.83333333333333326 2.5
          1.6666666666666665 0.83333333333333326 2.5
          1.8333333333333333 0.83333333333333326 2.5
          2 0.83333333333333326 2.5
          2.1666666666666665 0.83333333333333326 2.5
          2.333333333333333 0.83333333333333326 2.5
          2.5 0.83333333333333326 2.5
          2.6666666666666665 0.83333333333333326 2.5
          2.833333333333333 0.83333333333333326 2.5
          3 0.83333333333333326 2.5
          3.1666666666666665 0.83333333333333326 2.5
          3.333333333333333 0.83333333333333326 2.5
          3.5 0.83333333333333326 2.5
          3.6666666666666665 0.83333333333333326 2.5
          3.833333333333333 0.83333333333333326 2.5
          4 0.83333333333333326 2.5
          4.1666666666666661 0.83333333333333326 2.5
          4.333333333333333 0.83333333333333326 2.5
          4.5 0.83333333333333326 2.5
          4.6666666666666661 0.83333333333333326 2.5
          4.833333333333333 0.83333333333333326 2.5
          5 0.83333333333333326 2.5
          5.1666666666666661 0.83333333333333326 2.5
          5.333333333333333 0.83333333333333326 2.5
          5.5 0.83333333333333326 2.5
          5.6666666666666661 0.83333333333333326 2.5
          5.833333333333333 0.83333333333333326 2.5
          6 0.83333333333333326 2.5
          6.1666666666666661 0.83333333333333326 2.5
          6.333333333333333 0.83333333333333326 2.5
          6.5 0.83333333333333326 2.5
          6.6666666666666661 0.83333333333333326 2.5
          6.833333333333333 0.83333333333333326 2.5
          7 0.83333333333333326 2.5
          0 1 2.5
          0.16666666666666666 1 2.5
          0.33333333333333331 1 2.5
          0.5 1 2.5
          0.66666666666666663 1 2.5
          0.83333333333333326 1 2.5
          1 1 2.5
          1.1666666666666665 1 2.5
          1.3333333333333333 1 2.5
          1.5 1 2.5
          1.6666666666666665 1 2.5
          1.8333333333333333 1 2.5
          2 1 2.5
          2.1666666666666665 1 2.5
          2.333333333333333 1 2.5
          2.5 1 2.5
          2.6666666666666665 1 2.5
          2.833333333333333 1 2.5
          3 1 2.5
          3.1666666666666665 1 2.5
          3.333333333333333 1 2.5
          3.5 1 2.5
          3.6666666666666665 1 2.5
          3.833333333333333 1 2.5
          4 1 2.5
          4.1666666666666661 1 2.5
          4.333333333333333 1 2.5
          4.5 1 2.5
          4.6666666666666661 1 2.5
          4.833333333333333 1 2.5
          5 1 2.5
          5.1666666666666661 1 2.5
          5.333333333333333 1 2.5
          5.5 1 2.5
          5.6666666666666661 1 2.5
          5.833333333333333 1 2.5
          6 1 2.5
          6.1666666666666661 1 2.5
          6.333333333333333 1 2.5
          6.5 1 2.5
          6.6666666666666661 1 2.5
          6.833333333333333 1 2.5
          7 1 2.5
          0 1.1666666666666665 2.5
          0.16666666666666666 1.1666666666666665 2.5
          0.33333333333333331 1.1666666666666665 2.5
          0.5 1.1666666666666665 2.5
          0.66666666666666663 1.1666666666666665 2.5
          0.83333333333333326 1.1666666666666665 2.5
          1 1.1666666666666665 2.5
          1.1666666666666665 1.1666666666666665 2.5
          1.3333333333333333 1.1666666666666665 2.5
          1.5 1.1666666666666665 2.5
          1.6666666666666665 1.1666666666666665 2.5
          1.8333333333333333 1.1666666666666665 2.5
          2 1.1666666666666665 2.5
          2.1666666666666665 1.1666666666666665 2.5
          2.333333333333333 1.1666666666666665 2.5
          2.5 1.1666666666666665 2.5
          2.6666666666666665 1.1666666666666665 2.5
          2.833333333333333 1.1666666666666665 2.5
          3 1.1666666666666665 2.5
          3.1666666666666665 1.1666666666666665 2.5
          3.333333333333333 1.1666666666666665 2.5
          3.5 1.1666666666666665 2.5
          3.6666666666666665 1.1666666666666665 2.5
          3.833333333333333 1.1666666666666665 2.5
          4 1.1666666666666665 2.5
          4.1666666666666661 1.1666666666666665 2.5
          4.333333333333333 1.1666666666666665 2.5
          4.5 1.1666666666666665 2.5
          4.6666666666666661 1.1666666666666665 2.5
          4.833333333333333 1.1666666666666665 2.5
          5 1.1666666666666665 2.5
          5.1666666666666661 1.1666666666666665 2.5
          5.333333333333333 1.1666666666666665 2.5
          5.5 1.1666666666666665 2.5
          5.6666666666666661 1.1666666666666665 2.5
          5.833333333333333 1.1666666666666665 2.5
          6 1.1666666666666665 2.5
          6.1666666666666661 1.1666666666666665 2.5
          6.333333333333333 1.1666666666666665 2.5
          6.5 1.1666666666666665 2.5
          6.6666666666666661 1.1666666666666665 2.5
          6.833333333333333 1.1666666666666665 2.5
          7 1.1666666666666665 2.5
          0 1.3333333333333333 2.5
          0.16666666666666666 1.3333333333333333 2.5
          0.33333333333333331 1.3333333333333333 2.5
          0.5 1.3333333333333333 2.5
          0.66666666666666663 1.3333333333333333 2.5
          0.83333333333333326 1.3333333333333333 2.5
          1 1.3333333333333333 2.5
          1.1666666666666665 1.3333333333333333 2.5
          1.3333333333333333 1.3333333333333333 2.5
          1.5 1.3333333333333333 2.5
          1.6666666666666665 1.3333333333333333 2.5
          1.8333333333333333 1.3333333333333333 2.5
          2 1.3333333333333333 2.5
          2.1666666666666665 1.3333333333333333 2.5
          2.333333333333333 1.3333333333333333 2.5
          2.5 1.3333333333333333 2.5
          2.6666666666666665 1.3333333333333333 2.5
          2.833333333333333 1.3333333333333333 2.5
          3 1.3333333333333333 2.5
          3.1666666666666665 1.3333333333333333 2.5
          3.333333333333333 1.3333333333333333 2.5
          3.5 1.3333333333333333 2.5
          3.6666666666666665 1.3333333333333333 2.5
          3.833333333333333 1.3333333333333333 2.5
          4 1.3333333333333333 2.5
          4.1666666666666661 1.3333333333333333 2.5
          4.333333333333333 1.3333333333333333 2.5
          4.5 1.3333333333333333 2.5
          4.6666666666666661 1.3333333333333333 2.5
          4.833333333333333 1.3333333333333333 2.5
          5 1.3333333333333333 2.5
          5.1666666666666661 1.3333333333333333 2.5
          5.333333333333333 1.3333333333333333 2.5
          5.5 1.3333333333333333 2.5
          5.6666666666666661 1.3333333333333333 2.5
          5.833333333333333 1.3333333333333333 2.5
          6 1.3333333333333333 2.5
          6.1666666666666661 1.3333333333333333 2.5
          6.333333333333333 1.3333333333333333 2.5
          6.5 1.3333333333333333 2.5
          6.6666666666666661 1.3333333333333333 2.5
          6.833333333333333 1.3333333333333333 2.5
          7 1.3333333333333333 2.5
          0 1.5 2.5
          0.16666666666666666 1.5 2.5
          0.33333333333333331 1.5 2.5
          0.5 1.5 2.5
          0.66666666666666663 1.5 2.5
          0.83333333333333326 1.5 2.5
          1 1.5 2.5
          1.1666666666666665 1.5 2.5
          1.3333333333333333 1.5 2.5
          1.5 1.5 2.5
          1.6666666666666665 1.5 2.5
          1.8333333333333333 1.5 2.5
          2 1.5 2.5
          2.1666666666666665 1.5 2.5
          2.333333333333333 1.5 2.5
          2.5 1.5 2.5
          2.6666666666666665 1.5 2.5
          2.833333333333333 1.5 2.5
          3 1.5 2.5
          3.1666666666666665 1.5 2.5
          3.333333333333333 1.5 2.5
          3.5 1.5 2.5
          3.6666666666666665 1.5 2.5
          3.833333333333333 1.5 2.5
          4 1.5 2.5
          4.1666666666666661 1.5 2.5
          4.333333333333333 1.5 2.5
          4.5 1.5 2.5
          4.6666666666666661 1.5 2.5
          4.833333333333333 1.5 2.5
          5 1.5 2.5
          5.1666666666666661 1.5 2.5
          5.333333333333333 1.5 2.5
          5.5 1.5 2.5
          5.6666666666666661 1.5 2.5
          5.833333333333333 1.5 2.5
          6 1.5 2.5
          6.1666666666666661 1.5 2.5
          6.333333333333333 1.5 2.5
          6.5 1.5 2.5
          6.6666666666666661 1.5 2.5
          6.833333333333333 1.5 2.5
          7 1.5 2.5
          0 1.6666666666666665 2.5
          0.16666666666666666 1.6666666666666665 2.5
          0.33333333333333331 1.6666666666666665 2.5
          0.5 1.6666666666666665 2.5
          0.66666666666666663 1.6666666666666665 2.5
          0.83333333333333326 1.6666666666666665 2.5
          1 1.6666666666666665 2.5
          1.1666666666666665 1.6666666666666665 2.5
          1.3333333333333333 1.6666666666666665 2.5
          1.5 1.6666666666666665 2.5
          1.6666666666666665 1.6666666666666665 2.5
          1.8333333333333333 1.6666666666666665 2.5
          2 1.6666666666666665 2.5
          2.1666666666666665 1.6666666666666665 2.5
          2.333333333333333 1.6666666666666665 2.5
          2.5 1.6666666666666665 2.5
          2.6666666666666665 1.6666666666666665 2.5
          2.833333333333333 1.6666666666666665 2.5
          3 1.6666666666666665 2.5
          3.1666666666666665 1.6666666666666665 2.5
          3.333333333333333 1.6666666666666665 2.5
          3.5 1.6666666666666665 2.5
          3.6666666666666665 1.6666666666666665 2.5
          3.833333333333333 1.6666666666666665 2.5
          4 1.6666666666666665 2.5
          4.1666666666666661 1.6666666666666665 2.5
          4.333333333333333 1.6666666666666665 2.5
          4.5 1.6666666666666665 2.5
          4.6666666666666661 1.6666666666666665 2.5
          4.833333333333333 1.6666666666666665 2.5
          5 1.6666666666666665 2.5
          5.1666666666666661 1.6666666666666665 2.5
          5.333333333333333 1.6666666666666665 2.5
          5.5 1.6666666666666665 2.5
          5.6666666666666661 1.6666666666666665 2.5
          5.833333333333333 1.6666666666666665 2.5
          6 1.6666666666666665 2.5
          6.1666666666666661 1.6666666666666665 2.5
          6.333333333333333 1.6666666666666665 2.5
          6.5 1.6666666666666665 2.5
          6.6666666666666661 1.6666666666666665 2.5
          6.833333333333333 1.6666666666666665 2.5
          7 1.6666666666666665 2.5
          0 1.8333333333333333 2.5
          0.16666666666666666 1.8333333333333333 2.5
          0.33333333333333331 1.8333333333333333 2.5
          0.5 1.8333333333333333 2.5
          0.66666666666666663 1.8333333333333333 2.5
          0.83333333333333326 1.8333333333333333 2.5
          1 1.8333333333333333 2.5
          1.1666666666666665 1.8333333333333333 2.5
          1.3333333333333333 1.8333333333333333 2.5
          1.5 1.8333333333333333 2.5
          1.6666666666666665 1.8333333333333333 2.5
          1.8333333333333333 1.8333333333333333 2.5
          2 1.8333333333333333 2.5
          2.1666666666666665 1.8333333333333333 2.5
          2.333333333333333 1.8333333333333333 2.5
          2.5 1.8333333333333333 2.5
          2.6666666666666665 1.8333333333333333 2.5
          2.833333333333333 1.8333333333333333 2.5
          3 1.8333333333333333 2.5
          3.1666666666666665 1.8333333333333333 2.5
          3.333333333333333 1.8333333333333333 2.5
          3.5 1.8333333333333333 2.5
          3.6666666666666665 1.8333333333333333 2.5
          3.833333333333333 1.8333333333333333 2.5
          4 1.8333333333333333 2.5
          4.1666666666666661 1.8333333333333333 2.5
          4.333333333333333 1.8333333333333333 2.5
          4.5 1.8333333333333333 2.5
          4.6666666666666661 1.8333333333333333 2.5
          4.833333333333333 1.8333333333333333 2.5
          5 1.8333333333333333 2.5
          5.1666666666666661 1.8333333333333333 2.5
          5.333333333333333 1.8333333333333333 2.5
          5.5 1.8333333333333333 2.5
          5.6666666666666661 1.8333333333333333 2.5
          5.833333333333333 1.8333333333333333 2.5
          6 1.8333333333333333 2.5
          6.1666666666666661 1.8333333333333333 2.5
          6.333333333333333 1.8333333333333333 2.5
          6.5 1.8333333333333333 2.5
          6.6666666666666661 1.8333333333333333 2.5
          6.833333333333333 1.8333333333333333 2.5
          7 1.8333333333333333 2.5
          0 2 2.5
          0.16666666666666666 2 2.5
          0.33333333333333331 2 2.5
          0.5 2 2.5
          0.66666666666666663 2 2.5
          0.83333333333333326 2 2.5
          1 2 2.5
          1.1666666666666665 2 2.5
          1.3333333333333333 2 2.5
          1.5 2 2.5
          1.6666666666666665 2 2.5
          1.8333333333333333 2 2.5
          2 2 2.5
          2.1666666666666665 2 2.5
          2.333333333333333 2 2.5
          2.5 2 2.5
          2.6666666666666665 2 2.5
          2.833333333333333 2 2.5
          3 2 2.5
          3.1666666666666665 2 2.5
          3.333333333333333 2 2.5
          3.5 2 2.5
          3.6666666666666665 2 2.5
          3.833333333333333 2 2.5
          4 2 2.5
          4.1666666666666661 2 2.5
          4.333333333333333 2 2.5
          4.5 2 2.5
          4.6666666666666661 2 2.5
          4.833333333333333 2 2.5
          5 2 2.5
          5.1666666666666661 2 2.5
          5.333333333333333 2 2.5
          5.5 2 2.5
          5.6666666666666661 2 2.5
          5.833333333333333 2 2.5
          6 2 2.5
          6.1666666666666661 2 2.5
          6.333333333333333 2 2.5
          6.5 2 2.5
          6.6666666666666661 2 2.5
          6.833333333333333 2 2.5
          7 2 2.5
          0 2.1666666666666665 2.5
          0.16666666666666666 2.1666666666666665 2.5
          0.33333333333333331 2.1666666666666665 2.5
          0.5 2.1666666666666665 2.5
          0.66666666666666663 2.1666666666666665 2.5
          0.83333333333333326 2.1666666666666665 2.5
          1 2.1666666666666665 2.5
          1.1666666666666665 2.1666666666666665 2.5
          1.3333333333333333 2.1666666666666665 2.5
          1.5 2.1666666666666665 2.5
          1.6666666666666665 2.1666666666666665 2.5
          1.8333333333333333 2.1666666666666665 2.5
          2 2.1666666666666665 2.5
          2.1666666666666665 2.1666666666666665 2.5
          2.333333333333333 2.1666666666666665 2.5
          2.5 2.1666666666666665 2.5
          2.6666666666666665 2.1666666666666665 2.5
          2.833333333333333 2.1666666666666665 2.5
          3 2.1666666666666665 2.5
          3.1666666666666665 2.1666666666666665 2.5
          3.333333333333333 2.1666666666666665 2.5
          3.5 2.1666666666666665 2.5
          3.6666666666666665 2.1666666666666665 2.5
          3.833333333333333 2.1666666666666665 2.5
          4 2.1666666666666665 2.5
          4.1666666666666661 2.1666666666666665 2.5
          4.333333333333333 2.1666666666666665 2.5
          4.5 2.1666666666666665 2.5
          4.6666666666666661 2.1666666666666665 2.5
          4.833333333333333 2.1666666666666665 2.5
          5 2.1666666666666665 2.5
          5.1666666666666661 2.1666666666666665 2.5
          5.333333333333333 2.1666666666666665 2.5
          5.5 2.1666666666666665 2.5
          5.6666666666666661 2.1666666666666665 2.5
          5.833333333333333 2.1666666666666665 2.5
          6 2.1666666666666665 2.5
          6.1666666666666661 2.1666666666666665 2.5
          6.333333333333333 2.1666666666666665 2.5
          6.5 2.1666666666666665 2.5
          6.6666666666666661 2.1666666666666665 2.5
          6.833333333333333 2.1666666666666665 2.5
          7 2.1666666666666665 2.5
          0 2.333333333333333 2.5
          0.16666666666666666 2.333333333333333 2.5
          0.33333333333333331 2.333333333333333 2.5
          0.5 2.333333333333333 2.5
          0.66666666666666663 2.333333333333333 2.5
          0.83333333333333326 2.333333333333333 2.5
          1 2.333333333333333 2.5
          1.1666666666666665 2.333333333333333 2.5
          1.3333333333333333 2.333333333333333 2.5
          1.5 2.333333333333333 2.5
          1.6666666666666665 2.333333333333333 2.5
          1.8333333333333333 2.333333333333333 2.5
          2 2.333333333333333 2.5
          2.1666666666666665 2.333333333333333 2.5
          2.333333333333333 2.333333333333333 2.5
          2.5 2.333333333333333 2.5
          2.6666666666666665 2.333333333333333 2.5
          2.833333333333333 2.333333333333333 2.5
          3 2.333333333333333 2.5
          3.1666666666666665 2.333333333333333 2.5
          3.333333333333333 2.333333333333333 2.5
          3.5 2.333333333333333 2.5
          3.6666666666666665 2.333333333333333 2.5
          3.833333333333333 2.333333333333333 2.5
          4 2.333333333333333 2.5
          4.1666666666666661 2.333333333333333 2.5
          4.333333333333333 2.333333333333333 2.5
          4.5 2.333333333333333 2.5
          4.6666666666666661 2.333333333333333 2.5
          4.833333333333333 2.333333333333333 2.5
          5 2.333333333333333 2.5
          5.1666666666666661 2.333333333333333 2.5
          5.333333333333333 2.333333333333333 2.5
          5.5 2.333333333333333 2.5
          5.6666666666666661 2.333333333333333 2.5
          5.833333333333333 2.333333333333333 2.5
          6 2.333333333333333 2.5
          6.1666666666666661 2.333333333333333 2.5
          6.333333333333333 2.333333333333333 2.5
          6.5 2.333333333333333 2.5
          6.6666666666666661 2.333333333333333 2.5
          6.833333333333333 2.333333333333333 2.5
          7 2.333333333333333 2.5
          0 2.5 2.5
          0.16666666666666666 2.5 2.5
          0.33333333333333331 2.5 2.5
          0.5 2.5 2.5
          0.66666666666666663 2.5 2.5
          0.83333333333333326 2.5 2.5
          1 2.5 2.5
          1.1666666666666665 2.5 2.5
          1.3333333333333333 2.5 2.5
          1.5 2.5 2.5
          1.6666666666666665 2.5 2.5
          1.8333333333333333 2.5 2.5
          2 2.5 2.5
          2.1666666666666665 2.5 2.5
          2.333333333333333 2.5 2.5
          2.5 2.5 2.5
          2.6666666666666665 2.5 2.5
          2.833333333333333 2.5 2.5
          3 2.5 2.5
          3.1666666666666665 2.5 2.5
          3.333333333333333 2.5 2.5
          3.5 2.5 2.5
          3.6666666666666665 2.5 2.5
          3.833333333333333 2.5 2.5
          4 2.5 2.5
          4.1666666666666661 2.5 2.5
          4.333333333333333 2.5 2.5
          4.5 2.5 2.5
          4.6666666666666661 2.5 2.5
          4.833333333333333 2.5 2.5
          5 2.5 2.5
          5.1666666666666661 2.5 2.5
          5.333333333333333 2.5 2.5
          5.5 2.5 2.5
          5.6666666666666661 2.5 2.5
          5.833333333333333 2.5 2.5
          6 2.5 2.5
          6.1666666666666661 2.5 2.5
          6.333333333333333 2.5 2.5
          6.5 2.5 2.5
          6.6666666666666661 2.5 2.5
          6.833333333333333 2.5 2.5
          7 2.5 2.5
          0 2.6666666666666665 2.5
          0.16666666666666666 2.6666666666666665 2.5
          0.33333333333333331 2.6666666666666665 2.5
          0.5 2.6666666666666665 2.5
          0.66666666666666663 2.6666666666666665 2.5
          0.83333333333333326 2.6666666666666665 2.5
          1 2.6666666666666665 2.5
          1.1666666666666665 2.6666666666666665 2.5
          1.3333333333333333 2.6666666666666665 2.5
          1.5 2.6666666666666665 2.5
          1.6666666666666665 2.6666666666666665 2.5
          1.8333333333333333 2.6666666666666665 2.5
          2 2.6666666666666665 2.5
          2.1666666666666665 2.6666666666666665 2.5
          2.333333333333333 2.6666666666666665 2.5
          2.5 2.6666666666666665 2.5
          2.6666666666666665 2.6666666666666665 2.5
          2.833333333333333 2.6666666666666665 2.5
          3 2.6666666666666665 2.5
          3.1666666666666665 2.6666666666666665 2.5
          3.333333333333333 2.6666666666666665 2.5
          3.5 2.6666666666666665 2.5
          3.6666666666666665 2.6666666666666665 2.5
          3.833333333333333 2.6666666666666665 2.5
          4 2.6666666666666665 2.5
          4.1666666666666661 2.6666666666666665 2.5
          4.333333333333333 2.6666666666666665 2.5
          4.5 2.6666666666666665 2.5
          4.6666666666666661 2.6666666666666665 2.5
          4.833333333333333 2.6666666666666665 2.5
          5 2.6666666666666665 2.5
          5.1666666666666661 2.6666666666666665 2.5
          5.333333333333333 2.6666666666666665 2.5
          5.5 2.6666666666666665 2.5
          5.6666666666666661 2.6666666666666665 2.5
          5.833333333333333 2.6666666666666665 2.5
          6 2.6666666666666665 2.5
          6.1666666666666661 2.6666666666666665 2.5
          6.333333333333333 2.6666666666666665 2.5
          6.5 2.6666666666666665 2.5
          6.6666666666666661 2.6666666666666665 2.5
          6.833333333333333 2.6666666666666665 2.5
          7 2.6666666666666665 2.5
          0 2.833333333333333 2.5
          0.16666666666666666 2.833333333333333 2.5
          0.33333333333333331 2.833333333333333 2.5
          0.5 2.833333333333333 2.5
          0.66666666666666663 2.833333333333333 2.5
          0.83333333333333326 2.833333333333333 2.5
          1 2.833333333333333 2.5
          1.1666666666666665 2.833333333333333 2.5
          1.3333333333333333 2.833333333333333 2.5
          1.5 2.833333333333333 2.5
          1.6666666666666665 2.833333333333333 2.5
          1.8333333333333333 2.833333333333333 2.5
          2 2.833333333333333 2.5
          2.1666666666666665 2.833333333333333 2.5
          2.333333333333333 2.833333333333333 2.5
          2.5 2.833333333333333 2.5
          2.6666666666666665 2.833333333333333 2.5
          2.833333333333333 2.833333333333333 2.5
          3 2.833333333333333 2.5
          3.1666666666666665 2.833333333333333 2.5
          3.333333333333333 2.833333333333333 2.5
          3.5 2.833333333333333 2.5
          3.6666666666666665 2.833333333333333 2.5
          3.833333333333333 2.833333333333333 2.5
          4 2.833333333333333 2.5
          4.1666666666666661 2.833333333333333 2.5
          4.333333333333333 2.833333333333333 2.5
          4.5 2.833333333333333 2.5
          4.6666666666666661 2.833333333333333 2.5
          4.833333333333333 2.833333333333333 2.5
          5 2.833333333333333 2.5
          5.1666666666666661 2.833333333333333 2.5
          5.333333333333333 2.833333333333333 2.5
          5.5 2.833333333333333 2.5
          5.6666666666666661 2.833333333333333 2.5
          5.833333333333333 2.833333333333333 2.5
          6 2.833333333333333 2.5
          6.1666666666666661 2.833333333333333 2.5
          6.333333333333333 2.833333333333333 2.5
          6.5 2.833333333333333 2.5
          6.6666666666666661 2.833333333333333 2.5
          6.833333333333333 2.833333333333333 2.5
          7 2.833333333333333 2.5
          0 3 2.5
          0.16666666666666666 3 2.5
          0.33333333333333331 3 2.5
          0.5 3 2.5
          0.66666666666666663 3 2.5
          0.83333333333333326 3 2.5
          1 3 2.5
          1.1666666666666665 3 2.5
          1.3333333333333333 3 2.5
          1.5 3 2.5
          1.6666666666666665 3 2.5
          1.8333333333333333 3 2.5
          2 3 2.5
          2.1666666666666665 3 2.5
          2.333333333333333 3 2.5
          2.5 3 2.5
          2.6666666666666665 3 2.5
          2.833333333333333 3 2.5
          3 3 2.5
          3.1666666666666665 3 2.5
          3.333333333333333 3 2.5
          3.5 3 2.5
          3.6666666666666665 3 2.5
          3.833333333333333 3 2.5
          4 3 2.5
          4.1666666666666661 3 2.5
          4.333333333333333 3 2.5
          4.5 3 2.5
          4.6666666666666661 3 2.5
          4.833333333333333 3 2.5
          5 3 2.5
          5.1666666666666661 3 2.5
          5.333333333333333 3 2.5
          5.5 3 2.5
          5.6666666666666661 3 2.5
          5.833333333333333 3 2.5
          6 3 2.5
          6.1666666666666661 3 2.5
          6.333333333333333 3 2.5
          6.5 3 2.5
          6.6666666666666661 3 2.5
          6.833333333333333 3 2.5
          7 3 2.5
          0 0 2.6666666666666665
          0.16666666666666666 0 2.6666666666666665
          0.33333333333333331 0 2.6666666666666665
          0.5 0 2.6666666666666665
          0.66666666666666663 0 2.6666666666666665
          0.83333333333333326 0 2.6666666666666665
          1 0 2.6666666666666665
          1.1666666666666665 0 2.6666666666666665
          1.3333333333333333 0 2.6666666666666665
          1.5 0 2.6666666666666665
          1.6666666666666665 0 2.6666666666666665
          1.8333333333333333 0 2.6666666666666665
          2 0 2.6666666666666665
          2.1666666666666665 0 2.6666666666666665
          2.333333333333333 0 2.6666666666666665
          2.5 0 2.6666666666666665
          2.6666666666666665 0 2.6666666666666665
          2.833333333333333 0 2.6666666666666665
          3 0 2.6666666666666665
          3.1666666666666665 0 2.6666666666666665
          3.333333333333333 0 2.6666666666666665
          3.5 0 2.6666666666666665
          3.6666666666666665 0 2.6666666666666665
          3.833333333333333 0 2.6666666666666665
          4 0 2.6666666666666665
          4.1666666666666661 0 2.6666666666666665
          4.333333333333333 0 2.6666666666666665
          4.5 0 2.6666666666666665
          4.6666666666666661 0 2.6666666666666665
          4.833333333333333 0 2.6666666666666665
          5 0 2.6666666666666665
          5.1666666666666661 0 2.6666666666666665
          5.333333333333333 0 2.6666666666666665
          5.5 0 2.6666666666666665
          5.6666666666666661 0 2.6666666666666665
          5.833333333333333 0 2.6666666666666665
          6 0 2.6666666666666665
          6.1666666666666661 0 2.6666666666666665
          6.333333333333333 0 2.6666666666666665
          6.5 0 2.6666666666666665
          6.6666666666666661 0 2.6666666666666665
          6.833333333333333 0 2.6666666666666665
          7 0 2.6666666666666665
          0 0.16666666666666666 2.6666666666666665
          0.16666666666666666 0.16666666666666666 2.6666666666666665
          0.33333333333333331 0.16666666666666666 2.6666666666666665
          0.5 0.16666666666666666 2.6666666666666665
          0.66666666666666663 0.16666666666666666 2.6666666666666665
          0.83333333333333326 0.16666666666666666 2.6666666666666665
          1 0.16666666666666666 2.6666666666666665
          1.1666666666666665 0.16666666666666666 2.6666666666666665
          1.3333333333333333 0.16666666666666666 2.6666666666666665
          1.5 0.16666666666666666 2.6666666666666665
          1.6666666666666665 0.16666666666666666 2.6666666666666665
          1.8333333333333333 0.16666666666666666 2.6666666666666665
          2 0.16666666666666666 2.6666666666666665
          2.1666666666666665 0.16666666666666666 2.6666666666666665
          2.333333333333333 0.16666666666666666 2.6666666666666665
          2.5 0.16666666666666666 2.6666666666666665
          2.6666666666666665 0.16666666666666666 2.6666666666666665
          2.833333333333333 0.16666666666666666 2.6666666666666665
          3 0.16666666666666666 2.6666666666666665
          3.1666666666666665 0.16666666666666666 2.6666666666666665
          3.333333333333333 0.16666666666666666 2.6666666666666665
          3.5 0.16666666666666666 2.6666666666666665
          3.6666666666666665 0.16666666666666666 2.6666666666666665
          3.833333333333333 0.16666666666666666 2.6666666666666665
          4 0.16666666666666666 2.6666666666666665
          4.1666666666666661 0.16666666666666666 2.6666666666666665
          4.333333333333333 0.16666666666666666 2.6666666666666665
          4.5 0.16666666666666666 2.6666666666666665
          4.6666666666666661 0.16666666666666666 2.6666666666666665
          4.833333333333333 0.16666666666666666 2.6666666666666665
          5 0.16666666666666666 2.6666666666666665
          5.1666666666666661 0.16666666666666666 2.6666666666666665
          5.333333333333333 0.16666666666666666 2.6666666666666665
          5.5 0.16666666666666666 2.6666666666666665
          5.6666666666666661 0.16666666666666666 2.6666666666666665
          5.833333333333333 0.16666666666666666 2.6666666666666665
          6 0.16666666666666666 2.6666666666666665
          6.1666666666666661 0.16666666666666666 2.6666666666666665
          6.333333333333333 0.16666666666666666 2.6666666666666665
          6.5 0.16666666666666666 2.6666666666666665
          6.6666666666666661 0.16666666666666666 2.6666666666666665
          6.833333333333333 0.16666666666666666 2.6666666666666665
          7 0.16666666666666666 2.6666666666666665
          0 0.33333333333333331 2.6666666666666665
          0.16666666666666666 0.33333333333333331 2.6666666666666665
          0.33333333333333331 0.33333333333333331 2.6666666666666665
          0.5 0.33333333333333331 2.6666666666666665
          0.66666666666666663 0.33333333333333331 2.6666666666666665
          0.83333333333333326 0.33333333333333331 2.6666666666666665
          1 0.33333333333333331 2.6666666666666665
          1.1666666666666665 0.33333333333333331 2.6666666666666665
          1.3333333333333333 0.33333333333333331 2.6666666666666665
          1.5 0.33333333333333331 2.6666666666666665
          1.6666666666666665 0.33333333333333331 2.6666666666666665
          1.8333333333333333 0.33333333333333331 2.6666666666666665
          2 0.33333333333333331 2.6666666666666665
          2.1666666666666665 0.33333333333333331 2.6666666666666665
          2.333333333333333 0.33333333333333331 2.6666666666666665
          2.5 0.33333333333333331 2.6666666666666665
          2.6666666666666665 0.33333333333333331 2.6666666666666665
          2.833333333333333 0.33333333333333331 2.6666666666666665
          3 0.33333333333333331 2.6666666666666665
          3.1666666666666665 0.33333333333333331 2.6666666666666665
          3.333333333333333 0.33333333333333331 2.6666666666666665
          3.5 0.33333333333333331 2.6666666666666665
          3.6666666666666665 0.33333333333333331 2.6666666666666665
          3.833333333333333 0.33333333333333331 2.6666666666666665
          4 0.33333333333333331 2.6666666666666665
          4.1666666666666661 0.33333333333333331 2.6666666666666665
          4.333333333333333 0.33333333333333331 2.6666666666666665
          4.5 0.33333333333333331 2.6666666666666665
          4.6666666666666661 0.33333333333333331 2.6666666666666665
          4.833333333333333 0.33333333333333331 2.6666666666666665
          5 0.33333333333333331 2.6666666666666665
          5.1666666666666661 0.33333333333333331 2.6666666666666665
          5.333333333333333 0.33333333333333331 2.6666666666666665
          5.5 0.33333333333333331 2.6666666666666665
          5.6666666666666661 0.33333333333333331 2.6666666666666665
          5.833333333333333 0.33333333333333331 2.6666666666666665
          6 0.33333333333333331 2.6666666666666665
          6.1666666666666661 0.33333333333333331 2.6666666666666665
          6.333333333333333 0.33333333333333331 2.6666666666666665
          6.5 0.33333333333333331 2.6666666666666665
          6.6666666666666661 0.33333333333333331 2.6666666666666665
          6.833333333333333 0.33333333333333331 2.6666666666666665
          7 0.33333333333333331 2.6666666666666665
          0 0.5 2.6666666666666665
          0.16666666666666666 0.5 2.6666666666666665
          0.33333333333333331 0.5 2.6666666666666665
          0.5 0.5 2.6666666666666665
          0.66666666666666663 0.5 2.6666666666666665
          0.83333333333333326 0.5 2.6666666666666665
          1 0.5 2.6666666666666665
          1.1666666666666665 0.5 2.6666666666666665
          1.3333333333333333 0.5 2.6666666666666665
          1.5 0.5 2.6666666666666665
          1.6666666666666665 0.5 2.6666666666666665
          1.8333333333333333 0.5 2.6666666666666665
          2 0.5 2.6666666666666665
          2.1666666666666665 0.5 2.6666666666666665
          2.333333333333333 0.5 2.6666666666666665
          2.5 0.5 2.6666666666666665
          2.6666666666666665 0.5 2.6666666666666665
          2.833333333333333 0.5 2.6666666666666665
          3 0.5 2.6666666666666665
          3.1666666666666665 0.5 2.6666666666666665
          3.333333333333333 0.5 2.6666666666666665
          3.5 0.5 2.6666666666666665
          3.6666666666666665 0.5 2.6666666666666665
          3.833333333333333 0.5 2.6666666666666665
          4 0.5 2.6666666666666665
          4.1666666666666661 0.5 2.6666666666666665
          4.333333333333333 0.5 2.6666666666666665
          4.5 0.5 2.6666666666666665
          4.6666666666666661 0.5 2.6666666666666665
          4.833333333333333 0.5 2.6666666666666665
          5 0.5 2.6666666666666665
          5.1666666666666661 0.5 2.6666666666666665
          5.333333333333333 0.5 2.6666666666666665
          5.5 0.5 2.6666666666666665
          5.6666666666666661 0.5 2.6666666666666665
          5.833333333333333 0.5 2.6666666666666665
          6 0.5 2.6666666666666665
          6.1666666666666661 0.5 2.6666666666666665
          6.333333333333333 0.5 2.6666666666666665
          6.5 0.5 2.6666666666666665
          6.6666666666666661 0.5 2.6666666666666665
          6.833333333333333 0.5 2.6666666666666665
          7 0.5 2.6666666666666665
          0 0.66666666666666663 2.6666666666666665
          0.16666666666666666 0.66666666666666663 2.6666666666666665
          0.33333333333333331 0.66666666666666663 2.6666666666666665
          0.5 0.66666666666666663 2.6666666666666665
          0.66666666666666663 0.66666666666666663 2.6666666666666665
          0.83333333333333326 0.66666666666666663 2.6666666666666665
          1 0.66666666666666663 2.6666666666666665
          1.1666666666666665 0.66666666666666663 2.6666666666666665
          1.3333333333333333 0.66666666666666663 2.6666666666666665
          1.5 0.66666666666666663 2.6666666666666665
          1.6666666666666665 0.66666666666666663 2.6666666666666665
          1.8333333333333333 0.66666666666666663 2.6666666666666665
          2 0.66666666666666663 2.6666666666666665
          2.1666666666666665 0.66666666666666663 2.6666666666666665
          2.333333333333333 0.66666666666666663 2.6666666666666665
          2.5 0.66666666666666663 2.6666666666666665
          2.6666666666666665 0.66666666666666663 2.6666666666666665
          2.833333333333333 0.66666666666666663 2.6666666666666665
          3 0.66666666666666663 2.6666666666666665
          3.1666666666666665 0.66666666666666663 2.6666666666666665
          3.333333333333333 0.66666666666666663 2.6666666666666665
          3.5 0.66666666666666663 2.6666666666666665
          3.6666666666666665 0.66666666666666663 2.6666666666666665
          3.833333333333333 0.66666666666666663 2.6666666666666665
          4 0.66666666666666663 2.6666666666666665
          4.1666666666666661 0.66666666666666663 2.6666666666666665
          4.333333333333333 0.66666666666666663 2.6666666666666665
          4.5 0.66666666666666663 2.6666666666666665
          4.6666666666666661 0.66666666666666663 2.6666666666666665
          4.833333333333333 0.66666666666666663 2.6666666666666665
          5 0.66666666666666663 2.6666666666666665
          5.1666666666666661 0.66666666666666663 2.6666666666666665
          5.333333333333333 0.66666666666666663 2.6666666666666665
          5.5 0.66666666666666663 2.6666666666666665
          5.6666666666666661 0.66666666666666663 2.6666666666666665
          5.833333333333333 0.66666666666666663 2.6666666666666665
          6 0.66666666666666663 2.6666666666666665
          6.1666666666666661 0.66666666666666663 2.6666666666666665
          6.333333333333333 0.66666666666666663 2.6666666666666665
          6.5 0.66666666666666663 2.6666666666666665
          6.6666666666666661 0.66666666666666663 2.6666666666666665
          6.833333333333333 0.66666666666666663 2.6666666666666665
          7 0.66666666666666663 2.6666666666666665
          0 0.83333333333333326 2.6666666666666665
          0.16666666666666666 0.83333333333333326 2.6666666666666665
          0.33333333333333331 0.83333333333333326 2.6666666666666665
          0.5 0.83333333333333326 2.6666666666666665
          0.66666666666666663 0.83333333333333326 2.6666666666666665
          0.83333333333333326 0.83333333333333326 2.6666666666666665
          1 0.83333333333333326 2.6666666666666665
          1.1666666666666665 0.83333333333333326 2.6666666666666665
          1.3333333333333333 0.83333333333333326 2.6666666666666665
          1.5 0.83333333333333326 2.6666666666666665
          1.6666666666666665 0.83333333333333326 2.6666666666666665
          1.8333333333333333 0.83333333333333326 2.6666666666666665
          2 0.83333333333333326 2.6666666666666665
          2.1666666666666665 0.83333333333333326 2.6666666666666665
          2.333333333333333 0.83333333333333326 2.6666666666666665
          2.5 0.83333333333333326 2.6666666666666665
          2.6666666666666665 0.83333333333333326 2.6666666666666665
          2.833333333333333 0.83333333333333326 2.6666666666666665
          3 0.83333333333333326 2.6666666666666665
          3.1666666666666665 0.83333333333333326 2.6666666666666665
          3.333333333333333 0.83333333333333326 2.6666666666666665
          3.5 0.83333333333333326 2.6666666666666665
          3.6666666666666665 0.83333333333333326 2.6666666666666665
          3.833333333333333 0.83333333333333326 2.6666666666666665
          4 0.83333333333333326 2.6666666666666665
          4.1666666666666661 0.83333333333333326 2.6666666666666665
          4.333333333333333 0.83333333333333326 2.6666666666666665
          4.5 0.83333333333333326 2.6666666666666665
          4.6666666666666661 0.83333333333333326 2.6666666666666665
          4.833333333333333 0.83333333333333326 2.6666666666666665
          5 0.83333333333333326 2.6666666666666665
          5.1666666666666661 0.83333333333333326 2.6666666666666665
          5.333333333333333 0.83333333333333326 2.6666666666666665
          5.5 0.83333333333333326 2.6666666666666665
          5.6666666666666661 0.83333333333333326 2.6666666666666665
          5.833333333333333 0.83333333333333326 2.6666666666666665
          6 0.83333333333333326 2.6666666666666665
          6.1666666666666661 0.83333333333333326 2.6666666666666665
          6.333333333333333 0.83333333333333326 2.6666666666666665
          6.5 0.83333333333333326 2.6666666666666665
          6.6666666666666661 0.83333333333333326 2.6666666666666665
          6.833333333333333 0.83333333333333326 2.6666666666666665
          7 0.83333333333333326 2.6666666666666665
          0 1 2.6666666666666665
          0.16666666666666666 1 2.6666666666666665
          0.33333333333333331 1 2.6666666666666665
          0.5 1 2.6666666666666665
          0.66666666666666663 1 2.6666666666666665
          0.83333333333333326 1 2.6666666666666665
          1 1 2.6666666666666665
          1.1666666666666665 1 2.6666666666666665
          1.3333333333333333 1 2.6666666666666665
          1.5 1 2.6666666666666665
          1.6666666666666665 1 2.6666666666666665
          1.8333333333333333 1 2.6666666666666665
          2 1 2.6666666666666665
          2.1666666666666665 1 2.6666666666666665
          2.333333333333333 1 2.6666666666666665
          2.5 1 2.6666666666666665
          2.6666666666666665 1 2.6666666666666665
          2.833333333333333 1 2.6666666666666665
          3 1 2.6666666666666665
          3.1666666666666665 1 2.6666666666666665
          3.333333333333333 1 2.6666666666666665
          3.5 1 2.6666666666666665
          3.6666666666666665 1 2.6666666666666665
          3.833333333333333 1 2.6666666666666665
          4 1 2.6666666666666665
          4.1666666666666661 1 2.6666666666666665
          4.333333333333333 1 2.6666666666666665
          4.5 1 2.6666666666666665
          4.6666666666666661 1 2.6666666666666665
          4.833333333333333 1 2.6666666666666665
          5 1 2.6666666666666665
          5.1666666666666661 1 2.6666666666666665
          5.333333333333333 1 2.6666666666666665
          5.5 1 2.6666666666666665
          5.6666666666666661 1 2.6666666666666665
          5.833333333333333 1 2.6666666666666665
          6 1 2.6666666666666665
          6.1666666666666661 1 2.6666666666666665
          6.333333333333333 1 2.6666666666666665
          6.5 1 2.6666666666666665
          6.6666666666666661 1 2.6666666666666665
          6.833333333333333 1 2.6666666666666665
          7 1 2.6666666666666665
          0 1.1666666666666665 2.6666666666666665
          0.16666666666666666 1.1666666666666665 2.6666666666666665
          0.33333333333333331 1.1666666666666665 2.6666666666666665
          0.5 1.1666666666666665 2.6666666666666665
          0.66666666666666663 1.1666666666666665 2.6666666666666665
          0.83333333333333326 1.1666666666666665 2.6666666666666665
          1 1.1666666666666665 2.6666666666666665
          1.1666666666666665 1.1666666666666665 2.6666666666666665
          1.3333333333333333 1.1666666666666665 2.6666666666666665
          1.5 1.1666666666666665 2.6666666666666665
          1.6666666666666665 1.1666666666666665 2.6666666666666665
          1.8333333333333333 1.1666666666666665 2.6666666666666665
          2 1.1666666666666665 2.6666666666666665
          2.1666666666666665 1.1666666666666665 2.6666666666666665
          2.333333333333333 1.1666666666666665 2.6666666666666665
          2.5 1.1666666666666665 2.6666666666666665
          2.6666666666666665 1.1666666666666665 2.6666666666666665
          2.833333333333333 1.1666666666666665 2.6666666666666665
          3 1.1666666666666665 2.6666666666666665
          3.1666666666666665 1.1666666666666665 2.6666666666666665
          3.333333333333333 1.1666666666666665 2.6666666666666665
          3.5 1.1666666666666665 2.6666666666666665
          3.6666666666666665 1.1666666666666665 2.6666666666666665
          3.833333333333333 1.1666666666666665 2.6666666666666665
          4 1.1666666666666665 2.6666666666666665
          4.1666666666666661 1.1666666666666665 2.6666666666666665
          4.333333333333333 1.1666666666666665 2.6666666666666665
          4.5 1.1666666666666665 2.6666666666666665
          4.6666666666666661 1.1666666666666665 2.6666666666666665
          4.833333333333333 1.1666666666666665 2.6666666666666665
          5 1.1666666666666665 2.6666666666666665
          5.1666666666666661 1.1666666666666665 2.6666666666666665
          5.333333333333333 1.1666666666666665 2.6666666666666665
          5.5 1.1666666666666665 2.6666666666666665
          5.6666666666666661 1.1666666666666665 2.6666666666666665
          5.833333333333333 1.1666666666666665 2.6666666666666665
          6 1.1666666666666665 2.6666666666666665
          6.1666666666666661 1.1666666666666665 2.6666666666666665
          6.333333333333333 1.1666666666666665 2.6666666666666665
          6.5 1.1666666666666665 2.6666666666666665
          6.6666666666666661 1.1666666666666665 2.6666666666666665
          6.833333333333333 1.1666666666666665 2.6666666666666665
          7 1.1666666666666665 2.6666666666666665
          0 1.3333333333333333 2.6666666666666665
          0.16666666666666666 1.3333333333333333 2.6666666666666665
          0.33333333333333331 1.3333333333333333 2.6666666666666665
          0.5 1.3333333333333333 2.6666666666666665
          0.66666666666666663 1.3333333333333333 2.6666666666666665
          0.83333333333333326 1.3333333333333333 2.6666666666666665
          1 1.3333333333333333 2.6666666666666665
          1.1666666666666665 1.3333333333333333 2.6666666666666665
          1.3333333333333333 1.3333333333333333 2.6666666666666665
          1.5 1.3333333333333333 2.6666666666666665
          1.6666666666666665 1.3333333333333333 2.6666666666666665
          1.8333333333333333 1.3333333333333333 2.6666666666666665
          2 1.3333333333333333 2.6666666666666665
          2.1666666666666665 1.3333333333333333 2.6666666666666665
          2.333333333333333 1.3333333333333333 2.6666666666666665
          2.5 1.3333333333333333 2.6666666666666665
          2.6666666666666665 1.3333333333333333 2.6666666666666665
          2.833333333333333 1.3333333333333333 2.6666666666666665
          3 1.3333333333333333 2.6666666666666665
          3.1666666666666665 1.3333333333333333 2.6666666666666665
          3.333333333333333 1.3333333333333333 2.6666666666666665
          3.5 1.3333333333333333 2.6666666666666665
          3.6666666666666665 1.3333333333333333 2.6666666666666665
          3.833333333333333 1.3333333333333333 2.6666666666666665
          4 1.3333333333333333 2.6666666666666665
          4.1666666666666661 1.3333333333333333 2.6666666666666665
          4.333333333333333 1.3333333333333333 2.6666666666666665
          4.5 1.3333333333333333 2.6666666666666665
          4.6666666666666661 1.3333333333333333 2.6666666666666665
          4.833333333333333 1.3333333333333333 2.6666666666666665
          5 1.3333333333333333 2.6666666666666665
          5.1666666666666661 1.3333333333333333 2.6666666666666665
          5.333333333333333 1.3333333333333333 2.6666666666666665
          5.5 1.3333333333333333 2.6666666666666665
          5.6666666666666661 1.3333333333333333 2.6666666666666665
          5.833333333333333 1.3333333333333333 2.6666666666666665
          6 1.3333333333333333 2.6666666666666665
          6.1666666666666661 1.3333333333333333 2.6666666666666665
          6.333333333333333 1.3333333333333333 2.6666666666666665
          6.5 1.3333333333333333 2.6666666666666665
          6.6666666666666661 1.3333333333333333 2.6666666666666665
          6.833333333333333 1.3333333333333333 2.6666666666666665
          7 1.3333333333333333 2.6666666666666665
          0 1.5 2.6666666666666665
          0.16666666666666666 1.5 2.6666666666666665
          0.33333333333333331 1.5 2.6666666666666665
          0.5 1.5 2.6666666666666665
          0.66666666666666663 1.5 2.6666666666666665
          0.83333333333333326 1.5 2.6666666666666665
          1 1.5 2.6666666666666665
          1.1666666666666665 1.5 2.6666666666666665
          1.3333333333333333 1.5 2.6666666666666665
          1.5 1.5 2.6666666666666665
          1.6666666666666665 1.5 2.6666666666666665
          1.8333333333333333 1.5 2.6666666666666665
          2 1.5 2.6666666666666665
          2.1666666666666665 1.5 2.6666666666666665
          2.333333333333333 1.5 2.6666666666666665
          2.5 1.5 2.6666666666666665
          2.6666666666666665 1.5 2.6666666666666665
          2.833333333333333 1.5 2.6666666666666665
          3 1.5 2.6666666666666665
          3.1666666666666665 1.5 2.6666666666666665
          3.333333333333333 1.5 2.6666666666666665
          3.5 1.5 2.6666666666666665
          3.6666666666666665 1.5 2.6666666666666665
          3.833333333333333 1.5 2.6666666666666665
          4 1.5 2.6666666666666665
          4.1666666666666661 1.5 2.6666666666666665
          4.333333333333333 1.5 2.6666666666666665
          4.5 1.5 2.6666666666666665
          4.6666666666666661 1.5 2.6666666666666665
          4.833333333333333 1.5 2.6666666666666665
          5 1.5 2.6666666666666665
          5.1666666666666661 1.5 2.6666666666666665
          5.333333333333333 1.5 2.6666666666666665
          5.5 1.5 2.6666666666666665
          5.6666666666666661 1.5 2.6666666666666665
          5.833333333333333 1.5 2.6666666666666665
          6 1.5 2.6666666666666665
          6.1666666666666661 1.5 2.6666666666666665
          6.333333333333333 1.5 2.6666666666666665
          6.5 1.5 2.6666666666666665
          6.6666666666666661 1.5 2.6666666666666665
          6.833333333333333 1.5 2.6666666666666665
          7 1.5 2.6666666666666665
          0 1.6666666666666665 2.6666666666666665
          0.16666666666666666 1.6666666666666665 2.6666666666666665
          0.33333333333333331 1.6666666666666665 2.6666666666666665
          0.5 1.6666666666666665 2.6666666666666665
          0.66666666666666663 1.6666666666666665 2.6666666666666665
          0.83333333333333326 1.6666666666666665 2.6666666666666665
          1 1.6666666666666665 2.6666666666666665
          1.1666666666666665 1.6666666666666665 2.6666666666666665
          1.3333333333333333 1.6666666666666665 2.6666666666666665
          1.5 1.6666666666666665 2.6666666666666665
          1.6666666666666665 1.6666666666666665 2.6666666666666665
          1.8333333333333333 1.6666666666666665 2.6666666666666665
          2 1.6666666666666665 2.6666666666666665
          2.1666666666666665 1.6666666666666665 2.6666666666666665
          2.333333333333333 1.6666666666666665 2.6666666666666665
          2.5 1.6666666666666665 2.6666666666666665
          2.6666666666666665 1.6666666666666665 2.6666666666666665
          2.833333333333333 1.6666666666666665 2.6666666666666665
          3 1.6666666666666665 2.6666666666666665
          3.1666666666666665 1.6666666666666665 2.6666666666666665
          3.333333333333333 1.6666666666666665 2.6666666666666665
          3.5 1.6666666666666665 2.6666666666666665
          3.6666666666666665 1.6666666666666665 2.6666666666666665
          3.833333333333333 1.6666666666666665 2.6666666666666665
          4 1.6666666666666665 2.6666666666666665
          4.1666666666666661 1.6666666666666665 2.6666666666666665
          4.333333333333333 1.6666666666666665 2.6666666666666665
          4.5 1.6666666666666665 2.6666666666666665
          4.6666666666666661 1.6666666666666665 2.6666666666666665
          4.833333333333333 1.6666666666666665 2.6666666666666665
          5 1.6666666666666665 2.6666666666666665
          5.1666666666666661 1.6666666666666665 2.6666666666666665
          5.333333333333333 1.6666666666666665 2.6666666666666665
          5.5 1.6666666666666665 2.6666666666666665
          5.6666666666666661 1.6666666666666665 2.6666666666666665
          5.833333333333333 1.6666666666666665 2.6666666666666665
          6 1.6666666666666665 2.6666666666666665
          6.1666666666666661 1.6666666666666665 2.6666666666666665
          6.333333333333333 1.6666666666666665 2.6666666666666665
          6.5 1.6666666666666665 2.6666666666666665
          6.6666666666666661 1.6666666666666665 2.6666666666666665
          6.833333333333333 1.6666666666666665 2.6666666666666665
          7 1.6666666666666665 2.6666666666666665
          0 1.8333333333333333 2.6666666666666665
          0.16666666666666666 1.8333333333333333 2.6666666666666665
          0.33333333333333331 1.8333333333333333 2.6666666666666665
          0.5 1.8333333333333333 2.6666666666666665
          0.66666666666666663 1.8333333333333333 2.6666666666666665
          0.83333333333333326 1.8333333333333333 2.6666666666666665
          1 1.8333333333333333 2.6666666666666665
          1.1666666666666665 1.8333333333333333 2.6666666666666665
          1.3333333333333333 1.8333333333333333 2.6666666666666665
          1.5 1.8333333333333333 2.6666666666666665
          1.6666666666666665 1.8333333333333333 2.6666666666666665
          1.8333333333333333 1.8333333333333333 2.6666666666666665
          2 1.8333333333333333 2.6666666666666665
          2.1666666666666665 1.8333333333333333 2.6666666666666665
          2.333333333333333 1.8333333333333333 2.6666666666666665
          2.5 1.8333333333333333 2.6666666666666665
          2.6666666666666665 1.8333333333333333 2.6666666666666665
          2.833333333333333 1.8333333333333333 2.6666666666666665
          3 1.8333333333333333 2.6666666666666665
          3.1666666666666665 1.8333333333333333 2.6666666666666665
          3.333333333333333 1.8333333333333333 2.6666666666666665
          3.5 1.8333333333333333 2.6666666666666665
          3.6666666666666665 1.8333333333333333 2.6666666666666665
          3.833333333333333 1.8333333333333333 2.6666666666666665
          4 1.8333333333333333 2.6666666666666665
          4.1666666666666661 1.8333333333333333 2.6666666666666665
          4.333333333333333 1.8333333333333333 2.6666666666666665
          4.5 1.8333333333333333 2.6666666666666665
          4.6666666666666661 1.8333333333333333 2.6666666666666665
          4.833333333333333 1.8333333333333333 2.6666666666666665
          5 1.8333333333333333 2.6666666666666665
          5.1666666666666661 1.8333333333333333 2.6666666666666665
          5.333333333333333 1.8333333333333333 2.6666666666666665
          5.5 1.8333333333333333 2.6666666666666665
          5.6666666666666661 1.8333333333333333 2.6666666666666665
          5.833333333333333 1.8333333333333333 2.6666666666666665
          6 1.8333333333333333 2.6666666666666665
          6.1666666666666661 1.8333333333333333 2.6666666666666665
          6.333333333333333 1.8333333333333333 2.6666666666666665
          6.5 1.8333333333333333 2.6666666666666665
          6.6666666666666661 1.8333333333333333 2.6666666666666665
          6.833333333333333 1.8333333333333333 2.6666666666666665
          7 1.8333333333333333 2.6666666666666665
          0 2 2.6666666666666665
          0.16666666666666666 2 2.6666666666666665
          0.33333333333333331 2 2.6666666666666665
          0.5 2 2.6666666666666665
          0.66666666666666663 2 2.6666666666666665
          0.83333333333333326 2 2.6666666666666665
          1 2 2.6666666666666665
          1.1666666666666665 2 2.6666666666666665
          1.3333333333333333 2 2.6666666666666665
          1.5 2 2.6666666666666665
          1.6666666666666665 2 2.6666666666666665
          1.8333333333333333 2 2.6666666666666665
          2 2 2.6666666666666665
          2.1666666666666665 2 2.6666666666666665
          2.333333333333333 2 2.6666666666666665
          2.5 2 2.6666666666666665
          2.6666666666666665 2 2.6666666666666665
          2.833333333333333 2 2.6666666666666665
          3 2 2.6666666666666665
          3.1666666666666665 2 2.6666666666666665
          3.333333333333333 2 2.6666666666666665
          3.5 2 2.6666666666666665
          3.6666666666666665 2 2.6666666666666665
          3.833333333333333 2 2.6666666666666665
          4 2 2.6666666666666665
          4.1666666666666661 2 2.6666666666666665
          4.333333333333333 2 2.6666666666666665
          4.5 2 2.6666666666666665
          4.6666666666666661 2 2.6666666666666665
          4.833333333333333 2 2.6666666666666665
          5 2 2.6666666666666665
          5.1666666666666661 2 2.6666666666666665
          5.333333333333333 2 2.6666666666666665
          5.5 2 2.6666666666666665
          5.6666666666666661 2 2.6666666666666665
          5.833333333333333 2 2.6666666666666665
          6 2 2.6666666666666665
          6.1666666666666661 2 2.6666666666666665
          6.333333333333333 2 2.6666666666666665
          6.5 2 2.6666666666666665
          6.6666666666666661 2 2.6666666666666665
          6.833333333333333 2 2.6666666666666665
          7 2 2.6666666666666665
          0 2.1666666666666665 2.6666666666666665
          0.16666666666666666 2.1666666666666665 2.6666666666666665
          0.33333333333333331 2.1666666666666665 2.6666666666666665
          0.5 2.1666666666666665 2.6666666666666665
          0.66666666666666663 2.1666666666666665 2.6666666666666665
          0.83333333333333326 2.1666666666666665 2.6666666666666665
          1 2.1666666666666665 2.6666666666666665
          1.1666666666666665 2.1666666666666665 2.6666666666666665
          1.3333333333333333 2.1666666666666665 2.6666666666666665
          1.5 2.1666666666666665 2.6666666666666665
          1.6666666666666665 2.1666666666666665 2.6666666666666665
          1.8333333333333333 2.1666666666666665 2.6666666666666665
          2 2.1666666666666665 2.6666666666666665
          2.1666666666666665 2.1666666666666665 2.6666666666666665
          2.333333333333333 2.1666666666666665 2.6666666666666665
          2.5 2.1666666666666665 2.6666666666666665
          2.6666666666666665 2.1666666666666665 2.6666666666666665
          2.833333333333333 2.1666666666666665 2.6666666666666665
          3 2.1666666666666665 2.6666666666666665
          3.1666666666666665 2.1666666666666665 2.6666666666666665
          3.333333333333333 2.1666666666666665 2.6666666666666665
          3.5 2.1666666666666665 2.6666666666666665
          3.6666666666666665 2.1666666666666665 2.6666666666666665
          3.833333333333333 2.1666666666666665 2.6666666666666665
          4 2.1666666666666665 2.6666666666666665
          4.1666666666666661 2.1666666666666665 2.6666666666666665
          4.333333333333333 2.1666666666666665 2.6666666666666665
          4.5 2.1666666666666665 2.6666666666666665
          4.6666666666666661 2.1666666666666665 2.6666666666666665
          4.833333333333333 2.1666666666666665 2.6666666666666665
          5 2.1666666666666665 2.6666666666666665
          5.1666666666666661 2.1666666666666665 2.6666666666666665
          5.333333333333333 2.1666666666666665 2.6666666666666665
          5.5 2.1666666666666665 2.6666666666666665
          5.6666666666666661 2.1666666666666665 2.6666666666666665
          5.833333333333333 2.1666666666666665 2.6666666666666665
          6 2.1666666666666665 2.6666666666666665
          6.1666666666666661 2.1666666666666665 2.6666666666666665
          6.333333333333333 2.1666666666666665 2.6666666666666665
          6.5 2.1666666666666665 2.6666666666666665
          6.6666666666666661 2.1666666666666665 2.6666666666666665
          6.833333333333333 2.1666666666666665 2.6666666666666665
          7 2.1666666666666665 2.6666666666666665
          0 2.333333333333333 2.6666666666666665
          0.16666666666666666 2.333333333333333 2.6666666666666665
          0.33333333333333331 2.333333333333333 2.6666666666666665
          0.5 2.333333333333333 2.6666666666666665
          0.66666666666666663 2.333333333333333 2.6666666666666665
          0.83333333333333326 2.333333333333333 2.6666666666666665
          1 2.333333333333333 2.6666666666666665
          1.1666666666666665 2.333333333333333 2.6666666666666665
          1.3333333333333333 2.333333333333333 2.6666666666666665
          1.5 2.333333333333333 2.6666666666666665
          1.6666666666666665 2.333333333333333 2.6666666666666665
          1.8333333333333333 2.333333333333333 2.6666666666666665
          2 2.333333333333333 2.6666666666666665
          2.1666666666666665 2.333333333333333 2.6666666666666665
          2.333333333333333 2.333333333333333 2.6666666666666665
          2.5 2.333333333333333 2.6666666666666665
          2.6666666666666665 2.333333333333333 2.6666666666666665
          2.833333333333333 2.333333333333333 2.6666666666666665
          3 2.333333333333333 2.6666666666666665
          3.1666666666666665 2.333333333333333 2.6666666666666665
          3.333333333333333 2.333333333333333 2.6666666666666665
          3.5 2.333333333333333 2.6666666666666665
          3.6666666666666665 2.333333333333333 2.6666666666666665
          3.833333333333333 2.333333333333333 2.6666666666666665
          4 2.333333333333333 2.6666666666666665
          4.1666666666666661 2.333333333333333 2.6666666666666665
          4.333333333333333 2.333333333333333 2.6666666666666665
          4.5 2.333333333333333 2.6666666666666665
          4.6666666666666661 2.333333333333333 2.6666666666666665
          4.833333333333333 2.333333333333333 2.6666666666666665
          5 2.333333333333333 2.6666666666666665
          5.1666666666666661 2.333333333333333 2.6666666666666665
          5.333333333333333 2.333333333333333 2.6666666666666665
          5.5 2.333333333333333 2.6666666666666665
          5.6666666666666661 2.333333333333333 2.6666666666666665
          5.833333333333333 2.333333333333333 2.6666666666666665
          6 2.333333333333333 2.6666666666666665
          6.1666666666666661 2.333333333333333 2.6666666666666665
          6.333333333333333 2.333333333333333 2.6666666666666665
          6.5 2.333333333333333 2.6666666666666665
          6.6666666666666661 2.333333333333333 2.6666666666666665
          6.833333333333333 2.333333333333333 2.6666666666666665
          7 2.333333333333333 2.6666666666666665
          0 2.5 2.6666666666666665
          0.16666666666666666 2.5 2.6666666666666665
          0.33333333333333331 2.5 2.6666666666666665
          0.5 2.5 2.6666666666666665
          0.66666666666666663 2.5 2.6666666666666665
          0.83333333333333326 2.5 2.6666666666666665
          1 2.5 2.6666666666666665
          1.1666666666666665 2.5 2.6666666666666665
          1.3333333333333333 2.5 2.6666666666666665
          1.5 2.5 2.6666666666666665
          1.6666666666666665 2.5 2.6666666666666665
          1.8333333333333333 2.5 2.6666666666666665
          2 2.5 2.6666666666666665
          2.1666666666666665 2.5 2.6666666666666665
          2.333333333333333 2.5 2.6666666666666665
          2.5 2.5 2.6666666666666665
          2.6666666666666665 2.5 2.6666666666666665
          2.833333333333333 2.5 2.6666666666666665
          3 2.5 2.6666666666666665
          3.1666666666666665 2.5 2.6666666666666665
          3.333333333333333 2.5 2.6666666666666665
          3.5 2.5 2.6666666666666665
          3.6666666666666665 2.5 2.6666666666666665
          3.833333333333333 2.5 2.6666666666666665
          4 2.5 2.6666666666666665
          4.1666666666666661 2.5 2.6666666666666665
          4.333333333333333 2.5 2.6666666666666665
          4.5 2.5 2.6666666666666665
          4.6666666666666661 2.5 2.6666666666666665
          4.833333333333333 2.5 2.6666666666666665
          5 2.5 2.6666666666666665
          5.1666666666666661 2.5 2.6666666666666665
          5.333333333333333 2.5 2.6666666666666665
          5.5 2.5 2.6666666666666665
          5.6666666666666661 2.5 2.6666666666666665
          5.833333333333333 2.5 2.6666666666666665
          6 2.5 2.6666666666666665
          6.1666666666666661 2.5 2.6666666666666665
          6.333333333333333 2.5 2.6666666666666665
          6.5 2.5 2.6666666666666665
          6.6666666666666661 2.5 2.6666666666666665
          6.833333333333333 2.5 2.6666666666666665
          7 2.5 2.6666666666666665
          0 2.6666666666666665 2.6666666666666665
          0.16666666666666666 2.6666666666666665 2.6666666666666665
          0.33333333333333331 2.6666666666666665 2.6666666666666665
          0.5 2.6666666666666665 2.6666666666666665
          0.66666666666666663 2.6666666666666665 2.6666666666666665
          0.83333333333333326 2.6666666666666665 2.6666666666666665
          1 2.6666666666666665 2.6666666666666665
          1.1666666666666665 2.6666666666666665 2.6666666666666665
          1.3333333333333333 2.6666666666666665 2.6666666666666665
          1.5 2.6666666666666665 2.6666666666666665
          1.6666666666666665 2.6666666666666665 2.6666666666666665
          1.8333333333333333 2.6666666666666665 2.6666666666666665
          2 2.6666666666666665 2.6666666666666665
          2.1666666666666665 2.6666666666666665 2.6666666666666665
          2.333333333333333 2.6666666666666665 2.6666666666666665
          2.5 2.6666666666666665 2.6666666666666665
          2.6666666666666665 2.6666666666666665 2.6666666666666665
          2.833333333333333 2.6666666666666665 2.6666666666666665
          3 2.6666666666666665 2.6666666666666665
          3.1666666666666665 2.6666666666666665 2.6666666666666665
          3.333333333333333 2.6666666666666665 2.6666666666666665
          3.5 2.6666666666666665 2.6666666666666665
          3.6666666666666665 2.6666666666666665 2.6666666666666665
          3.833333333333333 2.6666666666666665 2.6666666666666665
          4 2.6666666666666665 2.6666666666666665
          4.1666666666666661 2.6666666666666665 2.6666666666666665
          4.333333333333333 2.6666666666666665 2.6666666666666665
          4.5 2.6666666666666665 2.6666666666666665
          4.6666666666666661 2.6666666666666665 2.6666666666666665
          4.833333333333333 2.6666666666666665 2.6666666666666665
          5 2.6666666666666665 2.6666666666666665
          5.1666666666666661 2.6666666666666665 2.6666666666666665
          5.333333333333333 2.6666666666666665 2.6666666666666665
          5.5 2.6666666666666665 2.6666666666666665
          5.6666666666666661 2.6666666666666665 2.6666666666666665
          5.833333333333333 2.6666666666666665 2.6666666666666665
          6 2.6666666666666665 2.6666666666666665
          6.1666666666666661 2.6666666666666665 2.6666666666666665
          6.333333333333333 2.6666666666666665 2.6666666666666665
          6.5 2.6666666666666665 2.6666666666666665
          6.6666666666666661 2.6666666666666665 2.6666666666666665
          6.833333333333333 2.6666666666666665 2.6666666666666665
          7 2.6666666666666665 2.6666666666666665
          0 2.833333333333333 2.6666666666666665
          0.16666666666666666 2.833333333333333 2.6666666666666665
          0.33333333333333331 2.833333333333333 2.6666666666666665
          0.5 2.833333333333333 2.6666666666666665
          0.66666666666666663 2.833333333333333 2.6666666666666665
          0.83333333333333326 2.833333333333333 2.6666666666666665
          1 2.833333333333333 2.6666666666666665
          1.1666666666666665 2.833333333333333 2.6666666666666665
          1.3333333333333333 2.833333333333333 2.6666666666666665
          1.5 2.833333333333333 2.6666666666666665
          1.6666666666666665 2.833333333333333 2.6666666666666665
          1.8333333333333333 2.833333333333333 2.6666666666666665
          2 2.833333333333333 2.6666666666666665
          2.1666666666666665 2.833333333333333 2.6666666666666665
          2.333333333333333 2.833333333333333 2.6666666666666665
          2.5 2.833333333333333 2.6666666666666665
          2.6666666666666665 2.833333333333333 2.6666666666666665
          2.833333333333333 2.833333333333333 2.6666666666666665
          3 2.833333333333333 2.6666666666666665
          3.1666666666666665 2.833333333333333 2.6666666666666665
          3.333333333333333 2.833333333333333 2.6666666666666665
          3.5 2.833333333333333 2.6666666666666665
          3.6666666666666665 2.833333333333333 2.6666666666666665
          3.833333333333333 2.833333333333333 2.6666666666666665
          4 2.833333333333333 2.6666666666666665
          4.1666666666666661 2.833333333333333 2.6666666666666665
          4.333333333333333 2.833333333333333 2.6666666666666665
          4.5 2.833333333333333 2.6666666666666665
          4.6666666666666661 2.833333333333333 2.6666666666666665
          4.833333333333333 2.833333333333333 2.6666666666666665
          5 2.833333333333333 2.6666666666666665
          5.1666666666666661 2.833333333333333 2.6666666666666665
          5.333333333333333 2.833333333333333 2.6666666666666665
          5.5 2.833333333333333 2.6666666666666665
          5.6666666666666661 2.833333333333333 2.6666666666666665
          5.833333333333333 2.833333333333333 2.6666666666666665
          6 2.833333333333333 2.6666666666666665
          6.1666666666666661 2.833333333333333 2.6666666666666665
          6.333333333333333 2.833333333333333 2.6666666666666665
          6.5 2.833333333333333 2.6666666666666665
          6.6666666666666661 2.833333333333333 2.6666666666666665
          6.833333333333333 2.833333333333333 2.6666666666666665
          7 2.833333333333333 2.6666666666666665
          0 3 2.6666666666666665
          0.16666666666666666 3 2.6666666666666665
          0.33333333333333331 3 2.6666666666666665
          0.5 3 2.6666666666666665
          0.66666666666666663 3 2.6666666666666665
          0.83333333333333326 3 2.6666666666666665
          1 3 2.6666666666666665
          1.1666666666666665 3 2.6666666666666665
          1.3333333333333333 3 2.6666666666666665
          1.5 3 2.6666666666666665
          1.6666666666666665 3 2.6666666666666665
          1.8333333333333333 3 2.6666666666666665
          2 3 2.6666666666666665
          2.1666666666666665 3 2.6666666666666665
          2.333333333333333 3 2.6666666666666665
          2.5 3 2.6666666666666665
          2.6666666666666665 3 2.6666666666666665
          2.833333333333333 3 2.6666666666666665
          3 3 2.6666666666666665
          3.1666666666666665 3 2.6666666666666665
          3.333333333333333 3 2.6666666666666665
          3.5 3 2.6666666666666665
          3.6666666666666665 3 2.6666666666666665
          3.833333333333333 3 2.6666666666666665
          4 3 2.6666666666666665
          4.1666666666666661 3 2.6666666666666665
          4.333333333333333 3 2.6666666666666665
          4.5 3 2.6666666666666665
          4.6666666666666661 3 2.6666666666666665
          4.833333333333333 3 2.6666666666666665
          5 3 2.6666666666666665
          5.1666666666666661 3 2.6666666666666665
          5.333333333333333 3 2.6666666666666665
          5.5 3 2.6666666666666665
          5.6666666666666661 3 2.6666666666666665
          5.833333333333333 3 2.6666666666666665
          6 3 2.6666666666666665
          6.1666666666666661 3 2.6666666666666665
          6.333333333333333 3 2.6666666666666665
          6.5 3 2.6666666666666665
          6.6666666666666661 3 2.6666666666666665
          6.833333333333333 3 2.6666666666666665
          7 3 2.6666666666666665
          0 0 2.833333333333333
          0.16666666666666666 0 2.833333333333333
          0.33333333333333331 0 2.833333333333333
          0.5 0 2.833333333333333
          0.66666666666666663 0 2.833333333333333
          0.83333333333333326 0 2.833333333333333
          1 0 2.833333333333333
          1.1666666666666665 0 2.833333333333333
          1.3333333333333333 0 2.833333333333333
          1.5 0 2.833333333333333
          1.6666666666666665 0 2.833333333333333
          1.8333333333333333 0 2.833333333333333
          2 0 2.833333333333333
          2.1666666666666665 0 2.833333333333333
          2.333333333333333 0 2.833333333333333
          2.5 0 2.833333333333333
          2.6666666666666665 0 2.833333333333333
          2.833333333333333 0 2.833333333333333
          3 0 2.833333333333333
          3.1666666666666665 0 2.833333333333333
          3.333333333333333 0 2.833333333333333
          3.5 0 2.833333333333333
          3.6666666666666665 0 2.833333333333333
          3.833333333333333 0 2.833333333333333
          4 0 2.833333333333333
          4.1666666666666661 0 2.833333333333333
          4.333333333333333 0 2.833333333333333
          4.5 0 2.833333333333333
          4.6666666666666661 0 2.833333333333333
          4.833333333333333 0 2.833333333333333
          5 0 2.833333333333333
          5.1666666666666661 0 2.833333333333333
          5.333333333333333 0 2.833333333333333
          5.5 0 2.833333333333333
          5.6666666666666661 0 2.833333333333333
          5.833333333333333 0 2.833333333333333
          6 0 2.833333333333333
          6.1666666666666661 0 2.833333333333333
          6.333333333333333 0 2.833333333333333
          6.5 0 2.833333333333333
          6.6666666666666661 0 2.833333333333333
          6.833333333333333 0 2.833333333333333
          7 0 2.833333333333333
          0 0.16666666666666666 2.833333333333333
          0.16666666666666666 0.16666666666666666 2.833333333333333
          0.33333333333333331 0.16666666666666666 2.833333333333333
          0.5 0.16666666666666666 2.833333333333333
          0.66666666666666663 0.16666666666666666 2.833333333333333
          0.83333333333333326 0.16666666666666666 2.833333333333333
          1 0.16666666666666666 2.833333333333333
          1.1666666666666665 0.16666666666666666 2.833333333333333
          1.3333333333333333 0.16666666666666666 2.833333333333333
          1.5 0.16666666666666666 2.833333333333333
          1.6666666666666665 0.16666666666666666 2.833333333333333
          1.8333333333333333 0.16666666666666666 2.833333333333333
          2 0.16666666666666666 2.833333333333333
          2.1666666666666665 0.16666666666666666 2.833333333333333
          2.333333333333333 0.16666666666666666 2.833333333333333
          2.5 0.16666666666666666 2.833333333333333
          2.6666666666666665 0.16666666666666666 2.833333333333333
          2.833333333333333 0.16666666666666666 2.833333333333333
          3 0.16666666666666666 2.833333333333333
          3.1666666666666665 0.16666666666666666 2.833333333333333
          3.333333333333333 0.16666666666666666 2.833333333333333
          3.5 0.16666666666666666 2.833333333333333
          3.6666666666666665 0.16666666666666666 2.833333333333333
          3.833333333333333 0.16666666666666666 2.833333333333333
          4 0.16666666666666666 2.833333333333333
          4.1666666666666661 0.16666666666666666 2.833333333333333
          4.333333333333333 0.16666666666666666 2.833333333333333
          4.5 0.16666666666666666 2.833333333333333
          4.6666666666666661 0.16666666666666666 2.833333333333333
          4.833333333333333 0.16666666666666666 2.833333333333333
          5 0.16666666666666666 2.833333333333333
          5.1666666666666661 0.16666666666666666 2.833333333333333
          5.333333333333333 0.16666666666666666 2.833333333333333
          5.5 0.16666666666666666 2.833333333333333
          5.6666666666666661 0.16666666666666666 2.833333333333333
          5.833333333333333 0.16666666666666666 2.833333333333333
          6 0.16666666666666666 2.833333333333333
          6.1666666666666661 0.16666666666666666 2.833333333333333
          6.333333333333333 0.16666666666666666 2.833333333333333
          6.5 0.16666666666666666 2.833333333333333
          6.6666666666666661 0.16666666666666666 2.833333333333333
          6.833333333333333 0.16666666666666666 2.833333333333333
          7 0.16666666666666666 2.833333333333333
          0 0.33333333333333331 2.833333333333333
          0.16666666666666666 0.33333333333333331 2.833333333333333
          0.33333333333333331 0.33333333333333331 2.833333333333333
          0.5 0.33333333333333331 2.833333333333333
          0.66666666666666663 0.33333333333333331 2.833333333333333
          0.83333333333333326 0.33333333333333331 2.833333333333333
          1 0.33333333333333331 2.833333333333333
          1.1666666666666665 0.33333333333333331 2.833333333333333
          1.3333333333333333 0.33333333333333331 2.833333333333333
          1.5 0.33333333333333331 2.833333333333333
          1.6666666666666665 0.33333333333333331 2.833333333333333
          1.8333333333333333 0.33333333333333331 2.833333333333333
          2 0.33333333333333331 2.833333333333333
          2.1666666666666665 0.33333333333333331 2.833333333333333
          2.333333333333333 0.33333333333333331 2.833333333333333
          2.5 0.33333333333333331 2.833333333333333
          2.6666666666666665 0.33333333333333331 2.833333333333333
          2.833333333333333 0.33333333333333331 2.833333333333333
          3 0.33333333333333331 2.833333333333333
          3.1666666666666665 0.33333333333333331 2.833333333333333
          3.333333333333333 0.33333333333333331 2.833333333333333
          3.5 0.33333333333333331 2.833333333333333
          3.6666666666666665 0.33333333333333331 2.833333333333333
          3.833333333333333 0.33333333333333331 2.833333333333333
          4 0.33333333333333331 2.833333333333333
          4.1666666666666661 0.33333333333333331 2.833333333333333
          4.333333333333333 0.33333333333333331 2.833333333333333
          4.5 0.33333333333333331 2.833333333333333
          4.6666666666666661 0.33333333333333331 2.833333333333333
          4.833333333333333 0.33333333333333331 2.833333333333333
          5 0.33333333333333331 2.833333333333333
          5.1666666666666661 0.33333333333333331 2.833333333333333
          5.333333333333333 0.33333333333333331 2.833333333333333
          5.5 0.33333333333333331 2.833333333333333
          5.6666666666666661 0.33333333333333331 2.833333333333333
          5.833333333333333 0.33333333333333331 2.833333333333333
          6 0.33333333333333331 2.833333333333333
          6.1666666666666661 0.33333333333333331 2.833333333333333
          6.333333333333333 0.33333333333333331 2.833333333333333
          6.5 0.33333333333333331 2.833333333333333
          6.6666666666666661 0.33333333333333331 2.833333333333333
          6.833333333333333 0.33333333333333331 2.833333333333333
          7 0.33333333333333331 2.833333333333333
          0 0.5 2.833333333333333
          0.16666666666666666 0.5 2.833333333333333
          0.33333333333333331 0.5 2.833333333333333
          0.5 0.5 2.833333333333333
          0.66666666666666663 0.5 2.833333333333333
          0.83333333333333326 0.5 2.833333333333333
          1 0.5 2.833333333333333
          1.1666666666666665 0.5 2.833333333333333
          1.3333333333333333 0.5 2.833333333333333
          1.5 0.5 2.833333333333333
          1.6666666666666665 0.5 2.833333333333333
          1.8333333333333333 0.5 2.833333333333333
          2 0.5 2.833333333333333
          2.1666666666666665 0.5 2.833333333333333
          2.333333333333333 0.5 2.833333333333333
          2.5 0.5 2.833333333333333
          2.6666666666666665 0.5 2.833333333333333
          2.833333333333333 0.5 2.833333333333333
          3 0.5 2.833333333333333
          3.1666666666666665 0.5 2.833333333333333
          3.333333333333333 0.5 2.833333333333333
          3.5 0.5 2.833333333333333
          3.6666666666666665 0.5 2.833333333333333
          3.833333333333333 0.5 2.833333333333333
          4 0.5 2.833333333333333
          4.1666666666666661 0.5 2.833333333333333
          4.333333333333333 0.5 2.833333333333333
          4.5 0.5 2.833333333333333
          4.6666666666666661 0.5 2.833333333333333
          4.833333333333333 0.5 2.833333333333333
          5 0.5 2.833333333333333
          5.1666666666666661 0.5 2.833333333333333
          5.333333333333333 0.5 2.833333333333333
          5.5 0.5 2.833333333333333
          5.6666666666666661 0.5 2.833333333333333
          5.833333333333333 0.5 2.833333333333333
          6 0.5 2.833333333333333
          6.1666666666666661 0.5 2.833333333333333
          6.333333333333333 0.5 2.833333333333333
          6.5 0.5 2.833333333333333
          6.6666666666666661 0.5 2.833333333333333
          6.833333333333333 0.5 2.833333333333333
          7 0.5 2.833333333333333
          0 0.66666666666666663 2.833333333333333
          0.16666666666666666 0.66666666666666663 2.833333333333333
          0.33333333333333331 0.66666666666666663 2.833333333333333
          0.5 0.66666666666666663 2.833333333333333
          0.66666666666666663 0.66666666666666663 2.833333333333333
          0.83333333333333326 0.66666666666666663 2.833333333333333
          1 0.66666666666666663 2.833333333333333
          1.1666666666666665 0.66666666666666663 2.833333333333333
          1.3333333333333333 0.66666666666666663 2.833333333333333
          1.5 0.66666666666666663 2.833333333333333
          1.6666666666666665 0.66666666666666663 2.833333333333333
          1.8333333333333333 0.66666666666666663 2.833333333333333
          2 0.66666666666666663 2.833333333333333
          2.1666666666666665 0.66666666666666663 2.833333333333333
          2.333333333333333 0.66666666666666663 2.833333333333333
          2.5 0.66666666666666663 2.833333333333333
          2.6666666666666665 0.66666666666666663 2.833333333333333
          2.833333333333333 0.66666666666666663 2.833333333333333
          3 0.66666666666666663 2.833333333333333
          3.1666666666666665 0.66666666666666663 2.833333333333333
          3.333333333333333 0.66666666666666663 2.833333333333333
          3.5 0.66666666666666663 2.833333333333333
          3.6666666666666665 0.66666666666666663 2.833333333333333
          3.833333333333333 0.66666666666666663 2.833333333333333
          4 0.66666666666666663 2.833333333333333
          4.1666666666666661 0.66666666666666663 2.833333333333333
          4.333333333333333 0.66666666666666663 2.833333333333333
          4.5 0.66666666666666663 2.833333333333333
          4.6666666666666661 0.66666666666666663 2.833333333333333
          4.833333333333333 0.66666666666666663 2.833333333333333
          5 0.66666666666666663 2.833333333333333
          5.1666666666666661 0.66666666666666663 2.833333333333333
          5.333333333333333 0.66666666666666663 2.833333333333333
          5.5 0.66666666666666663 2.833333333333333
          5.6666666666666661 0.66666666666666663 2.833333333333333
          5.833333333333333 0.66666666666666663 2.833333333333333
          6 0.66666666666666663 2.833333333333333
          6.1666666666666661 0.66666666666666663 2.833333333333333
          6.333333333333333 0.66666666666666663 2.833333333333333
          6.5 0.66666666666666663 2.833333333333333
          6.6666666666666661 0.66666666666666663 2.833333333333333
          6.833333333333333 0.66666666666666663 2.833333333333333
          7 0.66666666666666663 2.833333333333333
          0 0.83333333333333326 2.833333333333333
          0.16666666666666666 0.83333333333333326 2.833333333333333
          0.33333333333333331 0.83333333333333326 2.833333333333333
          0.5 0.83333333333333326 2.833333333333333
          0.66666666666666663 0.83333333333333326 2.833333333333333
          0.83333333333333326 0.83333333333333326 2.833333333333333
          1 0.83333333333333326 2.833333333333333
          1.1666666666666665 0.83333333333333326 2.833333333333333
          1.3333333333333333 0.83333333333333326 2.833333333333333
          1.5 0.83333333333333326 2.833333333333333
          1.6666666666666665 0.83333333333333326 2.833333333333333
          1.8333333333333333 0.83333333333333326 2.833333333333333
          2 0.83333333333333326 2.833333333333333
          2.1666666666666665 0.83333333333333326 2.833333333333333
          2.333333333333333 0.83333333333333326 2.833333333333333
          2.5 0.83333333333333326 2.833333333333333
          2.6666666666666665 0.83333333333333326 2.833333333333333
          2.833333333333333 0.83333333333333326 2.833333333333333
          3 0.83333333333333326 2.833333333333333
          3.1666666666666665 0.83333333333333326 2.833333333333333
          3.333333333333333 0.83333333333333326 2.833333333333333
          3.5 0.83333333333333326 2.833333333333333
          3.6666666666666665 0.83333333333333326 2.833333333333333
          3.833333333333333 0.83333333333333326 2.833333333333333
          4 0.83333333333333326 2.833333333333333
          4.1666666666666661 0.83333333333333326 2.833333333333333
          4.333333333333333 0.83333333333333326 2.833333333333333
          4.5 0.83333333333333326 2.833333333333333
          4.6666666666666661 0.83333333333333326 2.833333333333333
          4.833333333333333 0.83333333333333326 2.833333333333333
          5 0.83333333333333326 2.833333333333333
          5.1666666666666661 0.83333333333333326 2.833333333333333
          5.333333333333333 0.83333333333333326 2.833333333333333
          5.5 0.83333333333333326 2.833333333333333
          5.6666666666666661 0.83333333333333326 2.833333333333333
          5.833333333333333 0.83333333333333326 2.833333333333333
          6 0.83333333333333326 2.833333333333333
          6.1666666666666661 0.83333333333333326 2.833333333333333
          6.333333333333333 0.83333333333333326 2.833333333333333
          6.5 0.83333333333333326 2.833333333333333
          6.6666666666666661 0.83333333333333326 2.833333333333333
          6.833333333333333 0.83333333333333326 2.833333333333333
          7 0.83333333333333326 2.833333333333333
          0 1 2.833333333333333
          0.16666666666666666 1 2.833333333333333
          0.33333333333333331 1 2.833333333333333
          0.5 1 2.833333333333333
          0.66666666666666663 1 2.833333333333333
          0.83333333333333326 1 2.833333333333333
          1 1 2.833333333333333
          1.1666666666666665 1 2.833333333333333
          1.3333333333333333 1 2.833333333333333
          1.5 1 2.833333333333333
          1.6666666666666665 1 2.833333333333333
          1.8333333333333333 1 2.833333333333333
          2 1 2.833333333333333
          2.1666666666666665 1 2.833333333333333
          2.333333333333333 1 2.833333333333333
          2.5 1 2.833333333333333
          2.6666666666666665 1 2.833333333333333
          2.833333333333333 1 2.833333333333333
          3 1 2.833333333333333
          3.1666666666666665 1 2.833333333333333
          3.333333333333333 1 2.833333333333333
          3.5 1 2.833333333333333
          3.6666666666666665 1 2.833333333333333
          3.833333333333333 1 2.833333333333333
          4 1 2.833333333333333
          4.1666666666666661 1 2.833333333333333
          4.333333333333333 1 2.833333333333333
          4.5 1 2.833333333333333
          4.6666666666666661 1 2.833333333333333
          4.833333333333333 1 2.833333333333333
          5 1 2.833333333333333
          5.1666666666666661 1 2.833333333333333
          5.333333333333333 1 2.833333333333333
          5.5 1 2.833333333333333
          5.6666666666666661 1 2.833333333333333
          5.833333333333333 1 2.833333333333333
          6 1 2.833333333333333
          6.1666666666666661 1 2.833333333333333
          6.333333333333333 1 2.833333333333333
          6.5 1 2.833333333333333
          6.6666666666666661 1 2.833333333333333
          6.833333333333333 1 2.833333333333333
          7 1 2.833333333333333
          0 1.1666666666666665 2.833333333333333
          0.16666666666666666 1.1666666666666665 2.833333333333333
          0.33333333333333331 1.1666666666666665 2.833333333333333
          0.5 1.1666666666666665 2.833333333333333
          0.66666666666666663 1.1666666666666665 2.833333333333333
          0.83333333333333326 1.1666666666666665 2.833333333333333
          1 1.1666666666666665 2.833333333333333
          1.1666666666666665 1.1666666666666665 2.833333333333333
          1.3333333333333333 1.1666666666666665 2.833333333333333
          1.5 1.1666666666666665 2.833333333333333
          1.6666666666666665 1.1666666666666665 2.833333333333333
          1.8333333333333333 1.1666666666666665 2.833333333333333
          2 1.1666666666666665 2.833333333333333
          2.1666666666666665 1.1666666666666665 2.833333333333333
          2.333333333333333 1.1666666666666665 2.833333333333333
          2.5 1.1666666666666665 2.833333333333333
          2.6666666666666665 1.1666666666666665 2.833333333333333
          2.833333333333333 1.1666666666666665 2.833333333333333
          3 1.1666666666666665 2.833333333333333
          3.1666666666666665 1.1666666666666665 2.833333333333333
          3.333333333333333 1.1666666666666665 2.833333333333333
          3.5 1.1666666666666665 2.833333333333333
          3.6666666666666665 1.1666666666666665 2.833333333333333
          3.833333333333333 1.1666666666666665 2.833333333333333
          4 1.1666666666666665 2.833333333333333
          4.1666666666666661 1.1666666666666665 2.833333333333333
          4.333333333333333 1.1666666666666665 2.833333333333333
          4.5 1.1666666666666665 2.833333333333333
          4.6666666666666661 1.1666666666666665 2.833333333333333
          4.833333333333333 1.1666666666666665 2.833333333333333
          5 1.1666666666666665 2.833333333333333
          5.1666666666666661 1.1666666666666665 2.833333333333333
          5.333333333333333 1.1666666666666665 2.833333333333333
          5.5 1.1666666666666665 2.833333333333333
          5.6666666666666661 1.1666666666666665 2.833333333333333
          5.833333333333333 1.1666666666666665 2.833333333333333
          6 1.1666666666666665 2.833333333333333
          6.1666666666666661 1.1666666666666665 2.833333333333333
          6.333333333333333 1.1666666666666665 2.833333333333333
          6.5 1.1666666666666665 2.833333333333333
          6.6666666666666661 1.1666666666666665 2.833333333333333
          6.833333333333333 1.1666666666666665 2.833333333333333
          7 1.1666666666666665 2.833333333333333
          0 1.3333333333333333 2.833333333333333
          0.16666666666666666 1.3333333333333333 2.833333333333333
          0.33333333333333331 1.3333333333333333 2.833333333333333
          0.5 1.3333333333333333 2.833333333333333
          0.66666666666666663 1.3333333333333333 2.833333333333333
          0.83333333333333326 1.3333333333333333 2.833333333333333
          1 1.3333333333333333 2.833333333333333
          1.1666666666666665 1.3333333333333333 2.833333333333333
          1.3333333333333333 1.3333333333333333 2.833333333333333
          1.5 1.3333333333333333 2.833333333333333
          1.6666666666666665 1.3333333333333333 2.833333333333333
          1.8333333333333333 1.3333333333333333 2.833333333333333
          2 1.3333333333333333 2.833333333333333
          2.1666666666666665 1.3333333333333333 2.833333333333333
          2.333333333333333 1.3333333333333333 2.833333333333333
          2.5 1.3333333333333333 2.833333333333333
          2.6666666666666665 1.3333333333333333 2.833333333333333
          2.833333333333333 1.3333333333333333 2.833333333333333
          3 1.3333333333333333 2.833333333333333
          3.1666666666666665 1.3333333333333333 2.833333333333333
          3.333333333333333 1.3333333333333333 2.833333333333333
          3.5 1.3333333333333333 2.833333333333333
          3.6666666666666665 1.3333333333333333 2.833333333333333
          3.833333333333333 1.3333333333333333 2.833333333333333
          4 1.3333333333333333 2.833333333333333
          4.1666666666666661 1.3333333333333333 2.833333333333333
          4.333333333333333 1.3333333333333333 2.833333333333333
          4.5 1.3333333333333333 2.833333333333333
          4.6666666666666661 1.3333333333333333 2.833333333333333
          4.833333333333333 1.3333333333333333 2.833333333333333
          5 1.3333333333333333 2.833333333333333
          5.1666666666666661 1.3333333333333333 2.833333333333333
          5.333333333333333 1.3333333333333333 2.833333333333333
          5.5 1.3333333333333333 2.833333333333333
          5.6666666666666661 1.3333333333333333 2.833333333333333
          5.833333333333333 1.3333333333333333 2.833333333333333
          6 1.3333333333333333 2.833333333333333
          6.1666666666666661 1.3333333333333333 2.833333333333333
          6.333333333333333 1.3333333333333333 2.833333333333333
          6.5 1.3333333333333333 2.833333333333333
          6.6666666666666661 1.3333333333333333 2.833333333333333
          6.833333333333333 1.3333333333333333 2.833333333333333
          7 1.3333333333333333 2.833333333333333
          0 1.5 2.833333333333333
          0.16666666666666666 1.5 2.833333333333333
          0.33333333333333331 1.5 2.833333333333333
          0.5 1.5 2.833333333333333
          0.66666666666666663 1.5 2.833333333333333
          0.83333333333333326 1.5 2.833333333333333
          1 1.5 2.833333333333333
          1.1666666666666665 1.5 2.833333333333333
          1.3333333333333333 1.5 2.833333333333333
          1.5 1.5 2.833333333333333
          1.6666666666666665 1.5 2.833333333333333
          1.8333333333333333 1.5 2.833333333333333
          2 1.5 2.833333333333333
          2.1666666666666665 1.5 2.833333333333333
          2.333333333333333 1.5 2.833333333333333
          2.5 1.5 2.833333333333333
          2.6666666666666665 1.5 2.833333333333333
          2.833333333333333 1.5 2.833333333333333
          3 1.5 2.833333333333333
          3.1666666666666665 1.5 2.833333333333333
          3.333333333333333 1.5 2.833333333333333
          3.5 1.5 2.833333333333333
          3.6666666666666665 1.5 2.833333333333333
          3.833333333333333 1.5 2.833333333333333
          4 1.5 2.833333333333333
          4.1666666666666661 1.5 2.833333333333333
          4.333333333333333 1.5 2.833333333333333
          4.5 1.5 2.833333333333333
          4.6666666666666661 1.5 2.833333333333333
          4.833333333333333 1.5 2.833333333333333
          5 1.5 2.833333333333333
          5.1666666666666661 1.5 2.833333333333333
          5.333333333333333 1.5 2.833333333333333
          5.5 1.5 2.833333333333333
          5.6666666666666661 1.5 2.833333333333333
          5.833333333333333 1.5 2.833333333333333
          6 1.5 2.833333333333333
          6.1666666666666661 1.5 2.833333333333333
          6.333333333333333 1.5 2.833333333333333
          6.5 1.5 2.833333333333333
          6.6666666666666661 1.5 2.833333333333333
          6.833333333333333 1.5 2.833333333333333
          7 1.5 2.833333333333333
          0 1.6666666666666665 2.833333333333333
          0.16666666666666666 1.6666666666666665 2.833333333333333
          0.33333333333333331 1.6666666666666665 2.833333333333333
          0.5 1.6666666666666665 2.833333333333333
          0.66666666666666663 1.6666666666666665 2.833333333333333
          0.83333333333333326 1.6666666666666665 2.833333333333333
          1 1.6666666666666665 2.833333333333333
          1.1666666666666665 1.6666666666666665 2.833333333333333
          1.3333333333333333 1.6666666666666665 2.833333333333333
          1.5 1.6666666666666665 2.833333333333333
          1.6666666666666665 1.6666666666666665 2.833333333333333
          1.8333333333333333 1.6666666666666665 2.833333333333333
          2 1.6666666666666665 2.833333333333333
          2.1666666666666665 1.6666666666666665 2.833333333333333
          2.333333333333333 1.6666666666666665 2.833333333333333
          2.5 1.6666666666666665 2.833333333333333
          2.6666666666666665 1.6666666666666665 2.833333333333333
          2.833333333333333 1.6666666666666665 2.833333333333333
          3 1.6666666666666665 2.833333333333333
          3.1666666666666665 1.6666666666666665 2.833333333333333
          3.333333333333333 1.6666666666666665 2.833333333333333
          3.5 1.6666666666666665 2.833333333333333
          3.6666666666666665 1.6666666666666665 2.833333333333333
          3.833333333333333 1.6666666666666665 2.833333333333333
          4 1.6666666666666665 2.833333333333333
          4.1666666666666661 1.6666666666666665 2.833333333333333
          4.333333333333333 1.6666666666666665 2.833333333333333
          4.5 1.6666666666666665 2.833333333333333
          4.6666666666666661 1.6666666666666665 2.833333333333333
          4.833333333333333 1.6666666666666665 2.833333333333333
          5 1.6666666666666665 2.833333333333333
          5.1666666666666661 1.6666666666666665 2.833333333333333
          5.333333333333333 1.6666666666666665 2.833333333333333
          5.5 1.6666666666666665 2.833333333333333
          5.6666666666666661 1.6666666666666665 2.833333333333333
          5.833333333333333 1.6666666666666665 2.833333333333333
          6 1.6666666666666665 2.833333333333333
          6.1666666666666661 1.6666666666666665 2.833333333333333
          6.333333333333333 1.6666666666666665 2.833333333333333
          6.5 1.6666666666666665 2.833333333333333
          6.6666666666666661 1.6666666666666665 2.833333333333333
          6.833333333333333 1.6666666666666665 2.833333333333333
          7 1.6666666666666665 2.833333333333333
          0 1.8333333333333333 2.833333333333333
          0.16666666666666666 1.8333333333333333 2.833333333333333
          0.33333333333333331 1.8333333333333333 2.833333333333333
          0.5 1.8333333333333333 2.833333333333333
          0.66666666666666663 1.8333333333333333 2.833333333333333
          0.83333333333333326 1.8333333333333333 2.833333333333333
          1 1.8333333333333333 2.833333333333333
          1.1666666666666665 1.8333333333333333 2.833333333333333
          1.3333333333333333 1.8333333333333333 2.833333333333333
          1.5 1.8333333333333333 2.833333333333333
          1.6666666666666665 1.8333333333333333 2.833333333333333
          1.8333333333333333 1.8333333333333333 2.833333333333333
          2 1.8333333333333333 2.833333333333333
          2.1666666666666665 1.8333333333333333 2.833333333333333
          2.333333333333333 1.8333333333333333 2.833333333333333
          2.5 1.8333333333333333 2.833333333333333
          2.6666666666666665 1.8333333333333333 2.833333333333333
          2.833333333333333 1.8333333333333333 2.833333333333333
          3 1.8333333333333333 2.833333333333333
          3.1666666666666665 1.8333333333333333 2.833333333333333
          3.333333333333333 1.8333333333333333 2.833333333333333
          3.5 1.8333333333333333 2.833333333333333
          3.6666666666666665 1.8333333333333333 2.833333333333333
          3.833333333333333 1.8333333333333333 2.833333333333333
          4 1.8333333333333333 2.833333333333333
          4.1666666666666661 1.8333333333333333 2.833333333333333
          4.333333333333333 1.8333333333333333 2.833333333333333
          4.5 1.8333333333333333 2.833333333333333
          4.6666666666666661 1.8333333333333333 2.833333333333333
          4.833333333333333 1.8333333333333333 2.833333333333333
          5 1.8333333333333333 2.833333333333333
          5.1666666666666661 1.8333333333333333 2.833333333333333
          5.333333333333333 1.8333333333333333 2.833333333333333
          5.5 1.8333333333333333 2.833333333333333
          5.6666666666666661 1.8333333333333333 2.833333333333333
          5.833333333333333 1.8333333333333333 2.833333333333333
          6 1.8333333333333333 2.833333333333333
          6.1666666666666661 1.8333333333333333 2.833333333333333
          6.333333333333333 1.8333333333333333 2.833333333333333
          6.5 1.8333333333333333 2.833333333333333
          6.6666666666666661 1.8333333333333333 2.833333333333333
          6.833333333333333 1.8333333333333333 2.833333333333333
          7 1.8333333333333333 2.833333333333333
          0 2 2.833333333333333
          0.16666666666666666 2 2.833333333333333
          0.33333333333333331 2 2.833333333333333
          0.5 2 2.833333333333333
          0.66666666666666663 2 2.833333333333333
          0.83333333333333326 2 2.833333333333333
          1 2 2.833333333333333
          1.1666666666666665 2 2.833333333333333
          1.3333333333333333 2 2.833333333333333
          1.5 2 2.833333333333333
          1.6666666666666665 2 2.833333333333333
          1.8333333333333333 2 2.833333333333333
          2 2 2.833333333333333
          2.1666666666666665 2 2.833333333333333
          2.333333333333333 2 2.833333333333333
          2.5 2 2.833333333333333
          2.6666666666666665 2 2.833333333333333
          2.833333333333333 2 2.833333333333333
          3 2 2.833333333333333
          3.1666666666666665 2 2.833333333333333
          3.333333333333333 2 2.833333333333333
          3.5 2 2.833333333333333
          3.6666666666666665 2 2.833333333333333
          3.833333333333333 2 2.833333333333333
          4 2 2.833333333333333
          4.1666666666666661 2 2.833333333333333
          4.333333333333333 2 2.833333333333333
          4.5 2 2.833333333333333
          4.6666666666666661 2 2.833333333333333
          4.833333333333333 2 2.833333333333333
          5 2 2.833333333333333
          5.1666666666666661 2 2.833333333333333
          5.333333333333333 2 2.833333333333333
          5.5 2 2.833333333333333
          5.6666666666666661 2 2.833333333333333
          5.833333333333333 2 2.833333333333333
          6 2 2.833333333333333
          6.1666666666666661 2 2.833333333333333
          6.333333333333333 2 2.833333333333333
          6.5 2 2.833333333333333
          6.6666666666666661 2 2.833333333333333
          6.833333333333333 2 2.833333333333333
          7 2 2.833333333333333
          0 2.1666666666666665 2.833333333333333
          0.16666666666666666 2.1666666666666665 2.833333333333333
          0.33333333333333331 2.1666666666666665 2.833333333333333
          0.5 2.1666666666666665 2.833333333333333
          0.66666666666666663 2.1666666666666665 2.833333333333333
          0.83333333333333326 2.1666666666666665 2.833333333333333
          1 2.1666666666666665 2.833333333333333
          1.1666666666666665 2.1666666666666665 2.833333333333333
          1.3333333333333333 2.1666666666666665 2.833333333333333
          1.5 2.1666666666666665 2.833333333333333
          1.6666666666666665 2.1666666666666665 2.833333333333333
          1.8333333333333333 2.1666666666666665 2.833333333333333
          2 2.1666666666666665 2.833333333333333
          2.1666666666666665 2.1666666666666665 2.833333333333333
          2.333333333333333 2.1666666666666665 2.833333333333333
          2.5 2.1666666666666665 2.833333333333333
          2.6666666666666665 2.1666666666666665 2.833333333333333
          2.833333333333333 2.1666666666666665 2.833333333333333
          3 2.1666666666666665 2.833333333333333
          3.1666666666666665 2.1666666666666665 2.833333333333333
          3.333333333333333 2.1666666666666665 2.833333333333333
          3.5 2.1666666666666665 2.833333333333333
          3.6666666666666665 2.1666666666666665 2.833333333333333
          3.833333333333333 2.1666666666666665 2.833333333333333
          4 2.1666666666666665 2.833333333333333
          4.1666666666666661 2.1666666666666665 2.833333333333333
          4.333333333333333 2.1666666666666665 2.833333333333333
          4.5 2.1666666666666665 2.833333333333333
          4.6666666666666661 2.1666666666666665 2.833333333333333
          4.833333333333333 2.1666666666666665 2.833333333333333
          5 2.1666666666666665 2.833333333333333
          5.1666666666666661 2.1666666666666665 2.833333333333333
          5.333333333333333 2.1666666666666665 2.833333333333333
          5.5 2.1666666666666665 2.833333333333333
          5.6666666666666661 2.1666666666666665 2.833333333333333
          5.833333333333333 2.1666666666666665 2.833333333333333
          6 2.1666666666666665 2.833333333333333
          6.1666666666666661 2.1666666666666665 2.833333333333333
          6.333333333333333 2.1666666666666665 2.833333333333333
          6.5 2.1666666666666665 2.833333333333333
          6.6666666666666661 2.1666666666666665 2.833333333333333
          6.833333333333333 2.1666666666666665 2.833333333333333
          7 2.1666666666666665 2.833333333333333
          0 2.333333333333333 2.833333333333333
          0.16666666666666666 2.333333333333333 2.833333333333333
          0.33333333333333331 2.333333333333333 2.833333333333333
          0.5 2.333333333333333 2.833333333333333
          0.66666666666666663 2.333333333333333 2.833333333333333
          0.83333333333333326 2.333333333333333 2.833333333333333
          1 2.333333333333333 2.833333333333333
          1.1666666666666665 2.333333333333333 2.833333333333333
          1.3333333333333333 2.333333333333333 2.833333333333333
          1.5 2.333333333333333 2.833333333333333
          1.6666666666666665 2.333333333333333 2.833333333333333
          1.8333333333333333 2.333333333333333 2.833333333333333
          2 2.333333333333333 2.833333333333333
          2.1666666666666665 2.333333333333333 2.833333333333333
          2.333333333333333 2.333333333333333 2.833333333333333
          2.5 2.333333333333333 2.833333333333333
          2.6666666666666665 2.333333333333333 2.833333333333333
          2.833333333333333 2.333333333333333 2.833333333333333
          3 2.333333333333333 2.833333333333333
          3.1666666666666665 2.333333333333333 2.833333333333333
          3.333333333333333 2.333333333333333 2.833333333333333
          3.5 2.333333333333333 2.833333333333333
          3.6666666666666665 2.333333333333333 2.833333333333333
          3.833333333333333 2.333333333333333 2.833333333333333
          4 2.333333333333333 2.833333333333333
          4.1666666666666661 2.333333333333333 2.833333333333333
          4.333333333333333 2.333333333333333 2.833333333333333
          4.5 2.333333333333333 2.833333333333333
          4.6666666666666661 2.333333333333333 2.833333333333333
          4.833333333333333 2.333333333333333 2.833333333333333
          5 2.333333333333333 2.833333333333333
          5.1666666666666661 2.333333333333333 2.833333333333333
          5.333333333333333 2.333333333333333 2.833333333333333
          5.5 2.333333333333333 2.833333333333333
          5.6666666666666661 2.333333333333333 2.833333333333333
          5.833333333333333 2.333333333333333 2.833333333333333
          6 2.333333333333333 2.833333333333333
          6.1666666666666661 2.333333333333333 2.833333333333333
          6.333333333333333 2.333333333333333 2.833333333333333
          6.5 2.333333333333333 2.833333333333333
          6.6666666666666661 2.333333333333333 2.833333333333333
          6.833333333333333 2.333333333333333 2.833333333333333
          7 2.333333333333333 2.833333333333333
          0 2.5 2.833333333333333
          0.16666666666666666 2.5 2.833333333333333
          0.33333333333333331 2.5 2.833333333333333
          0.5 2.5 2.833333333333333
          0.66666666666666663 2.5 2.833333333333333
          0.83333333333333326 2.5 2.833333333333333
          1 2.5 2.833333333333333
          1.1666666666666665 2.5 2.833333333333333
          1.3333333333333333 2.5 2.833333333333333
          1.5 2.5 2.833333333333333
          1.6666666666666665 2.5 2.833333333333333
          1.8333333333333333 2.5 2.833333333333333
          2 2.5 2.833333333333333
          2.1666666666666665 2.5 2.833333333333333
          2.333333333333333 2.5 2.833333333333333
          2.5 2.5 2.833333333333333
          2.6666666666666665 2.5 2.833333333333333
          2.833333333333333 2.5 2.833333333333333
          3 2.5 2.833333333333333
          3.1666666666666665 2.5 2.833333333333333
          3.333333333333333 2.5 2.833333333333333
          3.5 2.5 2.833333333333333
          3.6666666666666665 2.5 2.833333333333333
          3.833333333333333 2.5 2.833333333333333
          4 2.5 2.833333333333333
          4.1666666666666661 2.5 2.833333333333333
          4.333333333333333 2.5 2.833333333333333
          4.5 2.5 2.833333333333333
          4.6666666666666661 2.5 2.833333333333333
          4.833333333333333 2.5 2.833333333333333
          5 2.5 2.833333333333333
          5.1666666666666661 2.5 2.833333333333333
          5.333333333333333 2.5 2.833333333333333
          5.5 2.5 2.833333333333333
          5.6666666666666661 2.5 2.833333333333333
          5.833333333333333 2.5 2.833333333333333
          6 2.5 2.833333333333333
          6.1666666666666661 2.5 2.833333333333333
          6.333333333333333 2.5 2.833333333333333
          6.5 2.5 2.833333333333333
          6.6666666666666661 2.5 2.833333333333333
          6.833333333333333 2.5 2.833333333333333
          7 2.5 2.833333333333333
          0 2.6666666666666665 2.833333333333333
          0.16666666666666666 2.6666666666666665 2.833333333333333
          0.33333333333333331 2.6666666666666665 2.833333333333333
          0.5 2.6666666666666665 2.833333333333333
          0.66666666666666663 2.6666666666666665 2.833333333333333
          0.83333333333333326 2.6666666666666665 2.833333333333333
          1 2.6666666666666665 2.833333333333333
          1.1666666666666665 2.6666666666666665 2.833333333333333
          1.3333333333333333 2.6666666666666665 2.833333333333333
          1.5 2.6666666666666665 2.833333333333333
          1.6666666666666665 2.6666666666666665 2.833333333333333
          1.8333333333333333 2.6666666666666665 2.833333333333333
          2 2.6666666666666665 2.833333333333333
          2.1666666666666665 2.6666666666666665 2.833333333333333
          2.333333333333333 2.6666666666666665 2.833333333333333
          2.5 2.6666666666666665 2.833333333333333
          2.6666666666666665 2.6666666666666665 2.833333333333333
          2.833333333333333 2.6666666666666665 2.833333333333333
          3 2.6666666666666665 2.833333333333333
          3.1666666666666665 2.6666666666666665 2.833333333333333
          3.333333333333333 2.6666666666666665 2.833333333333333
          3.5 2.6666666666666665 2.833333333333333
          3.6666666666666665 2.6666666666666665 2.833333333333333
          3.833333333333333 2.6666666666666665 2.833333333333333
          4 2.6666666666666665 2.833333333333333
          4.1666666666666661 2.6666666666666665 2.833333333333333
          4.333333333333333 2.6666666666666665 2.833333333333333
          4.5 2.6666666666666665 2.833333333333333
          4.6666666666666661 2.6666666666666665 2.833333333333333
          4.833333333333333 2.6666666666666665 2.833333333333333
          5 2.6666666666666665 2.833333333333333
          5.1666666666666661 2.6666666666666665 2.833333333333333
          5.333333333333333 2.6666666666666665 2.833333333333333
          5.5 2.6666666666666665 2.833333333333333
          5.6666666666666661 2.6666666666666665 2.833333333333333
          5.833333333333333 2.6666666666666665 2.833333333333333
          6 2.6666666666666665 2.833333333333333
          6.1666666666666661 2.6666666666666665 2.833333333333333
          6.333333333333333 2.6666666666666665 2.833333333333333
          6.5 2.6666666666666665 2.833333333333333
          6.6666666666666661 2.6666666666666665 2.833333333333333
          6.833333333333333 2.6666666666666665 2.833333333333333
          7 2.6666666666666665 2.833333333333333
          0 2.833333333333333 2.833333333333333
          0.16666666666666666 2.833333333333333 2.833333333333333
          0.33333333333333331 2.833333333333333 2.833333333333333
          0.5 2.833333333333333 2.833333333333333
          0.66666666666666663 2.833333333333333 2.833333333333333
          0.83333333333333326 2.833333333333333 2.833333333333333
          1 2.833333333333333 2.833333333333333
          1.1666666666666665 2.833333333333333 2.833333333333333
          1.3333333333333333 2.833333333333333 2.833333333333333
          1.5 2.833333333333333 2.833333333333333
          1.6666666666666665 2.833333333333333 2.833333333333333
          1.8333333333333333 2.833333333333333 2.833333333333333
          2 2.833333333333333 2.833333333333333
          2.1666666666666665 2.833333333333333 2.833333333333333
          2.333333333333333 2.833333333333333 2.833333333333333
          2.5 2.833333333333333 2.833333333333333
          2.6666666666666665 2.833333333333333 2.833333333333333
          2.833333333333333 2.833333333333333 2.833333333333333
          3 2.833333333333333 2.833333333333333
          3.1666666666666665 2.833333333333333 2.833333333333333
          3.333333333333333 2.833333333333333 2.833333333333333
          3.5 2.833333333333333 2.833333333333333
          3.6666666666666665 2.833333333333333 2.833333333333333
          3.833333333333333 2.833333333333333 2.833333333333333
          4 2.833333333333333 2.833333333333333
          4.1666666666666661 2.833333333333333 2.833333333333333
          4.333333333333333 2.833333333333333 2.833333333333333
          4.5 2.833333333333333 2.833333333333333
          4.6666666666666661 2.833333333333333 2.833333333333333
          4.833333333333333 2.833333333333333 2.833333333333333
          5 2.833333333333333 2.833333333333333
          5.1666666666666661 2.833333333333333 2.833333333333333
          5.333333333333333 2.833333333333333 2.833333333333333
          5.5 2.833333333333333 2.833333333333333
          5.6666666666666661 2.833333333333333 2.833333333333333
          5.833333333333333 2.833333333333333 2.833333333333333
          6 2.833333333333333 2.833333333333333
          6.1666666666666661 2.833333333333333 2.833333333333333
          6.333333333333333 2.833333333333333 2.833333333333333
          6.5 2.833333333333333 2.833333333333333
          6.6666666666666661 2.833333333333333 2.833333333333333
          6.833333333333333 2.833333333333333 2.833333333333333
          7 2.833333333333333 2.833333333333333
          0 3 2.833333333333333
          0.16666666666666666 3 2.833333333333333
          0.33333333333333331 3 2.833333333333333
          0.5 3 2.833333333333333
          0.66666666666666663 3 2.833333333333333
          0.83333333333333326 3 2.833333333333333
          1 3 2.833333333333333
          1.1666666666666665 3 2.833333333333333
          1.3333333333333333 3 2.833333333333333
          1.5 3 2.833333333333333
          1.6666666666666665 3 2.833333333333333
          1.8333333333333333 3 2.833333333333333
          2 3 2.833333333333333
          2.1666666666666665 3 2.833333333333333
          2.333333333333333 3 2.833333333333333
          2.5 3 2.833333333333333
          2.6666666666666665 3 2.833333333333333
          2.833333333333333 3 2.833333333333333
          3 3 2.833333333333333
          3.1666666666666665 3 2.833333333333333
          3.333333333333333 3 2.833333333333333
          3.5 3 2.833333333333333
          3.6666666666666665 3 2.833333333333333
          3.833333333333333 3 2.833333333333333
          4 3 2.833333333333333
          4.1666666666666661 3 2.833333333333333
          4.333333333333333 3 2.833333333333333
          4.5 3 2.833333333333333
          4.6666666666666661 3 2.833333333333333
          4.833333333333333 3 2.833333333333333
          5 3 2.833333333333333
          5.1666666666666661 3 2.833333333333333
          5.333333333333333 3 2.833333333333333
          5.5 3 2.833333333333333
          5.6666666666666661 3 2.833333333333333
          5.833333333333333 3 2.833333333333333
          6 3 2.833333333333333
          6.1666666666666661 3 2.833333333333333
          6.333333333333333 3 2.833333333333333
          6.5 3 2.833333333333333
          6.6666666666666661 3 2.833333333333333
          6.833333333333333 3 2.833333333333333
          7 3 2.833333333333333
          0 0 3
          0.16666666666666666 0 3
          0.33333333333333331 0 3
          0.5 0 3
          0.66666666666666663 0 3
          0.83333333333333326 0 3
          1 0 3
          1.1666666666666665 0 3
          1.3333333333333333 0 3
          1.5 0 3
          1.6666666666666665 0 3
          1.8333333333333333 0 3
          2 0 3
          2.1666666666666665 0 3
          2.333333333333333 0 3
          2.5 0 3
          2.6666666666666665 0 3
          2.833333333333333 0 3
          3 0 3
          3.1666666666666665 0 3
          3.333333333333333 0 3
          3.5 0 3
          3.6666666666666665 0 3
          3.833333333333333 0 3
          4 0 3
          4.1666666666666661 0 3
          4.333333333333333 0 3
          4.5 0 3
          4.6666666666666661 0 3
          4.833333333333333 0 3
          5 0 3
          5.1666666666666661 0 3
          5.333333333333333 0 3
          5.5 0 3
          5.6666666666666661 0 3
          5.833333333333333 0 3
          6 0 3
          6.1666666666666661 0 3
          6.333333333333333 0 3
          6.5 0 3
          6.6666666666666661 0 3
          6.833333333333333 0 3
          7 0 3
          0 0.16666666666666666 3
          0.16666666666666666 0.16666666666666666 3
          0.33333333333333331 0.16666666666666666 3
          0.5 0.16666666666666666 3
          0.66666666666666663 0.16666666666666666 3
          0.83333333333333326 0.16666666666666666 3
          1 0.16666666666666666 3
          1.1666666666666665 0.16666666666666666 3
          1.3333333333333333 0.16666666666666666 3
          1.5 0.16666666666666666 3
          1.6666666666666665 0.16666666666666666 3
          1.8333333333333333 0.16666666666666666 3
          2 0.16666666666666666 3
          2.1666666666666665 0.16666666666666666 3
          2.333333333333333 0.16666666666666666 3
          2.5 0.16666666666666666 3
          2.6666666666666665 0.16666666666666666 3
          2.833333333333333 0.16666666666666666 3
          3 0.16666666666666666 3
          3.1666666666666665 0.16666666666666666 3
          3.333333333333333 0.16666666666666666 3
          3.5 0.16666666666666666 3
          3.6666666666666665 0.16666666666666666 3
          3.833333333333333 0.16666666666666666 3
          4 0.16666666666666666 3
          4.1666666666666661 0.16666666666666666 3
          4.333333333333333 0.16666666666666666 3
          4.5 0.16666666666666666 3
          4.6666666666666661 0.16666666666666666 3
          4.833333333333333 0.16666666666666666 3
          5 0.16666666666666666 3
          5.1666666666666661 0.16666666666666666 3
          5.333333333333333 0.16666666666666666 3
          5.5 0.16666666666666666 3
          5.6666666666666661 0.16666666666666666 3
          5.833333333333333 0.16666666666666666 3
          6 0.16666666666666666 3
          6.1666666666666661 0.16666666666666666 3
          6.333333333333333 0.16666666666666666 3
          6.5 0.16666666666666666 3
          6.6666666666666661 0.16666666666666666 3
          6.833333333333333 0.16666666666666666 3
          7 0.16666666666666666 3
          0 0.33333333333333331 3
          0.16666666666666666 0.33333333333333331 3
          0.33333333333333331 0.33333333333333331 3
          0.5 0.33333333333333331 3
          0.66666666666666663 0.33333333333333331 3
          0.83333333333333326 0.33333333333333331 3
          1 0.33333333333333331 3
          1.1666666666666665 0.33333333333333331 3
          1.3333333333333333 0.33333333333333331 3
          1.5 0.33333333333333331 3
          1.6666666666666665 0.33333333333333331 3
          1.8333333333333333 0.33333333333333331 3
          2 0.33333333333333331 3
          2.1666666666666665 0.33333333333333331 3
          2.333333333333333 0.33333333333333331 3
          2.5 0.33333333333333331 3
          2.6666666666666665 0.33333333333333331 3
          2.833333333333333 0.33333333333333331 3
          3 0.33333333333333331 3
          3.1666666666666665 0.33333333333333331 3
          3.333333333333333 0.33333333333333331 3
          3.5 0.33333333333333331 3
          3.6666666666666665 0.33333333333333331 3
          3.833333333333333 0.33333333333333331 3
          4 0.33333333333333331 3
          4.1666666666666661 0.33333333333333331 3
          4.333333333333333 0.33333333333333331 3
          4.5 0.33333333333333331 3
          4.6666666666666661 0.33333333333333331 3
          4.833333333333333 0.33333333333333331 3
          5 0.33333333333333331 3
          5.1666666666666661 0.33333333333333331 3
          5.333333333333333 0.33333333333333331 3
          5.5 0.33333333333333331 3
          5.6666666666666661 0.33333333333333331 3
          5.833333333333333 0.33333333333333331 3
          6 0.33333333333333331 3
          6.1666666666666661 0.33333333333333331 3
          6.333333333333333 0.33333333333333331 3
          6.5 0.33333333333333331 3
          6.6666666666666661 0.33333333333333331 3
          6.833333333333333 0.33333333333333331 3
          7 0.33333333333333331 3
          0 0.5 3
          0.16666666666666666 0.5 3
          0.33333333333333331 0.5 3
          0.5 0.5 3
          0.66666666666666663 0.5 3
          0.83333333333333326 0.5 3
          1 0.5 3
          1.1666666666666665 0.5 3
          1.3333333333333333 0.5 3
          1.5 0.5 3
          1.6666666666666665 0.5 3
          1.8333333333333333 0.5 3
          2 0.5 3
          2.1666666666666665 0.5 3
          2.333333333333333 0.5 3
          2.5 0.5 3
          2.6666666666666665 0.5 3
          2.833333333333333 0.5 3
          3 0.5 3
          3.1666666666666665 0.5 3
          3.333333333333333 0.5 3
          3.5 0.5 3
          3.6666666666666665 0.5 3
          3.833333333333333 0.5 3
          4 0.5 3
          4.1666666666666661 0.5 3
          4.333333333333333 0.5 3
          4.5 0.5 3
          4.6666666666666661 0.5 3
          4.833333333333333 0.5 3
          5 0.5 3
          5.1666666666666661 0.5 3
          5.333333333333333 0.5 3
          5.5 0.5 3
          5.6666666666666661 0.5 3
          5.833333333333333 0.5 3
          6 0.5 3
          6.1666666666666661 0.5 3
          6.333333333333333 0.5 3
          6.5 0.5 3
          6.6666666666666661 0.5 3
          6.833333333333333 0.5 3
          7 0.5 3
          0 0.66666666666666663 3
          0.16666666666666666 0.66666666666666663 3
          0.33333333333333331 0.66666666666666663 3
          0.5 0.66666666666666663 3
          0.66666666666666663 0.66666666666666663 3
          0.83333333333333326 0.66666666666666663 3
          1 0.66666666666666663 3
          1.1666666666666665 0.66666666666666663 3
          1.3333333333333333 0.66666666666666663 3
          1.5 0.66666666666666663 3
          1.6666666666666665 0.66666666666666663 3
          1.8333333333333333 0.66666666666666663 3
          2 0.66666666666666663 3
          2.1666666666666665 0.66666666666666663 3
          2.333333333333333 0.66666666666666663 3
          2.5 0.66666666666666663 3
          2.6666666666666665 0.66666666666666663 3
          2.833333333333333 0.66666666666666663 3
          3 0.66666666666666663 3
          3.1666666666666665 0.66666666666666663 3
          3.333333333333333 0.66666666666666663 3
          3.5 0.66666666666666663 3
          3.6666666666666665 0.66666666666666663 3
          3.833333333333333 0.66666666666666663 3
          4 0.66666666666666663 3
          4.1666666666666661 0.66666666666666663 3
          4.333333333333333 0.66666666666666663 3
          4.5 0.66666666666666663 3
          4.6666666666666661 0.66666666666666663 3
          4.833333333333333 0.66666666666666663 3
          5 0.66666666666666663 3
          5.1666666666666661 0.66666666666666663 3
          5.333333333333333 0.66666666666666663 3
          5.5 0.66666666666666663 3
          5.6666666666666661 0.66666666666666663 3
          5.833333333333333 0.66666666666666663 3
          6 0.66666666666666663 3
          6.1666666666666661 0.66666666666666663 3
          6.333333333333333 0.66666666666666663 3
          6.5 0.66666666666666663 3
          6.6666666666666661 0.66666666666666663 3
          6.833333333333333 0.66666666666666663 3
          7 0.66666666666666663 3
          0 0.83333333333333326 3
          0.16666666666666666 0.83333333333333326 3
          0.33333333333333331 0.83333333333333326 3
          0.5 0.83333333333333326 3
          0.66666666666666663 0.83333333333333326 3
          0.83333333333333326 0.83333333333333326 3
          1 0.83333333333333326 3
          1.1666666666666665 0.83333333333333326 3
          1.3333333333333333 0.83333333333333326 3
          1.5 0.83333333333333326 3
          1.6666666666666665 0.83333333333333326 3
          1.8333333333333333 0.83333333333333326 3
          2 0.83333333333333326 3
          2.1666666666666665 0.83333333333333326 3
          2.333333333333333 0.83333333333333326 3
          2.5 0.83333333333333326 3
          2.6666666666666665 0.83333333333333326 3
          2.833333333333333 0.83333333333333326 3
          3 0.83333333333333326 3
          3.1666666666666665 0.83333333333333326 3
          3.333333333333333 0.83333333333333326 3
          3.5 0.83333333333333326 3
          3.6666666666666665 0.83333333333333326 3
          3.833333333333333 0.83333333333333326 3
          4 0.83333333333333326 3
          4.1666666666666661 0.83333333333333326 3
          4.333333333333333 0.83333333333333326 3
          4.5 0.83333333333333326 3
          4.6666666666666661 0.83333333333333326 3
          4.833333333333333 0.83333333333333326 3
          5 0.83333333333333326 3
          5.1666666666666661 0.83333333333333326 3
          5.333333333333333 0.83333333333333326 3
          5.5 0.83333333333333326 3
          5.6666666666666661 0.83333333333333326 3
          5.833333333333333 0.83333333333333326 3
          6 0.83333333333333326 3
          6.1666666666666661 0.83333333333333326 3
          6.333333333333333 0.83333333333333326 3
          6.5 0.83333333333333326 3
          6.6666666666666661 0.83333333333333326 3
          6.833333333333333 0.83333333333333326 3
          7 0.83333333333333326 3
          0 1 3
          0.16666666666666666 1 3
          0.33333333333333331 1 3
          0.5 1 3
          0.66666666666666663 1 3
          0.83333333333333326 1 3
          1 1 3
          1.1666666666666665 1 3
          1.3333333333333333 1 3
          1.5 1 3
          1.6666666666666665 1 3
          1.8333333333333333 1 3
          2 1 3
          2.1666666666666665 1 3
          2.333333333333333 1 3
          2.5 1 3
          2.6666666666666665 1 3
          2.833333333333333 1 3
          3 1 3
          3.1666666666666665 1 3
          3.333333333333333 1 3
          3.5 1 3
          3.6666666666666665 1 3
          3.833333333333333 1 3
          4 1 3
          4.1666666666666661 1 3
          4.333333333333333 1 3
          4.5 1 3
          4.6666666666666661 1 3
          4.833333333333333 1 3
          5 1 3
          5.1666666666666661 1 3
          5.333333333333333 1 3
          5.5 1 3
          5.6666666666666661 1 3
          5.833333333333333 1 3
          6 1 3
          6.1666666666666661 1 3
          6.333333333333333 1 3
          6.5 1 3
          6.6666666666666661 1 3
          6.833333333333333 1 3
          7 1 3
          0 1.1666666666666665 3
          0.16666666666666666 1.1666666666666665 3
          0.33333333333333331 1.1666666666666665 3
          0.5 1.1666666666666665 3
          0.66666666666666663 1.1666666666666665 3
          0.83333333333333326 1.1666666666666665 3
          1 1.1666666666666665 3
          1.1666666666666665 1.1666666666666665 3
          1.3333333333333333 1.1666666666666665 3
          1.5 1.1666666666666665 3
          1.6666666666666665 1.1666666666666665 3
          1.8333333333333333 1.1666666666666665 3
          2 1.1666666666666665 3
          2.1666666666666665 1.1666666666666665 3
          2.333333333333333 1.1666666666666665 3
          2.5 1.1666666666666665 3
          2.6666666666666665 1.1666666666666665 3
          2.833333333333333 1.1666666666666665 3
          3 1.1666666666666665 3
          3.1666666666666665 1.1666666666666665 3
          3.333333333333333 1.1666666666666665 3
          3.5 1.1666666666666665 3
          3.6666666666666665 1.1666666666666665 3
          3.833333333333333 1.1666666666666665 3
          4 1.1666666666666665 3
          4.1666666666666661 1.1666666666666665 3
          4.333333333333333 1.1666666666666665 3
          4.5 1.1666666666666665 3
          4.6666666666666661 1.1666666666666665 3
          4.833333333333333 1.1666666666666665 3
          5 1.1666666666666665 3
          5.1666666666666661 1.1666666666666665 3
          5.333333333333333 1.1666666666666665 3
          5.5 1.1666666666666665 3
          5.6666666666666661 1.1666666666666665 3
          5.833333333333333 1.1666666666666665 3
          6 1.1666666666666665 3
          6.1666666666666661 1.1666666666666665 3
          6.333333333333333 1.1666666666666665 3
          6.5 1.1666666666666665 3
          6.6666666666666661 1.1666666666666665 3
          6.833333333333333 1.1666666666666665 3
          7 1.1666666666666665 3
          0 1.3333333333333333 3
          0.16666666666666666 1.3333333333333333 3
          0.33333333333333331 1.3333333333333333 3
          0.5 1.3333333333333333 3
          0.66666666666666663 1.3333333333333333 3
          0.83333333333333326 1.3333333333333333 3
          1 1.3333333333333333 3
          1.1666666666666665 1.3333333333333333 3
          1.3333333333333333 1.3333333333333333 3
          1.5 1.3333333333333333 3
          1.6666666666666665 1.3333333333333333 3
          1.8333333333333333 1.3333333333333333 3
          2 1.3333333333333333 3
          2.1666666666666665 1.3333333333333333 3
          2.333333333333333 1.3333333333333333 3
          2.5 1.3333333333333333 3
          2.6666666666666665 1.3333333333333333 3
          2.833333333333333 1.3333333333333333 3
          3 1.3333333333333333 3
          3.1666666666666665 1.3333333333333333 3
          3.333333333333333 1.3333333333333333 3
          3.5 1.3333333333333333 3
          3.6666666666666665 1.3333333333333333 3
          3.833333333333333 1.3333333333333333 3
          4 1.3333333333333333 3
          4.1666666666666661 1.3333333333333333 3
          4.333333333333333 1.3333333333333333 3
          4.5 1.3333333333333333 3
          4.6666666666666661 1.3333333333333333 3
          4.833333333333333 1.3333333333333333 3
          5 1.3333333333333333 3
          5.1666666666666661 1.3333333333333333 3
          5.333333333333333 1.3333333333333333 3
          5.5 1.3333333333333333 3
          5.6666666666666661 1.3333333333333333 3
          5.833333333333333 1.3333333333333333 3
          6 1.3333333333333333 3
          6.1666666666666661 1.3333333333333333 3
          6.333333333333333 1.3333333333333333 3
          6.5 1.3333333333333333 3
          6.6666666666666661 1.3333333333333333 3
          6.833333333333333 1.3333333333333333 3
          7 1.3333333333333333 3
          0 1.5 3
          0.16666666666666666 1.5 3
          0.33333333333333331 1.5 3
          0.5 1.5 3
          0.66666666666666663 1.5 3
          0.83333333333333326 1.5 3
          1 1.5 3
          1.1666666666666665 1.5 3
          1.3333333333333333 1.5 3
          1.5 1.5 3
          1.6666666666666665 1.5 3
          1.8333333333333333 1.5 3
          2 1.5 3
          2.1666666666666665 1.5 3
          2.333333333333333 1.5 3
          2.5 1.5 3
          2.6666666666666665 1.5 3
          2.833333333333333 1.5 3
          3 1.5 3
          3.1666666666666665 1.5 3
          3.333333333333333 1.5 3
          3.5 1.5 3
          3.6666666666666665 1.5 3
          3.833333333333333 1.5 3
          4 1.5 3
          4.1666666666666661 1.5 3
          4.333333333333333 1.5 3
          4.5 1.5 3
          4.6666666666666661 1.5 3
          4.833333333333333 1.5 3
          5 1.5 3
          5.1666666666666661 1.5 3
          5.333333333333333 1.5 3
          5.5 1.5 3
          5.6666666666666661 1.5 3
          5.833333333333333 1.5 3
          6 1.5 3
          6.1666666666666661 1.5 3
          6.333333333333333 1.5 3
          6.5 1.5 3
          6.6666666666666661 1.5 3
          6.833333333333333 1.5 3
          7 1.5 3
          0 1.6666666666666665 3
          0.16666666666666666 1.6666666666666665 3
          0.33333333333333331 1.6666666666666665 3
          0.5 1.6666666666666665 3
          0.66666666666666663 1.6666666666666665 3
          0.83333333333333326 1.6666666666666665 3
          1 1.6666666666666665 3
          1.1666666666666665 1.6666666666666665 3
          1.3333333333333333 1.6666666666666665 3
          1.5 1.6666666666666665 3
          1.6666666666666665 1.6666666666666665 3
          1.8333333333333333 1.6666666666666665 3
          2 1.6666666666666665 3
          2.1666666666666665 1.6666666666666665 3
          2.333333333333333 1.6666666666666665 3
          2.5 1.6666666666666665 3
          2.6666666666666665 1.6666666666666665 3
          2.833333333333333 1.6666666666666665 3
          3 1.6666666666666665 3
          3.1666666666666665 1.6666666666666665 3
          3.333333333333333 1.6666666666666665 3
          3.5 1.6666666666666665 3
          3.6666666666666665 1.6666666666666665 3
          3.833333333333333 1.6666666666666665 3
          4 1.6666666666666665 3
          4.1666666666666661 1.6666666666666665 3
          4.333333333333333 1.6666666666666665 3
          4.5 1.6666666666666665 3
          4.6666666666666661 1.6666666666666665 3
          4.833333333333333 1.6666666666666665 3
          5 1.6666666666666665 3
          5.1666666666666661 1.6666666666666665 3
          5.333333333333333 1.6666666666666665 3
          5.5 1.6666666666666665 3
          5.6666666666666661 1.6666666666666665 3
          5.833333333333333 1.6666666666666665 3
          6 1.6666666666666665 3
          6.1666666666666661 1.6666666666666665 3
          6.333333333333333 1.6666666666666665 3
          6.5 1.6666666666666665 3
          6.6666666666666661 1.6666666666666665 3
          6.833333333333333 1.6666666666666665 3
          7 1.6666666666666665 3
          0 1.8333333333333333 3
          0.16666666666666666 1.8333333333333333 3
          0.33333333333333331 1.8333333333333333 3
          0.5 1.8333333333333333 3
          0.66666666666666663 1.8333333333333333 3
          0.83333333333333326 1.8333333333333333 3
          1 1.8333333333333333 3
          1.1666666666666665 1.8333333333333333 3
          1.3333333333333333 1.8333333333333333 3
          1.5 1.8333333333333333 3
          1.6666666666666665 1.8333333333333333 3
          1.8333333333333333 1.8333333333333333 3
          2 1.8333333333333333 3
          2.1666666666666665 1.8333333333333333 3
          2.333333333333333 1.8333333333333333 3
          2.5 1.8333333333333333 3
          2.6666666666666665 1.8333333333333333 3
          2.833333333333333 1.8333333333333333 3
          3 1.8333333333333333 3
          3.1666666666666665 1.8333333333333333 3
          3.333333333333333 1.8333333333333333 3
          3.5 1.8333333333333333 3
          3.6666666666666665 1.8333333333333333 3
          3.833333333333333 1.8333333333333333 3
          4 1.8333333333333333 3
          4.1666666666666661 1.8333333333333333 3
          4.333333333333333 1.8333333333333333 3
          4.5 1.8333333333333333 3
          4.6666666666666661 1.8333333333333333 3
          4.833333333333333 1.8333333333333333 3
          5 1.8333333333333333 3
          5.1666666666666661 1.8333333333333333 3
          5.333333333333333 1.8333333333333333 3
          5.5 1.8333333333333333 3
          5.6666666666666661 1.8333333333333333 3
          5.833333333333333 1.8333333333333333 3
          6 1.8333333333333333 3
          6.1666666666666661 1.8333333333333333 3
          6.333333333333333 1.8333333333333333 3
          6.5 1.8333333333333333 3
          6.6666666666666661 1.8333333333333333 3
          6.833333333333333 1.8333333333333333 3
          7 1.8333333333333333 3
          0 2 3
          0.16666666666666666 2 3
          0.33333333333333331 2 3
          0.5 2 3
          0.66666666666666663 2 3
          0.83333333333333326 2 3
          1 2 3
          1.1666666666666665 2 3
          1.3333333333333333 2 3
          1.5 2 3
          1.6666666666666665 2 3
          1.8333333333333333 2 3
          2 2 3
          2.1666666666666665 2 3
          2.333333333333333 2 3
          2.5 2 3
          2.6666666666666665 2 3
          2.833333333333333 2 3
          3 2 3
          3.1666666666666665 2 3
          3.333333333333333 2 3
          3.5 2 3
          3.6666666666666665 2 3
          3.833333333333333 2 3
          4 2 3
          4.1666666666666661 2 3
          4.333333333333333 2 3
          4.5 2 3
          4.6666666666666661 2 3
          4.833333333333333 2 3
          5 2 3
          5.1666666666666661 2 3
          5.333333333333333 2 3
          5.5 2 3
          5.6666666666666661 2 3
          5.833333333333333 2 3
          6 2 3
          6.1666666666666661 2 3
          6.333333333333333 2 3
          6.5 2 3
          6.6666666666666661 2 3
          6.833333333333333 2 3
          7 2 3
          0 2.1666666666666665 3
          0.16666666666666666 2.1666666666666665 3
          0.33333333333333331 2.1666666666666665 3
          0.5 2.1666666666666665 3
          0.66666666666666663 2.1666666666666665 3
          0.83333333333333326 2.1666666666666665 3
          1 2.1666666666666665 3
          1.1666666666666665 2.1666666666666665 3
          1.3333333333333333 2.1666666666666665 3
          1.5 2.1666666666666665 3
          1.6666666666666665 2.1666666666666665 3
          1.8333333333333333 2.1666666666666665 3
          2 2.1666666666666665 3
          2.1666666666666665 2.1666666666666665 3
          2.333333333333333 2.1666666666666665 3
          2.5 2.1666666666666665 3
          2.6666666666666665 2.1666666666666665 3
          2.833333333333333 2.1666666666666665 3
          3 2.1666666666666665 3
          3.1666666666666665 2.1666666666666665 3
          3.333333333333333 2.1666666666666665 3
          3.5 2.1666666666666665 3
          3.6666666666666665 2.1666666666666665 3
          3.833333333333333 2.1666666666666665 3
          4 2.1666666666666665 3
          4.1666666666666661 2.1666666666666665 3
          4.333333333333333 2.1666666666666665 3
          4.5 2.1666666666666665 3
          4.6666666666666661 2.1666666666666665 3
          4.833333333333333 2.1666666666666665 3
          5 2.1666666666666665 3
          5.1666666666666661 2.1666666666666665 3
          5.333333333333333 2.1666666666666665 3
          5.5 2.1666666666666665 3
          5.6666666666666661 2.1666666666666665 3
          5.833333333333333 2.1666666666666665 3
          6 2.1666666666666665 3
          6.1666666666666661 2.1666666666666665 3
          6.333333333333333 2.1666666666666665 3
          6.5 2.1666666666666665 3
          6.6666666666666661 2.1666666666666665 3
          6.833333333333333 2.1666666666666665 3
          7 2.1666666666666665 3
          0 2.333333333333333 3
          0.16666666666666666 2.333333333333333 3
          0.33333333333333331 2.333333333333333 3
          0.5 2.333333333333333 3
          0.66666666666666663 2.333333333333333 3
          0.83333333333333326 2.333333333333333 3
          1 2.333333333333333 3
          1.1666666666666665 2.333333333333333 3
          1.3333333333333333 2.333333333333333 3
          1.5 2.333333333333333 3
          1.6666666666666665 2.333333333333333 3
          1.8333333333333333 2.333333333333333 3
          2 2.333333333333333 3
          2.1666666666666665 2.333333333333333 3
          2.333333333333333 2.333333333333333 3
          2.5 2.333333333333333 3
          2.6666666666666665 2.333333333333333 3
          2.833333333333333 2.333333333333333 3
          3 2.333333333333333 3
          3.1666666666666665 2.333333333333333 3
          3.333333333333333 2.333333333333333 3
          3.5 2.333333333333333 3
          3.6666666666666665 2.333333333333333 3
          3.833333333333333 2.333333333333333 3
          4 2.333333333333333 3
          4.1666666666666661 2.333333333333333 3
          4.333333333333333 2.333333333333333 3
          4.5 2.333333333333333 3
          4.6666666666666661 2.333333333333333 3
          4.833333333333333 2.333333333333333 3
          5 2.333333333333333 3
          5.1666666666666661 2.333333333333333 3
          5.333333333333333 2.333333333333333 3
          5.5 2.333333333333333 3
          5.6666666666666661 2.333333333333333 3
          5.833333333333333 2.333333333333333 3
          6 2.333333333333333 3
          6.1666666666666661 2.333333333333333 3
          6.333333333333333 2.333333333333333 3
          6.5 2.333333333333333 3
          6.6666666666666661 2.333333333333333 3
          6.833333333333333 2.333333333333333 3
          7 2.333333333333333 3
          0 2.5 3
          0.16666666666666666 2.5 3
          0.33333333333333331 2.5 3
          0.5 2.5 3
          0.66666666666666663 2.5 3
          0.83333333333333326 2.5 3
          1 2.5 3
          1.1666666666666665 2.5 3
          1.3333333333333333 2.5 3
          1.5 2.5 3
          1.6666666666666665 2.5 3
          1.8333333333333333 2.5 3
          2 2.5 3
          2.1666666666666665 2.5 3
          2.333333333333333 2.5 3
          2.5 2.5 3
          2.6666666666666665 2.5 3
          2.833333333333333 2.5 3
          3 2.5 3
          3.1666666666666665 2.5 3
          3.333333333333333 2.5 3
          3.5 2.5 3
          3.6666666666666665 2.5 3
          3.833333333333333 2.5 3
          4 2.5 3
          4.1666666666666661 2.5 3
          4.333333333333333 2.5 3
          4.5 2.5 3
          4.6666666666666661 2.5 3
          4.833333333333333 2.5 3
          5 2.5 3
          5.1666666666666661 2.5 3
          5.333333333333333 2.5 3
          5.5 2.5 3
          5.6666666666666661 2.5 3
          5.833333333333333 2.5 3
          6 2.5 3
          6.1666666666666661 2.5 3
          6.333333333333333 2.5 3
          6.5 2.5 3
          6.6666666666666661 2.5 3
          6.833333333333333 2.5 3
          7 2.5 3
          0 2.6666666666666665 3
          0.16666666666666666 2.6666666666666665 3
          0.33333333333333331 2.6666666666666665 3
          0.5 2.6666666666666665 3
          0.66666666666666663 2.6666666666666665 3
          0.83333333333333326 2.6666666666666665 3
          1 2.6666666666666665 3
          1.1666666666666665 2.6666666666666665 3
          1.3333333333333333 2.6666666666666665 3
          1.5 2.6666666666666665 3
          1.6666666666666665 2.6666666666666665 3
          1.8333333333333333 2.6666666666666665 3
          2 2.6666666666666665 3
          2.1666666666666665 2.6666666666666665 3
          2.333333333333333 2.6666666666666665 3
          2.5 2.6666666666666665 3
          2.6666666666666665 2.6666666666666665 3
          2.833333333333333 2.6666666666666665 3
          3 2.6666666666666665 3
          3.1666666666666665 2.6666666666666665 3
          3.333333333333333 2.6666666666666665 3
          3.5 2.6666666666666665 3
          3.6666666666666665 2.6666666666666665 3
          3.833333333333333 2.6666666666666665 3
          4 2.6666666666666665 3
          4.1666666666666661 2.6666666666666665 3
          4.333333333333333 2.6666666666666665 3
          4.5 2.6666666666666665 3
          4.6666666666666661 2.6666666666666665 3
          4.833333333333333 2.6666666666666665 3
          5 2.6666666666666665 3
          5.1666666666666661 2.6666666666666665 3
          5.333333333333333 2.6666666666666665 3
          5.5 2.6666666666666665 3
          5.6666666666666661 2.6666666666666665 3
          5.833333333333333 2.6666666666666665 3
          6 2.6666666666666665 3
          6.1666666666666661 2.6666666666666665 3
          6.333333333333333 2.6666666666666665 3
          6.5 2.6666666666666665 3
          6.6666666666666661 2.6666666666666665 3
          6.833333333333333 2.6666666666666665 3
          7 2.6666666666666665 3
          0 2.833333333333333 3
          0.16666666666666666 2.833333333333333 3
          0.33333333333333331 2.833333333333333 3
          0.5 2.833333333333333 3
          0.66666666666666663 2.833333333333333 3
          0.83333333333333326 2.833333333333333 3
          1 2.833333333333333 3
          1.1666666666666665 2.833333333333333 3
          1.3333333333333333 2.833333333333333 3
          1.5 2.833333333333333 3
          1.6666666666666665 2.833333333333333 3
          1.8333333333333333 2.833333333333333 3
          2 2.833333333333333 3
          2.1666666666666665 2.833333333333333 3
          2.333333333333333 2.833333333333333 3
          2.5 2.833333333333333 3
          2.6666666666666665 2.833333333333333 3
          2.833333333333333 2.833333333333333 3
          3 2.833333333333333 3
          3.1666666666666665 2.833333333333333 3
          3.333333333333333 2.833333333333333 3
          3.5 2.833333333333333 3
          3.6666666666666665 2.833333333333333 3
          3.833333333333333 2.833333333333333 3
          4 2.833333333333333 3
          4.1666666666666661 2.833333333333333 3
          4.333333333333333 2.833333333333333 3
          4.5 2.833333333333333 3
          4.6666666666666661 2.833333333333333 3
          4.833333333333333 2.833333333333333 3
          5 2.833333333333333 3
          5.1666666666666661 2.833333333333333 3
          5.333333333333333 2.833333333333333 3
          5.5 2.833333333333333 3
          5.6666666666666661 2.833333333333333 3
          5.833333333333333 2.833333333333333 3
          6 2.833333333333333 3
          6.1666666666666661 2.833333333333333 3
          6.333333333333333 2.833333333333333 3
          6.5 2.833333333333333 3
          6.6666666666666661 2.833333333333333 3
          6.833333333333333 2.833333333333333 3
          7 2.833333333333333 3
          0 3 3
          0.16666666666666666 3 3
          0.33333333333333331 3 3
          0.5 3 3
          0.66666666666666663 3 3
          0.83333333333333326 3 3
          1 3 3
          1.1666666666666665 3 3
          1.3333333333333333 3 3
          1.5 3 3
          1.6666666666666665 3 3
          1.8333333333333333 3 3
          2 3 3
          2.1666666666666665 3 3
          2.333333333333333 3 3
          2.5 3 3
          2.6666666666666665 3 3
          2.833333333333333 3 3
          3 3 3
          3.1666666666666665 3 3
          3.333333333333333 3 3
          3.5 3 3
          3.6666666666666665 3 3
          3.833333333333333 3 3
          4 3 3
          4.1666666666666661 3 3
          4.333333333333333 3 3
          4.5 3 3
          4.6666666666666661 3 3
          4.833333333333333 3 3
          5 3 3
          5.1666666666666661 3 3
          5.333333333333333 3 3
          5.5 3 3
          5.6666666666666661 3 3
          5.833333333333333 3 3
          6 3 3
          6.1666666666666661 3 3
          6.333333333333333 3 3
          6.5 3 3
          6.6666666666666661 3 3
          6.833333333333333 3 3
          7 3 3
        </DataArray>
      </Points>
      <Cells>
        <DataArray type="Int64" Name="connectivity" format="ascii">
          0 3 132 129 2451 2454 2583 2580 1 2 46 89 130 131 43 86 2452 2453 2497 2540 2581 2582 2494 2537 817 1634 820 1637 946 1763 949 1766 860 903 1677 1720 863 906 1680 1723 818 819 1635 1636 947 948 1764 1765 44 45 87 88 2495 2496 2538 2539 861 862 904 905 1678 1679 1721 1722
          3 6 135 132 2454 2457 2586 2583 4 5 49 92 133 134 46 89 2455 2456 2500 2543 2584 2585 2497 2540 820 1637 823 1640 949 1766 952 1769 863 906 1680 1723 866 909 1683 1726 821 822 1638 1639 950 951 1767 1768 47 48 90 91 2498 2499 2541 2542 864 865 907 908 1681 1682 1724 1725
          6 9 138 135 2457 2460 2589 2586 7 8 52 95 136 137 49 92 2458 2459 2503 2546 2587 2588 2500 2543 823 1640 826 1643 952 1769 955 1772 866 909 1683 1726 869 912 1686 1729 824 825 1641 1642 953 954 1770 1771 50 51 93 94 2501 2502 2544 2545 867 868 910 911 1684 1685 1727 1728
          9 12 141 138 2460 2463 2592 2589 10 11 55 98 139 140 52 95 2461 2462 2506 2549 2590 2591 2503 2546 826 1643 829 1646 955 1772 958 1775 869 912 1686 1729 872 915 1689 1732 827 828 1644 1645 956 957 1773 1774 53 54 96 97 2504 2505 2547 2548 870 871 913 914 1687 1688 1730 1731
          12 15 144 141 2463 2466 2595 2592 13 14 58 101 142 143 55 98 2464 2465 2509 2552 2593 2594 2506 2549 829 1646 832 1649 958 1775 961 1778 872 915 1689 1732 875 918 1692 1735 830 831 1647 1648 959 960 1776 1777 56 57 99 100 2507 2508 2550 2551 873 874 916 917 1690 1691 1733 1734
          15 18 147 144 2466 2469 2598 2595 16 17 61 104 145 146 58 101 2467 2468 2512 2555 2596 2597 2509 2552 832 1649 835 1652 961 1778 964 1781 875 918 1692 1735 878 921 1695 1738 833 834 1650 1651 962 963 1779 1780 59 60 102 103 2510 2511 2553 2554 876 877 919 920 1693 1694 1736 1737
          18 21 150 147 2469 2472 2601 2598 19 20 64 107 148 149 61 104 2470 2471 2515 2558 2599 2600 2512 2555 835 1652 838 1655 964 1781 967 1784 878 921 1695 1738 881 924 1698 1741 836 837 1653 1654 965 966 1782 1783 62 63 105 106 2513 2514 2556 2557 879 880 922 923 1696 1697 1739 1740
          21 24 153 150 2472 2475 2604 2601 22 23 67 110 151 152 64 107 2473 2474 2518 2561 2602 2603 2515 2558 838 1655 841 1658 967 1784 970 1787 881 924 1698 1741 884 927 1701 1744 839 840 1656 1657 968 969 1785 1786 65 66 108 109 2516 2517 2559 2560 882 883 925 926 1699 1700 1742 1743
          24 27 156 153 2475 2478 2607 2604 25 26 70 113 154 155 67 110 2476 2477 2521 2564 2605 2606 2518 2561 841 1658 844 1661 970 1787 973 1790 884 927 1701 1744 887 930 1704 1747 842 843 1659 1660 971 972 1788 1789 68 69 111 112 2519 2520 2562 2563 885 886 928 929 1702 1703 1745 1746
          27 30 159 156 2478 2481 2610 2607 28 29 73 116 157 158 70 113 2479 2480 2524 2567 2608 2609 2521 2564 844 1661 847 1664 973 1790 976 1793 887 930 1704 1747 890 933 1707 1750 845 846 1662 1663 974 975 1791 1792 71 72 114 115 2522 2523 2565 2566 888 889 931 932 1705 1706 1748 1749
          30 33 162 159 2481 2484 2613 2610 31 32 76 119 160 161 73 116 2482 2483 2527 2570 2611 2612 2524 2567 847 1664 850 1667 976 1793 979 1796 890 933 1707 1750 893 936 1710 1753 848 849 1665 1666 977 978 1794 1795 74 75 117 118 2525 2526 2568 2569 891 892 934 935 1708 1709 1751 1752
          33 36 165 162 2484 2487 2616 2613 34 35 79 122 163 164 76 119 2485 2486 2530 2573 2614 2615 2527 2570 850 1667 853 1670 979 1796 982 1799 893 936 1710 1753 896 939 1713 1756 851 852 1668 1669 980 981 1797 1798 77 78 120 121 2528 2529 2571 2572 894 895 937 938 1711 1712 1754 1755
          36 39 168 165 2487 2490 2619 2616 37 38 82 125 166 167 79 122 2488 2489 2533 2576 2617 2618 2530 2573 853 1670 856 1673 982 1799 985 1802 896 939 1713 1756 899 942 1716 1759 854 855 1671 1672 983 984 1800 1801 80 81 123 124 2531 2532 2574 2575 897 898 940 941 1714 1715 1757 1758
          39 42 171 168 2490 2493 2622 2619 40 41 85 128 169 170 82 125 2491 2492 2536 2579 2620 2621 2533 2576 856 1673 859 1676 985 1802 988 1805 899 942 1716 1759 902 945 1719 1762 857 858 1674 1675 986 987 1803 1804 83 84 126 127 2534 2535 2577 2578 900 901 943 944 1717 1718 1760 1761
          129 132 261 258 2580 2583 2712 2709 130 131 175 218 259 260 172 215 2581 2582 2626 2669 2710 2711 2623 2666 946 1763 949 1766 1075 1892 1078 1895 989 1032 1806 1849 992 1035 1809 1852 947 948 1764 1765 1076 1077 1893 1894 173 174 216 217 2624 2625 2667 2668 990 991 1033 1034 1807 1808 1850 1851
          132 135 264 261 2583 2586 2715 2712 133 134 178 221 262 263 175 218 2584 2585 2629 2672 2713 2714 2626 2669 949 1766 952 1769 1078 1895 1081 1898 992 1035 1809 1852 995 1038 1812 1855 950 951 1767 1768 1079 1080 1896 1897 176 177 219 220 2627 2628 2670 2671 993 994 1036 1037 1810 1811 1853 1854
          135 138 267 264 2586 2589 2718 2715 136 137 181 224 265 266 178 221 2587 2588 2632 2675 2716 2717 2629 2672 952 1769 955 1772 1081 1898 1084 1901 995 1038 1812 1855 998 1041 1815 1858 953 954 1770 1771 1082 1083 1899 1900 179 180 222 223 2630 2631 2673 2674 996 997 1039 1040 1813 1814 1856 1857
          138 141 270 267 2589 2592 2721 2718 139 140 184 227 268 269 181 224 2590 2591 2635 2678 2719 2720 2632 2675 955 1772 958 1775 1084 1901 1087 1904 998 1041 1815 1858 1001 1044 1818 1861 956 957 1773 1774 1085 1086 1902 1903 182 183 225 226 2633 2634 2676 2677 999 1000 1042 1043 1816 1817 1859 1860
          141 144 273 270 2592 2595 2724 2721 142 143 187 230 271 272 184 227 2593 2594 2638 2681 2722 2723 2635 2678 958 1775 961 1778 1087 1904 1090 1907 1001 1044 1818 1861 1004 1047 1821 1864 959 960 1776 1777 1088 1089 1905 1906 185 186 228 229 2636 2637 2679 2680 1002 1003 1045 1046 1819 1820 1862 1863
          144 147 276 273 2595 2598 2727 2724 145 146 190 233 274 275 187 230 2596 2597 2641 2684 2725 2726 2638 2681 961 1778 964 1781 1090 1907 1093 1910 1004 1047 1821 1864 1007 1050 1824 1867 962 963 1779 1780 1091 1092 1908 1909 188 189 231 232 2639 2640 2682 2683 1005 1006 1048 1049 1822 1823 1865 1866
          147 150 279 276 2598 2601 2730 2727 148 149 193 236 277 278 190 233 2599 2600 2644 2687 2728 2729 2641 2684 964 1781 967 1784 1093 1910 1096 1913 1007 1050 1824 1867 1010 1053 1827 1870 965 966 1782 1783 1094 1095 1911 1912 191 192 234 235 2642 2643 2685 2686 1008 1009 1051 1052 1825 1826 1868 1869
          150 153 282 279 2601 2604 2733 2730 151 152 196 239 280 281 193 236 2602 2603 2647 2690 2731 2732 2644 2687 967 1784 970 1787 1096 1913 1099 1916 1010 1053 1827 1870 1013 1056 1830 1873 968 969 1785 1786 1097 1098 1914 1915 194 195 237 238 2645 2646 2688 2689 1011 1012 1054 1055 1828 1829 1871 1872
          153 156 285 282 2604 2607 2736 2733 154 155 199 242 283 284 196 239 2605 2606 2650 2693 2734 2735 2647 2690 970 1787 973 1790 1099 1916 1102 1919 1013 1056 1830 1873 1016 1059 1833 1876 971 972 1788 1789 1100 1101 1917 1918 197 198 240 241 2648 2649 2691 2692 1014 1015 1057 1058 1831 1832 1874 1875
          156 159 288 285 2607 2610 2739 2736 157 158 202 245 286 287 199 242 2608 2609 2653 2696 2737 2738 2650 2693 973 1790 976 1793 1102 1919 1105 1922 1016 1059 1833 1876 1019 1062 1836 1879 974 975 1791 1792 1103 1104 1920 1921 200 201 243 244 2651 2652 2694 2695 1017 1018 1060 1061 1834 1835 1877 1878
          159 162 291 288 2610 2613 2742 2739 160 161 205 248 289 290 202 245 2611 2612 2656 2699 2740 2741 2653 2696 976 1793 979 1796 1105 1922 1108 1925 1019 1062 1836 1879 1022 1065 1839 1882 977 978 1794 1795 1106 1107 1923 1924 203 204 246 247 2654 2655 2697 2698 1020 1021 1063 1064 1837 1838 1880 1881
          162 165 294 291 2613 2616 2745 2742 163 164 208 251 292 293 205 248 2614 2615 2659 2702 2743 2744 2656 2699 979 1796 982 1799 1108 1925 1111 1928 1022 1065 1839 1882 1025 1068 1842 1885 980 981 1797 1798 1109 1110 1926 1927 206 207 249 250 2657 2658 2700 2701 1023 1024 1066 1067 1840 1841 1883 1884
          165 168 297 294 2616 2619 2748 2745 166 167 211 254 295 296 208 251 2617 2618 2662 2705 2746 2747 2659 2702 982 1799 985 1802 1111 1928 1114 1931 1025 1068 1842 1885 1028 1071 1845 1888 983 984 1800 1801 1112 1113 1929 1930 209 210 252 253 2660 2661 2703 2704 1026 1027 1069 1070 1843 1844 1886 1887
          168 171 300 297 2619 2622 2751 2748 169 170 214 257 298 299 211 254 2620 2621 2665 2708 2749 2750 2662 2705 985 1802 988 1805 1114 1931 1117 1934 1028 1071 1845 1888 1031 1074 1848 1891 986 987 1803 1804 1115 1116 1932 1933 212 213 255 256 2663 2664 2706 2707 1029 1030 1072 1073 1846 1847 1889 1890
          258 261 390 387 2709 2712 2841 2838 259 260 304 347 388 389 301 344 2710 2711 2755 2798 2839 2840 2752 2795 1075 1892 1078 1895 1204 2021 1207 2024 1118 1161 1935 1978 1121 1164 1938 1981 1076 1077 1893 1894 1205 1206 2022 2023 302 303 345 346 2753 2754 2796 2797 1119 1120 1162 1163 1936 1937 1979 1980
          261 264 393 390 2712 2715 2844 2841 262 263 307 350 391 392 304 347 2713 2714 2758 2801 2842 2843 2755 2798 1078 1895 1081 1898 1207 2024 1210 2027 1121 1164 1938 1981 1124 1167 1941 1984 1079 1080 1896 1897 1208 1209 2025 2026 305 306 348 349 2756 2757 2799 2800 1122 1123 1165 1166 1939 1940 1982 1983
          264 267 396 393 2715 2718 2847 2844 265 266 310 353 394 395 307 350 2716 2717 2761 2804 2845 2846 2758 2801 1081 1898 1084 1901 1210 2027 1213 2030 1124 1167 1941 1984 1127 1170 1944 1987 1082 1083 1899 1900 1211 1212 2028 2029 308 309 351 352 2759 2760 2802 2803 1125 1126 1168 1169 1942 1943 1985 1986
          267 270 399 396 2718 2721 2850 2847 268 269 313 356 397 398 310 353 2719 2720 2764 2807 2848 2849 2761 2804 1084 1901 1087 1904 1213 2030 1216 2033 1127 1170 1944 1987 1130 1173 1947 1990 1085 1086 1902 1903 1214 1215 2031 2032 311 312 354 355 2762 2763 2805 2806 1128 1129 1171 1172 1945 1946 1988 1989
          270 273 402 399 2721 2724 2853 2850 271 272 316 359 400 401 313 356 2722 2723 2767 2810 2851 2852 2764 2807 1087 1904 1090 1907 1216 2033 1219 2036 1130 1173 1947 1990 1133 1176 1950 1993 1088 1089 1905 1906 1217 1218 2034 2035 314 315 357 358 2765 2766 2808 2809 1131 1132 1174 1175 1948 1949 1991 1992
          273 276 405 402 2724 2727 2856 2853 274 275 319 362 403 404 316 359 2725 2726 2770 2813 2854 2855 2767 2810 1090 1907 1093 1910 1219 2036 1222 2039 1133 1176 1950 1993 1136 1179 1953 1996 1091 1092 1908 1909 1220 1221 2037 2038 317 318 360 361 2768 2769 2811 2812 1134 1135 1177 1178 1951 1952 1994 1995
          276 279 408 405 2727 2730 2859 2856 277 278 322 365 406 407 319 362 2728 2729 2773 2816 2857 2858 2770 2813 1093 1910 1096 1913 1222 2039 1225 2042 1136 1179 1953 1996 1139 1182 1956 1999 1094 1095 1911 1912 1223 1224 2040 2041 320 321 363 364 2771 2772 2814 2815 1137 1138 1180 1181 1954 1955 1997 1998
          279 282 411 408 2730 2733 2862 2859 280 281 325 368 409 410 322 365 2731 2732 2776 2819 2860 2861 2773 2816 1096 1913 1099 1916 1225 2042 1228 2045 1139 1182 1956 1999 1142 1185 1959 2002 1097 1098 1914 1915 1226 1227 2043 2044 323 324 366 367 2774 2775 2817 2818 1140 1141 1183 1184 1957 1958 2000 2001
          282 285 414 411 2733 2736 2865 2862 283 284 328 371 412 413 325 368 2734 2735 2779 2822 2863 2864 2776 2819 1099 1916 1102 1919 1228 2045 1231 2048 1142 1185 1959 2002 1145 1188 1962 2005 1100 1101 1917 1918 1229 1230 2046 2047 326 327 369 370 2777 2778 2820 2821 1143 1144 1186 1187 1960 1961 2003 2004
          285 288 417 414 2736 2739 2868 2865 286 287 331 374 415 416 328 371 2737 2738 2782 2825 2866 2867 2779 2822 1102 1919 1105 1922 1231 2048 1234 2051 1145 1188 1962 2005 1148 1191 1965 2008 1103 1104 1920 1921 1232 1233 2049 2050 329 330 372 373 2780 2781 2823 2824 1146 1147 1189 1190 1963 1964 2006 2007
          288 291 420 417 2739 2742 2871 2868 289 290 334 377 418 419 331 374 2740 2741 2785 2828 2869 2870 2782 2825 1105 1922 1108 1925 1234 2051 1237 2054 1148 1191 1965 2008 1151 1194 1968 2011 1106 1107 1923 1924 1235 1236 2052 2053 332 333 375 376 2783 2784 2826 2827 1149 1150 1192 1193 1966 1967 2009 2010
          291 294 423 420 2742 2745 2874 2871 292 293 337 380 421 422 334 377 2743 2744 2788 2831 2872 2873 2785 2828 1108 1925 1111 1928 1237 2054 1240 2057 1151 1194 1968 2011 1154 1197 1971 2014 1109 1110 1926 1927 1238 1239 2055 2056 335 336 378 379 2786 2787 2829 2830 1152 1153 1195 1196 1969 1970 2012 2013
          294 297 426 423 2745 2748 2877 2874 295 296 340 383 424 425 337 380 2746 2747 2791 2834 2875 2876 2788 2831 1111 1928 1114 1931 1240 2057 1243 2060 1154 1197 1971 2014 1157 1200 1974 2017 1112 1113 1929 1930 1241 1242 2058 2059 338 339 381 382 2789 2790 2832 2833 1155 1156 1198 1199 1972 1973 2015 2016
          297 300 429 426 2748 2751 2880 2877 298 299 343 386 427 428 340 383 2749 2750 2794 2837 2878 2879 2791 2834 1114 1931 1117 1934 1243 2060 1246 2063 1157 1200 1974 2017 1160 1203 1977 2020 1115 1116 1932 1933 1244 1245 2061 2062 341 342 384 385 2792 2793 2835 2836 1158 1159 1201 1202 1975 1976 2018 2019
          387 390 519 516 2838 2841 2970 2967 388 389 433 476 517 518 430 473 2839 2840 2884 2927 2968 2969 2881 2924 1204 2021 1207 2024 1333 2150 1336 2153 1247 1290 2064 2107 1250 1293 2067 2110 1205 1206 2022 2023 1334 1335 2151 2152 431 432 474 475 2882 2883 2925 2926 1248 1249 1291 1292 2065 2066 2108 2109
          390 393 522 519 2841 2844 2973 2970 391 392 436 479 520 521 433 476 2842 2843 2887 2930 2971 2972 2884 2927 1207 2024 1210 2027 1336 2153 1339 2156 1250 1293 2067 2110 1253 1296 2070 2113 1208 1209 2025 2026 1337 1338 2154 2155 434 435 477 478 2885 2886 2928 2929 1251 1252 1294 1295 2068 2069 2111 2112
          393 396 525 522 2844 2847 2976 2973 394 395 439 482 523 524 436 479 2845 2846 2890 2933 2974 2975 2887 2930 1210 2027 1213 2030 1339 2156 1342 2159 1253 1296 2070 2113 1256 1299 2073 2116 1211 1212 2028 2029 1340 1341 2157 2158 437 438 480 481 2888 2889 2931 2932 1254 1255 1297 1298 2071 2072 2114 2115
          396 399 528 525 2847 2850 2979 2976 397 398 442 485 526 527 439 482 2848 2849 2893 2936 2977 2978 2890 2933 1213 2030 1216 2033 1342 2159 1345 2162 1256 1299 2073 2116 1259 1302 2076 2119 1214 1215 2031 2032 1343 1344 2160 2161 440 441 483 484 2891 2892 2934 2935 1257 1258 1300 1301 2074 2075 2117 2118
          399 402 531 528 2850 2853 2982 2979 400 401 445 488 529 530 442 485 2851 2852 2896 2939 2980 2981 2893 2936 1216 2033 1219 2036 1345 2162 1348 2165 1259 1302 2076 2119 1262 1305 2079 2122 1217 1218 2034 2035 1346 1347 2163 2164 443 444 486 487 2894 2895 2937 2938 1260 1261 1303 1304 2077 2078 2120 2121
          402 405 534 531 2853 2856 2985 2982 403 404 448 491 532 533 445 488 2854 2855 2899 2942 2983 2984 2896 2939 1219 2036 1222 2039 1348 2165 1351 2168 1262 1305 2079 2122 1265 1308 2082 2125 1220 1221 2037 2038 1349 1350 2166 2167 446 447 489 490 2897 2898 2940 2941 1263 1264 1306 1307 2080 2081 2123 2124
          405 408 537 534 2856 2859 2988 2985 406 407 451 494 535 536 448 491 2857 2858 2902 2945 2986 2987 2899 2942 1222 2039 1225 2042 1351 2168 1354 2171 1265 1308 2082 2125 1268 1311 2085 2128 1223 1224 2040 2041 1352 1353 2169 2170 449 450 492 493 2900 2901 2943 2944 1266 1267 1309 1310 2083 2084 2126 2127
          408 411 540 537 2859 2862 2991 2988 409 410 454 497 538 539 451 494 2860 2861 2905 2948 2989 2990 2902 2945 1225 2042 1228 2045 1354 2171 1357 2174 1268 1311 2085 2128 1271 1314 2088 2131 1226 1227 2043 2044 1355 1356 2172 2173 452 453 495 496 2903 2904 2946 2947 1269 1270 1312 1313 2086 2087 2129 2130
          411 414 543 540 2862 2865 2994 2991 412 413 457 500 541 542 454 497 2863 2864 2908 2951 2992 2993 2905 2948 1228 2045 1231 2048 1357 2174 1360 2177 1271 1314 2088 2131 1274 1317 2091 2134 1229 1230 2046 2047 1358 1359 2175 2176 455 456 498 499 2906 2907 2949 2950 1272 1273 1315 1316 2089 2090 2132 2133
          414 417 546 543 2865 2868 2997 2994 415 416 460 503 544 545 457 500 2866 2867 2911 2954 2995 2996 2908 2951 1231 2048 1234 2051 1360 2177 1363 2180 1274 1317 2091 2134 1277 1320 2094 2137 1232 1233 2049 2050 1361 1362 2178 2179 458 459 501 502 2909 2910 2952 2953 1275 1276 1318 1319 2092 2093 2135 2136
          417 420 549 546 2868 2871 3000 2997 418 419 463 506 547 548 460 503 2869 2870 2914 2957 2998 2999 2911 2954 1234 2051 1237 2054 1363 2180 1366 2183 1277 1320 2094 2137 1280 1323 2097 2140 1235 1236 2052 2053 1364 1365 2181 2182 461 462 504 505 2912 2913 2955 2956 1278 1279 1321 1322 2095 2096 2138 2139
          420 423 552 549 2871 2874 3003 3000 421 422 466 509 550 551 463 506 2872 2873 2917 2960 3001 3002 2914 2957 1237 2054 1240 2057 1366 2183 1369 2186 1280 1323 2097 2140 1283 1326 2100 2143 1238 1239 2055 2056 1367 1368 2184 2185 464 465 507 508 2915 2916 2958 2959 1281 1282 1324 1325 2098 2099 2141 2142
          423 426 555 552 2874 2877 3006 3003 424 425 469 512 553 554 466 509 2875 2876 2920 2963 3004 3005 2917 2960 1240 2057 1243 2060 1369 2186 1372 2189 1283 1326 2100 2143 1286 1329 2103 2146 1241 1242 2058 2059 1370 1371 2187 2188 467 468 510 511 2918 2919 2961 2962 1284 1285 1327 1328 2101 2102 2144 2145
          426 429 558 555 2877 2880 3009 3006 427 428 472 515 556 557 469 512 2878 2879 2923 2966 3007 3008 2920 2963 1243 2060 1246 2063 1372 2189 1375 2192 1286 1329 2103 2146 1289 1332 2106 2149 1244 1245 2061 2062 1373 1374 2190 2191 470 471 513 514 2921 2922 2964 2965 1287 1288 1330 1331 2104 2105 2147 2148
          516 519 648 645 2967 2970 3099 3096 517 518 562 605 646 647 559 602 2968 2969 3013 3056 3097 3098 3010 3053 1333 2150 1336 2153 1462 2279 1465 2282 1376 1419 2193 2236 1379 1422 2196 2239 1334 1335 2151 2152 1463 1464 2280 2281 560 561 603 604 3011 3012 3054 3055 1377 1378 1420 1421 2194 2195 2237 2238
          519 522 651 648 2970 2973 3102 3099 520 521 565 608 649 650 562 605 2971 2972 3016 3059 3100 3101 3013 3056 1336 2153 1339 2156 1465 2282 1468 2285 1379 1422 2196 2239 1382 1425 2199 2242 1337 1338 2154 2155 1466 1467 2283 2284 563 564 606 607 3014 3015 3057 3058 1380 1381 1423 1424 2197 2198 2240 2241
          522 525 654 651 2973 2976 3105 3102 523 524 568 611 652 653 565 608 2974 2975 3019 3062 3103 3104 3016 3059 1339 2156 1342 2159 1468 2285 1471 2288 1382 1425 2199 2242 1385 1428 2202 2245 1340 1341 2157 2158 1469 1470 2286 2287 566 567 609 610 3017 3018 3060 3061 1383 1384 1426 1427 2200 2201 2243 2244
          525 528 657 654 2976 2979 3108 3105 526 527 571 614 655 656 568 611 2977 2978 3022 3065 3106 3107 3019 3062 1342 2159 1345 2162 1471 2288 1474 2291 1385 1428 2202 2245 1388 1431 2205 2248 1343 1344 2160 2161 1472 1473 2289 2290 569 570 612 613 3020 3021 3063 3064 1386 1387 1429 1430 2203 2204 2246 2247
          528 531 660 657 2979 2982 3111 3108 529 530 574 617 658 659 571 614 2980 2981 3025 3068 3109 3110 3022 3065 1345 2162 1348 2165 1474 2291 1477 2294 1388 1431 2205 2248 1391 1434 2208 2251 1346 1347 2163 2164 1475 1476 2292 2293 572 573 615 616 3023 3024 3066 3067 1389 1390 1432 1433 2206 2207 2249 2250
          531 534 663 660 2982 2985 3114 3111 532 533 577 620 661 662 574 617 2983 2984 3028 3071 3112 3113 3025 3068 1348 2165 1351 2168 1477 2294 1480 2297 1391 1434 2208 2251 1394 1437 2211 2254 1349 1350 2166 2167 1478 1479 2295 2296 575 576 618 619 3026 3027 3069 3070 1392 1393 1435 1436 2209 2210 2252 2253
          534 537 666 663 2985 2988 3117 3114 535 536 580 623 664 665 577 620 2986 2987 3031 3074 3115 3116 3028 3071 1351 2168 1354 2171 1480 2297 1483 2300 1394 1437 2211 2254 1397 1440 2214 2257 1352 1353 2169 2170 1481 1482 2298 2299 578 579 621 622 3029 3030 3072 3073 1395 1396 1438 1439 2212 2213 2255 2256
          537 540 669 666 2988 2991 3120 3117 538 539 583 626 667 668 580 623 2989 2990 3034 3077 3118 3119 3031 3074 1354 2171 1357 2174 1483 2300 1486 2303 1397 1440 2214 2257 1400 1443 2217 2260 1355 1356 2172 2173 1484 1485 2301 2302 581 582 624 625 3032 3033 3075 3076 1398 1399 1441 1442 2215 2216 2258 2259
          540 543 672 669 2991 2994 3123 3120 541 542 586 629 670 671 583 626 2992 2993 3037 3080 3121 3122 3034 3077 1357 2174 1360 2177 1486 2303 1489 2306 1400 1443 2217 2260 1403 1446 2220 2263 1358 1359 2175 2176 1487 1488 2304 2305 584 585 627 628 3035 3036 3078 3079 1401 1402 1444 1445 2218 2219 2261 2262
          543 546 675 672 2994 2997 3126 3123 544 545 589 632 673 674 586 629 2995 2996 3040 3083 3124 3125 3037 3080 1360 2177 1363 2180 1489 2306 1492 2309 1403 1446 2220 2263 1406 1449 2223 2266 1361 1362 2178 2179 1490 1491 2307 2308 587 588 630 631 3038 3039 3081 3082 1404 1405 1447 1448 2221 2222 2264 2265
          546 549 678 675 2997 3000 3129 3126 547 548 592 635 676 677 589 632 2998 2999 3043 3086 3127 3128 3040 3083 1363 2180 1366 2183 1492 2309 1495 2312 1406 1449 2223 2266 1409 1452 2226 2269 1364 1365 2181 2182 1493 1494 2310 2311 590 591 633 634 3041 3042 3084 3085 1407 1408 1450 1451 2224 2225 2267 2268
          549 552 681 678 3000 3003 3132 3129 550 551 595 638 679 680 592 635 3001 3002 3046 3089 3130 3131 3043 3086 1366 2183 1369 2186 1495 2312 1498 2315 1409 1452 2226 2269 1412 1455 2229 2272 1367 1368 2184 2185 1496 1497 2313 2314 593 594 636 637 3044 3045 3087 3088 1410 1411 1453 1454 2227 2228 2270 2271
          552 555 684 681 3003 3006 3135 3132 553 554 598 641 682 683 595 638 3004 3005 3049 3092 3133 3134 3046 3089 1369 2186 1372 2189 1498 2315 1501 2318 1412 1455 2229 2272 1415 1458 2232 2275 1370 1371 2187 2188 1499 1500 2316 2317 596 597 639 640 3047 3048 3090 3091 1413 1414 1456 1457 2230 2231 2273 2274
          555 558 687 684 3006 3009 3138 3135 556 557 601 644 685 686 598 641 3007 3008 3052 3095 3136 3137 3049 3092 1372 2189 1375 2192 1501 2318 1504 2321 1415 1458 2232 2275 1418 1461 2235 2278 1373 1374 2190 2191 1502 1503 2319 2320 599 600 642 643 3050 3051 3093 3094 1416 1417 1459 1460 2233 2234 2276 2277
          645 648 777 774 3096 3099 3228 3225 646 647 691 734 775 776 688 731 3097 3098 3142 3185 3226 3227 3139 3182 1462 2279 1465 2282 1591 2408 1594 2411 1505 1548 2322 2365 1508 1551 2325 2368 1463 1464 2280 2281 1592 1593 2409 2410 689 690 732 733 3140 3141 3183 3184 1506 1507 1549 1550 2323 2324 2366 2367
          648 651 780 777 3099 3102 3231 3228 649 650 694 737 778 779 691 734 3100 3101 3145 3188 3229 3230 3142 3185 1465 2282 1468 2285 1594 2411 1597 2414 1508 1551 2325 2368 1511 1554 2328 2371 1466 1467 2283 2284 1595 1596 2412 2413 692 693 735 736 3143 3144 3186 3187 1509 1510 1552 1553 2326 2327 2369 2370
          651 654 783 780 3102 3105 3234 3231 652 653 697 740 781 782 694 737 3103 3104 3148 3191 3232 3233 3145 3188 1468 2285 1471 2288 1597 2414 1600 2417 1511 1554 2328 2371 1514 1557 2331 2374 1469 1470 2286 2287 1598 1599 2415 2416 695 696 738 739 3146 3147 3189 3190 1512 1513 1555 1556 2329 2330 2372 2373
          654 657 786 783 3105 3108 3237 3234 655 656 700 743 784 785 697 740 3106 3107 3151 3194 3235 3236 3148 3191 1471 2288 1474 2291 1600 2417 1603 2420 1514 1557 2331 2374 1517 1560 2334 2377 1472 1473 2289 2290 1601 1602 2418 2419 698 699 741 742 3149 3150 3192 3193 1515 1516 1558 1559 2332 2333 2375 2376
          657 660 789 786 3108 3111 3240 3237 658 659 703 746 787 788 700 743 3109 3110 3154 3197 3238 3239 3151 3194 1474 2291 1477 2294 1603 2420 1606 2423 1517 1560 2334 2377 1520 1563 2337 2380 1475 1476 2292 2293 1604 1605 2421 2422 701 702 744 745 3152 3153 3195 3196 1518 1519 1561 1562 2335 2336 2378 2379
          660 663 792 789 3111 3114 3243 3240 661 662 706 749 790 791 703 746 3112 3113 3157 3200 3241 3242 3154 3197 1477 2294 1480 2297 1606 2423 1609 2426 1520 1563 2337 2380 1523 1566 2340 2383 1478 1479 2295 2296 1607 1608 2424 2425 704 705 747 748 3155 3156 3198 3199 1521 1522 1564 1565 2338 2339 2381 2382
          663 666 795 792 3114 3117 3246 3243 664 665 709 752 793 794 706 749 3115 3116 3160 3203 3244 3245 3157 3200 1480 2297 1483 2300 1609 2426 1612 2429 1523 1566 2340 2383 1526 1569 2343 2386 1481 1482 2298 2299 1610 1611 2427 2428 707 708 750 751 3158 3159 3201 3202 1524 1525 1567 1568 2341 2342 2384 2385
          666 669 798 795 3117 3120 3249 3246 667 668 712 755 796 797 709 752 3118 3119 3163 3206 3247 3248 3160 3203 1483 2300 1486 2303 1612 2429 1615 2432 1526 1569 2343 2386 1529 1572 2346 2389 1484 1485 2301 2302 1613 1614 2430 2431 710 711 753 754 3161 3162 3204 3205 1527 1528 1570 1571 2344 2345 2387 2388
          669 672 801 798 3120 3123 3252 3249 670 671 715 758 799 800 712 755 3121 3122 3166 3209 3250 3251 3163 3206 1486 2303 1489 2306 1615 2432 1618 2435 1529 1572 2346 2389 1532 1575 2349 2392 1487 1488 2304 2305 1616 1617 2433 2434 713 714 756 757 3164 3165 3207 3208 1530 1531 1573 1574 2347 2348 2390 2391
          672 675 804 801 3123 3126 3255 3252 673 674 718 761 802 803 715 758 3124 3125 3169 3212 3253 3254 3166 3209 1489 2306 1492 2309 1618 2435 1621 2438 1532 1575 2349 2392 1535 1578 2352 2395 1490 1491 2307 2308 1619 1620 2436 2437 716 717 759 760 3167 3168 3210 3211 1533 1534 1576 1577 2350 2351 2393 2394
          675 678 807 804 3126 3129 3258 3255 676 677 721 764 805 806 718 761 3127 3128 3172 3215 3256 3257 3169 3212 1492 2309 1495 2312 1621 2438 1624 2441 1535 1578 2352 2395 1538 1581 2355 2398 1493 1494 2310 2311 1622 1623 2439 2440 719 720 762 763 3170 3171 3213 3214 1536 1537 1579 1580 2353 2354 2396 2397
          678 681 810 807 3129 3132 3261 3258 679 680 724 767 808 809 721 764 3130 3131 3175 3218 3259 3260 3172 3215 1495 2312 1498 2315 1624 2441 1627 2444 1538 1581 2355 2398 1541 1584 2358 2401 1496 1497 2313 2314 1625 1626 2442 2443 722 723 765 766 3173 3174 3216 3217 1539 1540 1582 1583 2356 2357 2399 2400
          681 684 813 810 3132 3135 3264 3261 682 683 727 770 811 812 724 767 3133 3134 3178 3221 3262 3263 3175 3218 1498 2315 1501 2318 1627 2444 1630 2447 1541 1584 2358 2401 1544 1587 2361 2404 1499 1500 2316 2317 1628 1629 2445 2446 725 726 768 769 3176 3177 3219 3220 1542 1543 1585 1586 2359 2360 2402 2403
          684 687 816 813 3135 3138 3267 3264 685 686 730 773 814 815 727 770 3136 3137 3181 3224 3265 3266 3178 3221 1501 2318 1504 2321 1630 2447 1633 2450 1544 1587 2361 2404 1547 1590 2364 2407 1502 1503 2319 2320 1631 1632 2448 2449 728 729 771 772 3179 3180 3222 3223 1545 1546 1588 1589 2362 2363 2405 2406
          2451 2454 2583 2580 4902 4905 5034 5031 2452 2453 2497 2540 2581 2582 2494 2537 4903 4904 4948 4991 5032 5033 4945 4988 3268 4085 3271 4088 3397 4214 3400 4217 3311 3354 4128 4171 3314 3357 4131 4174 3269 3270 4086 4087 3398 3399 4215 4216 2495 2496 2538 2539 4946 4947 4989 4990 3312 3313 3355 3356 4129 4130 4172 4173
          2454 2457 2586 2583 4905 4908 5037 5034 2455 2456 2500 2543 2584 2585 2497 2540 4906 4907 4951 4994 5035 5036 4948 4991 3271 4088 3274 4091 3400 4217 3403 4220 3314 3357 4131 4174 3317 3360 4134 4177 3272 3273 4089 4090 3401 3402 4218 4219 2498 2499 2541 2542 4949 4950 4992 4993 3315 3316 3358 3359 4132 4133 4175 4176
          2457 2460 2589 2586 4908 4911 5040 5037 2458 2459 2503 2546 2587 2588 2500 2543 4909 4910 4954 4997 5038 5039 4951 4994 3274 4091 3277 4094 3403 4220 3406 4223 3317 3360 4134 4177 3320 3363 4137 4180 3275 3276 4092 4093 3404 3405 4221 4222 2501 2502 2544 2545 4952 4953 4995 4996 3318 3319 3361 3362 4135 4136 4178 4179
          2460 2463 2592 2589 4911 4914 5043 5040 2461 2462 2506 2549 2590 2591 2503 2546 4912 4913 4957 5000 5041 5042 4954 4997 3277 4094 3280 4097 3406 4223 3409 4226 3320 3363 4137 4180 3323 3366 4140 4183 3278 3279 4095 4096 3407 3408 4224 4225 2504 2505 2547 2548 4955 4956 4998 4999 3321 3322 3364 3365 4138 4139 4181 4182
          2463 2466 2595 2592 4914 4917 5046 5043 2464 2465 2509 2552 2593 2594 2506 2549 4915 4916 4960 5003 5044 5045 4957 5000 3280 4097 3283 4100 3409 4226 3412 4229 3323 3366 4140 4183 3326 3369 4143 4186 3281 3282 4098 4099 3410 3411 4227 4228 2507 2508 2550 2551 4958 4959 5001 5002 3324 3325 3367 3368 4141 4142 4184 4185
          2466 2469 2598 2595 4917 4920 5049 5046 2467 2468 2512 2555 2596 2597 2509 2552 4918 4919 4963 5006 5047 5048 4960 5003 3283 4100 3286 4103 3412 4229 3415 4232 3326 3369 4143 4186 3329 3372 4146 4189 3284 3285 4101 4102 3413 3414 4230 4231 2510 2511 2553 2554 4961 4962 5004 5005 3327 3328 3370 3371 4144 4145 4187 4188
          2469 2472 2601 2598 4920 4923 5052 5049 2470 2471 2515 2558 2599 2600 2512 2555 4921 4922 4966 5009 5050 5051 4963 5006 3286 4103 3289 4106 3415 4232 3418 4235 3329 3372 4146 4189 3332 3375 4149 4192 3287 3288 4104 4105 3416 3417 4233 4234 2513 2514 2556 2557 4964 4965 5007 5008 3330 3331 3373 3374 4147 4148 4190 4191
          2472 2475 2604 2601 4923 4926 5055 5052 2473 2474 2518 2561 2602 2603 2515 2558 4924 4925 4969 5012 5053 5054 4966 5009 3289 4106 3292 4109 3418 4235 3421 4238 3332 3375 4149 4192 3335 3378 4152 4195 3290 3291 4107 4108 3419 3420 4236 4237 2516 2517 2559 2560 4967 4968 5010 5011 3333 3334 3376 3377 4150 4151 4193 4194
          2475 2478 2607 2604 4926 4929 5058 5055 2476 2477 2521 2564 2605 2606 2518 2561 4927 4928 4972 5015 5056 5057 4969 5012 3292 4109 3295 4112 3421 4238 3424 4241 3335 3378 4152 4195 3338 3381 4155 4198 3293 3294 4110 4111 3422 3423 4239 4240 2519 2520 2562 2563 4970 4971 5013 5014 3336 3337 3379 3380 4153 4154 4196 4197
          2478 2481 2610 2607 4929 4932 5061 5058 2479 2480 2524 2567 2608 2609 2521 2564 4930 4931 4975 5018 5059 5060 4972 5015 3295 4112 3298 4115 3424 4241 3427 4244 3338 3381 4155 4198 3341 3384 4158 4201 3296 3297 4113 4114 3425 3426 4242 4243 2522 2523 2565 2566 4973 4974 5016 5017 3339 3340 3382 3383 4156 4157 4199 4200
          2481 2484 2613 2610 4932 4935 5064 5061 2482 2483 2527 2570 2611 2612 2524 2567 4933 4934 4978 5021 5062 5063 4975 5018 3298 4115 3301 4118 3427 4244 3430 4247 3341 3384 4158 4201 3344 3387 4161 4204 3299 3300 4116 4117 3428 3429 4245 4246 2525 2526 2568 2569 4976 4977 5019 5020 3342 3343 3385 3386 4159 4160 4202 4203
          2484 2487 2616 2613 4935 4938 5067 5064 2485 2486 2530 2573 2614 2615 2527 2570 4936 4937 4981 5024 5065 5066 4978 5021 3301 4118 3304 4121 3430 4247 3433 4250 3344 3387 4161 4204 3347 3390 4164 4207 3302 3303 4119 4120 3431 3432 4248 4249 2528 2529 2571 2572 4979 4980 5022 5023 3345 3346 3388 3389 4162 4163 4205 4206
          2487 2490 2619 2616 4938 4941 5070 5067 2488 2489 2533 2576 2617 2618 2530 2573 4939 4940 4984 5027 5068 5069 4981 5024 3304 4121 3307 4124 3433 4250 3436 4253 3347 3390 4164 4207 3350 3393 4167 4210 3305 3306 4122 4123 3434 3435 4251 4252 2531 2532 2574 2575 4982 4983 5025 5026 3348 3349 3391 3392 4165 4166 4208 4209
          2490 2493 2622 2619 4941 4944 5073 5070 2491 2492 2536 2579 2620 2621 2533 2576 4942 4943 4987 5030 5071 5072 4984 5027 3307 4124 3310 4127 3436 4253 3439 4256 3350 3393 4167 4210 3353 3396 4170 4213 3308 3309 4125 4126 3437 3438 4254 4255 2534 2535 2577 2578 4985 4986 5028 5029 3351 3352 3394 3395 4168 4169 4211 4212
          2580 2583 2712 2709 5031 5034 5163 5160 2581 2582 2626 2669 2710 2711 2623 2666 5032 5033 5077 5120 5161 5162 5074 5117 3397 4214 3400 4217 3526 4343 3529 4346 3440 3483 4257 4300 3443 3486 4260 4303 3398 3399 4215 4216 3527 3528 4344 4345 2624 2625 2667 2668 5075 5076 5118 5119 3441 3442 3484 3485 4258 4259 4301 4302
          2583 2586 2715 2712 5034 5037 5166 5163 2584 2585 2629 2672 2713 2714 2626 2669 5035 5036 5080 5123 5164 5165 5077 5120 3400 4217 3403 4220 3529 4346 3532 4349 3443 3486 4260 4303 3446 3489 4263 4306 3401 3402 4218 4219 3530 3531 4347 4348 2627 2628 2670 2671 5078 5079 5121 5122 3444 3445 3487 3488 4261 4262 4304 4305
          2586 2589 2718 2715 5037 5040 5169 5166 2587 2588 2632 2675 2716 2717 2629 2672 5038 5039 5083 5126 5167 5168 5080 5123 3403 4220 3406 4223 3532 4349 3535 4352 3446 3489 4263 4306 3449 3492 4266 4309 3404 3405 4221 4222 3533 3534 4350 4351 2630 2631 2673 2674 5081 5082 5124 5125 3447 3448 3490 3491 4264 4265 4307 4308
          2589 2592 2721 2718 5040 5043 5172 5169 2590 2591 2635 2678 2719 2720 2632 2675 5041 5042 5086 5129 5170 5171 5083 5126 3406 4223 3409 4226 3535 4352 3538 4355 3449 3492 4266 4309 3452 3495 4269 4312 3407 3408 4224 4225 3536 3537 4353 4354 2633 2634 2676 2677 5084 5085 5127 5128 3450 3451 3493 3494 4267 4268 4310 4311
          2592 2595 2724 2721 5043 5046 5175 5172 2593 2594 2638 2681 2722 2723 2635 2678 5044 5045 5089 5132 5173 5174 5086 5129 3409 4226 3412 4229 3538 4355 3541 4358 3452 3495 4269 4312 3455 3498 4272 4315 3410 3411 4227 4228 3539 3540 4356 4357 2636 2637 2679 2680 5087 5088 5130 5131 3453 3454 3496 3497 4270 4271 4313 4314
          2595 2598 2727 2724 5046 5049 5178 5175 2596 2597 2641 2684 2725 2726 2638 2681 5047 5048 5092 5135 5176 5177 5089 5132 3412 4229 3415 4232 3541 4358 3544 4361 3455 3498 4272 4315 3458 3501 4275 4318 3413 3414 4230 4231 3542 3543 4359 4360 2639 2640 2682 2683 5090 5091 5133 5134 3456 3457 3499 3500 4273 4274 4316 4317
          2598 2601 2730 2727 5049 5052 5181 5178 2599 2600 2644 2687 2728 2729 2641 2684 5050 5051 5095 5138 5179 5180 5092 5135 3415 4232 3418 4235 3544 4361 3547 4364 3458 3501 4275 4318 3461 3504 4278 4321 3416 3417 4233 4234 3545 3546 4362 4363 2642 2643 2685 2686 5093 5094 5136 5137 3459 3460 3502 3503 4276 4277 4319 4320
          2601 2604 2733 2730 5052 5055 5184 5181 2602 2603 2647 2690 2731 2732 2644 2687 5053 5054 5098 5141 5182 5183 5095 5138 3418 4235 3421 4238 3547 4364 3550 4367 3461 3504 4278 4321 3464 3507 4281 4324 3419 3420 4236 4237 3548 3549 4365 4366 2645 2646 2688 2689 5096 5097 5139 5140 3462 3463 3505 3506 4279 4280 4322 4323
          2604 2607 2736 2733 5055 5058 5187 5184 2605 2606 2650 2693 2734 2735 2647 2690 5056 5057 5101 5144 5185 5186 5098 5141 3421 4238 3424 4241 3550 4367 3553 4370 3464 3507 4281 4324 3467 3510 4284 4327 3422 3423 4239 4240 3551 3552 4368 4369 2648 2649 2691 2692 5099 5100 5142 5143 3465 3466 3508 3509 4282 4283 4325 4326
          2607 2610 2739 2736 5058 5061 5190 5187 2608 2609 2653 2696 2737 2738 2650 2693 5059 5060 5104 5147 5188 5189 5101 5144 3424 4241 3427 4244 3553 4370 3556 4373 3467 3510 4284 4327 3470 3513 4287 4330 3425 3426 4242 4243 3554 3555 4371 4372 2651 2652 2694 2695 5102 5103 5145 5146 3468 3469 3511 3512 4285 4286 4328 4329
          2610 2613 2742 2739 5061 5064 5193 5190 2611 2612 2656 2699 2740 2741 2653 2696 5062 5063 5107 5150 5191 5192 5104 5147 3427 4244 3430 4247 3556 4373 3559 4376 3470 3513 4287 4330 3473 3516 4290 4333 3428 3429 4245 4246 3557 3558 4374 4375 2654 2655 2697 2698 5105 5106 5148 5149 3471 3472 3514 3515 4288 4289 4331 4332
          2613 2616 2745 2742 5064 5067 5196 5193 2614 2615 2659 2702 2743 2744 2656 2699 5065 5066 5110 5153 5194 5195 5107 5150 3430 4247 3433 4250 3559 4376 3562 4379 3473 3516 4290 4333 3476 3519 4293 4336 3431 3432 4248 4249 3560 3561 4377 4378 2657 2658 2700 2701 5108 5109 5151 5152 3474 3475 3517 3518 4291 4292 4334 4335
          2616 2619 2748 2745 5067 5070 5199 5196 2617 2618 2662 2705 2746 2747 2659 2702 5068 5069 5113 5156 5197 5198 5110 5153 3433 4250 3436 4253 3562 4379 3565 4382 3476 3519 4293 4336 3479 3522 4296 4339 3434 3435 4251 4252 3563 3564 4380 4381 2660 2661 2703 2704 5111 5112 5154 5155 3477 3478 3520 3521 4294 4295 4337 4338
          2619 2622 2751 2748 5070 5073 5202 5199 2620 2621 2665 2708 2749 2750 2662 2705 5071 5072 5116 5159 5200 5201 5113 5156 3436 4253 3439 4256 3565 4382 3568 4385 3479 3522 4296 4339 3482 3525 4299 4342 3437 3438 4254 4255 3566 3567 4383 4384 2663 2664 2706 2707 5114 5115 5157 5158 3480 3481 3523 3524 4297 4298 4340 4341
          2709 2712 2841 2838 5160 5163 5292 5289 2710 2711 2755 2798 2839 2840 2752 2795 5161 5162 5206 5249 5290 5291 5203 5246 3526 4343 3529 4346 3655 4472 3658 4475 3569 3612 4386 4429 3572 3615 4389 4432 3527 3528 4344 4345 3656 3657 4473 4474 2753 2754 2796 2797 5204 5205 5247 5248 3570 3571 3613 3614 4387 4388 4430 4431
          2712 2715 2844 2841 5163 5166 5295 5292 2713 2714 2758 2801 2842 2843 2755 2798 5164 5165 5209 5252 5293 5294 5206 5249 3529 4346 3532 4349 3658 4475 3661 4478 3572 3615 4389 4432 3575 3618 4392 4435 3530 3531 4347 4348 3659 3660 4476 4477 2756 2757 2799 2800 5207 5208 5250 5251 3573 3574 3616 3617 4390 4391 4433 4434
          2715 2718 2847 2844 5166 5169 5298 5295 2716 2717 2761 2804 2845 2846 2758 2801 5167 5168 5212 5255 5296 5297 5209 5252 3532 4349 3535 4352 3661 4478 3664 4481 3575 3618 4392 4435 3578 3621 4395 4438 3533 3534 4350 4351 3662 3663 4479 4480 2759 2760 2802 2803 5210 5211 5253 5254 3576 3577 3619 3620 4393 4394 4436 4437
          2718 2721 2850 2847 5169 5172 5301 5298 2719 2720 2764 2807 2848 2849 2761 2804 5170 5171 5215 5258 5299 5300 5212 5255 3535 4352 3538 4355 3664 4481 3667 4484 3578 3621 4395 4438 3581 3624 4398 4441 3536 3537 4353 4354 3665 3666 4482 4483 2762 2763 2805 2806 5213 5214 5256 5257 3579 3580 3622 3623 4396 4397 4439 4440
          2721 2724 2853 2850 5172 5175 5304 5301 2722 2723 2767 2810 2851 2852 2764 2807 5173 5174 5218 5261 5302 5303 5215 5258 3538 4355 3541 4358 3667 4484 3670 4487 3581 3624 4398 4441 3584 3627 4401 4444 3539 3540 4356 4357 3668 3669 4485 4486 2765 2766 2808 2809 5216 5217 5259 5260 3582 3583 3625 3626 4399 4400 4442 4443
          2724 2727 2856 2853 5175 5178 5307 5304 2725 2726 2770 2813 2854 2855 2767 2810 5176 5177 5221 5264 5305 5306 5218 5261 3541 4358 3544 4361 3670 4487 3673 4490 3584 3627 4401 4444 3587 3630 4404 4447 3542 3543 4359 4360 3671 3672 4488 4489 2768 2769 2811 2812 5219 5220 5262 5263 3585 3586 3628 3629 4402 4403 4445 4446
          2727 2730 2859 2856 5178 5181 5310 5307 2728 2729 2773 2816 2857 2858 2770 2813 5179 5180 5224 5267 5308 5309 5221 5264 3544 4361 3547 4364 3673 4490 3676 4493 3587 3630 4404 4447 3590 3633 4407 4450 3545 3546 4362 4363 3674 3675 4491 4492 2771 2772 2814 2815 5222 5223 5265 5266 3588 3589 3631 3632 4405 4406 4448 4449
          2730 2733 2862 2859 5181 5184 5313 5310 2731 2732 2776 2819 2860 2861 2773 2816 5182 5183 5227 5270 5311 5312 5224 5267 3547 4364 3550 4367 3676 4493 3679 4496 3590 3633 4407 4450 3593 3636 4410 4453 3548 3549 4365 4366 3677 3678 4494 4495 2774 2775 2817 2818 5225 5226 5268 5269 3591 3592 3634 3635 4408 4409 4451 4452
          2733 2736 2865 2862 5184 5187 5316 5313 2734 2735 2779 2822 2863 2864 2776 2819 5185 5186 5230 5273 5314 5315 5227 5270 3550 4367 3553 4370 3679 4496 3682 4499 3593 3636 4410 4453 3596 3639 4413 4456 3551 3552 4368 4369 3680 3681 4497 4498 2777 2778 2820 2821 5228 5229 5271 5272 3594 3595 3637 3638 4411 4412 4454 4455
          2736 2739 2868 2865 5187 5190 5319 5316 2737 2738 2782 2825 2866 2867 2779 2822 5188 5189 5233 5276 5317 5318 5230 5273 3553 4370 3556 4373 3682 4499 3685 4502 3596 3639 4413 4456 3599 3642 4416 4459 3554 3555 4371 4372 3683 3684 4500 4501 2780 2781 2823 2824 5231 5232 5274 5275 3597 3598 3640 3641 4414 4415 4457 4458
          2739 2742 2871 2868 5190 5193 5322 5319 2740 2741 2785 2828 2869 2870 2782 2825 5191 5192 5236 5279 5320 5321 5233 5276 3556 4373 3559 4376 3685 4502 3688 4505 3599 3642 4416 4459 3602 3645 4419 4462 3557 3558 4374 4375 3686 3687 4503 4504 2783 2784 2826 2827 5234 5235 5277 5278 3600 3601 3643 3644 4417 4418 4460 4461
          2742 2745 2874 2871 5193 5196 5325 5322 2743 2744 2788 2831 2872 2873 2785 2828 5194 5195 5239 5282 5323 5324 5236 5279 3559 4376 3562 4379 3688 4505 3691 4508 3602 3645 4419 4462 3605 3648 4422 4465 3560 3561 4377 4378 3689 3690 4506 4507 2786 2787 2829 2830 5237 5238 5280 5281 3603 3604 3646 3647 4420 4421 4463 4464
          2745 2748 2877 2874 5196 5199 5328 5325 2746 2747 2791 2834 2875 2876 2788 2831 5197 5198 5242 5285 5326 5327 5239 5282 3562 4379 3565 4382 3691 4508 3694 4511 3605 3648 4422 4465 3608 3651 4425 4468 3563 3564 4380 4381 3692 3693 4509 4510 2789 2790 2832 2833 5240 5241 5283 5284 3606 3607 3649 3650 4423 4424 4466 4467
          2748 2751 2880 2877 5199 5202 5331 5328 2749 2750 2794 2837 2878 2879 2791 2834 5200 5201 5245 5288 5329 5330 5242 5285 3565 4382 3568 4385 3694 4511 3697 4514 3608 3651 4425 4468 3611 3654 4428 4471 3566 3567 4383 4384 3695 3696 4512 4513 2792 2793 2835 2836 5243 5244 5286 5287 3609 3610 3652 3653 4426 4427 4469 4470
          2838 2841 2970 2967 5289 5292 5421 5418 2839 2840 2884 2927 2968 2969 2881 2924 5290 5291 5335 5378 5419 5420 5332 5375 3655 4472 3658 4475 3784 4601 3787 4604 3698 3741 4515 4558 3701 3744 4518 4561 3656 3657 4473 4474 3785 3786 4602 4603 2882 2883 2925 2926 5333 5334 5376 5377 3699 3700 3742 3743 4516 4517 4559 4560
          2841 2844 2973 2970 5292 5295 5424 5421 2842 2843 2887 2930 2971 2972 2884 2927 5293 5294 5338 5381 5422 5423 5335 5378 3658 4475 3661 4478 3787 4604 3790 4607 3701 3744 4518 4561 3704 3747 4521 4564 3659 3660 4476 4477 3788 3789 4605 4606 2885 2886 2928 2929 5336 5337 5379 5380 3702 3703 3745 3746 4519 4520 4562 4563
          2844 2847 2976 2973 5295 5298 5427 5424 2845 2846 2890 2933 2974 2975 2887 2930 5296 5297 5341 5384 5425 5426 5338 5381 3661 4478 3664 4481 3790 4607 3793 4610 3704 3747 4521 4564 3707 3750 4524 4567 3662 3663 4479 4480 3791 3792 4608 4609 2888 2889 2931 2932 5339 5340 5382 5383 3705 3706 3748 3749 4522 4523 4565 4566
          2847 2850 2979 2976 5298 5301 5430 5427 2848 2849 2893 2936 2977 2978 2890 2933 5299 5300 5344 5387 5428 5429 5341 5384 3664 4481 3667 4484 3793 4610 3796 4613 3707 3750 4524 4567 3710 3753 4527 4570 3665 3666 4482 4483 3794 3795 4611 4612 2891 2892 2934 2935 5342 5343 5385 5386 3708 3709 3751 3752 4525 4526 4568 4569
          2850 2853 2982 2979 5301 5304 5433 5430 2851 2852 2896 2939 2980 2981 2893 2936 5302 5303 5347 5390 5431 5432 5344 5387 3667 4484 3670 4487 3796 4613 3799 4616 3710 3753 4527 4570 3713 3756 4530 4573 3668 3669 4485 4486 3797 3798 4614 4615 2894 2895 2937 2938 5345 5346 5388 5389 3711 3712 3754 3755 4528 4529 4571 4572
          2853 2856 2985 2982 5304 5307 5436 5433 2854 2855 2899 2942 2983 2984 2896 2939 5305 5306 5350 5393 5434 5435 5347 5390 3670 4487 3673 4490 3799 4616 3802 4619 3713 3756 4530 4573 3716 3759 4533 4576 3671 3672 4488 4489 3800 3801 4617 4618 2897 2898 2940 2941 5348 5349 5391 5392 3714 3715 3757 3758 4531 4532 4574 4575
          2856 2859 2988 2985 5307 5310 5439 5436 2857 2858 2902 2945 2986 2987 2899 2942 5308 5309 5353 5396 5437 5438 5350 5393 3673 4490 3676 4493 3802 4619 3805 4622 3716 3759 4533 4576 3719 3762 4536 4579 3674 3675 4491 4492 3803 3804 4620 4621 2900 2901 2943 2944 5351 5352 5394 5395 3717 3718 3760 3761 4534 4535 4577 4578
          2859 2862 2991 2988 5310 5313 5442 5439 2860 2861 2905 2948 2989 2990 2902 2945 5311 5312 5356 5399 5440 5441 5353 5396 3676 4493 3679 4496 3805 4622 3808 4625 3719 3762 4536 4579 3722 3765 4539 4582 3677 3678 4494 4495 3806 3807 4623 4624 2903 2904 2946 2947 5354 5355 5397 5398 3720 3721 3763 3764 4537 4538 4580 4581
          2862 2865 2994 2991 5313 5316 5445 5442 2863 2864 2908 2951 2992 2993 2905 2948 5314 5315 5359 5402 5443 5444 5356 5399 3679 4496 3682 4499 3808 4625 3811 4628 3722 3765 4539 4582 3725 3768 4542 4585 3680 3681 4497 4498 3809 3810 4626 4627 2906 2907 2949 2950 5357 5358 5400 5401 3723 3724 3766 3767 4540 4541 4583 4584
          2865 2868 2997 2994 5316 5319 5448 5445 2866 2867 2911 2954 2995 2996 2908 2951 5317 5318 5362 5405 5446 5447 5359 5402 3682 4499 3685 4502 3811 4628 3814 4631 3725 3768 4542 4585 3728 3771 4545 4588 3683 3684 4500 4501 3812 3813 4629 4630 2909 2910 2952 2953 5360 5361 5403 5404 3726 3727 3769 3770 4543 4544 4586 4587
          2868 2871 3000 2997 5319 5322 5451 5448 2869 2870 2914 2957 2998 2999 2911 2954 5320 5321 5365 5408 5449 5450 5362 5405 3685 4502 3688 4505 3814 4631 3817 4634 3728 3771 4545 4588 3731 3774 4548 4591 3686 3687 4503 4504 3815 3816 4632 4633 2912 2913 2955 2956 5363 5364 5406 5407 3729 3730 3772 3773 4546 4547 4589 4590
          2871 2874 3003 3000 5322 5325 5454 5451 2872 2873 2917 2960 3001 3002 2914 2957 5323 5324 5368 5411 5452 5453 5365 5408 3688 4505 3691 4508 3817 4634 3820 4637 3731 3774 4548 4591 3734 3777 4551 4594 3689 3690 4506 4507 3818 3819 4635 4636 2915 2916 2958 2959 5366 5367 5409 5410 3732 3733 3775 3776 4549 4550 4592 4593
          2874 2877 3006 3003 5325 5328 5457 5454 2875 2876 2920 2963 3004 3005 2917 2960 5326 5327 5371 5414 5455 5456 5368 5411 3691 4508 3694 4511 3820 4637 3823 4640 3734 3777 4551 4594 3737 3780 4554 4597 3692 3693 4509 4510 3821 3822 4638 4639 2918 2919 2961 2962 5369 5370 5412 5413 3735 3736 3778 3779 4552 4553 4595 4596
          2877 2880 3009 3006 5328 5331 5460 5457 2878 2879 2923 2966 3007 3008 2920 2963 5329 5330 5374 5417 5458 5459 5371 5414 3694 4511 3697 4514 3823 4640 3826 4643 3737 3780 4554 4597 3740 3783 4557 4600 3695 3696 4512 4513 3824 3825 4641 4642 2921 2922 2964 2965 5372 5373 5415 5416 3738 3739 3781 3782 4555 4556 4598 4599
          2967 2970 3099 3096 5418 5421 5550 5547 2968 2969 3013 3056 3097 3098 3010 3053 5419 5420 5464 5507 5548 5549 5461 5504 3784 4601 3787 4604 3913 4730 3916 4733 3827 3870 4644 4687 3830 3873 4647 4690 3785 3786 4602 4603 3914 3915 4731 4732 3011 3012 3054 3055 5462 5463 5505 5506 3828 3829 3871 3872 4645 4646 4688 4689
          2970 2973 3102 3099 5421 5424 5553 5550 2971 2972 3016 3059 3100 3101 3013 3056 5422 5423 5467 5510 5551 5552 5464 5507 3787 4604 3790 4607 3916 4733 3919 4736 3830 3873 4647 4690 3833 3876 4650 4693 3788 3789 4605 4606 3917 3918 4734 4735 3014 3015 3057 3058 5465 5466 5508 5509 3831 3832 3874 3875 4648 4649 4691 4692
          2973 2976 3105 3102 5424 5427 5556 5553 2974 2975 3019 3062 3103 3104 3016 3059 5425 5426 5470 5513 5554 5555 5467 5510 3790 4607 3793 4610 3919 4736 3922 4739 3833 3876 4650 4693 3836 3879 4653 4696 3791 3792 4608 4609 3920 3921 4737 4738 3017 3018 3060 3061 5468 5469 5511 5512 3834 3835 3877 3878 4651 4652 4694 4695
          2976 2979 3108 3105 5427 5430 5559 5556 2977 2978 3022 3065 3106 3107 3019 3062 5428 5429 5473 5516 5557 5558 5470 5513 3793 4610 3796 4613 3922 4739 3925 4742 3836 3879 4653 4696 3839 3882 4656 4699 3794 3795 4611 4612 3923 3924 4740 4741 3020 3021 3063 3064 5471 5472 5514 5515 3837 3838 3880 3881 4654 4655 4697 4698
          2979 2982 3111 3108 5430 5433 5562 5559 2980 2981 3025 3068 3109 3110 3022 3065 5431 5432 5476 5519 5560 5561 5473 5516 3796 4613 3799 4616 3925 4742 3928 4745 3839 3882 4656 4699 3842 3885 4659 4702 3797 3798 4614 4615 3926 3927 4743 4744 3023 3024 3066 3067 5474 5475 5517 5518 3840 3841 3883 3884 4657 4658 4700 4701
          2982 2985 3114 3111 5433 5436 5565 5562 2983 2984 3028 3071 3112 3113 3025 3068 5434 5435 5479 5522 5563 5564 5476 5519 3799 4616 3802 4619 3928 4745 3931 4748 3842 3885 4659 4702 3845 3888 4662 4705 3800 3801 4617 4618 3929 3930 4746 4747 3026 3027 3069 3070 5477 5478 5520 5521 3843 3844 3886 3887 4660 4661 4703 4704
          2985 2988 3117 3114 5436 5439 5568 5565 2986 2987 3031 3074 3115 3116 3028 3071 5437 5438 5482 5525 5566 5567 5479 5522 3802 4619 3805 4622 3931 4748 3934 4751 3845 3888 4662 4705 3848 3891 4665 4708 3803 3804 4620 4621 3932 3933 4749 4750 3029 3030 3072 3073 5480 5481 5523 5524 3846 3847 3889 3890 4663 4664 4706 4707
          2988 2991 3120 3117 5439 5442 5571 5568 2989 2990 3034 3077 3118 3119 3031 3074 5440 5441 5485 5528 5569 5570 5482 5525 3805 4622 3808 4625 3934 4751 3937 4754 3848 3891 4665 4708 3851 3894 4668 4711 3806 3807 4623 4624 3935 3936 4752 4753 3032 3033 3075 3076 5483 5484 5526 5527 3849 3850 3892 3893 4666 4667 4709 4710
          2991 2994 3123 3120 5442 5445 5574 5571 2992 2993 3037 3080 3121 3122 3034 3077 5443 5444 5488 5531 5572 5573 5485 5528 3808 4625 3811 4628 3937 4754 3940 4757 3851 3894 4668 4711 3854 3897 4671 4714 3809 3810 4626 4627 3938 3939 4755 4756 3035 3036 3078 3079 5486 5487 5529 5530 3852 3853 3895 3896 4669 4670 4712 4713
          2994 2997 3126 3123 5445 5448 5577 5574 2995 2996 3040 3083 3124 3125 3037 3080 5446 5447 5491 5534 5575 5576 5488 5531 3811 4628 3814 4631 3940 4757 3943 4760 3854 3897 4671 4714 3857 3900 4674 4717 3812 3813 4629 4630 3941 3942 4758 4759 3038 3039 3081 3082 5489 5490 5532 5533 3855 3856 3898 3899 4672 4673 4715 4716
          2997 3000 3129 3126 5448 5451 5580 5577 2998 2999 3043 3086 3127 3128 3040 3083 5449 5450 5494 5537 5578 5579 5491 5534 3814 4631 3817 4634 3943 4760 3946 4763 3857 3900 4674 4717 3860 3903 4677 4720 3815 3816 4632 4633 3944 3945 4761 4762 3041 3042 3084 3085 5492 5493 5535 5536 3858 3859 3901 3902 4675 4676 4718 4719
          3000 3003 3132 3129 5451 5454 5583 5580 3001 3002 3046 3089 3130 3131 3043 3086 5452 5453 5497 5540 5581 5582 5494 5537 3817 4634 3820 4637 3946 4763 3949 4766 3860 3903 4677 4720 3863 3906 4680 4723 3818 3819 4635 4636 3947 3948 4764 4765 3044 3045 3087 3088 5495 5496 5538 5539 3861 3862 3904 3905 4678 4679 4721 4722
          3003 3006 3135 3132 5454 5457 5586 5583 3004 3005 3049 3092 3133 3134 3046 3089 5455 5456 5500 5543 5584 5585 5497 5540 3820 4637 3823 4640 3949 4766 3952 4769 3863 3906 4680 4723 3866 3909 4683 4726 3821 3822 4638 4639 3950 3951 4767 4768 3047 3048 3090 3091 5498 5499 5541 5542 3864 3865 3907 3908 4681 4682 4724 4725
          3006 3009 3138 3135 5457 5460 5589 5586 3007 3008 3052 3095 3136 3137 3049 3092 5458 5459 5503 5546 5587 5588 5500 5543 3823 4640 3826 4643 3952 4769 3955 4772 3866 3909 4683 4726 3869 3912 4686 4729 3824 3825 4641 4642 3953 3954 4770 4771 3050 3051 3093 3094 5501 5502 5544 5545 3867 3868 3910 3911 4684 4685 4727 4728
          3096 3099 3228 3225 5547 5550 5679 5676 3097 3098 3142 3185 3226 3227 3139 3182 5548 5549 5593 5636 5677 5678 5590 5633 3913 4730 3916 4733 4042 4859 4045 4862 3956 3999 4773 4816 3959 4002 4776 4819 3914 3915 4731 4732 4043 4044 4860 4861 3140 3141 3183 3184 5591 5592 5634 5635 3957 3958 4000 4001 4774 4775 4817 4818
          3099 3102 3231 3228 5550 5553 5682 5679 3100 3101 3145 3188 3229 3230 3142 3185 5551 5552 5596 5639 5680 5681 5593 5636 3916 4733 3919 4736 4045 4862 4048 4865 3959 4002 4776 4819 3962 4005 4779 4822 3917 3918 4734 4735 4046 4047 4863 4864 3143 3144 3186 3187 5594 5595 5637 5638 3960 3961 4003 4004 4777 4778 4820 4821
          3102 3105 3234 3231 5553 5556 5685 5682 3103 3104 3148 3191 3232 3233 3145 3188 5554 5555 5599 5642 5683 5684 5596 5639 3919 4736 3922 4739 4048 4865 4051 4868 3962 4005 4779 4822 3965 4008 4782 4825 3920 3921 4737 4738 4049 4050 4866 4867 3146 3147 3189 3190 5597 5598 5640 5641 3963 3964 4006 4007 4780 4781 4823 4824
          3105 3108 3237 3234 5556 5559 5688 5685 3106 3107 3151 3194 3235 3236 3148 3191 5557 5558 5602 5645 5686 5687 5599 5642 3922 4739 3925 4742 4051 4868 4054 4871 3965 4008 4782 4825 3968 4011 4785 4828 3923 3924 4740 4741 4052 4053 4869 4870 3149 3150 3192 3193 5600 5601 5643 5644 3966 3967 4009 4010 4783 4784 4826 4827
          3108 3111 3240 3237 5559 5562 5691 5688 3109 3110 3154 3197 3238 3239 3151 3194 5560 5561 5605 5648 5689 5690 5602 5645 3925 4742 3928 4745 4054 4871 4057 4874 3968 4011 4785 4828 3971 4014 4788 4831 3926 3927 4743 4744 4055 4056 4872 4873 3152 3153 3195 3196 5603 5604 5646 5647 3969 3970 4012 4013 4786 4787 4829 4830
          3111 3114 3243 3240 5562 5565 5694 5691 3112 3113 3157 3200 3241 3242 3154 3197 5563 5564 5608 5651 5692 5693 5605 5648 3928 4745 3931 4748 4057 4874 4060 4877 3971 4014 4788 4831 3974 4017 4791 4834 3929 3930 4746 4747 4058 4059 4875 4876 3155 3156 3198 3199 5606 5607 5649 5650 3972 3973 4015 4016 4789 4790 4832 4833
          3114 3117 3246 3243 5565 5568 5697 5694 3115 3116 3160 3203 3244 3245 3157 3200 5566 5567 5611 5654 5695 5696 5608 5651 3931 4748 3934 4751 4060 4877 4063 4880 3974 4017 4791 4834 3977 4020 4794 4837 3932 3933 4749 4750 4061 4062 4878 4879 3158 3159 3201 3202 5609 5610 5652 5653 3975 3976 4018 4019 4792 4793 4835 4836
          3117 3120 3249 3246 5568 5571 5700 5697 3118 3119 3163 3206 3247 3248 3160 3203 5569 5570 5614 5657 5698 5699 5611 5654 3934 4751 3937 4754 4063 4880 4066 4883 3977 4020 4794 4837 3980 4023 4797 4840 3935 3936 4752 4753 4064 4065 4881 4882 3161 3162 3204 3205 5612 5613 5655 5656 3978 3979 4021 4022 4795 4796 4838 4839
          3120 3123 3252 3249 5571 5574 5703 5700 3121 3122 3166 3209 3250 3251 3163 3206 5572 5573 5617 5660 5701 5702 5614 5657 3937 4754 3940 4757 4066 4883 4069 4886 3980 4023 4797 4840 3983 4026 4800 4843 3938 3939 4755 4756 4067 4068 4884 4885 3164 3165 3207 3208 5615 5616 5658 5659 3981 3982 4024 4025 4798 4799 4841 4842
          3123 3126 3255 3252 5574 5577 5706 5703 3124 3125 3169 3212 3253 3254 3166 3209 5575 5576 5620 5663 5704 5705 5617 5660 3940 4757 3943 4760 4069 4886 4072 4889 3983 4026 4800 4843 3986 4029 4803 4846 3941 3942 4758 4759 4070 4071 4887 4888 3167 3168 3210 3211 5618 5619 5661 5662 3984 3985 4027 4028 4801 4802 4844 4845
          3126 3129 3258 3255 5577 5580 5709 5706 3127 3128 3172 3215 3256 3257 3169 3212 5578 5579 5623 5666 5707 5708 5620 5663 3943 4760 3946 4763 4072 4889 4075 4892 3986 4029 4803 4846 3989 4032 4806 4849 3944 3945 4761 4762 4073 4074 4890 4891 3170 3171 3213 3214 5621 5622 5664 5665 3987 3988 4030 4031 4804 4805 4847 4848
          3129 3132 3261 3258 5580 5583 5712 5709 3130 3131 3175 3218 3259 3260 3172 3215 5581 5582 5626 5669 5710 5711 5623 5666 3946 4763 3949 4766 4075 4892 4078 4895 3989 4032 4806 4849 3992 4035 4809 4852 3947 3948 4764 4765 4076 4077 4893 4894 3173 3174 3216 3217 5624 5625 5667 5668 3990 3991 4033 4034 4807 4808 4850 4851
          3132 3135 3264 3261 5583 5586 5715 5712 3133 3134 3178 3221 3262 3263 3175 3218 5584 5585 5629 5672 5713 5714 5626 5669 3949 4766 3952 4769 4078 4895 4081 4898 3992 4035 4809 4852 3995 4038 4812 4855 3950 3951 4767 4768 4079 4080 4896 4897 3176 3177 3219 3220 5627 5628 5670 5671 3993 3994 4036 4037 4810 4811 4853 4854
          3135 3138 3267 3264 5586 5589 5718 5715 3136 3137 3181 3224 3265 3266 3178 3221 5587 5588 5632 5675 5716 5717 5629 5672 3952 4769 3955 4772 4081 4898 4084 4901 3995 4038 4812 4855 3998 4041 4815 4858 3953 3954 4770 4771 4082 4083 4899 4900 3179 3180 3222 3223 5630 5631 5673 5674 3996 3997 4039 4040 4813 4814 4856 4857
          4902 4905 5034 5031 7353 7356 7485 7482 4903 4904 4948 4991 5032 5033 4945 4988 7354 7355 7399 7442 7483 7484 7396 7439 5719 6536 5722 6539 5848 6665 5851 6668 5762 5805 6579 6622 5765 5808 6582 6625 5720 5721 6537 6538 5849 5850 6666 6667 4946 4947 4989 4990 7397 7398 7440 7441 5763 5764 5806 5807 6580 6581 6623 6624
          4905 4908 5037 5034 7356 7359 7488 7485 4906 4907 4951 4994 5035 5036 4948 4991 7357 7358 7402 7445 7486 7487 7399 7442 5722 6539 5725 6542 5851 6668 5854 6671 5765 5808 6582 6625 5768 5811 6585 6628 5723 5724 6540 6541 5852 5853 6669 6670 4949 4950 4992 4993 7400 7401 7443 7444 5766 5767 5809 5810 6583 6584 6626 6627
          4908 4911 5040 5037 7359 7362 7491 7488 4909 4910 4954 4997 5038 5039 4951 4994 7360 7361 7405 7448 7489 7490 7402 7445 5725 6542 5728 6545 5854 6671 5857 6674 5768 5811 6585 6628 5771 5814 6588 6631 5726 5727 6543 6544 5855 5856 6672 6673 4952 4953 4995 4996 7403 7404 7446 7447 5769 5770 5812 5813 6586 6587 6629 6630
          4911 4914 5043 5040 7362 7365 7494 7491 4912 4913 4957 5000 5041 5042 4954 4997 7363 7364 7408 7451 7492 7493 7405 7448 5728 6545 5731 6548 5857 6674 5860 6677 5771 5814 6588 6631 5774 5817 6591 6634 5729 5730 6546 6547 5858 5859 6675 6676 4955 4956 4998 4999 7406 7407 7449 7450 5772 5773 5815 5816 6589 6590 6632 6633
          4914 4917 5046 5043 7365 7368 7497 7494 4915 4916 4960 5003 5044 5045 4957 5000 7366 7367 7411 7454 7495 7496 7408 7451 5731 6548 5734 6551 5860 6677 5863 6680 5774 5817 6591 6634 5777 5820 6594 6637 5732 5733 6549 6550 5861 5862 6678 6679 4958 4959 5001 5002 7409 7410 7452 7453 5775 5776 5818 5819 6592 6593 6635 6636
          4917 4920 5049 5046 7368 7371 7500 7497 4918 4919 4963 5006 5047 5048 4960 5003 7369 7370 7414 7457 7498 7499 7411 7454 5734 6551 5737 6554 5863 6680 5866 6683 5777 5820 6594 6637 5780 5823 6597 6640 5735 5736 6552 6553 5864 5865 6681 6682 4961 4962 5004 5005 7412 7413 7455 7456 5778 5779 5821 5822 6595 6596 6638 6639
          4920 4923 5052 5049 7371 7374 7503 7500 4921 4922 4966 5009 5050 5051 4963 5006 7372 7373 7417 7460 7501 7502 7414 7457 5737 6554 5740 6557 5866 6683 5869 6686 5780 5823 6597 6640 5783 5826 6600 6643 5738 5739 6555 6556 5867 5868 6684 6685 4964 4965 5007 5008 7415 7416 7458 7459 5781 5782 5824 5825 6598 6599 6641 6642
          4923 4926 5055 5052 7374 7377 7506 7503 4924 4925 4969 5012 5053 5054 4966 5009 7375 7376 7420 7463 7504 7505 7417 7460 5740 6557 5743 6560 5869 6686 5872 6689 5783 5826 6600 6643 5786 5829 6603 6646 5741 5742 6558 6559 5870 5871 6687 6688 4967 4968 5010 5011 7418 7419 7461 7462 5784 5785 5827 5828 6601 6602 6644 6645
          4926 4929 5058 5055 7377 7380 7509 7506 4927 4928 4972 5015 5056 5057 4969 5012 7378 7379 7423 7466 7507 7508 7420 7463 5743 6560 5746 6563 5872 6689 5875 6692 5786 5829 6603 6646 5789 5832 6606 6649 5744 5745 6561 6562 5873 5874 6690 6691 4970 4971 5013 5014 7421 7422 7464 7465 5787 5788 5830 5831 6604 6605 6647 6648
          4929 4932 5061 5058 7380 7383 7512 7509 4930 4931 4975 5018 5059 5060 4972 5015 7381 7382 7426 7469 7510 7511 7423 7466 5746 6563 5749 6566 5875 6692 5878 6695 5789 5832 6606 6649 5792 5835 6609 6652 5747 5748 6564 6565 5876 5877 6693 6694 4973 4974 5016 5017 7424 7425 7467 7468 5790 5791 5833 5834 6607 6608 6650 6651
          4932 4935 5064 5061 7383 7386 7515 7512 4933 4934 4978 5021 5062 5063 4975 5018 7384 7385 7429 7472 7513 7514 7426 7469 5749 6566 5752 6569 5878 6695 5881 6698 5792 5835 6609 6652 5795 5838 6612 6655 5750 5751 6567 6568 5879 5880 6696 6697 4976 4977 5019 5020 7427 7428 7470 7471 5793 5794 5836 5837 6610 6611 6653 6654
          4935 4938 5067 5064 7386 7389 7518 7515 4936 4937 4981 5024 5065 5066 4978 5021 7387 7388 7432 7475 7516 7517 7429 7472 5752 6569 5755 6572 5881 6698 5884 6701 5795 5838 6612 6655 5798 5841 6615 6658 5753 5754 6570 6571 5882 5883 6699 6700 4979 4980 5022 5023 7430 7431 7473 7474 5796 5797 5839 5840 6613 6614 6656 6657
          4938 4941 5070 5067 7389 7392 7521 7518 4939 4940 4984 5027 5068 5069 4981 5024 7390 7391 7435 7478 7519 7520 7432 7475 5755 6572 5758 6575 5884 6701 5887 6704 5798 5841 6615 6658 5801 5844 6618 6661 5756 5757 6573 6574 5885 5886 6702 6703 4982 4983 5025 5026 7433 7434 7476 7477 5799 5800 5842 5843 6616 6617 6659 6660
          4941 4944 5073 5070 7392 7395 7524 7521 4942 4943 4987 5030 5071 5072 4984 5027 7393 7394 7438 7481 7522 7523 7435 7478 5758 6575 5761 6578 5887 6704 5890 6707 5801 5844 6618 6661 5804 5847 6621 6664 5759 5760 6576 6577 5888 5889 6705 6706 4985 4986 5028 5029 7436 7437 7479 7480 5802 5803 5845 5846 6619 6620 6662 6663
          5031 5034 5163 5160 7482 7485 7614 7611 5032 5033 5077 5120 5161 5162 5074 5117 7483 7484 7528 7571 7612 7613 7525 7568 5848 6665 5851 6668 5977 6794 5980 6797 5891 5934 6708 6751 5894 5937 6711 6754 5849 5850 6666 6667 5978 5979 6795 6796 5075 5076 5118 5119 7526 7527 7569 7570 5892 5893 5935 5936 6709 6710 6752 6753
          5034 5037 5166 5163 7485 7488 7617 7614 5035 5036 5080 5123 5164 5165 5077 5120 7486 7487 7531 7574 7615 7616 7528 7571 5851 6668 5854 6671 5980 6797 5983 6800 5894 5937 6711 6754 5897 5940 6714 6757 5852 5853 6669 6670 5981 5982 6798 6799 5078 5079 5121 5122 7529 7530 7572 7573 5895 5896 5938 5939 6712 6713 6755 6756
          5037 5040 5169 5166 7488 7491 7620 7617 5038 5039 5083 5126 5167 5168 5080 5123 7489 7490 7534 7577 7618 7619 7531 7574 5854 6671 5857 6674 5983 6800 5986 6803 5897 5940 6714 6757 5900 5943 6717 6760 5855 5856 6672 6673 5984 5985 6801 6802 5081 5082 5124 5125 7532 7533 7575 7576 5898 5899 5941 5942 6715 6716 6758 6759
          5040 5043 5172 5169 7491 7494 7623 7620 5041 5042 5086 5129 5170 5171 5083 5126 7492 7493 7537 7580 7621 7622 7534 7577 5857 6674 5860 6677 5986 6803 5989 6806 5900 5943 6717 6760 5903 5946 6720 6763 5858 5859 6675 6676 5987 5988 6804 6805 5084 5085 5127 5128 7535 7536 7578 7579 5901 5902 5944 5945 6718 6719 6761 6762
          5043 5046 5175 5172 7494 7497 7626 7623 5044 5045 5089 5132 5173 5174 5086 5129 7495 7496 7540 7583 7624 7625 7537 7580 5860 6677 5863 6680 5989 6806 5992 6809 5903 5946 6720 6763 5906 5949 6723 6766 5861 5862 6678 6679 5990 5991 6807 6808 5087 5088 5130 5131 7538 7539 7581 7582 5904 5905 5947 5948 6721 6722 6764 6765
          5046 5049 5178 5175 7497 7500 7629 7626 5047 5048 5092 5135 5176 5177 5089 5132 7498 7499 7543 7586 7627 7628 7540 7583 5863 6680 5866 6683 5992 6809 5995 6812 5906 5949 6723 6766 5909 5952 6726 6769 5864 5865 6681 6682 5993 5994 6810 6811 5090 5091 5133 5134 7541 7542 7584 7585 5907 5908 5950 5951 6724 6725 6767 6768
          5049 5052 5181 5178 7500 7503 7632 7629 5050 5051 5095 5138 5179 5180 5092 5135 7501 7502 7546 7589 7630 7631 7543 7586 5866 6683 5869 6686 5995 6812 5998 6815 5909 5952 6726 6769 5912 5955 6729 6772 5867 5868 6684 6685 5996 5997 6813 6814 5093 5094 5136 5137 7544 7545 7587 7588 5910 5911 5953 5954 6727 6728 6770 6771
          5052 5055 5184 5181 7503 7506 7635 7632 5053 5054 5098 5141 5182 5183 5095 5138 7504 7505 7549 7592 7633 7634 7546 7589 5869 6686 5872 6689 5998 6815 6001 6818 5912 5955 6729 6772 5915 5958 6732 6775 5870 5871 6687 6688 5999 6000 6816 6817 5096 5097 5139 5140 7547 7548 7590 7591 5913 5914 5956 5957 6730 6731 6773 6774
          5055 5058 5187 5184 7506 7509 7638 7635 5056 5057 5101 5144 5185 5186 5098 5141 7507 7508 7552 7595 7636 7637 7549 7592 5872 6689 5875 6692 6001 6818 6004 6821 5915 5958 6732 6775 5918 5961 6735 6778 5873 5874 6690 6691 6002 6003 6819 6820 5099 5100 5142 5143 7550 7551 7593 7594 5916 5917 5959 5960 6733 6734 6776 6777
          5058 5061 5190 5187 7509 7512 7641 7638 5059 5060 5104 5147 5188 5189 5101 5144 7510 7511 7555 7598 7639 7640 7552 7595 5875 6692 5878 6695 6004 6821 6007 6824 5918 5961 6735 6778 5921 5964 6738 6781 5876 5877 6693 6694 6005 6006 6822 6823 5102 5103 5145 5146 7553 7554 7596 7597 5919 5920 5962 5963 6736 6737 6779 6780
          5061 5064 5193 5190 7512 7515 7644 7641 5062 5063 5107 5150 5191 5192 5104 5147 7513 7514 7558 7601 7642 7643 7555 7598 5878 6695 5881 6698 6007 6824 6010 6827 5921 5964 6738 6781 5924 5967 6741 6784 5879 5880 6696 6697 6008 6009 6825 6826 5105 5106 5148 5149 7556 7557 7599 7600 5922 5923 5965 5966 6739 6740 6782 6783
          5064 5067 5196 5193 7515 7518 7647 7644 5065 5066 5110 5153 5194 5195 5107 5150 7516 7517 7561 7604 7645 7646 7558 7601 5881 6698 5884 6701 6010 6827 6013 6830 5924 5967 6741 6784 5927 5970 6744 6787 5882 5883 6699 6700 6011 6012 6828 6829 5108 5109 5151 5152 7559 7560 7602 7603 5925 5926 5968 5969 6742 6743 6785 6786
          5067 5070 5199 5196 7518 7521 7650 7647 5068 5069 5113 5156 5197 5198 5110 5153 7519 7520 7564 7607 7648 7649 7561 7604 5884 6701 5887 6704 6013 6830 6016 6833 5927 5970 6744 6787 5930 5973 6747 6790 5885 5886 6702 6703 6014 6015 6831 6832 5111 5112 5154 5155 7562 7563 7605 7606 5928 5929 5971 5972 6745 6746 6788 6789
          5070 5073 5202 5199 7521 7524 7653 7650 5071 5072 5116 5159 5200 5201 5113 5156 7522 7523 7567 7610 7651 7652 7564 7607 5887 6704 5890 6707 6016 6833 6019 6836 5930 5973 6747 6790 5933 5976 6750 6793 5888 5889 6705 6706 6017 6018 6834 6835 5114 5115 5157 5158 7565 7566 7608 7609 5931 5932 5974 5975 6748 6749 6791 6792
          5160 5163 5292 5289 7611 7614 7743 7740 5161 5162 5206 5249 5290 5291 5203 5246 7612 7613 7657 7700 7741 7742 7654 7697 5977 6794 5980 6797 6106 6923 6109 6926 6020 6063 6837 6880 6023 6066 6840 6883 5978 5979 6795 6796 6107 6108 6924 6925 5204 5205 5247 5248 7655 7656 7698 7699 6021 6022 6064 6065 6838 6839 6881 6882
          5163 5166 5295 5292 7614 7617 7746 7743 5164 5165 5209 5252 5293 5294 5206 5249 7615 7616 7660 7703 7744 7745 7657 7700 5980 6797 5983 6800 6109 6926 6112 6929 6023 6066 6840 6883 6026 6069 6843 6886 5981 5982 6798 6799 6110 6111 6927 6928 5207 5208 5250 5251 7658 7659 7701 7702 6024 6025 6067 6068 6841 6842 6884 6885
          5166 5169 5298 5295 7617 7620 7749 7746 5167 5168 5212 5255 5296 5297 5209 5252 7618 7619 7663 7706 7747 7748 7660 7703 5983 6800 5986 6803 6112 6929 6115 6932 6026 6069 6843 6886 6029 6072 6846 6889 5984 5985 6801 6802 6113 6114 6930 6931 5210 5211 5253 5254 7661 7662 7704 7705 6027 6028 6070 6071 6844 6845 6887 6888
          5169 5172 5301 5298 7620 7623 7752 7749 5170 5171 5215 5258 5299 5300 5212 5255 7621 7622 7666 7709 7750 7751 7663 7706 5986 6803 5989 6806 6115 6932 6118 6935 6029 6072 6846 6889 6032 6075 6849 6892 5987 5988 6804 6805 6116 6117 6933 6934 5213 5214 5256 5257 7664 7665 7707 7708 6030 6031 6073 6074 6847 6848 6890 6891
          5172 5175 5304 5301 7623 7626 7755 7752 5173 5174 5218 5261 5302 5303 5215 5258 7624 7625 7669 7712 7753 7754 7666 7709 5989 6806 5992 6809 6118 6935 6121 6938 6032 6075 6849 6892 6035 6078 6852 6895 5990 5991 6807 6808 6119 6120 6936 6937 5216 5217 5259 5260 7667 7668 7710 7711 6033 6034 6076 6077 6850 6851 6893 6894
          5175 5178 5307 5304 7626 7629 7758 7755 5176 5177 5221 5264 5305 5306 5218 5261 7627 7628 7672 7715 7756 7757 7669 7712 5992 6809 5995 6812 6121 6938 6124 6941 6035 6078 6852 6895 6038 6081 6855 6898 5993 5994 6810 6811 6122 6123 6939 6940 5219 5220 5262 5263 7670 7671 7713 7714 6036 6037 6079 6080 6853 6854 6896 6897
          5178 5181 5310 5307 7629 7632 7761 7758 5179 5180 5224 5267 5308 5309 5221 5264 7630 7631 7675 7718 7759 7760 7672 7715 5995 6812 5998 6815 6124 6941 6127 6944 6038 6081 6855 6898 6041 6084 6858 6901 5996 5997 6813 6814 6125 6126 6942 6943 5222 5223 5265 5266 7673 7674 7716 7717 6039 6040 6082 6083 6856 6857 6899 6900
          5181 5184 5313 5310 7632 7635 7764 7761 5182 5183 5227 5270 5311 5312 5224 5267 7633 7634 7678 7721 7762 7763 7675 7718 5998 6815 6001 6818 6127 6944 6130 6947 6041 6084 6858 6901 6044 6087 6861 6904 5999 6000 6816 6817 6128 6129 6945 6946 5225 5226 5268 5269 7676 7677 7719 7720 6042 6043 6085 6086 6859 6860 6902 6903
          5184 5187 5316 5313 7635 7638 7767 7764 5185 5186 5230 5273 5314 5315 5227 5270 7636 7637 7681 7724 7765 7766 7678 7721 6001 6818 6004 6821 6130 6947 6133 6950 6044 6087 6861 6904 6047 6090 6864 6907 6002 6003 6819 6820 6131 6132 6948 6949 5228 5229 5271 5272 7679 7680 7722 7723 6045 6046 6088 6089 6862 6863 6905 6906
          5187 5190 5319 5316 7638 7641 7770 7767 5188 5189 5233 5276 5317 5318 5230 5273 7639 7640 7684 7727 7768 7769 7681 7724 6004 6821 6007 6824 6133 6950 6136 6953 6047 6090 6864 6907 6050 6093 6867 6910 6005 6006 6822 6823 6134 6135 6951 6952 5231 5232 5274 5275 7682 7683 7725 7726 6048 6049 6091 6092 6865 6866 6908 6909
          5190 5193 5322 5319 7641 7644 7773 7770 5191 5192 5236 5279 5320 5321 5233 5276 7642 7643 7687 7730 7771 7772 7684 7727 6007 6824 6010 6827 6136 6953 6139 6956 6050 6093 6867 6910 6053 6096 6870 6913 6008 6009 6825 6826 6137 6138 6954 6955 5234 5235 5277 5278 7685 7686 7728 7729 6051 6052 6094 6095 6868 6869 6911 6912
          5193 5196 5325 5322 7644 7647 7776 7773 5194 5195 5239 5282 5323 5324 5236 5279 7645 7646 7690 7733 7774 7775 7687 7730 6010 6827 6013 6830 6139 6956 6142 6959 6053 6096 6870 6913 6056 6099 6873 6916 6011 6012 6828 6829 6140 6141 6957 6958 5237 5238 5280 5281 7688 7689 7731 7732 6054 6055 6097 6098 6871 6872 6914 6915
          5196 5199 5328 5325 7647 7650 7779 7776 5197 5198 5242 5285 5326 5327 5239 5282 7648 7649 7693 7736 7777 7778 7690 7733 6013 6830 6016 6833 6142 6959 6145 6962 6056 6099 6873 6916 6059 6102 6876 6919 6014 6015 6831 6832 6143 6144 6960 6961 5240 5241 5283 5284 7691 7692 7734 7735 6057 6058 6100 6101 6874 6875 6917 6918
          5199 5202 5331 5328 7650 7653 7782 7779 5200 5201 5245 5288 5329 5330 5242 5285 7651 7652 7696 7739 7780 7781 7693 7736 6016 6833 6019 6836 6145 6962 6148 6965 6059 6102 6876 6919 6062 6105 6879 6922 6017 6018 6834 6835 6146 6147 6963 6964 5243 5244 5286 5287 7694 7695 7737 7738 6060 6061 6103 6104 6877 6878 6920 6921
          5289 5292 5421 5418 7740 7743 7872 7869 5290 5291 5335 5378 5419 5420 5332 5375 7741 7742 7786 7829 7870 7871 7783 7826 6106 6923 6109 6926 6235 7052 6238 7055 6149 6192 6966 7009 6152 6195 6969 7012 6107 6108 6924 6925 6236 6237 7053 7054 5333 5334 5376 5377 7784 7785 7827 7828 6150 6151 6193 6194 6967 6968 7010 7011
          5292 5295 5424 5421 7743 7746 7875 7872 5293 5294 5338 5381 5422 5423 5335 5378 7744 7745 7789 7832 7873 7874 7786 7829 6109 6926 6112 6929 6238 7055 6241 7058 6152 6195 6969 7012 6155 6198 6972 7015 6110 6111 6927 6928 6239 6240 7056 7057 5336 5337 5379 5380 7787 7788 7830 7831 6153 6154 6196 6197 6970 6971 7013 7014
          5295 5298 5427 5424 7746 7749 7878 7875 5296 5297 5341 5384 5425 5426 5338 5381 7747 7748 7792 7835 7876 7877 7789 7832 6112 6929 6115 6932 6241 7058 6244 7061 6155 6198 6972 7015 6158 6201 6975 7018 6113 6114 6930 6931 6242 6243 7059 7060 5339 5340 5382 5383 7790 7791 7833 7834 6156 6157 6199 6200 6973 6974 7016 7017
          5298 5301 5430 5427 7749 7752 7881 7878 5299 5300 5344 5387 5428 5429 5341 5384 7750 7751 7795 7838 7879 7880 7792 7835 6115 6932 6118 6935 6244 7061 6247 7064 6158 6201 6975 7018 6161 6204 6978 7021 6116 6117 6933 6934 6245 6246 7062 7063 5342 5343 5385 5386 7793 7794 7836 7837 6159 6160 6202 6203 6976 6977 7019 7020
          5301 5304 5433 5430 7752 7755 7884 7881 5302 5303 5347 5390 5431 5432 5344 5387 7753 7754 7798 7841 7882 7883 7795 7838 6118 6935 6121 6938 6247 7064 6250 7067 6161 6204 6978 7021 6164 6207 6981 7024 6119 6120 6936 6937 6248 6249 7065 7066 5345 5346 5388 5389 7796 7797 7839 7840 6162 6163 6205 6206 6979 6980 7022 7023
          5304 5307 5436 5433 7755 7758 7887 7884 5305 5306 5350 5393 5434 5435 5347 5390 7756 7757 7801 7844 7885 7886 7798 7841 6121 6938 6124 6941 6250 7067 6253 7070 6164 6207 6981 7024 6167 6210 6984 7027 6122 6123 6939 6940 6251 6252 7068 7069 5348 5349 5391 5392 7799 7800 7842 7843 6165 6166 6208 6209 6982 6983 7025 7026
          5307 5310 5439 5436 7758 7761 7890 7887 5308 5309 5353 5396 5437 5438 5350 5393 7759 7760 7804 7847 7888 7889 7801 7844 6124 6941 6127 6944 6253 7070 6256 7073 6167 6210 6984 7027 6170 6213 6987 7030 6125 6126 6942 6943 6254 6255 7071 7072 5351 5352 5394 5395 7802 7803 7845 7846 6168 6169 6211 6212 6985 6986 7028 7029
          5310 5313 5442 5439 7761 7764 7893 7890 5311 5312 5356 5399 5440 5441 5353 5396 7762 7763 7807 7850 7891 7892 7804 7847 6127 6944 6130 6947 6256 7073 6259 7076 6170 6213 6987 7030 6173 6216 6990 7033 6128 6129 6945 6946 6257 6258 7074 7075 5354 5355 5397 5398 7805 7806 7848 7849 6171 6172 6214 6215 6988 6989 7031 7032
          5313 5316 5445 5442 7764 7767 7896 7893 5314 5315 5359 5402 5443 5444 5356 5399 7765 7766 7810 7853 7894 7895 7807 7850 6130 6947 6133 6950 6259 7076 6262 7079 6173 6216 6990 7033 6176 6219 6993 7036 6131 6132 6948 6949 6260 6261 7077 7078 5357 5358 5400 5401 7808 7809 7851 7852 6174 6175 6217 6218 6991 6992 7034 7035
          5316 5319 5448 5445 7767 7770 7899 7896 5317 5318 5362 5405 5446 5447 5359 5402 7768 7769 7813 7856 7897 7898 7810 7853 6133 6950 6136 6953 6262 7079 6265 7082 6176 6219 6993 7036 6179 6222 6996 7039 6134 6135 6951 6952 6263 6264 7080 7081 5360 5361 5403 5404 7811 7812 7854 7855 6177 6178 6220 6221 6994 6995 7037 7038
          5319 5322 5451 5448 7770 7773 7902 7899 5320 5321 5365 5408 5449 5450 5362 5405 7771 7772 7816 7859 7900 7901 7813 7856 6136 6953 6139 6956 6265 7082 6268 7085 6179 6222 6996 7039 6182 6225 6999 7042 6137 6138 6954 6955 6266 6267 7083 7084 5363 5364 5406 5407 7814 7815 7857 7858 6180 6181 6223 6224 6997 6998 7040 7041
          5322 5325 5454 5451 7773 7776 7905 7902 5323 5324 5368 5411 5452 5453 5365 5408 7774 7775 7819 7862 7903 7904 7816 7859 6139 6956 6142 6959 6268 7085 6271 7088 6182 6225 6999 7042 6185 6228 7002 7045 6140 6141 6957 6958 6269 6270 7086 7087 5366 5367 5409 5410 7817 7818 7860 7861 6183 6184 6226 6227 7000 7001 7043 7044
          5325 5328 5457 5454 7776 7779 7908 7905 5326 5327 5371 5414 5455 5456 5368 5411 7777 7778 7822 7865 7906 7907 7819 7862 6142 6959 6145 6962 6271 7088 6274 7091 6185 6228 7002 7045 6188 6231 7005 7048 6143 6144 6960 6961 6272 6273 7089 7090 5369 5370 5412 5413 7820 7821 7863 7864 6186 6187 6229 6230 7003 7004 7046 7047
          5328 5331 5460 5457 7779 7782 7911 7908 5329 5330 5374 5417 5458 5459 5371 5414 7780 7781 7825 7868 7909 7910 7822 7865 6145 6962 6148 6965 6274 7091 6277 7094 6188 6231 7005 7048 6191 6234 7008 7051 6146 6147 6963 6964 6275 6276 7092 7093 5372 5373 5415 5416 7823 7824 7866 7867 6189 6190 6232 6233 7006 7007 7049 7050
          5418 5421 5550 5547 7869 7872 8001 7998 5419 5420 5464 5507 5548 5549 5461 5504 7870 7871 7915 7958 7999 8000 7912 7955 6235 7052 6238 7055 6364 7181 6367 7184 6278 6321 7095 7138 6281 6324 7098 7141 6236 6237 7053 7054 6365 6366 7182 7183 5462 5463 5505 5506 7913 7914 7956 7957 6279 6280 6322 6323 7096 7097 7139 7140
          5421 5424 5553 5550 7872 7875 8004 8001 5422 5423 5467 5510 5551 5552 5464 5507 7873 7874 7918 7961 8002 8003 7915 7958 6238 7055 6241 7058 6367 7184 6370 7187 6281 6324 7098 7141 6284 6327 7101 7144 6239 6240 7056 7057 6368 6369 7185 7186 5465 5466 5508 5509 7916 7917 7959 7960 6282 6283 6325 6326 7099 7100 7142 7143
          5424 5427 5556 5553 7875 7878 8007 8004 5425 5426 5470 5513 5554 5555 5467 5510 7876 7877 7921 7964 8005 8006 7918 7961 6241 7058 6244 7061 6370 7187 6373 7190 6284 6327 7101 7144 6287 6330 7104 7147 6242 6243 7059 7060 6371 6372 7188 7189 5468 5469 5511 5512 7919 7920 7962 7963 6285 6286 6328 6329 7102 7103 7145 7146
          5427 5430 5559 5556 7878 7881 8010 8007 5428 5429 5473 5516 5557 5558 5470 5513 7879 7880 7924 7967 8008 8009 7921 7964 6244 7061 6247 7064 6373 7190 6376 7193 6287 6330 7104 7147 6290 6333 7107 7150 6245 6246 7062 7063 6374 6375 7191 7192 5471 5472 5514 5515 7922 7923 7965 7966 6288 6289 6331 6332 7105 7106 7148 7149
          5430 5433 5562 5559 7881 7884 8013 8010 5431 5432 5476 5519 5560 5561 5473 5516 7882 7883 7927 7970 8011 8012 7924 7967 6247 7064 6250 7067 6376 7193 6379 7196 6290 6333 7107 7150 6293 6336 7110 7153 6248 6249 7065 7066 6377 6378 7194 7195 5474 5475 5517 5518 7925 7926 7968 7969 6291 6292 6334 6335 7108 7109 7151 7152
          5433 5436 5565 5562 7884 7887 8016 8013 5434 5435 5479 5522 5563 5564 5476 5519 7885 7886 7930 7973 8014 8015 7927 7970 6250 7067 6253 7070 6379 7196 6382 7199 6293 6336 7110 7153 6296 6339 7113 7156 6251 6252 7068 7069 6380 6381 7197 7198 5477 5478 5520 5521 7928 7929 7971 7972 6294 6295 6337 6338 7111 7112 7154 7155
          5436 5439 5568 5565 7887 7890 8019 8016 5437 5438 5482 5525 5566 5567 5479 5522 7888 7889 7933 7976 8017 8018 7930 7973 6253 7070 6256 7073 6382 7199 6385 7202 6296 6339 7113 7156 6299 6342 7116 7159 6254 6255 7071 7072 6383 6384 7200 7201 5480 5481 5523 5524 7931 7932 7974 7975 6297 6298 6340 6341 7114 7115 7157 7158
          5439 5442 5571 5568 7890 7893 8022 8019 5440 5441 5485 5528 5569 5570 5482 5525 7891 7892 7936 7979 8020 8021 7933 7976 6256 7073 6259 7076 6385 7202 6388 7205 6299 6342 7116 7159 6302 6345 7119 7162 6257 6258 7074 7075 6386 6387 7203 7204 5483 5484 5526 5527 7934 7935 7977 7978 6300 6301 6343 6344 7117 7118 7160 7161
          5442 5445 5574 5571 7893 7896 8025 8022 5443 5444 5488 5531 5572 5573 5485 5528 7894 7895 7939 7982 8023 8024 7936 7979 6259 7076 6262 7079 6388 7205 6391 7208 6302 6345 7119 7162 6305 6348 7122 7165 6260 6261 7077 7078 6389 6390 7206 7207 5486 5487 5529 5530 7937 7938 7980 7981 6303 6304 6346 6347 7120 7121 7163 7164
          5445 5448 5577 5574 7896 7899 8028 8025 5446 5447 5491 5534 5575 5576 5488 5531 7897 7898 7942 7985 8026 8027 7939 7982 6262 7079 6265 7082 6391 7208 6394 7211 6305 6348 7122 7165 6308 6351 7125 7168 6263 6264 7080 7081 6392 6393 7209 7210 5489 5490 5532 5533 7940 7941 7983 7984 6306 6307 6349 6350 7123 7124 7166 7167
          5448 5451 5580 5577 7899 7902 8031 8028 5449 5450 5494 5537 5578 5579 5491 5534 7900 7901 7945 7988 8029 8030 7942 7985 6265 7082 6268 7085 6394 7211 6397 7214 6308 6351 7125 7168 6311 6354 7128 7171 6266 6267 7083 7084 6395 6396 7212 7213 5492 5493 5535 5536 7943 7944 7986 7987 6309 6310 6352 6353 7126 7127 7169 7170
          5451 5454 5583 5580 7902 7905 8034 8031 5452 5453 5497 5540 5581 5582 5494 5537 7903 7904 7948 7991 8032 8033 7945 7988 6268 7085 6271 7088 6397 7214 6400 7217 6311 6354 7128 7171 6314 6357 7131 7174 6269 6270 7086 7087 6398 6399 7215 7216 5495 5496 5538 5539 7946 7947 7989 7990 6312 6313 6355 6356 7129 7130 7172 7173
          5454 5457 5586 5583 7905 7908 8037 8034 5455 5456 5500 5543 5584 5585 5497 5540 7906 7907 7951 7994 8035 8036 7948 7991 6271 7088 6274 7091 6400 7217 6403 7220 6314 6357 7131 7174 6317 6360 7134 7177 6272 6273 7089 7090 6401 6402 7218 7219 5498 5499 5541 5542 7949 7950 7992 7993 6315 6316 6358 6359 7132 7133 7175 7176
          5457 5460 5589 5586 7908 7911 8040 8037 5458 5459 5503 5546 5587 5588 5500 5543 7909 7910 7954 7997 8038 8039 7951 7994 6274 7091 6277 7094 6403 7220 6406 7223 6317 6360 7134 7177 6320 6363 7137 7180 6275 6276 7092 7093 6404 6405 7221 7222 5501 5502 5544 5545 7952 7953 7995 7996 6318 6319 6361 6362 7135 7136 7178 7179
          5547 5550 5679 5676 7998 8001 8130 8127 5548 5549 5593 5636 5677 5678 5590 5633 7999 8000 8044 8087 8128 8129 8041 8084 6364 7181 6367 7184 6493 7310 6496 7313 6407 6450 7224 7267 6410 6453 7227 7270 6365 6366 7182 7183 6494 6495 7311 7312 5591 5592 5634 5635 8042 8043 8085 8086 6408 6409 6451 6452 7225 7226 7268 7269
          5550 5553 5682 5679 8001 8004 8133 8130 5551 5552 5596 5639 5680 5681 5593 5636 8002 8003 8047 8090 8131 8132 8044 8087 6367 7184 6370 7187 6496 7313 6499 7316 6410 6453 7227 7270 6413 6456 7230 7273 6368 6369 7185 7186 6497 6498 7314 7315 5594 5595 5637 5638 8045 8046 8088 8089 6411 6412 6454 6455 7228 7229 7271 7272
          5553 5556 5685 5682 8004 8007 8136 8133 5554 5555 5599 5642 5683 5684 5596 5639 8005 8006 8050 8093 8134 8135 8047 8090 6370 7187 6373 7190 6499 7316 6502 7319 6413 6456 7230 7273 6416 6459 7233 7276 6371 6372 7188 7189 6500 6501 7317 7318 5597 5598 5640 5641 8048 8049 8091 8092 6414 6415 6457 6458 7231 7232 7274 7275
          5556 5559 5688 5685 8007 8010 8139 8136 5557 5558 5602 5645 5686 5687 5599 5642 8008 8009 8053 8096 8137 8138 8050 8093 6373 7190 6376 7193 6502 7319 6505 7322 6416 6459 7233 7276 6419 6462 7236 7279 6374 6375 7191 7192 6503 6504 7320 7321 5600 5601 5643 5644 8051 8052 8094 8095 6417 6418 6460 6461 7234 7235 7277 7278
          5559 5562 5691 5688 8010 8013 8142 8139 5560 5561 5605 5648 5689 5690 5602 5645 8011 8012 8056 8099 8140 8141 8053 8096 6376 7193 6379 7196 6505 7322 6508 7325 6419 6462 7236 7279 6422 6465 7239 7282 6377 6378 7194 7195 6506 6507 7323 7324 5603 5604 5646 5647 8054 8055 8097 8098 6420 6421 6463 6464 7237 7238 7280 7281
          5562 5565 5694 5691 8013 8016 8145 8142 5563 5564 5608 5651 5692 5693 5605 5648 8014 8015 8059 8102 8143 8144 8056 8099 6379 7196 6382 7199 6508 7325 6511 7328 6422 6465 7239 7282 6425 6468 7242 7285 6380 6381 7197 7198 6509 6510 7326 7327 5606 5607 5649 5650 8057 8058 8100 8101 6423 6424 6466 6467 7240 7241 7283 7284
          5565 5568 5697 5694 8016 8019 8148 8145 5566 5567 5611 5654 5695 5696 5608 5651 8017 8018 8062 8105 8146 8147 8059 8102 6382 7199 6385 7202 6511 7328 6514 7331 6425 6468 7242 7285 6428 6471 7245 7288 6383 6384 7200 7201 6512 6513 7329 7330 5609 5610 5652 5653 8060 8061 8103 8104 6426 6427 6469 6470 7243 7244 7286 7287
          5568 5571 5700 5697 8019 8022 8151 8148 5569 5570 5614 5657 5698 5699 5611 5654 8020 8021 8065 8108 8149 8150 8062 8105 6385 7202 6388 7205 6514 7331 6517 7334 6428 6471 7245 7288 6431 6474 7248 7291 6386 6387 7203 7204 6515 6516 7332 7333 5612 5613 5655 5656 8063 8064 8106 8107 6429 6430 6472 6473 7246 7247 7289 7290
          5571 5574 5703 5700 8022 8025 8154 8151 5572 5573 5617 5660 5701 5702 5614 5657 8023 8024 8068 8111 8152 8153 8065 8108 6388 7205 6391 7208 6517 7334 6520 7337 6431 6474 7248 7291 6434 6477 7251 7294 6389 6390 7206 7207 6518 6519 7335 7336 5615 5616 5658 5659 8066 8067 8109 8110 6432 6433 6475 6476 7249 7250 7292 7293
          5574 5577 5706 5703 8025 8028 8157 8154 5575 5576 5620 5663 5704 5705 5617 5660 8026 8027 8071 8114 8155 8156 8068 8111 6391 7208 6394 7211 6520 7337 6523 7340 6434 6477 7251 7294 6437 6480 7254 7297 6392 6393 7209 7210 6521 6522 7338 7339 5618 5619 5661 5662 8069 8070 8112 8113 6435 6436 6478 6479 7252 7253 7295 7296
          5577 5580 5709 5706 8028 8031 8160 8157 5578 5579 5623 5666 5707 5708 5620 5663 8029 8030 8074 8117 8158 8159 8071 8114 6394 7211 6397 7214 6523 7340 6526 7343 6437 6480 7254 7297 6440 6483 7257 7300 6395 6396 7212 7213 6524 6525 7341 7342 5621 5622 5664 5665 8072 8073 8115 8116 6438 6439 6481 6482 7255 7256 7298 7299
          5580 5583 5712 5709 8031 8034 8163 8160 5581 5582 5626 5669 5710 5711 5623 5666 8032 8033 8077 8120 8161 8162 8074 8117 6397 7214 6400 7217 6526 7343 6529 7346 6440 6483 7257 7300 6443 6486 7260 7303 6398 6399 7215 7216 6527 6528 7344 7345 5624 5625 5667 5668 8075 8076 8118 8119 6441 6442 6484 6485 7258 7259 7301 7302
          5583 5586 5715 5712 8034 8037 8166 8163 5584 5585 5629 5672 5713 5714 5626 5669 8035 8036 8080 8123 8164 8165 8077 8120 6400 7217 6403 7220 6529 7346 6532 7349 6443 6486 7260 7303 6446 6489 7263 7306 6401 6402 7218 7219 6530 6531 7347 7348 5627 5628 5670 5671 8078 8079 8121 8122 6444 6445 6487 6488 7261 7262 7304 7305
          5586 5589 5718 5715 8037 8040 8169 8166 5587 5588 5632 5675 5716 5717 5629 5672 8038 8039 8083 8126 8167 8168 8080 8123 6403 7220 6406 7223 6532 7349 6535 7352 6446 6489 7263 7306 6449 6492 7266 7309 6404 6405 7221 7222 6533 6534 7350 7351 5630 5631 5673 5674 8081 8082 8124 8125 6447 6448 6490 6491 7264 7265 7307 7308
          7353 7356 7485 7482 9804 9807 9936 9933 7354 7355 7399 7442 7483 7484 7396 7439 9805 9806 9850 9893 9934 9935 9847 9890 8170 8987 8173 8990 8299 9116 8302 9119 8213 8256 9030 9073 8216 8259 9033 9076 8171 8172 8988 8989 8300 8301 9117 9118 7397 7398 7440 7441 9848 9849 9891 9892 8214 8215 8257 8258 9031 9032 9074 9075
          7356 7359 7488 7485 9807 9810 9939 9936 7357 7358 7402 7445 7486 7487 7399 7442 9808 9809 9853 9896 9937 9938 9850 9893 8173 8990 8176 8993 8302 9119 8305 9122 8216 8259 9033 9076 8219 8262 9036 9079 8174 8175 8991 8992 8303 8304 9120 9121 7400 7401 7443 7444 9851 9852 9894 9895 8217 8218 8260 8261 9034 9035 9077 9078
          7359 7362 7491 7488 9810 9813 9942 9939 7360 7361 7405 7448 7489 7490 7402 7445 9811 9812 9856 9899 9940 9941 9853 9896 8176 8993 8179 8996 8305 9122 8308 9125 8219 8262 9036 9079 8222 8265 9039 9082 8177 8178 8994 8995 8306 8307 9123 9124 7403 7404 7446 7447 9854 9855 9897 9898 8220 8221 8263 8264 9037 9038 9080 9081
          7362 7365 7494 7491 9813 9816 9945 9942 7363 7364 7408 7451 7492 7493 7405 7448 9814 9815 9859 9902 9943 9944 9856 9899 8179 8996 8182 8999 8308 9125 8311 9128 8222 8265 9039 9082 8225 8268 9042 9085 8180 8181 8997 8998 8309 8310 9126 9127 7406 7407 7449 7450 9857 9858 9900 9901 8223 8224 8266 8267 9040 9041 9083 9084
          7365 7368 7497 7494 9816 9819 9948 9945 7366 7367 7411 7454 7495 7496 7408 7451 9817 9818 9862 9905 9946 9947 9859 9902 8182 8999 8185 9002 8311 9128 8314 9131 8225 8268 9042 9085 8228 8271 9045 9088 8183 8184 9000 9001 8312 8313 9129 9130 7409 7410 7452 7453 9860 9861 9903 9904 8226 8227 8269 8270 9043 9044 9086 9087
          7368 7371 7500 7497 9819 9822 9951 9948 7369 7370 7414 7457 7498 7499 7411 7454 9820 9821 9865 9908 9949 9950 9862 9905 8185 9002 8188 9005 8314 9131 8317 9134 8228 8271 9045 9088 8231 8274 9048 9091 8186 8187 9003 9004 8315 8316 9132 9133 7412 7413 7455 7456 9863 9864 9906 9907 8229 8230 8272 8273 9046 9047 9089 9090
          7371 7374 7503 7500 9822 9825 9954 9951 7372 7373 7417 7460 7501 7502 7414 7457 9823 9824 9868 9911 9952 9953 9865 9908 8188 9005 8191 9008 8317 9134 8320 9137 8231 8274 9048 9091 8234 8277 9051 9094 8189 8190 9006 9007 8318 8319 9135 9136 7415 7416 7458 7459 9866 9867 9909 9910 8232 8233 8275 8276 9049 9050 9092 9093
          7374 7377 7506 7503 9825 9828 9957 9954 7375 7376 7420 7463 7504 7505 7417 7460 9826 9827 9871 9914 9955 9956 9868 9911 8191 9008 8194 9011 8320 9137 8323 9140 8234 8277 9051 9094 8237 8280 9054 9097 8192 8193 9009 9010 8321 8322 9138 9139 7418 7419 7461 7462 9869 9870 9912 9913 8235 8236 8278 8279 9052 9053 9095 9096
          7377 7380 7509 7506 9828 9831 9960 9957 7378 7379 7423 7466 7507 7508 7420 7463 9829 9830 9874 9917 9958 9959 9871 9914 8194 9011 8197 9014 8323 9140 8326 9143 8237 8280 9054 9097 8240 8283 9057 9100 8195 8196 9012 9013 8324 8325 9141 9142 7421 7422 7464 7465 9872 9873 9915 9916 8238 8239 8281 8282 9055 9056 9098 9099
          7380 7383 7512 7509 9831 9834 9963 9960 7381 7382 7426 7469 7510 7511 7423 7466 9832 9833 9877 9920 9961 9962 9874 9917 8197 9014 8200 9017 8326 9143 8329 9146 8240 8283 9057 9100 8243 8286 9060 9103 8198 8199 9015 9016 8327 8328 9144 9145 7424 7425 7467 7468 9875 9876 9918 9919 8241 8242 8284 8285 9058 9059 9101 9102
          7383 7386 7515 7512 9834 9837 9966 9963 7384 7385 7429 7472 7513 7514 7426 7469 9835 9836 9880 9923 9964 9965 9877 9920 8200 9017 8203 9020 8329 9146 8332 9149 8243 8286 9060 9103 8246 8289 9063 9106 8201 8202 9018 9019 8330 8331 9147 9148 7427 7428 7470 7471 9878 9879 9921 9922 8244 8245 8287 8288 9061 9062 9104 9105
          7386 7389 7518 7515 9837 9840 9969 9966 7387 7388 7432 7475 7516 7517 7429 7472 9838 9839 9883 9926 9967 9968 9880 9923 8203 9020 8206 9023 8332 9149 8335 9152 8246 8289 9063 9106 8249 8292 9066 9109 8204 8205 9021 9022 8333 8334 9150 9151 7430 7431 7473 7474 9881 9882 9924 9925 8247 8248 8290 8291 9064 9065 9107 9108
          7389 7392 7521 7518 9840 9843 9972 9969 7390 7391 7435 7478 7519 7520 7432 7475 9841 9842 9886 9929 9970 9971 9883 9926 8206 9023 8209 9026 8335 9152 8338 9155 8249 8292 9066 9109 8252 8295 9069 9112 8207 8208 9024 9025 8336 8337 9153 9154 7433 7434 7476 7477 9884 9885 9927 9928 8250 8251 8293 8294 9067 9068 9110 9111
          7392 7395 7524 7521 9843 9846 9975 9972 7393 7394 7438 7481 7522 7523 7435 7478 9844 9845 9889 9932 9973 9974 9886 9929 8209 9026 8212 9029 8338 9155 8341 9158 8252 8295 9069 9112 8255 8298 9072 9115 8210 8211 9027 9028 8339 8340 9156 9157 7436 7437 7479 7480 9887 9888 9930 9931 8253 8254 8296 8297 9070 9071 9113 9114
          7482 7485 7614 7611 9933 9936 10065 10062 7483 7484 7528 7571 7612 7613 7525 7568 9934 9935 9979 10022 10063 10064 9976 10019 8299 9116 8302 9119 8428 9245 8431 9248 8342 8385 9159 9202 8345 8388 9162 9205 8300 8301 9117 9118 8429 8430 9246 9247 7526 7527 7569 7570 9977 9978 10020 10021 8343 8344 8386 8387 9160 9161 9203 9204
          7485 7488 7617 7614 9936 9939 10068 10065 7486 7487 7531 7574 7615 7616 7528 7571 9937 9938 9982 10025 10066 10067 9979 10022 8302 9119 8305 9122 8431 9248 8434 9251 8345 8388 9162 9205 8348 8391 9165 9208 8303 8304 9120 9121 8432 8433 9249 9250 7529 7530 7572 7573 9980 9981 10023 10024 8346 8347 8389 8390 9163 9164 9206 9207
          7488 7491 7620 7617 9939 9942 10071 10068 7489 7490 7534 7577 7618 7619 7531 7574 9940 9941 9985 10028 10069 10070 9982 10025 8305 9122 8308 9125 8434 9251 8437 9254 8348 8391 9165 9208 8351 8394 9168 9211 8306 8307 9123 9124 8435 8436 9252 9253 7532 7533 7575 7576 9983 9984 10026 10027 8349 8350 8392 8393 9166 9167 9209 9210
          7491 7494 7623 7620 9942 9945 10074 10071 7492 7493 7537 7580 7621 7622 7534 7577 9943 9944 9988 10031 10072 10073 9985 10028 8308 9125 8311 9128 8437 9254 8440 9257 8351 8394 9168 9211 8354 8397 9171 9214 8309 8310 9126 9127 8438 8439 9255 9256 7535 7536 7578 7579 9986 9987 10029 10030 8352 8353 8395 8396 9169 9170 9212 9213
          7494 7497 7626 7623 9945 9948 10077 10074 7495 7496 7540 7583 7624 7625 7537 7580 9946 9947 9991 10034 10075 10076 9988 10031 8311 9128 8314 9131 8440 9257 8443 9260 8354 8397 9171 9214 8357 8400 9174 9217 8312 8313 9129 9130 8441 8442 9258 9259 7538 7539 7581 7582 9989 9990 10032 10033 8355 8356 8398 8399 9172 9173 9215 9216
          7497 7500 7629 7626 9948 9951 10080 10077 7498 7499 7543 7586 7627 7628 7540 7583 9949 9950 9994 10037 10078 10079 9991 10034 8314 9131 8317 9134 8443 9260 8446 9263 8357 8400 9174 9217 8360 8403 9177 9220 8315 8316 9132 9133 8444 8445 9261 9262 7541 7542 7584 7585 9992 9993 10035 10036 8358 8359 8401 8402 9175 9176 9218 9219
          7500 7503 7632 7629 9951 9954 10083 10080 7501 7502 7546 7589 7630 7631 7543 7586 9952 9953 9997 10040 10081 10082 9994 10037 8317 9134 8320 9137 8446 9263 8449 9266 8360 8403 9177 9220 8363 8406 9180 9223 8318 8319 9135 9136 8447 8448 9264 9265 7544 7545 7587 7588 9995 9996 10038 10039 8361 8362 8404 8405 9178 9179 9221 9222
          7503 7506 7635 7632 9954 9957 10086 10083 7504 7505 7549 7592 7633 7634 7546 7589 9955 9956 10000 10043 10084 10085 9997 10040 8320 9137 8323 9140 8449 9266 8452 9269 8363 8406 9180 9223 8366 8409 9183 9226 8321 8322 9138 9139 8450 8451 9267 9268 7547 7548 7590 7591 9998 9999 10041 10042 8364 8365 8407 8408 9181 9182 9224 9225
          7506 7509 7638 7635 9957 9960 10089 10086 7507 7508 7552 7595 7636 7637 7549 7592 9958 9959 10003 10046 10087 10088 10000 10043 8323 9140 8326 9143 8452 9269 8455 9272 8366 8409 9183 9226 8369 8412 9186 9229 8324 8325 9141 9142 8453 8454 9270 9271 7550 7551 7593 7594 10001 10002 10044 10045 8367 8368 8410 8411 9184 9185 9227 9228
          7509 7512 7641 7638 9960 9963 10092 10089 7510 7511 7555 7598 7639 7640 7552 7595 9961 9962 10006 10049 10090 10091 10003 10046 8326 9143 8329 9146 8455 9272 8458 9275 8369 8412 9186 9229 8372 8415 9189 9232 8327 8328 9144 9145 8456 8457 9273 9274 7553 7554 7596 7597 10004 10005 10047 10048 8370 8371 8413 8414 9187 9188 9230 9231
          7512 7515 7644 7641 9963 9966 10095 10092 7513 7514 7558 7601 7642 7643 7555 7598 9964 9965 10009 10052 10093 10094 10006 10049 8329 9146 8332 9149 8458 9275 8461 9278 8372 8415 9189 9232 8375 8418 9192 9235 8330 8331 9147 9148 8459 8460 9276 9277 7556 7557 7599 7600 10007 10008 10050 10051 8373 8374 8416 8417 9190 9191 9233 9234
          7515 7518 7647 7644 9966 9969 10098 10095 7516 7517 7561 7604 7645 7646 7558 7601 9967 9968 10012 10055 10096 10097 10009 10052 8332 9149 8335 9152 8461 9278 8464 9281 8375 8418 9192 9235 8378 8421 9195 9238 8333 8334 9150 9151 8462 8463 9279 9280 7559 7560 7602 7603 10010 10011 10053 10054 8376 8377 8419 8420 9193 9194 9236 9237
          7518 7521 7650 7647 9969 9972 10101 10098 7519 7520 7564 7607 7648 7649 7561 7604 9970 9971 10015 10058 10099 10100 10012 10055 8335 9152 8338 9155 8464 9281 8467 9284 8378 8421 9195 9238 8381 8424 9198 9241 8336 8337 9153 9154 8465 8466 9282 9283 7562 7563 7605 7606 10013 10014 10056 10057 8379 8380 8422 8423 9196 9197 9239 9240
          7521 7524 7653 7650 9972 9975 10104 10101 7522 7523 7567 7610 7651 7652 7564 7607 9973 9974 10018 10061 10102 10103 10015 10058 8338 9155 8341 9158 8467 9284 8470 9287 8381 8424 9198 9241 8384 8427 9201 9244 8339 8340 9156 9157 8468 8469 9285 9286 7565 7566 7608 7609 10016 10017 10059 10060 8382 8383 8425 8426 9199 9200 9242 9243
          7611 7614 7743 7740 10062 10065 10194 10191 7612 7613 7657 7700 7741 7742 7654 7697 10063 10064 10108 10151 10192 10193 10105 10148 8428 9245 8431 9248 8557 9374 8560 9377 8471 8514 9288 9331 8474 8517 9291 9334 8429 8430 9246 9247 8558 8559 9375 9376 7655 7656 7698 7699 10106 10107 10149 10150 8472 8473 8515 8516 9289 9290 9332 9333
          7614 7617 7746 7743 10065 10068 10197 10194 7615 7616 7660 7703 7744 7745 7657 7700 10066 10067 10111 10154 10195 10196 10108 10151 8431 9248 8434 9251 8560 9377 8563 9380 8474 8517 9291 9334 8477 8520 9294 9337 8432 8433 9249 9250 8561 8562 9378 9379 7658 7659 7701 7702 10109 10110 10152 10153 8475 8476 8518 8519 9292 9293 9335 9336
          7617 7620 7749 7746 10068 10071 10200 10197 7618 7619 7663 7706 7747 7748 7660 7703 10069 10070 10114 10157 10198 10199 10111 10154 8434 9251 8437 9254 8563 9380 8566 9383 8477 8520 9294 9337 8480 8523 9297 9340 8435 8436 9252 9253 8564 8565 9381 9382 7661 7662 7704 7705 10112 10113 10155 10156 8478 8479 8521 8522 9295 9296 9338 9339
          7620 7623 7752 7749 10071 10074 10203 10200 7621 7622 7666 7709 7750 7751 7663 7706 10072 10073 10117 10160 10201 10202 10114 10157 8437 9254 8440 9257 8566 9383 8569 9386 8480 8523 9297 9340 8483 8526 9300 9343 8438 8439 9255 9256 8567 8568 9384 9385 7664 7665 7707 7708 10115 10116 10158 10159 8481 8482 8524 8525 9298 9299 9341 9342
          7623 7626 7755 7752 10074 10077 10206 10203 7624 7625 7669 7712 7753 7754 7666 7709 10075 10076 10120 10163 10204 10205 10117 10160 8440 9257 8443 9260 8569 9386 8572 9389 8483 8526 9300 9343 8486 8529 9303 9346 8441 8442 9258 9259 8570 8571 9387 9388 7667 7668 7710 7711 10118 10119 10161 10162 8484 8485 8527 8528 9301 9302 9344 9345
          7626 7629 7758 7755 10077 10080 10209 10206 7627 7628 7672 7715 7756 7757 7669 7712 10078 10079 10123 10166 10207 10208 10120 10163 8443 9260 8446 9263 8572 9389 8575 9392 8486 8529 9303 9346 8489 8532 9306 9349 8444 8445 9261 9262 8573 8574 9390 9391 7670 7671 7713 7714 10121 10122 10164 10165 8487 8488 8530 8531 9304 9305 9347 9348
          7629 7632 7761 7758 10080 10083 10212 10209 7630 7631 7675 7718 7759 7760 7672 7715 10081 10082 10126 10169 10210 10211 10123 10166 8446 9263 8449 9266 8575 9392 8578 9395 8489 8532 9306 9349 8492 8535 9309 9352 8447 8448 9264 9265 8576 8577 9393 9394 7673 7674 7716 7717 10124 10125 10167 10168 8490 8491 8533 8534 9307 9308 9350 9351
          7632 7635 7764 7761 10083 10086 10215 10212 7633 7634 7678 7721 7762 7763 7675 7718 10084 10085 10129 10172 10213 10214 10126 10169 8449 9266 8452 9269 8578 9395 8581 9398 8492 8535 9309 9352 8495 8538 9312 9355 8450 8451 9267 9268 8579 8580 9396 9397 7676 7677 7719 7720 10127 10128 10170 10171 8493 8494 8536 8537 9310 9311 9353 9354
          7635 7638 7767 7764 10086 10089 10218 10215 7636 7637 7681 7724 7765 7766 7678 7721 10087 10088 10132 10175 10216 10217 10129 10172 8452 9269 8455 9272 8581 9398 8584 9401 8495 8538 9312 9355 8498 8541 9315 9358 8453 8454 9270 9271 8582 8583 9399 9400 7679 7680 7722 7723 10130 10131 10173 10174 8496 8497 8539 8540 9313 9314 9356 9357
          7638 7641 7770 7767 10089 10092 10221 10218 7639 7640 7684 7727 7768 7769 7681 7724 10090 10091 10135 10178 10219 10220 10132 10175 8455 9272 8458 9275 8584 9401 8587 9404 8498 8541 9315 9358 8501 8544 9318 9361 8456 8457 9273 9274 8585 8586 9402 9403 7682 7683 7725 7726 10133 10134 10176 10177 8499 8500 8542 8543 9316 9317 9359 9360
          7641 7644 7773 7770 10092 10095 10224 10221 7642 7643 7687 7730 7771 7772 7684 7727 10093 10094 10138 10181 10222 10223 10135 10178 8458 9275 8461 9278 8587 9404 8590 9407 8501 8544 9318 9361 8504 8547 9321 9364 8459 8460 9276 9277 8588 8589 9405 9406 7685 7686 7728 7729 10136 10137 10179 10180 8502 8503 8545 8546 9319 9320 9362 9363
          7644 7647 7776 7773 10095 10098 10227 10224 7645 7646 7690 7733 7774 7775 7687 7730 10096 10097 10141 10184 10225 10226 10138 10181 8461 9278 8464 9281 8590 9407 8593 9410 8504 8547 9321 9364 8507 8550 9324 9367 8462 8463 9279 9280 8591 8592 9408 9409 7688 7689 7731 7732 10139 10140 10182 10183 8505 8506 8548 8549 9322 9323 9365 9366
          7647 7650 7779 7776 10098 10101 10230 10227 7648 7649 7693 7736 7777 7778 7690 7733 10099 10100 10144 10187 10228 10229 10141 10184 8464 9281 8467 9284 8593 9410 8596 9413 8507 8550 9324 9367 8510 8553 9327 9370 8465 8466 9282 9283 8594 8595 9411 9412 7691 7692 7734 7735 10142 10143 10185 10186 8508 8509 8551 8552 9325 9326 9368 9369
          7650 7653 7782 7779 10101 10104 10233 10230 7651 7652 7696 7739 7780 7781 7693 7736 10102 10103 10147 10190 10231 10232 10144 10187 8467 9284 8470 9287 8596 9413 8599 9416 8510 8553 9327 9370 8513 8556 9330 9373 8468 8469 9285 9286 8597 8598 9414 9415 7694 7695 7737 7738 10145 10146 10188 10189 8511 8512 8554 8555 9328 9329 9371 9372
          7740 7743 7872 7869 10191 10194 10323 10320 7741 7742 7786 7829 7870 7871 7783 7826 10192 10193 10237 10280 10321 10322 10234 10277 8557 9374 8560 9377 8686 9503 8689 9506 8600 8643 9417 9460 8603 8646 9420 9463 8558 8559 9375 9376 8687 8688 9504 9505 7784 7785 7827 7828 10235 10236 10278 10279 8601 8602 8644 8645 9418 9419 9461 9462
          7743 7746 7875 7872 10194 10197 10326 10323 7744 7745 7789 7832 7873 7874 7786 7829 10195 10196 10240 10283 10324 10325 10237 10280 8560 9377 8563 9380 8689 9506 8692 9509 8603 8646 9420 9463 8606 8649 9423 9466 8561 8562 9378 9379 8690 8691 9507 9508 7787 7788 7830 7831 10238 10239 10281 10282 8604 8605 8647 8648 9421 9422 9464 9465
          7746 7749 7878 7875 10197 10200 10329 10326 7747 7748 7792 7835 7876 7877 7789 7832 10198 10199 10243 10286 10327 10328 10240 10283 8563 9380 8566 9383 8692 9509 8695 9512 8606 8649 9423 9466 8609 8652 9426 9469 8564 8565 9381 9382 8693 8694 9510 9511 7790 7791 7833 7834 10241 10242 10284 10285 8607 8608 8650 8651 9424 9425 9467 9468
          7749 7752 7881 7878 10200 10203 10332 10329 7750 7751 7795 7838 7879 7880 7792 7835 10201 10202 10246 10289 10330 10331 10243 10286 8566 9383 8569 9386 8695 9512 8698 9515 8609 8652 9426 9469 8612 8655 9429 9472 8567 8568 9384 9385 8696 8697 9513 9514 7793 7794 7836 7837 10244 10245 10287 10288 8610 8611 8653 8654 9427 9428 9470 9471
          7752 7755 7884 7881 10203 10206 10335 10332 7753 7754 7798 7841 7882 7883 7795 7838 10204 10205 10249 10292 10333 10334 10246 10289 8569 9386 8572 9389 8698 9515 8701 9518 8612 8655 9429 9472 8615 8658 9432 9475 8570 8571 9387 9388 8699 8700 9516 9517 7796 7797 7839 7840 10247 10248 10290 10291 8613 8614 8656 8657 9430 9431 9473 9474
          7755 7758 7887 7884 10206 10209 10338 10335 7756 7757 7801 7844 7885 7886 7798 7841 10207 10208 10252 10295 10336 10337 10249 10292 8572 9389 8575 9392 8701 9518 8704 9521 8615 8658 9432 9475 8618 8661 9435 9478 8573 8574 9390 9391 8702 8703 9519 9520 7799 7800 7842 7843 10250 10251 10293 10294 8616 8617 8659 8660 9433 9434 9476 9477
          7758 7761 7890 7887 10209 10212 10341 10338 7759 7760 7804 7847 7888 7889 7801 7844 10210 10211 10255 10298 10339 10340 10252 10295 8575 9392 8578 9395 8704 9521 8707 9524 8618 8661 9435 9478 8621 8664 9438 9481 8576 8577 9393 9394 8705 8706 9522 9523 7802 7803 7845 7846 10253 10254 10296 10297 8619 8620 8662 8663 9436 9437 9479 9480
          7761 7764 7893 7890 10212 10215 10344 10341 7762 7763 7807 7850 7891 7892 7804 7847 10213 10214 10258 10301 10342 10343 10255 10298 8578 9395 8581 9398 8707 9524 8710 9527 8621 8664 9438 9481 8624 8667 9441 9484 8579 8580 9396 9397 8708 8709 9525 9526 7805 7806 7848 7849 10256 10257 10299 10300 8622 8623 8665 8666 9439 9440 9482 9483
          7764 7767 7896 7893 10215 10218 10347 10344 7765 7766 7810 7853 7894 7895 7807 7850 10216 10217 10261 10304 10345 10346 10258 10301 8581 9398 8584 9401 8710 9527 8713 9530 8624 8667 9441 9484 8627 8670 9444 9487 8582 8583 9399 9400 8711 8712 9528 9529 7808 7809 7851 7852 10259 10260 10302 10303 8625 8626 8668 8669 9442 9443 9485 9486
          7767 7770 7899 7896 10218 10221 10350 10347 7768 7769 7813 7856 7897 7898 7810 7853 10219 10220 10264 10307 10348 10349 10261 10304 8584 9401 8587 9404 8713 9530 8716 9533 8627 8670 9444 9487 8630 8673 9447 9490 8585 8586 9402 9403 8714 8715 9531 9532 7811 7812 7854 7855 10262 10263 10305 10306 8628 8629 8671 8672 9445 9446 9488 9489
          7770 7773 7902 7899 10221 10224 10353 10350 7771 7772 7816 7859 7900 7901 7813 7856 10222 10223 10267 10310 10351 10352 10264 10307 8587 9404 8590 9407 8716 9533 8719 9536 8630 8673 9447 9490 8633 8676 9450 9493 8588 8589 9405 9406 8717 8718 9534 9535 7814 7815 7857 7858 10265 10266 10308 10309 8631 8632 8674 8675 9448 9449 9491 9492
          7773 7776 7905 7902 10224 10227 10356 10353 7774 7775 7819 7862 7903 7904 7816 7859 10225 10226 10270 10313 10354 10355 10267 10310 8590 9407 8593 9410 8719 9536 8722 9539 8633 8676 9450 9493 8636 8679 9453 9496 8591 8592 9408 9409 8720 8721 9537 9538 7817 7818 7860 7861 10268 10269 10311 10312 8634 8635 8677 8678 9451 9452 9494 9495
          7776 7779 7908 7905 10227 10230 10359 10356 7777 7778 7822 7865 7906 7907 7819 7862 10228 10229 10273 10316 10357 10358 10270 10313 8593 9410 8596 9413 8722 9539 8725 9542 8636 8679 9453 9496 8639 8682 9456 9499 8594 8595 9411 9412 8723 8724 9540 9541 7820 7821 7863 7864 10271 10272 10314 10315 8637 8638 8680 8681 9454 9455 9497 9498
          7779 7782 7911 7908 10230 10233 10362 10359 7780 7781 7825 7868 7909 7910 7822 7865 10231 10232 10276 10319 10360 10361 10273 10316 8596 9413 8599 9416 8725 9542 8728 9545 8639 8682 9456 9499 8642 8685 9459 9502 8597 8598 9414 9415 8726 8727 9543 9544 7823 7824 7866 7867 10274 10275 10317 10318 8640 8641 8683 8684 9457 9458 9500 9501
          7869 7872 8001 7998 10320 10323 10452 10449 7870 7871 7915 7958 7999 8000 7912 7955 10321 10322 10366 10409 10450 10451 10363 10406 8686 9503 8689 9506 8815 9632 8818 9635 8729 8772 9546 9589 8732 8775 9549 9592 8687 8688 9504 9505 8816 8817 9633 9634 7913 7914 7956 7957 10364 10365 10407 10408 8730 8731 8773 8774 9547 9548 9590 9591
          7872 7875 8004 8001 10323 10326 10455 10452 7873 7874 7918 7961 8002 8003 7915 7958 10324 10325 10369 10412 10453 10454 10366 10409 8689 9506 8692 9509 8818 9635 8821 9638 8732 8775 9549 9592 8735 8778 9552 9595 8690 8691 9507 9508 8819 8820 9636 9637 7916 7917 7959 7960 10367 10368 10410 10411 8733 8734 8776 8777 9550 9551 9593 9594
          7875 7878 8007 8004 10326 10329 10458 10455 7876 7877 7921 7964 8005 8006 7918 7961 10327 10328 10372 10415 10456 10457 10369 10412 8692 9509 8695 9512 8821 9638 8824 9641 8735 8778 9552 9595 8738 8781 9555 9598 8693 8694 9510 9511 8822 8823 9639 9640 7919 7920 7962 7963 10370 10371 10413 10414 8736 8737 8779 8780 9553 9554 9596 9597
          7878 7881 8010 8007 10329 10332 10461 10458 7879 7880 7924 7967 8008 8009 7921 7964 10330 10331 10375 10418 10459 10460 10372 10415 8695 9512 8698 9515 8824 9641 8827 9644 8738 8781 9555 9598 8741 8784 9558 9601 8696 8697 9513 9514 8825 8826 9642 9643 7922 7923 7965 7966 10373 10374 10416 10417 8739 8740 8782 8783 9556 9557 9599 9600
          7881 7884 8013 8010 10332 10335 10464 10461 7882 7883 7927 7970 8011 8012 7924 7967 10333 10334 10378 10421 10462 10463 10375 10418 8698 9515 8701 9518 8827 9644 8830 9647 8741 8784 9558 9601 8744 8787 9561 9604 8699 8700 9516 9517 8828 8829 9645 9646 7925 7926 7968 7969 10376 10377 10419 10420 8742 8743 8785 8786 9559 9560 9602 9603
          7884 7887 8016 8013 10335 10338 10467 10464 7885 7886 7930 7973 8014 8015 7927 7970 10336 10337 10381 10424 10465 10466 10378 10421 8701 9518 8704 9521 8830 9647 8833 9650 8744 8787 9561 9604 8747 8790 9564 9607 8702 8703 9519 9520 8831 8832 9648 9649 7928 7929 7971 7972 10379 10380 10422 10423 8745 8746 8788 8789 9562 9563 9605 9606
          7887 7890 8019 8016 10338 10341 10470 10467 7888 7889 7933 7976 8017 8018 7930 7973 10339 10340 10384 10427 10468 10469 10381 10424 8704 9521 8707 9524 8833 9650 8836 9653 8747 8790 9564 9607 8750 8793 9567 9610 8705 8706 9522 9523 8834 8835 9651 9652 7931 7932 7974 7975 10382 10383 10425 10426 8748 8749 8791 8792 9565 9566 9608 9609
          7890 7893 8022 8019 10341 10344 10473 10470 7891 7892 7936 7979 8020 8021 7933 7976 10342 10343 10387 10430 10471 10472 10384 10427 8707 9524 8710 9527 8836 9653 8839 9656 8750 8793 9567 9610 8753 8796 9570 9613 8708 8709 9525 9526 8837 8838 9654 9655 7934 7935 7977 7978 10385 10386 10428 10429 8751 8752 8794 8795 9568 9569 9611 9612
          7893 7896 8025 8022 10344 10347 10476 10473 7894 7895 7939 7982 8023 8024 7936 7979 10345 10346 10390 10433 10474 10475 10387 10430 8710 9527 8713 9530 8839 9656 8842 9659 8753 8796 9570 9613 8756 8799 9573 9616 8711 8712 9528 9529 8840 8841 9657 9658 7937 7938 7980 7981 10388 10389 10431 10432 8754 8755 8797 8798 9571 9572 9614 9615
          7896 7899 8028 8025 10347 10350 10479 10476 7897 7898 7942 7985 8026 8027 7939 7982 10348 10349 10393 10436 10477 10478 10390 10433 8713 9530 8716 9533 8842 9659 8845 9662 8756 8799 9573 9616 8759 8802 9576 9619 8714 8715 9531 9532 8843 8844 9660 9661 7940 7941 7983 7984 10391 10392 10434 10435 8757 8758 8800 8801 9574 9575 9617 9618
          7899 7902 8031 8028 10350 10353 10482 10479 7900 7901 7945 7988 8029 8030 7942 7985 10351 10352 10396 10439 10480 10481 10393 10436 8716 9533 8719 9536 8845 9662 8848 9665 8759 8802 9576 9619 8762 8805 9579 9622 8717 8718 9534 9535 8846 8847 9663 9664 7943 7944 7986 7987 10394 10395 10437 10438 8760 8761 8803 8804 9577 9578 9620 9621
          7902 7905 8034 8031 10353 10356 10485 10482 7903 7904 7948 7991 8032 8033 7945 7988 10354 10355 10399 10442 10483 10484 10396 10439 8719 9536 8722 9539 8848 9665 8851 9668 8762 8805 9579 9622 8765 8808 9582 9625 8720 8721 9537 9538 8849 8850 9666 9667 7946 7947 7989 7990 10397 10398 10440 10441 8763 8764 8806 8807 9580 9581 9623 9624
          7905 7908 8037 8034 10356 10359 10488 10485 7906 7907 7951 7994 8035 8036 7948 7991 10357 10358 10402 10445 10486 10487 10399 10442 8722 9539 8725 9542 8851 9668 8854 9671 8765 8808 9582 9625 8768 8811 9585 9628 8723 8724 9540 9541 8852 8853 9669 9670 7949 7950 7992 7993 10400 10401 10443 10444 8766 8767 8809 8810 9583 9584 9626 9627
          7908 7911 8040 8037 10359 10362 10491 10488 7909 7910 7954 7997 8038 8039 7951 7994 10360 10361 10405 10448 10489 10490 10402 10445 8725 9542 8728 9545 8854 9671 8857 9674 8768 8811 9585 9628 8771 8814 9588 9631 8726 8727 9543 9544 8855 8856 9672 9673 7952 7953 7995 7996 10403 10404 10446 10447 8769 8770 8812 8813 9586 9587 9629 9630
          7998 8001 8130 8127 10449 10452 10581 10578 7999 8000 8044 8087 8128 8129 8041 8084 10450 10451 10495 10538 10579 10580 10492 10535 8815 9632 8818 9635 8944 9761 8947 9764 8858 8901 9675 9718 8861 8904 9678 9721 8816 8817 9633 9634 8945 8946 9762 9763 8042 8043 8085 8086 10493 10494 10536 10537 8859 8860 8902 8903 9676 9677 9719 9720
          8001 8004 8133 8130 10452 10455 10584 10581 8002 8003 8047 8090 8131 8132 8044 8087 10453 10454 10498 10541 10582 10583 10495 10538 8818 9635 8821 9638 8947 9764 8950 9767 8861 8904 9678 9721 8864 8907 9681 9724 8819 8820 9636 9637 8948 8949 9765 9766 8045 8046 8088 8089 10496 10497 10539 10540 8862 8863 8905 8906 9679 9680 9722 9723
          8004 8007 8136 8133 10455 10458 10587 10584 8005 8006 8050 8093 8134 8135 8047 8090 10456 10457 10501 10544 10585 10586 10498 10541 8821 9638 8824 9641 8950 9767 8953 9770 8864 8907 9681 9724 8867 8910 9684 9727 8822 8823 9639 9640 8951 8952 9768 9769 8048 8049 8091 8092 10499 10500 10542 10543 8865 8866 8908 8909 9682 9683 9725 9726
          8007 8010 8139 8136 10458 10461 10590 10587 8008 8009 8053 8096 8137 8138 8050 8093 10459 10460 10504 10547 10588 10589 10501 10544 8824 9641 8827 9644 8953 9770 8956 9773 8867 8910 9684 9727 8870 8913 9687 9730 8825 8826 9642 9643 8954 8955 9771 9772 8051 8052 8094 8095 10502 10503 10545 10546 8868 8869 8911 8912 9685 9686 9728 9729
          8010 8013 8142 8139 10461 10464 10593 10590 8011 8012 8056 8099 8140 8141 8053 8096 10462 10463 10507 10550 10591 10592 10504 10547 8827 9644 8830 9647 8956 9773 8959 9776 8870 8913 9687 9730 8873 8916 9690 9733 8828 8829 9645 9646 8957 8958 9774 9775 8054 8055 8097 8098 10505 10506 10548 10549 8871 8872 8914 8915 9688 9689 9731 9732
          8013 8016 8145 8142 10464 10467 10596 10593 8014 8015 8059 8102 8143 8144 8056 8099 10465 10466 10510 10553 10594 10595 10507 10550 8830 9647 8833 9650 8959 9776 8962 9779 8873 8916 9690 9733 8876 8919 9693 9736 8831 8832 9648 9649 8960 8961 9777 9778 8057 8058 8100 8101 10508 10509 10551 10552 8874 8875 8917 8918 9691 9692 9734 9735
          8016 8019 8148 8145 10467 10470 10599 10596 8017 8018 8062 8105 8146 8147 8059 8102 10468 10469 10513 10556 10597 10598 10510 10553 8833 9650 8836 9653 8962 9779 8965 9782 8876 8919 9693 9736 8879 8922 9696 9739 8834 8835 9651 9652 8963 8964 9780 9781 8060 8061 8103 8104 10511 10512 10554 10555 8877 8878 8920 8921 9694 9695 9737 9738
          8019 8022 8151 8148 10470 10473 10602 10599 8020 8021 8065 8108 8149 8150 8062 8105 10471 10472 10516 10559 10600 10601 10513 10556 8836 9653 8839 9656 8965 9782 8968 9785 8879 8922 9696 9739 8882 8925 9699 9742 8837 8838 9654 9655 8966 8967 9783 9784 8063 8064 8106 8107 10514 10515 10557 10558 8880 8881 8923 8924 9697 9698 9740 9741
          8022 8025 8154 8151 10473 10476 10605 10602 8023 8024 8068 8111 8152 8153 8065 8108 10474 10475 10519 10562 10603 10604 10516 10559 8839 9656 8842 9659 8968 9785 8971 9788 8882 8925 9699 9742 8885 8928 9702 9745 8840 8841 9657 9658 8969 8970 9786 9787 8066 8067 8109 8110 10517 10518 10560 10561 8883 8884 8926 8927 9700 9701 9743 9744
          8025 8028 8157 8154 10476 10479 10608 10605 8026 8027 8071 8114 8155 8156 8068 8111 10477 10478 10522 10565 10606 10607 10519 10562 8842 9659 8845 9662 8971 9788 8974 9791 8885 8928 9702 9745 8888 8931 9705 9748 8843 8844 9660 9661 8972 8973 9789 9790 8069 8070 8112 8113 10520 10521 10563 10564 8886 8887 8929 8930 9703 9704 9746 9747
          8028 8031 8160 8157 10479 10482 10611 10608 8029 8030 8074 8117 8158 8159 8071 8114 10480 10481 10525 10568 10609 10610 10522 10565 8845 9662 8848 9665 8974 9791 8977 9794 8888 8931 9705 9748 8891 8934 9708 9751 8846 8847 9663 9664 8975 8976 9792 9793 8072 8073 8115 8116 10523 10524 10566 10567 8889 8890 8932 8933 9706 9707 9749 9750
          8031 8034 8163 8160 10482 10485 10614 10611 8032 8033 8077 8120 8161 8162 8074 8117 10483 10484 10528 10571 10612 10613 10525 10568 8848 9665 8851 9668 8977 9794 8980 9797 8891 8934 9708 9751 8894 8937 9711 9754 8849 8850 9666 9667 8978 8979 9795 9796 8075 8076 8118 8119 10526 10527 10569 10570 8892 8893 8935 8936 9709 9710 9752 9753
          8034 8037 8166 8163 10485 10488 10617 10614 8035 8036 8080 8123 8164 8165 8077 8120 10486 10487 10531 10574 10615 10616 10528 10571 8851 9668 8854 9671 8980 9797 8983 9800 8894 8937 9711 9754 8897 8940 9714 9757 8852 8853 9669 9670 8981 8982 9798 9799 8078 8079 8121 8122 10529 10530 10572 10573 8895 8896 8938 8939 9712 9713 9755 9756
          8037 8040 8169 8166 10488 10491 10620 10617 8038 8039 8083 8126 8167 8168 8080 8123 10489 10490 10534 10577 10618 10619 10531 10574 8854 9671 8857 9674 8983 9800 8986 9803 8897 8940 9714 9757 8900 8943 9717 9760 8855 8856 9672 9673 8984 8985 9801 9802 8081 8082 8124 8125 10532 10533 10575 10576 8898 8899 8941 8942 9715 9716 9758 9759
          9804 9807 9936 9933 12255 12258 12387 12384 9805 9806 9850 9893 9934 9935 9847 9890 12256 12257 12301 12344 12385 12386 12298 12341 10621 11438 10624 11441 10750 11567 10753 11570 10664 10707 11481 11524 10667 10710 11484 11527 10622 10623 11439 11440 10751 10752 11568 11569 9848 9849 9891 9892 12299 12300 12342 12343 10665 10666 10708 10709 11482 11483 11525 11526
          9807 9810 9939 9936 12258 12261 12390 12387 9808 9809 9853 9896 9937 9938 9850 9893 12259 12260 12304 12347 12388 12389 12301 12344 10624 11441 10627 11444 10753 11570 10756 11573 10667 10710 11484 11527 10670 10713 11487 11530 10625 10626 11442 11443 10754 10755 11571 11572 9851 9852 9894 9895 12302 12303 12345 12346 10668 10669 10711 10712 11485 11486 11528 11529
          9810 9813 9942 9939 12261 12264 12393 12390 9811 9812 9856 9899 9940 9941 9853 9896 12262 12263 12307 12350 12391 12392 12304 12347 10627 11444 10630 11447 10756 11573 10759 11576 10670 10713 11487 11530 10673 10716 11490 11533 10628 10629 11445 11446 10757 10758 11574 11575 9854 9855 9897 9898 12305 12306 12348 12349 10671 10672 10714 10715 11488 11489 11531 11532
          9813 9816 9945 9942 12264 12267 12396 12393 9814 9815 9859 9902 9943 9944 9856 9899 12265 12266 12310 12353 12394 12395 12307 12350 10630 11447 10633 11450 10759 11576 10762 11579 10673 10716 11490 11533 10676 10719 11493 11536 10631 10632 11448 11449 10760 10761 11577 11578 9857 9858 9900 9901 12308 12309 12351 12352 10674 10675 10717 10718 11491 11492 11534 11535
          9816 9819 9948 9945 12267 12270 12399 12396 9817 9818 9862 9905 9946 9947 9859 9902 12268 12269 12313 12356 12397 12398 12310 12353 10633 11450 10636 11453 10762 11579 10765 11582 10676 10719 11493 11536 10679 10722 11496 11539 10634 10635 11451 11452 10763 10764 11580 11581 9860 9861 9903 9904 12311 12312 12354 12355 10677 10678 10720 10721 11494 11495 11537 11538
          9819 9822 9951 9948 12270 12273 12402 12399 9820 9821 9865 9908 9949 9950 9862 9905 12271 12272 12316 12359 12400 12401 12313 12356 10636 11453 10639 11456 10765 11582 10768 11585 10679 10722 11496 11539 10682 10725 11499 11542 10637 10638 11454 11455 10766 10767 11583 11584 9863 9864 9906 9907 12314 12315 12357 12358 10680 10681 10723 10724 11497 11498 11540 11541
          9822 9825 9954 9951 12273 12276 12405 12402 9823 9824 9868 9911 9952 9953 9865 9908 12274 12275 12319 12362 12403 12404 12316 12359 10639 11456 10642 11459 10768 11585 10771 11588 10682 10725 11499 11542 10685 10728 11502 11545 10640 10641 11457 11458 10769 10770 11586 11587 9866 9867 9909 9910 12317 12318 12360 12361 10683 10684 10726 10727 11500 11501 11543 11544
          9825 9828 9957 9954 12276 12279 12408 12405 9826 9827 9871 9914 9955 9956 9868 9911 12277 12278 12322 12365 12406 12407 12319 12362 10642 11459 10645 11462 10771 11588 10774 11591 10685 10728 11502 11545 10688 10731 11505 11548 10643 10644 11460 11461 10772 10773 11589 11590 9869 9870 9912 9913 12320 12321 12363 12364 10686 10687 10729 10730 11503 11504 11546 11547
          9828 9831 9960 9957 12279 12282 12411 12408 9829 9830 9874 9917 9958 9959 9871 9914 12280 12281 12325 12368 12409 12410 12322 12365 10645 11462 10648 11465 10774 11591 10777 11594 10688 10731 11505 11548 10691 10734 11508 11551 10646 10647 11463 11464 10775 10776 11592 11593 9872 9873 9915 9916 12323 12324 12366 12367 10689 10690 10732 10733 11506 11507 11549 11550
          9831 9834 9963 9960 12282 12285 12414 12411 9832 9833 9877 9920 9961 9962 9874 9917 12283 12284 12328 12371 12412 12413 12325 12368 10648 11465 10651 11468 10777 11594 10780 11597 10691 10734 11508 11551 10694 10737 11511 11554 10649 10650 11466 11467 10778 10779 11595 11596 9875 9876 9918 9919 12326 12327 12369 12370 10692 10693 10735 10736 11509 11510 11552 11553
          9834 9837 9966 9963 12285 12288 12417 12414 9835 9836 9880 9923 9964 9965 9877 9920 12286 12287 12331 12374 12415 12416 12328 12371 10651 11468 10654 11471 10780 11597 10783 11600 10694 10737 11511 11554 10697 10740 11514 11557 10652 10653 11469 11470 10781 10782 11598 11599 9878 9879 9921 9922 12329 12330 12372 12373 10695 10696 10738 10739 11512 11513 11555 11556
          9837 9840 9969 9966 12288 12291 12420 12417 9838 9839 9883 9926 9967 9968 9880 9923 12289 12290 12334 12377 12418 12419 12331 12374 10654 11471 10657 11474 10783 11600 10786 11603 10697 10740 11514 11557 10700 10743 11517 11560 10655 10656 11472 11473 10784 10785 11601 11602 9881 9882 9924 9925 12332 12333 12375 12376 10698 10699 10741 10742 11515 11516 11558 11559
          9840 9843 9972 9969 12291 12294 12423 12420 9841 9842 9886 9929 9970 9971 9883 9926 12292 12293 12337 12380 12421 12422 12334 12377 10657 11474 10660 11477 10786 11603 10789 11606 10700 10743 11517 11560 10703 10746 11520 11563 10658 10659 11475 11476 10787 10788 11604 11605 9884 9885 9927 9928 12335 12336 12378 12379 10701 10702 10744 10745 11518 11519 11561 11562
          9843 9846 9975 9972 12294 12297 12426 12423 9844 9845 9889 9932 9973 9974 9886 9929 12295 12296 12340 12383 12424 12425 12337 12380 10660 11477 10663 11480 10789 11606 10792 11609 10703 10746 11520 11563 10706 10749 11523 11566 10661 10662 11478 11479 10790 10791 11607 11608 9887 9888 9930 9931 12338 12339 12381 12382 10704 10705 10747 10748 11521 11522 11564 11565
          9933 9936 10065 10062 12384 12387 12516 12513 9934 9935 9979 10022 10063 10064 9976 10019 12385 12386 12430 12473 12514 12515 12427 12470 10750 11567 10753 11570 10879 11696 10882 11699 10793 10836 11610 11653 10796 10839 11613 11656 10751 10752 11568 11569 10880 10881 11697 11698 9977 9978 10020 10021 12428 12429 12471 12472 10794 10795 10837 10838 11611 11612 11654 11655
          9936 9939 10068 10065 12387 12390 12519 12516 9937 9938 9982 10025 10066 10067 9979 10022 12388 12389 12433 12476 12517 12518 12430 12473 10753 11570 10756 11573 10882 11699 10885 11702 10796 10839 11613 11656 10799 10842 11616 11659 10754 10755 11571 11572 10883 10884 11700 11701 9980 9981 10023 10024 12431 12432 12474 12475 10797 10798 10840 10841 11614 11615 11657 11658
          9939 9942 10071 10068 12390 12393 12522 12519 9940 9941 9985 10028 10069 10070 9982 10025 12391 12392 12436 12479 12520 12521 12433 12476 10756 11573 10759 11576 10885 11702 10888 11705 10799 10842 11616 11659 10802 10845 11619 11662 10757 10758 11574 11575 10886 10887 11703 11704 9983 9984 10026 10027 12434 12435 12477 12478 10800 10801 10843 10844 11617 11618 11660 11661
          9942 9945 10074 10071 12393 12396 12525 12522 9943 9944 9988 10031 10072 10073 9985 10028 12394 12395 12439 12482 12523 12524 12436 12479 10759 11576 10762 11579 10888 11705 10891 11708 10802 10845 11619 11662 10805 10848 11622 11665 10760 10761 11577 11578 10889 10890 11706 11707 9986 9987 10029 10030 12437 12438 12480 12481 10803 10804 10846 10847 11620 11621 11663 11664
          9945 9948 10077 10074 12396 12399 12528 12525 9946 9947 9991 10034 10075 10076 9988 10031 12397 12398 12442 12485 12526 12527 12439 12482 10762 11579 10765 11582 10891 11708 10894 11711 10805 10848 11622 11665 10808 10851 11625 11668 10763 10764 11580 11581 10892 10893 11709 11710 9989 9990 10032 10033 12440 12441 12483 12484 10806 10807 10849 10850 11623 11624 11666 11667
          9948 9951 10080 10077 12399 12402 12531 12528 9949 9950 9994 10037 10078 10079 9991 10034 12400 12401 12445 12488 12529 12530 12442 12485 10765 11582 10768 11585 10894 11711 10897 11714 10808 10851 11625 11668 10811 10854 11628 11671 10766 10767 11583 11584 10895 10896 11712 11713 9992 9993 10035 10036 12443 12444 12486 12487 10809 10810 10852 10853 11626 11627 11669 11670
          9951 9954 10083 10080 12402 12405 12534 12531 9952 9953 9997 10040 10081 10082 9994 10037 12403 12404 12448 12491 12532 12533 12445 12488 10768 11585 10771 11588 10897 11714 10900 11717 10811 10854 11628 11671 10814 10857 11631 11674 10769 10770 11586 11587 10898 10899 11715 11716 9995 9996 10038 10039 12446 12447 12489 12490 10812 10813 10855 10856 11629 11630 11672 11673
          9954 9957 10086 10083 12405 12408 12537 12534 9955 9956 10000 10043 10084 10085 9997 10040 12406 12407 12451 12494 12535 12536 12448 12491 10771 11588 10774 11591 10900 11717 10903 11720 10814 10857 11631 11674 10817 10860 11634 11677 10772 10773 11589 11590 10901 10902 11718 11719 9998 9999 10041 10042 12449 12450 12492 12493 10815 10816 10858 10859 11632 11633 11675 11676
          9957 9960 10089 10086 12408 12411 12540 12537 9958 9959 10003 10046 10087 10088 10000 10043 12409 12410 12454 12497 12538 12539 12451 12494 10774 11591 10777 11594 10903 11720 10906 11723 10817 10860 11634 11677 10820 10863 11637 11680 10775 10776 11592 11593 10904 10905 11721 11722 10001 10002 10044 10045 12452 12453 12495 12496 10818 10819 10861 10862 11635 11636 11678 11679
          9960 9963 10092 10089 12411 12414 12543 12540 9961 9962 10006 10049 10090 10091 10003 10046 12412 12413 12457 12500 12541 12542 12454 12497 10777 11594 10780 11597 10906 11723 10909 11726 10820 10863 11637 11680 10823 10866 11640 11683 10778 10779 11595 11596 10907 10908 11724 11725 10004 10005 10047 10048 12455 12456 12498 12499 10821 10822 10864 10865 11638 11639 11681 11682
          9963 9966 10095 10092 12414 12417 12546 12543 9964 9965 10009 10052 10093 10094 10006 10049 12415 12416 12460 12503 12544 12545 12457 12500 10780 11597 10783 11600 10909 11726 10912 11729 10823 10866 11640 11683 10826 10869 11643 11686 10781 10782 11598 11599 10910 10911 11727 11728 10007 10008 10050 10051 12458 12459 12501 12502 10824 10825 10867 10868 11641 11642 11684 11685
          9966 9969 10098 10095 12417 12420 12549 12546 9967 9968 10012 10055 10096 10097 10009 10052 12418 12419 12463 12506 12547 12548 12460 12503 10783 11600 10786 11603 10912 11729 10915 11732 10826 10869 11643 11686 10829 10872 11646 11689 10784 10785 11601 11602 10913 10914 11730 11731 10010 10011 10053 10054 12461 12462 12504 12505 10827 10828 10870 10871 11644 11645 11687 11688
          9969 9972 10101 10098 12420 12423 12552 12549 9970 9971 10015 10058 10099 10100 10012 10055 12421 12422 12466 12509 12550 12551 12463 12506 10786 11603 10789 11606 10915 11732 10918 11735 10829 10872 11646 11689 10832 10875 11649 11692 10787 10788 11604 11605 10916 10917 11733 11734 10013 10014 10056 10057 12464 12465 12507 12508 10830 10831 10873 10874 11647 11648 11690 11691
          9972 9975 10104 10101 12423 12426 12555 12552 9973 9974 10018 10061 10102 10103 10015 10058 12424 12425 12469 12512 12553 12554 12466 12509 10789 11606 10792 11609 10918 11735 10921 11738 10832 10875 11649 11692 10835 10878 11652 11695 10790 10791 11607 11608 10919 10920 11736 11737 10016 10017 10059 10060 12467 12468 12510 12511 10833 10834 10876 10877 11650 11651 11693 11694
          10062 10065 10194 10191 12513 12516 12645 12642 10063 10064 10108 10151 10192 10193 10105 10148 12514 12515 12559 12602 12643 12644 12556 12599 10879 11696 10882 11699 11008 11825 11011 11828 10922 10965 11739 11782 10925 10968 11742 11785 10880 10881 11697 11698 11009 11010 11826 11827 10106 10107 10149 10150 12557 12558 12600 12601 10923 10924 10966 10967 11740 11741 11783 11784
          10065 10068 10197 10194 12516 12519 12648 12645 10066 10067 10111 10154 10195 10196 10108 10151 12517 12518 12562 12605 12646 12647 12559 12602 10882 11699 10885 11702 11011 11828 11014 11831 10925 10968 11742 11785 10928 10971 11745 11788 10883 10884 11700 11701 11012 11013 11829 11830 10109 10110 10152 10153 12560 12561 12603 12604 10926 10927 10969 10970 11743 11744 11786 11787
          10068 10071 10200 10197 12519 12522 12651 12648 10069 10070 10114 10157 10198 10199 10111 10154 12520 12521 12565 12608 12649 12650 12562 12605 10885 11702 10888 11705 11014 11831 11017 11834 10928 10971 11745 11788 10931 10974 11748 11791 10886 10887 11703 11704 11015 11016 11832 11833 10112 10113 10155 10156 12563 12564 12606 12607 10929 10930 10972 10973 11746 11747 11789 11790
          10071 10074 10203 10200 12522 12525 12654 12651 10072 10073 10117 10160 10201 10202 10114 10157 12523 12524 12568 12611 12652 12653 12565 12608 10888 11705 10891 11708 11017 11834 11020 11837 10931 10974 11748 11791 10934 10977 11751 11794 10889 10890 11706 11707 11018 11019 11835 11836 10115 10116 10158 10159 12566 12567 12609 12610 10932 10933 10975 10976 11749 11750 11792 11793
          10074 10077 10206 10203 12525 12528 12657 12654 10075 10076 10120 10163 10204 10205 10117 10160 12526 12527 12571 12614 12655 12656 12568 12611 10891 11708 10894 11711 11020 11837 11023 11840 10934 10977 11751 11794 10937 10980 11754 11797 10892 10893 11709 11710 11021 11022 11838 11839 10118 10119 10161 10162 12569 12570 12612 12613 10935 10936 10978 10979 11752 11753 11795 11796
          10077 10080 10209 10206 12528 12531 12660 12657 10078 10079 10123 10166 10207 10208 10120 10163 12529 12530 12574 12617 12658 12659 12571 12614 10894 11711 10897 11714 11023 11840 11026 11843 10937 10980 11754 11797 10940 10983 11757 11800 10895 10896 11712 11713 11024 11025 11841 11842 10121 10122 10164 10165 12572 12573 12615 12616 10938 10939 10981 10982 11755 11756 11798 11799
          10080 10083 10212 10209 12531 12534 12663 12660 10081 10082 10126 10169 10210 10211 10123 10166 12532 12533 12577 12620 12661 12662 12574 12617 10897 11714 10900 11717 11026 11843 11029 11846 10940 10983 11757 11800 10943 10986 11760 11803 10898 10899 11715 11716 11027 11028 11844 11845 10124 10125 10167 10168 12575 12576 12618 12619 10941 10942 10984 10985 11758 11759 11801 11802
          10083 10086 10215 10212 12534 12537 12666 12663 10084 10085 10129 10172 10213 10214 10126 10169 12535 12536 12580 12623 12664 12665 12577 12620 10900 11717 10903 11720 11029 11846 11032 11849 10943 10986 11760 11803 10946 10989 11763 11806 10901 10902 11718 11719 11030 11031 11847 11848 10127 10128 10170 10171 12578 12579 12621 12622 10944 10945 10987 10988 11761 11762 11804 11805
          10086 10089 10218 10215 12537 12540 12669 12666 10087 10088 10132 10175 10216 10217 10129 10172 12538 12539 12583 12626 12667 12668 12580 12623 10903 11720 10906 11723 11032 11849 11035 11852 10946 10989 11763 11806 10949 10992 11766 11809 10904 10905 11721 11722 11033 11034 11850 11851 10130 10131 10173 10174 12581 12582 12624 12625 10947 10948 10990 10991 11764 11765 11807 11808
          10089 10092 10221 10218 12540 12543 12672 12669 10090 10091 10135 10178 10219 10220 10132 10175 12541 12542 12586 12629 12670 12671 12583 12626 10906 11723 10909 11726 11035 11852 11038 11855 10949 10992 11766 11809 10952 10995 11769 11812 10907 10908 11724 11725 11036 11037 11853 11854 10133 10134 10176 10177 12584 12585 12627 12628 10950 10951 10993 10994 11767 11768 11810 11811
          10092 10095 10224 10221 12543 12546 12675 12672 10093 10094 10138 10181 10222 10223 10135 10178 12544 12545 12589 12632 12673 12674 12586 12629 10909 11726 10912 11729 11038 11855 11041 11858 10952 10995 11769 11812 10955 10998 11772 11815 10910 10911 11727 11728 11039 11040 11856 11857 10136 10137 10179 10180 12587 12588 12630 12631 10953 10954 10996 10997 11770 11771 11813 11814
          10095 10098 10227 10224 12546 12549 12678 12675 10096 10097 10141 10184 10225 10226 10138 10181 12547 12548 12592 12635 12676 12677 12589 12632 10912 11729 10915 11732 11041 11858 11044 11861 10955 10998 11772 11815 10958 11001 11775 11818 10913 10914 11730 11731 11042 11043 11859 11860 10139 10140 10182 10183 12590 12591 12633 12634 10956 10957 10999 11000 11773 11774 11816 11817
          10098 10101 10230 10227 12549 12552 12681 12678 10099 10100 10144 10187 10228 10229 10141 10184 12550 12551 12595 12638 12679 12680 12592 12635 10915 11732 10918 11735 11044 11861 11047 11864 10958 11001 11775 11818 10961 11004 11778 11821 10916 10917 11733 11734 11045 11046 11862 11863 10142 10143 10185 10186 12593 12594 12636 12637 10959 10960 11002 11003 11776 11777 11819 11820
          10101 10104 10233 10230 12552 12555 12684 12681 10102 10103 10147 10190 10231 10232 10144 10187 12553 12554 12598 12641 12682 12683 12595 12638 10918 11735 10921 11738 11047 11864 11050 11867 10961 11004 11778 11821 10964 11007 11781 11824 10919 10920 11736 11737 11048 11049 11865 11866 10145 10146 10188 10189 12596 12597 12639 12640 10962 10963 11005 11006 11779 11780 11822 11823
          10191 10194 10323 10320 12642 12645 12774 12771 10192 10193 10237 10280 10321 10322 10234 10277 12643 12644 12688 12731 12772 12773 12685 12728 11008 11825 11011 11828 11137 11954 11140 11957 11051 11094 11868 11911 11054 11097 11871 11914 11009 11010 11826 11827 11138 11139 11955 11956 10235 10236 10278 10279 12686 12687 12729 12730 11052 11053 11095 11096 11869 11870 11912 11913
          10194 10197 10326 10323 12645 12648 12777 12774 10195 10196 10240 10283 10324 10325 10237 10280 12646 12647 12691 12734 12775 12776 12688 12731 11011 11828 11014 11831 11140 11957 11143 11960 11054 11097 11871 11914 11057 11100 11874 11917 11012 11013 11829 11830 11141 11142 11958 11959 10238 10239 10281 10282 12689 12690 12732 12733 11055 11056 11098 11099 11872 11873 11915 11916
          10197 10200 10329 10326 12648 12651 12780 12777 10198 10199 10243 10286 10327 10328 10240 10283 12649 12650 12694 12737 12778 12779 12691 12734 11014 11831 11017 11834 11143 11960 11146 11963 11057 11100 11874 11917 11060 11103 11877 11920 11015 11016 11832 11833 11144 11145 11961 11962 10241 10242 10284 10285 12692 12693 12735 12736 11058 11059 11101 11102 11875 11876 11918 11919
          10200 10203 10332 10329 12651 12654 12783 12780 10201 10202 10246 10289 10330 10331 10243 10286 12652 12653 12697 12740 12781 12782 12694 12737 11017 11834 11020 11837 11146 11963 11149 11966 11060 11103 11877 11920 11063 11106 11880 11923 11018 11019 11835 11836 11147 11148 11964 11965 10244 10245 10287 10288 12695 12696 12738 12739 11061 11062 11104 11105 11878 11879 11921 11922
          10203 10206 10335 10332 12654 12657 12786 12783 10204 10205 10249 10292 10333 10334 10246 10289 12655 12656 12700 12743 12784 12785 12697 12740 11020 11837 11023 11840 11149 11966 11152 11969 11063 11106 11880 11923 11066 11109 11883 11926 11021 11022 11838 11839 11150 11151 11967 11968 10247 10248 10290 10291 12698 12699 12741 12742 11064 11065 11107 11108 11881 11882 11924 11925
          10206 10209 10338 10335 12657 12660 12789 12786 10207 10208 10252 10295 10336 10337 10249 10292 12658 12659 12703 12746 12787 12788 12700 12743 11023 11840 11026 11843 11152 11969 11155 11972 11066 11109 11883 11926 11069 11112 11886 11929 11024 11025 11841 11842 11153 11154 11970 11971 10250 10251 10293 10294 12701 12702 12744 12745 11067 11068 11110 11111 11884 11885 11927 11928
          10209 10212 10341 10338 12660 12663 12792 12789 10210 10211 10255 10298 10339 10340 10252 10295 12661 12662 12706 12749 12790 12791 12703 12746 11026 11843 11029 11846 11155 11972 11158 11975 11069 11112 11886 11929 11072 11115 11889 11932 11027 11028 11844 11845 11156 11157 11973 11974 10253 10254 10296 10297 12704 12705 12747 12748 11070 11071 11113 11114 11887 11888 11930 11931
          10212 10215 10344 10341 12663 12666 12795 12792 10213 10214 10258 10301 10342 10343 10255 10298 12664 12665 12709 12752 12793 12794 12706 12749 11029 11846 11032 11849 11158 11975 11161 11978 11072 11115 11889 11932 11075 11118 11892 11935 11030 11031 11847 11848 11159 11160 11976 11977 10256 10257 10299 10300 12707 12708 12750 12751 11073 11074 11116 11117 11890 11891 11933 11934
          10215 10218 10347 10344 12666 12669 12798 12795 10216 10217 10261 10304 10345 10346 10258 10301 12667 12668 12712 12755 12796 12797 12709 12752 11032 11849 11035 11852 11161 11978 11164 11981 11075 11118 11892 11935 11078 11121 11895 11938 11033 11034 11850 11851 11162 11163 11979 11980 10259 10260 10302 10303 12710 12711 12753 12754 11076 11077 11119 11120 11893 11894 11936 11937
          10218 10221 10350 10347 12669 12672 12801 12798 10219 10220 10264 10307 10348 10349 10261 10304 12670 12671 12715 12758 12799 12800 12712 12755 11035 11852 11038 11855 11164 11981 11167 11984 11078 11121 11895 11938 11081 11124 11898 11941 11036 11037 11853 11854 11165 11166 11982 11983 10262 10263 10305 10306 12713 12714 12756 12757 11079 11080 11122 11123 11896 11897 11939 11940
          10221 10224 10353 10350 12672 12675 12804 12801 10222 10223 10267 10310 10351 10352 10264 10307 12673 12674 12718 12761 12802 12803 12715 12758 11038 11855 11041 11858 11167 11984 11170 11987 11081 11124 11898 11941 11084 11127 11901 11944 11039 11040 11856 11857 11168 11169 11985 11986 10265 10266 10308 10309 12716 12717 12759 12760 11082 11083 11125 11126 11899 11900 11942 11943
          10224 10227 10356 10353 12675 12678 12807 12804 10225 10226 10270 10313 10354 10355 10267 10310 12676 12677 12721 12764 12805 12806 12718 12761 11041 11858 11044 11861 11170 11987 11173 11990 11084 11127 11901 11944 11087 11130 11904 11947 11042 11043 11859 11860 11171 11172 11988 11989 10268 10269 10311 10312 12719 12720 12762 12763 11085 11086 11128 11129 11902 11903 11945 11946
          10227 10230 10359 10356 12678 12681 12810 12807 10228 10229 10273 10316 10357 10358 10270 10313 12679 12680 12724 12767 12808 12809 12721 12764 11044 11861 11047 11864 11173 11990 11176 11993 11087 11130 11904 11947 11090 11133 11907 11950 11045 11046 11862 11863 11174 11175 11991 11992 10271 10272 10314 10315 12722 12723 12765 12766 11088 11089 11131 11132 11905 11906 11948 11949
          10230 10233 10362 10359 12681 12684 12813 12810 10231 10232 10276 10319 10360 10361 10273 10316 12682 12683 12727 12770 12811 12812 12724 12767 11047 11864 11050 11867 11176 11993 11179 11996 11090 11133 11907 11950 11093 11136 11910 11953 11048 11049 11865 11866 11177 11178 11994 11995 10274 10275 10317 10318 12725 12726 12768 12769 11091 11092 11134 11135 11908 11909 11951 11952
          10320 10323 10452 10449 12771 12774 12903 12900 10321 10322 10366 10409 10450 10451 10363 10406 12772 12773 12817 12860 12901 12902 12814 12857 11137 11954 11140 11957 11266 12083 11269 12086 11180 11223 11997 12040 11183 11226 12000 12043 11138 11139 11955 11956 11267 11268 12084 12085 10364 10365 10407 10408 12815 12816 12858 12859 11181 11182 11224 11225 11998 11999 12041 12042
          10323 10326 10455 10452 12774 12777 12906 12903 10324 10325 10369 10412 10453 10454 10366 10409 12775 12776 12820 12863 12904 12905 12817 12860 11140 11957 11143 11960 11269 12086 11272 12089 11183 11226 12000 12043 11186 11229 12003 12046 11141 11142 11958 11959 11270 11271 12087 12088 10367 10368 10410 10411 12818 12819 12861 12862 11184 11185 11227 11228 12001 12002 12044 12045
          10326 10329 10458 10455 12777 12780 12909 12906 10327 10328 10372 10415 10456 10457 10369 10412 12778 12779 12823 12866 12907 12908 12820 12863 11143 11960 11146 11963 11272 12089 11275 12092 11186 11229 12003 12046 11189 11232 12006 12049 11144 11145 11961 11962 11273 11274 12090 12091 10370 10371 10413 10414 12821 12822 12864 12865 11187 11188 11230 11231 12004 12005 12047 12048
          10329 10332 10461 10458 12780 12783 12912 12909 10330 10331 10375 10418 10459 10460 10372 10415 12781 12782 12826 12869 12910 12911 12823 12866 11146 11963 11149 11966 11275 12092 11278 12095 11189 11232 12006 12049 11192 11235 12009 12052 11147 11148 11964 11965 11276 11277 12093 12094 10373 10374 10416 10417 12824 12825 12867 12868 11190 11191 11233 11234 12007 12008 12050 12051
          10332 10335 10464 10461 12783 12786 12915 12912 10333 10334 10378 10421 10462 10463 10375 10418 12784 12785 12829 12872 12913 12914 12826 12869 11149 11966 11152 11969 11278 12095 11281 12098 11192 11235 12009 12052 11195 11238 12012 12055 11150 11151 11967 11968 11279 11280 12096 12097 10376 10377 10419 10420 12827 12828 12870 12871 11193 11194 11236 11237 12010 12011 12053 12054
          10335 10338 10467 10464 12786 12789 12918 12915 10336 10337 10381 10424 10465 10466 10378 10421 12787 12788 12832 12875 12916 12917 12829 12872 11152 11969 11155 11972 11281 12098 11284 12101 11195 11238 12012 12055 11198 11241 12015 12058 11153 11154 11970 11971 11282 11283 12099 12100 10379 10380 10422 10423 12830 12831 12873 12874 11196 11197 11239 11240 12013 12014 12056 12057
          10338 10341 10470 10467 12789 12792 12921 12918 10339 10340 10384 10427 10468 10469 10381 10424 12790 12791 12835 12878 12919 12920 12832 12875 11155 11972 11158 11975 11284 12101 11287 12104 11198 11241 12015 12058 11201 11244 12018 12061 11156 11157 11973 11974 11285 11286 12102 12103 10382 10383 10425 10426 12833 12834 12876 12877 11199 11200 11242 11243 12016 12017 12059 12060
          10341 10344 10473 10470 12792 12795 12924 12921 10342 10343 10387 10430 10471 10472 10384 10427 12793 12794 12838 12881 12922 12923 12835 12878 11158 11975 11161 11978 11287 12104 11290 12107 11201 11244 12018 12061 11204 11247 12021 12064 11159 11160 11976 11977 11288 11289 12105 12106 10385 10386 10428 10429 12836 12837 12879 12880 11202 11203 11245 11246 12019 12020 12062 12063
          10344 10347 10476 10473 12795 12798 12927 12924 10345 10346 10390 10433 10474 10475 10387 10430 12796 12797 12841 12884 12925 12926 12838 12881 11161 11978 11164 11981 11290 12107 11293 12110 11204 11247 12021 12064 11207 11250 12024 12067 11162 11163 11979 11980 11291 11292 12108 12109 10388 10389 10431 10432 12839 12840 12882 12883 11205 11206 11248 11249 12022 12023 12065 12066
          10347 10350 10479 10476 12798 12801 12930 12927 10348 10349 10393 10436 10477 10478 10390 10433 12799 12800 12844 12887 12928 12929 12841 12884 11164 11981 11167 11984 11293 12110 11296 12113 11207 11250 12024 12067 11210 11253 12027 12070 11165 11166 11982 11983 11294 11295 12111 12112 10391 10392 10434 10435 12842 12843 12885 12886 11208 11209 11251 11252 12025 12026 12068 12069
          10350 10353 10482 10479 12801 12804 12933 12930 10351 10352 10396 10439 10480 10481 10393 10436 12802 12803 12847 12890 12931 12932 12844 12887 11167 11984 11170 11987 11296 12113 11299 12116 11210 11253 12027 12070 11213 11256 12030 12073 11168 11169 11985 11986 11297 11298 12114 12115 10394 10395 10437 10438 12845 12846 12888 12889 11211 11212 11254 11255 12028 12029 12071 12072
          10353 10356 10485 10482 12804 12807 12936 12933 10354 10355 10399 10442 10483 10484 10396 10439 12805 12806 12850 12893 12934 12935 12847 12890 11170 11987 11173 11990 11299 12116 11302 12119 11213 11256 12030 12073 11216 11259 12033 12076 11171 11172 11988 11989 11300 11301 12117 12118 10397 10398 10440 10441 12848 12849 12891 12892 11214 11215 11257 11258 12031 12032 12074 12075
          10356 10359 10488 10485 12807 12810 12939 12936 10357 10358 10402 10445 10486 10487 10399 10442 12808 12809 12853 12896 12937 12938 12850 12893 11173 11990 11176 11993 11302 12119 11305 12122 11216 11259 12033 12076 11219 11262 12036 12079 11174 11175 11991 11992 11303 11304 12120 12121 10400 10401 10443 10444 12851 12852 12894 12895 11217 11218 11260 11261 12034 12035 12077 12078
          10359 10362 10491 10488 12810 12813 12942 12939 10360 10361 10405 10448 10489 10490 10402 10445 12811 12812 12856 12899 12940 12941 12853 12896 11176 11993 11179 11996 11305 12122 11308 12125 11219 11262 12036 12079 11222 11265 12039 12082 11177 11178 11994 11995 11306 11307 12123 12124 10403 10404 10446 10447 12854 12855 12897 12898 11220 11221 11263 11264 12037 12038 12080 12081
          10449 10452 10581 10578 12900 12903 13032 13029 10450 10451 10495 10538 10579 10580 10492 10535 12901 12902 12946 12989 13030 13031 12943 12986 11266 12083 11269 12086 11395 12212 11398 12215 11309 11352 12126 12169 11312 11355 12129 12172 11267 11268 12084 12085 11396 11397 12213 12214 10493 10494 10536 10537 12944 12945 12987 12988 11310 11311 11353 11354 12127 12128 12170 12171
          10452 10455 10584 10581 12903 12906 13035 13032 10453 10454 10498 10541 10582 10583 10495 10538 12904 12905 12949 12992 13033 13034 12946 12989 11269 12086 11272 12089 11398 12215 11401 12218 11312 11355 12129 12172 11315 11358 12132 12175 11270 11271 12087 12088 11399 11400 12216 12217 10496 10497 10539 10540 12947 12948 12990 12991 11313 11314 11356 11357 12130 12131 12173 12174
          10455 10458 10587 10584 12906 12909 13038 13035 10456 10457 10501 10544 10585 10586 10498 10541 12907 12908 12952 12995 13036 13037 12949 12992 11272 12089 11275 12092 11401 12218 11404 12221 11315 11358 12132 12175 11318 11361 12135 12178 11273 11274 12090 12091 11402 11403 12219 12220 10499 10500 10542 10543 12950 12951 12993 12994 11316 11317 11359 11360 12133 12134 12176 12177
          10458 10461 10590 10587 12909 12912 13041 13038 10459 10460 10504 10547 10588 10589 10501 10544 12910 12911 12955 12998 13039 13040 12952 12995 11275 12092 11278 12095 11404 12221 11407 12224 11318 11361 12135 12178 11321 11364 12138 12181 11276 11277 12093 12094 11405 11406 12222 12223 10502 10503 10545 10546 12953 12954 12996 12997 11319 11320 11362 11363 12136 12137 12179 12180
          10461 10464 10593 10590 12912 12915 13044 13041 10462 10463 10507 10550 10591 10592 10504 10547 12913 12914 12958 13001 13042 13043 12955 12998 11278 12095 11281 12098 11407 12224 11410 12227 11321 11364 12138 12181 11324 11367 12141 12184 11279 11280 12096 12097 11408 11409 12225 12226 10505 10506 10548 10549 12956 12957 12999 13000 11322 11323 11365 11366 12139 12140 12182 12183
          10464 10467 10596 10593 12915 12918 13047 13044 10465 10466 10510 10553 10594 10595 10507 10550 12916 12917 12961 13004 13045 13046 12958 13001 11281 12098 11284 12101 11410 12227 11413 12230 11324 11367 12141 12184 11327 11370 12144 12187 11282 11283 12099 12100 11411 11412 12228 12229 10508 10509 10551 10552 12959 12960 13002 13003 11325 11326 11368 11369 12142 12143 12185 12186
          10467 10470 10599 10596 12918 12921 13050 13047 10468 10469 10513 10556 10597 10598 10510 10553 12919 12920 12964 13007 13048 13049 12961 13004 11284 12101 11287 12104 11413 12230 11416 12233 11327 11370 12144 12187 11330 11373 12147 12190 11285 11286 12102 12103 11414 11415 12231 12232 10511 10512 10554 10555 12962 12963 13005 13006 11328 11329 11371 11372 12145 12146 12188 12189
          10470 10473 10602 10599 12921 12924 13053 13050 10471 10472 10516 10559 10600 10601 10513 10556 12922 12923 12967 13010 13051 13052 12964 13007 11287 12104 11290 12107 11416 12233 11419 12236 11330 11373 12147 12190 11333 11376 12150 12193 11288 11289 12105 12106 11417 11418 12234 12235 10514 10515 10557 10558 12965 12966 13008 13009 11331 11332 11374 11375 12148 12149 12191 12192
          10473 10476 10605 10602 12924 12927 13056 13053 10474 10475 10519 10562 10603 10604 10516 10559 12925 12926 12970 13013 13054 13055 12967 13010 11290 12107 11293 12110 11419 12236 11422 12239 11333 11376 12150 12193 11336 11379 12153 12196 11291 11292 12108 12109 11420 11421 12237 12238 10517 10518 10560 10561 12968 12969 13011 13012 11334 11335 11377 11378 12151 12152 12194 12195
          10476 10479 10608 10605 12927 12930 13059 13056 10477 10478 10522 10565 10606 10607 10519 10562 12928 12929 12973 13016 13057 13058 12970 13013 11293 12110 11296 12113 11422 12239 11425 12242 11336 11379 12153 12196 11339 11382 12156 12199 11294 11295 12111 12112 11423 11424 12240 12241 10520 10521 10563 10564 12971 12972 13014 13015 11337 11338 11380 11381 12154 12155 12197 12198
          10479 10482 10611 10608 12930 12933 13062 13059 10480 10481 10525 10568 10609 10610 10522 10565 12931 12932 12976 13019 13060 13061 12973 13016 11296 12113 11299 12116 11425 12242 11428 12245 11339 11382 12156 12199 11342 11385 12159 12202 11297 11298 12114 12115 11426 11427 12243 12244 10523 10524 10566 10567 12974 12975 13017 13018 11340 11341 11383 11384 12157 12158 12200 12201
          10482 10485 10614 10611 12933 12936 13065 13062 10483 10484 10528 10571 10612 10613 10525 10568 12934 12935 12979 13022 13063 13064 12976 13019 11299 12116 11302 12119 11428 12245 11431 12248 11342 11385 12159 12202 11345 11388 12162 12205 11300 11301 12117 12118 11429 11430 12246 12247 10526 10527 10569 10570 12977 12978 13020 13021 11343 11344 11386 11387 12160 12161 12203 12204
          10485 10488 10617 10614 12936 12939 13068 13065 10486 10487 10531 10574 10615 10616 10528 10571 12937 12938 12982 13025 13066 13067 12979 13022 11302 12119 11305 12122 11431 12248 11434 12251 11345 11388 12162 12205 11348 11391 12165 12208 11303 11304 12120 12121 11432 11433 12249 12250 10529 10530 10572 10573 12980 12981 13023 13024 11346 11347 11389 11390 12163 12164 12206 12207
          10488 10491 10620 10617 12939 12942 13071 13068 10489 10490 10534 10577 10618 10619 10531 10574 12940 12941 12985 13028 13069 13070 12982 13025 11305 12122 11308 12125 11434 12251 11437 12254 11348 11391 12165 12208 11351 11394 12168 12211 11306 11307 12123 12124 11435 11436 12252 12253 10532 10533 10575 10576 12983 12984 13026 13027 11349 11350 11392 11393 12166 12167 12209 12210
          12255 12258 12387 12384 14706 14709 14838 14835 12256 12257 12301 12344 12385 12386 12298 12341 14707 14708 14752 14795 14836 14837 14749 14792 13072 13889 13075 13892 13201 14018 13204 14021 13115 13158 13932 13975 13118 13161 13935 13978 13073 13074 13890 13891 13202 13203 14019 14020 12299 12300 12342 12343 14750 14751 14793 14794 13116 13117 13159 13160 13933 13934 13976 13977
          12258 12261 12390 12387 14709 14712 14841 14838 12259 12260 12304 12347 12388 12389 12301 12344 14710 14711 14755 14798 14839 14840 14752 14795 13075 13892 13078 13895 13204 14021 13207 14024 13118 13161 13935 13978 13121 13164 13938 13981 13076 13077 13893 13894 13205 13206 14022 14023 12302 12303 12345 12346 14753 14754 14796 14797 13119 13120 13162 13163 13936 13937 13979 13980
          12261 12264 12393 12390 14712 14715 14844 14841 12262 12263 12307 12350 12391 12392 12304 12347 14713 14714 14758 14801 14842 14843 14755 14798 13078 13895 13081 13898 13207 14024 13210 14027 13121 13164 13938 13981 13124 13167 13941 13984 13079 13080 13896 13897 13208 13209 14025 14026 12305 12306 12348 12349 14756 14757 14799 14800 13122 13123 13165 13166 13939 13940 13982 13983
          12264 12267 12396 12393 14715 14718 14847 14844 12265 12266 12310 12353 12394 12395 12307 12350 14716 14717 14761 14804 14845 14846 14758 14801 13081 13898 13084 13901 13210 14027 13213 14030 13124 13167 13941 13984 13127 13170 13944 13987 13082 13083 13899 13900 13211 13212 14028 14029 12308 12309 12351 12352 14759 14760 14802 14803 13125 13126 13168 13169 13942 13943 13985 13986
          12267 12270 12399 12396 14718 14721 14850 14847 12268 12269 12313 12356 12397 12398 12310 12353 14719 14720 14764 14807 14848 14849 14761 14804 13084 13901 13087 13904 13213 14030 13216 14033 13127 13170 13944 13987 13130 13173 13947 13990 13085 13086 13902 13903 13214 13215 14031 14032 12311 12312 12354 12355 14762 14763 14805 14806 13128 13129 13171 13172 13945 13946 13988 13989
          12270 12273 12402 12399 14721 14724 14853 14850 12271 12272 12316 12359 12400 12401 12313 12356 14722 14723 14767 14810 14851 14852 14764 14807 13087 13904 13090 13907 13216 14033 13219 14036 13130 13173 13947 13990 13133 13176 13950 13993 13088 13089 13905 13906 13217 13218 14034 14035 12314 12315 12357 12358 14765 14766 14808 14809 13131 13132 13174 13175 13948 13949 13991 13992
          12273 12276 12405 12402 14724 14727 14856 14853 12274 12275 12319 12362 12403 12404 12316 12359 14725 14726 14770 14813 14854 14855 14767 14810 13090 13907 13093 13910 13219 14036 13222 14039 13133 13176 13950 13993 13136 13179 13953 13996 13091 13092 13908 13909 13220 13221 14037 14038 12317 12318 12360 12361 14768 14769 14811 14812 13134 13135 13177 13178 13951 13952 13994 13995
          12276 12279 12408 12405 14727 14730 14859 14856 12277 12278 12322 12365 12406 12407 12319 12362 14728 14729 14773 14816 14857 14858 14770 14813 13093 13910 13096 13913 13222 14039 13225 14042 13136 13179 13953 13996 13139 13182 13956 13999 13094 13095 13911 13912 13223 13224 14040 14041 12320 12321 12363 12364 14771 14772 14814 14815 13137 13138 13180 13181 13954 13955 13997 13998
          12279 12282 12411 12408 14730 14733 14862 14859 12280 12281 12325 12368 12409 12410 12322 12365 14731 14732 14776 14819 14860 14861 14773 14816 13096 13913 13099 13916 13225 14042 13228 14045 13139 13182 13956 13999 13142 13185 13959 14002 13097 13098 13914 13915 13226 13227 14043 14044 12323 12324 12366 12367 14774 14775 14817 14818 13140 13141 13183 13184 13957 13958 14000 14001
          12282 12285 12414 12411 14733 14736 14865 14862 12283 12284 12328 12371 12412 12413 12325 12368 14734 14735 14779 14822 14863 14864 14776 14819 13099 13916 13102 13919 13228 14045 13231 14048 13142 13185 13959 14002 13145 13188 13962 14005 13100 13101 13917 13918 13229 13230 14046 14047 12326 12327 12369 12370 14777 14778 14820 14821 13143 13144 13186 13187 13960 13961 14003 14004
          12285 12288 12417 12414 14736 14739 14868 14865 12286 12287 12331 12374 12415 12416 12328 12371 14737 14738 14782 14825 14866 14867 14779 14822 13102 13919 13105 13922 13231 14048 13234 14051 13145 13188 13962 14005 13148 13191 13965 14008 13103 13104 13920 13921 13232 13233 14049 14050 12329 12330 12372 12373 14780 14781 14823 14824 13146 13147 13189 13190 13963 13964 14006 14007
          12288 12291 12420 12417 14739 14742 14871 14868 12289 12290 12334 12377 12418 12419 12331 12374 14740 14741 14785 14828 14869 14870 14782 14825 13105 13922 13108 13925 13234 14051 13237 14054 13148 13191 13965 14008 13151 13194 13968 14011 13106 13107 13923 13924 13235 13236 14052 14053 12332 12333 12375 12376 14783 14784 14826 14827 13149 13150 13192 13193 13966 13967 14009 14010
          12291 12294 12423 12420 14742 14745 14874 14871 12292 12293 12337 12380 12421 12422 12334 12377 14743 14744 14788 14831 14872 14873 14785 14828 13108 13925 13111 13928 13237 14054 13240 14057 13151 13194 13968 14011 13154 13197 13971 14014 13109 13110 13926 13927 13238 13239 14055 14056 12335 12336 12378 12379 14786 14787 14829 14830 13152 13153 13195 13196 13969 13970 14012 14013
          12294 12297 12426 12423 14745 14748 14877 14874 12295 12296 12340 12383 12424 12425 12337 12380 14746 14747 14791 14834 14875 14876 14788 14831 13111 13928 13114 13931 13240 14057 13243 14060 13154 13197 13971 14014 13157 13200 13974 14017 13112 13113 13929 13930 13241 13242 14058 14059 12338 12339 12381 12382 14789 14790 14832 14833 13155 13156 13198 13199 13972 13973 14015 14016
          12384 12387 12516 12513 14835 14838 14967 14964 12385 12386 12430 12473 12514 12515 12427 12470 14836 14837 14881 14924 14965 14966 14878 14921 13201 14018 13204 14021 13330 14147 13333 14150 13244 13287 14061 14104 13247 13290 14064 14107 13202 13203 14019 14020 13331 13332 14148 14149 12428 12429 12471 12472 14879 14880 14922 14923 13245 13246 13288 13289 14062 14063 14105 14106
          12387 12390 12519 12516 14838 14841 14970 14967 12388 12389 12433 12476 12517 12518 12430 12473 14839 14840 14884 14927 14968 14969 14881 14924 13204 14021 13207 14024 13333 14150 13336 14153 13247 13290 14064 14107 13250 13293 14067 14110 13205 13206 14022 14023 13334 13335 14151 14152 12431 12432 12474 12475 14882 14883 14925 14926 13248 13249 13291 13292 14065 14066 14108 14109
          12390 12393 12522 12519 14841 14844 14973 14970 12391 12392 12436 12479 12520 12521 12433 12476 14842 14843 14887 14930 14971 14972 14884 14927 13207 14024 13210 14027 13336 14153 13339 14156 13250 13293 14067 14110 13253 13296 14070 14113 13208 13209 14025 14026 13337 13338 14154 14155 12434 12435 12477 12478 14885 14886 14928 14929 13251 13252 13294 13295 14068 14069 14111 14112
          12393 12396 12525 12522 14844 14847 14976 14973 12394 12395 12439 12482 12523 12524 12436 12479 14845 14846 14890 14933 14974 14975 14887 14930 13210 14027 13213 14030 13339 14156 13342 14159 13253 13296 14070 14113 13256 13299 14073 14116 13211 13212 14028 14029 13340 13341 14157 14158 12437 12438 12480 12481 14888 14889 14931 14932 13254 13255 13297 13298 14071 14072 14114 14115
          12396 12399 12528 12525 14847 14850 14979 14976 12397 12398 12442 12485 12526 12527 12439 12482 14848 14849 14893 14936 14977 14978 14890 14933 13213 14030 13216 14033 13342 14159 13345 14162 13256 13299 14073 14116 13259 13302 14076 14119 13214 13215 14031 14032 13343 13344 14160 14161 12440 12441 12483 12484 14891 14892 14934 14935 13257 13258 13300 13301 14074 14075 14117 14118
          12399 12402 12531 12528 14850 14853 14982 14979 12400 12401 12445 12488 12529 12530 12442 12485 14851 14852 14896 14939 14980 14981 14893 14936 13216 14033 13219 14036 13345 14162 13348 14165 13259 13302 14076 14119 13262 13305 14079 14122 13217 13218 14034 14035 13346 13347 14163 14164 12443 12444 12486 12487 14894 14895 14937 14938 13260 13261 13303 13304 14077 14078 14120 14121
          12402 12405 12534 12531 14853 14856 14985 14982 12403 12404 12448 12491 12532 12533 12445 12488 14854 14855 14899 14942 14983 14984 14896 14939 13219 14036 13222 14039 13348 14165 13351 14168 13262 13305 14079 14122 13265 13308 14082 14125 13220 13221 14037 14038 13349 13350 14166 14167 12446 12447 12489 12490 14897 14898 14940 14941 13263 13264 13306 13307 14080 14081 14123 14124
          12405 12408 12537 12534 14856 14859 14988 14985 12406 12407 12451 12494 12535 12536 12448 12491 14857 14858 14902 14945 14986 14987 14899 14942 13222 14039 13225 14042 13351 14168 13354 14171 13265 13308 14082 14125 13268 13311 14085 14128 13223 13224 14040 14041 13352 13353 14169 14170 12449 12450 12492 12493 14900 14901 14943 14944 13266 13267 13309 13310 14083 14084 14126 14127
          12408 12411 12540 12537 14859 14862 14991 14988 12409 12410 12454 12497 12538 12539 12451 12494 14860 14861 14905 14948 14989 14990 14902 14945 13225 14042 13228 14045 13354 14171 13357 14174 13268 13311 14085 14128 13271 13314 14088 14131 13226 13227 14043 14044 13355 13356 14172 14173 12452 12453 12495 12496 14903 14904 14946 14947 13269 13270 13312 13313 14086 14087 14129 14130
          12411 12414 12543 12540 14862 14865 14994 14991 12412 12413 12457 12500 12541 12542 12454 12497 14863 14864 14908 14951 14992 14993 14905 14948 13228 14045 13231 14048 13357 14174 13360 14177 13271 13314 14088 14131 13274 13317 14091 14134 13229 13230 14046 14047 13358 13359 14175 14176 12455 12456 12498 12499 14906 14907 14949 14950 13272 13273 13315 13316 14089 14090 14132 14133
          12414 12417 12546 12543 14865 14868 14997 14994 12415 12416 12460 12503 12544 12545 12457 12500 14866 14867 14911 14954 14995 14996 14908 14951 13231 14048 13234 14051 13360 14177 13363 14180 13274 13317 14091 14134 13277 13320 14094 14137 13232 13233 14049 14050 13361 13362 14178 14179 12458 12459 12501 12502 14909 14910 14952 14953 13275 13276 13318 13319 14092 14093 14135 14136
          12417 12420 12549 12546 14868 14871 15000 14997 12418 12419 12463 12506 12547 12548 12460 12503 14869 14870 14914 14957 14998 14999 14911 14954 13234 14051 13237 14054 13363 14180 13366 14183 13277 13320 14094 14137 13280 13323 14097 14140 13235 13236 14052 14053 13364 13365 14181 14182 12461 12462 12504 12505 14912 14913 14955 14956 13278 13279 13321 13322 14095 14096 14138 14139
          12420 12423 12552 12549 14871 14874 15003 15000 12421 12422 12466 12509 12550 12551 12463 12506 14872 14873 14917 14960 15001 15002 14914 14957 13237 14054 13240 14057 13366 14183 13369 14186 13280 13323 14097 14140 13283 13326 14100 14143 13238 13239 14055 14056 13367 13368 14184 14185 12464 12465 12507 12508 14915 14916 14958 14959 13281 13282 13324 13325 14098 14099 14141 14142
          12423 12426 12555 12552 14874 14877 15006 15003 12424 12425 12469 12512 12553 12554 12466 12509 14875 14876 14920 14963 15004 15005 14917 14960 13240 14057 13243 14060 13369 14186 13372 14189 13283 13326 14100 14143 13286 13329 14103 14146 13241 13242 14058 14059 13370 13371 14187 14188 12467 12468 12510 12511 14918 14919 14961 14962 13284 13285 13327 13328 14101 14102 14144 14145
          12513 12516 12645 12642 14964 14967 15096 15093 12514 12515 12559 12602 12643 12644 12556 12599 14965 14966 15010 15053 15094 15095 15007 15050 13330 14147 13333 14150 13459 14276 13462 14279 13373 13416 14190 14233 13376 13419 14193 14236 13331 13332 14148 14149 13460 13461 14277 14278 12557 12558 12600 12601 15008 15009 15051 15052 13374 13375 13417 13418 14191 14192 14234 14235
          12516 12519 12648 12645 14967 14970 15099 15096 12517 12518 12562 12605 12646 12647 12559 12602 14968 14969 15013 15056 15097 15098 15010 15053 13333 14150 13336 14153 13462 14279 13465 14282 13376 13419 14193 14236 13379 13422 14196 14239 13334 13335 14151 14152 13463 13464 14280 14281 12560 12561 12603 12604 15011 15012 15054 15055 13377 13378 13420 13421 14194 14195 14237 14238
          12519 12522 12651 12648 14970 14973 15102 15099 12520 12521 12565 12608 12649 12650 12562 12605 14971 14972 15016 15059 15100 15101 15013 15056 13336 14153 13339 14156 13465 14282 13468 14285 13379 13422 14196 14239 13382 13425 14199 14242 13337 13338 14154 14155 13466 13467 14283 14284 12563 12564 12606 12607 15014 15015 15057 15058 13380 13381 13423 13424 14197 14198 14240 14241
          12522 12525 12654 12651 14973 14976 15105 15102 12523 12524 12568 12611 12652 12653 12565 12608 14974 14975 15019 15062 15103 15104 15016 15059 13339 14156 13342 14159 13468 14285 13471 14288 13382 13425 14199 14242 13385 13428 14202 14245 13340 13341 14157 14158 13469 13470 14286 14287 12566 12567 12609 12610 15017 15018 15060 15061 13383 13384 13426 13427 14200 14201 14243 14244
          12525 12528 12657 12654 14976 14979 15108 15105 12526 12527 12571 12614 12655 12656 12568 12611 14977 14978 15022 15065 15106 15107 15019 15062 13342 14159 13345 14162 13471 14288 13474 14291 13385 13428 14202 14245 13388 13431 14205 14248 13343 13344 14160 14161 13472 13473 14289 14290 12569 12570 12612 12613 15020 15021 15063 15064 13386 13387 13429 13430 14203 14204 14246 14247
          12528 12531 12660 12657 14979 14982 15111 15108 12529 12530 12574 12617 12658 12659 12571 12614 14980 14981 15025 15068 15109 15110 15022 15065 13345 14162 13348 14165 13474 14291 13477 14294 13388 13431 14205 14248 13391 13434 14208 14251 13346 13347 14163 14164 13475 13476 14292 14293 12572 12573 12615 12616 15023 15024 15066 15067 13389 13390 13432 13433 14206 14207 14249 14250
          12531 12534 12663 12660 14982 14985 15114 15111 12532 12533 12577 12620 12661 12662 12574 12617 14983 14984 15028 15071 15112 15113 15025 15068 13348 14165 13351 14168 13477 14294 13480 14297 13391 13434 14208 14251 13394 13437 14211 14254 13349 13350 14166 14167 13478 13479 14295 14296 12575 12576 12618 12619 15026 15027 15069 15070 13392 13393 13435 13436 14209 14210 14252 14253
          12534 12537 12666 12663 14985 14988 15117 15114 12535 12536 12580 12623 12664 12665 12577 12620 14986 14987 15031 15074 15115 15116 15028 15071 13351 14168 13354 14171 13480 14297 13483 14300 13394 13437 14211 14254 13397 13440 14214 14257 13352 13353 14169 14170 13481 13482 14298 14299 12578 12579 12621 12622 15029 15030 15072 15073 13395 13396 13438 13439 14212 14213 14255 14256
          12537 12540 12669 12666 14988 14991 15120 15117 12538 12539 12583 12626 12667 12668 12580 12623 14989 14990 15034 15077 15118 15119 15031 15074 13354 14171 13357 14174 13483 14300 13486 14303 13397 13440 14214 14257 13400 13443 14217 14260 13355 13356 14172 14173 13484 13485 14301 14302 12581 12582 12624 12625 15032 15033 15075 15076 13398 13399 13441 13442 14215 14216 14258 14259
          12540 12543 12672 12669 14991 14994 15123 15120 12541 12542 12586 12629 12670 12671 12583 12626 14992 14993 15037 15080 15121 15122 15034 15077 13357 14174 13360 14177 13486 14303 13489 14306 13400 13443 14217 14260 13403 13446 14220 14263 13358 13359 14175 14176 13487 13488 14304 14305 12584 12585 12627 12628 15035 15036 15078 15079 13401 13402 13444 13445 14218 14219 14261 14262
          12543 12546 12675 12672 14994 14997 15126 15123 12544 12545 12589 12632 12673 12674 12586 12629 14995 14996 15040 15083 15124 15125 15037 15080 13360 14177 13363 14180 13489 14306 13492 14309 13403 13446 14220 14263 13406 13449 14223 14266 13361 13362 14178 14179 13490 13491 14307 14308 12587 12588 12630 12631 15038 15039 15081 15082 13404 13405 13447 13448 14221 14222 14264 14265
          12546 12549 12678 12675 14997 15000 15129 15126 12547 12548 12592 12635 12676 12677 12589 12632 14998 14999 15043 15086 15127 15128 15040 15083 13363 14180 13366 14183 13492 14309 13495 14312 13406 13449 14223 14266 13409 13452 14226 14269 13364 13365 14181 14182 13493 13494 14310 14311 12590 12591 12633 12634 15041 15042 15084 15085 13407 13408 13450 13451 14224 14225 14267 14268
          12549 12552 12681 12678 15000 15003 15132 15129 12550 12551 12595 12638 12679 12680 12592 12635 15001 15002 15046 15089 15130 15131 15043 15086 13366 14183 13369 14186 13495 14312 13498 14315 13409 13452 14226 14269 13412 13455 14229 14272 13367 13368 14184 14185 13496 13497 14313 14314 12593 12594 12636 12637 15044 15045 15087 15088 13410 13411 13453 13454 14227 14228 14270 14271
          12552 12555 12684 12681 15003 15006 15135 15132 12553 12554 12598 12641 12682 12683 12595 12638 15004 15005 15049 15092 15133 15134 15046 15089 13369 14186 13372 14189 13498 14315 13501 14318 13412 13455 14229 14272 13415 13458 14232 14275 13370 13371 14187 14188 13499 13500 14316 14317 12596 12597 12639 12640 15047 15048 15090 15091 13413 13414 13456 13457 14230 14231 14273 14274
          12642 12645 12774 12771 15093 15096 15225 15222 12643 12644 12688 12731 12772 12773 12685 12728 15094 15095 15139 15182 15223 15224 15136 15179 13459 14276 13462 14279 13588 14405 13591 14408 13502 13545 14319 14362 13505 13548 14322 14365 13460 13461 14277 14278 13589 13590 14406 14407 12686 12687 12729 12730 15137 15138 15180 15181 13503 13504 13546 13547 14320 14321 14363 14364
          12645 12648 12777 12774 15096 15099 15228 15225 12646 12647 12691 12734 12775 12776 12688 12731 15097 15098 15142 15185 15226 15227 15139 15182 13462 14279 13465 14282 13591 14408 13594 14411 13505 13548 14322 14365 13508 13551 14325 14368 13463 13464 14280 14281 13592 13593 14409 14410 12689 12690 12732 12733 15140 15141 15183 15184 13506 13507 13549 13550 14323 14324 14366 14367
          12648 12651 12780 12777 15099 15102 15231 15228 12649 12650 12694 12737 12778 12779 12691 12734 15100 15101 15145 15188 15229 15230 15142 15185 13465 14282 13468 14285 13594 14411 13597 14414 13508 13551 14325 14368 13511 13554 14328 14371 13466 13467 14283 14284 13595 13596 14412 14413 12692 12693 12735 12736 15143 15144 15186 15187 13509 13510 13552 13553 14326 14327 14369 14370
          12651 12654 12783 12780 15102 15105 15234 15231 12652 12653 12697 12740 12781 12782 12694 12737 15103 15104 15148 15191 15232 15233 15145 15188 13468 14285 13471 14288 13597 14414 13600 14417 13511 13554 14328 14371 13514 13557 14331 14374 13469 13470 14286 14287 13598 13599 14415 14416 12695 12696 12738 12739 15146 15147 15189 15190 13512 13513 13555 13556 14329 14330 14372 14373
          12654 12657 12786 12783 15105 15108 15237 15234 12655 12656 12700 12743 12784 12785 12697 12740 15106 15107 15151 15194 15235 15236 15148 15191 13471 14288 13474 14291 13600 14417 13603 14420 13514 13557 14331 14374 13517 13560 14334 14377 13472 13473 14289 14290 13601 13602 14418 14419 12698 12699 12741 12742 15149 15150 15192 15193 13515 13516 13558 13559 14332 14333 14375 14376
          12657 12660 12789 12786 15108 15111 15240 15237 12658 12659 12703 12746 12787 12788 12700 12743 15109 15110 15154 15197 15238 15239 15151 15194 13474 14291 13477 14294 13603 14420 13606 14423 13517 13560 14334 14377 13520 13563 14337 14380 13475 13476 14292 14293 13604 13605 14421 14422 12701 12702 12744 12745 15152 15153 15195 15196 13518 13519 13561 13562 14335 14336 14378 14379
          12660 12663 12792 12789 15111 15114 15243 15240 12661 12662 12706 12749 12790 12791 12703 12746 15112 15113 15157 15200 15241 15242 15154 15197 13477 14294 13480 14297 13606 14423 13609 14426 13520 13563 14337 14380 13523 13566 14340 14383 13478 13479 14295 14296 13607 13608 14424 14425 12704 12705 12747 12748 15155 15156 15198 15199 13521 13522 13564 13565 14338 14339 14381 14382
          12663 12666 12795 12792 15114 15117 15246 15243 12664 12665 12709 12752 12793 12794 12706 12749 15115 15116 15160 15203 15244 15245 15157 15200 13480 14297 13483 14300 13609 14426 13612 14429 13523 13566 14340 14383 13526 13569 14343 14386 13481 13482 14298 14299 13610 13611 14427 14428 12707 12708 12750 12751 15158 15159 15201 15202 13524 13525 13567 13568 14341 14342 14384 14385
          12666 12669 12798 12795 15117 15120 15249 15246 12667 12668 12712 12755 12796 12797 12709 12752 15118 15119 15163 15206 15247 15248 15160 15203 13483 14300 13486 14303 13612 14429 13615 14432 13526 13569 14343 14386 13529 13572 14346 14389 13484 13485 14301 14302 13613 13614 14430 14431 12710 12711 12753 12754 15161 15162 15204 15205 13527 13528 13570 13571 14344 14345 14387 14388
          12669 12672 12801 12798 15120 15123 15252 15249 12670 12671 12715 12758 12799 12800 12712 12755 15121 15122 15166 15209 15250 15251 15163 15206 13486 14303 13489 14306 13615 14432 13618 14435 13529 13572 14346 14389 13532 13575 14349 14392 13487 13488 14304 14305 13616 13617 14433 14434 12713 12714 12756 12757 15164 15165 15207 15208 13530 13531 13573 13574 14347 14348 14390 14391
          12672 12675 12804 12801 15123 15126 15255 15252 12673 12674 12718 12761 12802 12803 12715 12758 15124 15125 15169 15212 15253 15254 15166 15209 13489 14306 13492 14309 13618 14435 13621 14438 13532 13575 14349 14392 13535 13578 14352 14395 13490 13491 14307 14308 13619 13620 14436 14437 12716 12717 12759 12760 15167 15168 15210 15211 13533 13534 13576 13577 14350 14351 14393 14394
          12675 12678 12807 12804 15126 15129 15258 15255 12676 12677 12721 12764 12805 12806 12718 12761 15127 15128 15172 15215 15256 15257 15169 15212 13492 14309 13495 14312 13621 14438 13624 14441 13535 13578 14352 14395 13538 13581 14355 14398 13493 13494 14310 14311 13622 13623 14439 14440 12719 12720 12762 12763 15170 15171 15213 15214 13536 13537 13579 13580 14353 14354 14396 14397
          12678 12681 12810 12807 15129 15132 15261 15258 12679 12680 12724 12767 12808 12809 12721 12764 15130 15131 15175 15218 15259 15260 15172 15215 13495 14312 13498 14315 13624 14441 13627 14444 13538 13581 14355 14398 13541 13584 14358 14401 13496 13497 14313 14314 13625 13626 14442 14443 12722 12723 12765 12766 15173 15174 15216 15217 13539 13540 13582 13583 14356 14357 14399 14400
          12681 12684 12813 12810 15132 15135 15264 15261 12682 12683 12727 12770 12811 12812 12724 12767 15133 15134 15178 15221 15262 15263 15175 15218 13498 14315 13501 14318 13627 14444 13630 14447 13541 13584 14358 14401 13544 13587 14361 14404 13499 13500 14316 14317 13628 13629 14445 14446 12725 12726 12768 12769 15176 15177 15219 15220 13542 13543 13585 13586 14359 14360 14402 14403
          12771 12774 12903 12900 15222 15225 15354 15351 12772 12773 12817 12860 12901 12902 12814 12857 15223 15224 15268 15311 15352 15353 15265 15308 13588 14405 13591 14408 13717 14534 13720 14537 13631 13674 14448 14491 13634 13677 14451 14494 13589 13590 14406 14407 13718 13719 14535 14536 12815 12816 12858 12859 15266 15267 15309 15310 13632 13633 13675 13676 14449 14450 14492 14493
          12774 12777 12906 12903 15225 15228 15357 15354 12775 12776 12820 12863 12904 12905 12817 12860 15226 15227 15271 15314 15355 15356 15268 15311 13591 14408 13594 14411 13720 14537 13723 14540 13634 13677 14451 14494 13637 13680 14454 14497 13592 13593 14409 14410 13721 13722 14538 14539 12818 12819 12861 12862 15269 15270 15312 15313 13635 13636 13678 13679 14452 14453 14495 14496
          12777 12780 12909 12906 15228 15231 15360 15357 12778 12779 12823 12866 12907 12908 12820 12863 15229 15230 15274 15317 15358 15359 15271 15314 13594 14411 13597 14414 13723 14540 13726 14543 13637 13680 14454 14497 13640 13683 14457 14500 13595 13596 14412 14413 13724 13725 14541 14542 12821 12822 12864 12865 15272 15273 15315 15316 13638 13639 13681 13682 14455 14456 14498 14499
          12780 12783 12912 12909 15231 15234 15363 15360 12781 12782 12826 12869 12910 12911 12823 12866 15232 15233 15277 15320 15361 15362 15274 15317 13597 14414 13600 14417 13726 14543 13729 14546 13640 13683 14457 14500 13643 13686 14460 14503 13598 13599 14415 14416 13727 13728 14544 14545 12824 12825 12867 12868 15275 15276 15318 15319 13641 13642 13684 13685 14458 14459 14501 14502
          12783 12786 12915 12912 15234 15237 15366 15363 12784 12785 12829 12872 12913 12914 12826 12869 15235 15236 15280 15323 15364 15365 15277 15320 13600 14417 13603 14420 13729 14546 13732 14549 13643 13686 14460 14503 13646 13689 14463 14506 13601 13602 14418 14419 13730 13731 14547 14548 12827 12828 12870 12871 15278 15279 15321 15322 13644 13645 13687 13688 14461 14462 14504 14505
          12786 12789 12918 12915 15237 15240 15369 15366 12787 12788 12832 12875 12916 12917 12829 12872 15238 15239 15283 15326 15367 15368 15280 15323 13603 14420 13606 14423 13732 14549 13735 14552 13646 13689 14463 14506 13649 13692 14466 14509 13604 13605 14421 14422 13733 13734 14550 14551 12830 12831 12873 12874 15281 15282 15324 15325 13647 13648 13690 13691 14464 14465 14507 14508
          12789 12792 12921 12918 15240 15243 15372 15369 12790 12791 12835 12878 12919 12920 12832 12875 15241 15242 15286 15329 15370 15371 15283 15326 13606 14423 13609 14426 13735 14552 13738 14555 13649 13692 14466 14509 13652 13695 14469 14512 13607 13608 14424 14425 13736 13737 14553 14554 12833 12834 12876 12877 15284 15285 15327 15328 13650 13651 13693 13694 14467 14468 14510 14511
          12792 12795 12924 12921 15243 15246 15375 15372 12793 12794 12838 12881 12922 12923 12835 12878 15244 15245 15289 15332 15373 15374 15286 15329 13609 14426 13612 14429 13738 14555 13741 14558 13652 13695 14469 14512 13655 13698 14472 14515 13610 13611 14427 14428 13739 13740 14556 14557 12836 12837 12879 12880 15287 15288 15330 15331 13653 13654 13696 13697 14470 14471 14513 14514
          12795 12798 12927 12924 15246 15249 15378 15375 12796 12797 12841 12884 12925 12926 12838 12881 15247 15248 15292 15335 15376 15377 15289 15332 13612 14429 13615 14432 13741 14558 13744 14561 13655 13698 14472 14515 13658 13701 14475 14518 13613 13614 14430 14431 13742 13743 14559 14560 12839 12840 12882 12883 15290 15291 15333 15334 13656 13657 13699 13700 14473 14474 14516 14517
          12798 12801 12930 12927 15249 15252 15381 15378 12799 12800 12844 12887 12928 12929 12841 12884 15250 15251 15295 15338 15379 15380 15292 15335 13615 14432 13618 14435 13744 14561 13747 14564 13658 13701 14475 14518 13661 13704 14478 14521 13616 13617 14433 14434 13745 13746 14562 14563 12842 12843 12885 12886 15293 15294 15336 15337 13659 13660 13702 13703 14476 14477 14519 14520
          12801 12804 12933 12930 15252 15255 15384 15381 12802 12803 12847 12890 12931 12932 12844 12887 15253 15254 15298 15341 15382 15383 15295 15338 13618 14435 13621 14438 13747 14564 13750 14567 13661 13704 14478 14521 13664 13707 14481 14524 13619 13620 14436 14437 13748 13749 14565 14566 12845 12846 12888 12889 15296 15297 15339 15340 13662 13663 13705 13706 14479 14480 14522 14523
          12804 12807 12936 12933 15255 15258 15387 15384 12805 12806 12850 12893 12934 12935 12847 12890 15256 15257 15301 15344 15385 15386 15298 15341 13621 14438 13624 14441 13750 14567 13753 14570 13664 13707 14481 14524 13667 13710 14484 14527 13622 13623 14439 14440 13751 13752 14568 14569 12848 12849 12891 12892 15299 15300 15342 15343 13665 13666 13708 13709 14482 14483 14525 14526
          12807 12810 12939 12936 15258 15261 15390 15387 12808 12809 12853 12896 12937 12938 12850 12893 15259 15260 15304 15347 15388 15389 15301 15344 13624 14441 13627 14444 13753 14570 13756 14573 13667 13710 14484 14527 13670 13713 14487 14530 13625 13626 14442 14443 13754 13755 14571 14572 12851 12852 12894 12895 15302 15303 15345 15346 13668 13669 13711 13712 14485 14486 14528 14529
          12810 12813 12942 12939 15261 15264 15393 15390 12811 12812 12856 12899 12940 12941 12853 12896 15262 15263 15307 15350 15391 15392 15304 15347 13627 14444 13630 14447 13756 14573 13759 14576 13670 13713 14487 14530 13673 13716 14490 14533 13628 13629 14445 14446 13757 13758 14574 14575 12854 12855 12897 12898 15305 15306 15348 15349 13671 13672 13714 13715 14488 14489 14531 14532
          12900 12903 13032 13029 15351 15354 15483 15480 12901 12902 12946 12989 13030 13031 12943 12986 15352 15353 15397 15440 15481 15482 15394 15437 13717 14534 13720 14537 13846 14663 13849 14666 13760 13803 14577 14620 13763 13806 14580 14623 13718 13719 14535 14536 13847 13848 14664 14665 12944 12945 12987 12988 15395 15396 15438 15439 13761 13762 13804 13805 14578 14579 14621 14622
          12903 12906 13035 13032 15354 15357 15486 15483 12904 12905 12949 12992 13033 13034 12946 12989 15355 15356 15400 15443 15484 15485 15397 15440 13720 14537 13723 14540 13849 14666 13852 14669 13763 13806 14580 14623 13766 13809 14583 14626 13721 13722 14538 14539 13850 13851 14667 14668 12947 12948 12990 12991 15398 15399 15441 15442 13764 13765 13807 13808 14581 14582 14624 14625
          12906 12909 13038 13035 15357 15360 15489 15486 12907 12908 12952 12995 13036 13037 12949 12992 15358 15359 15403 15446 15487 15488 15400 15443 13723 14540 13726 14543 13852 14669 13855 14672 13766 13809 14583 14626 13769 13812 14586 14629 13724 13725 14541 14542 13853 13854 14670 14671 12950 12951 12993 12994 15401 15402 15444 15445 13767 13768 13810 13811 14584 14585 14627 14628
          12909 12912 13041 13038 15360 15363 15492 15489 12910 12911 12955 12998 13039 13040 12952 12995 15361 15362 15406 15449 15490 15491 15403 15446 13726 14543 13729 14546 13855 14672 13858 14675 13769 13812 14586 14629 13772 13815 14589 14632 13727 13728 14544 14545 13856 13857 14673 14674 12953 12954 12996 12997 15404 15405 15447 15448 13770 13771 13813 13814 14587 14588 14630 14631
          12912 12915 13044 13041 15363 15366 15495 15492 12913 12914 12958 13001 13042 13043 12955 12998 15364 15365 15409 15452 15493 15494 15406 15449 13729 14546 13732 14549 13858 14675 13861 14678 13772 13815 14589 14632 13775 13818 14592 14635 13730 13731 14547 14548 13859 13860 14676 14677 12956 12957 12999 13000 15407 15408 15450 15451 13773 13774 13816 13817 14590 14591 14633 14634
          12915 12918 13047 13044 15366 15369 15498 15495 12916 12917 12961 13004 13045 13046 12958 13001 15367 15368 15412 15455 15496 15497 15409 15452 13732 14549 13735 14552 13861 14678 13864 14681 13775 13818 14592 14635 13778 13821 14595 14638 13733 13734 14550 14551 13862 13863 14679 14680 12959 12960 13002 13003 15410 15411 15453 15454 13776 13777 13819 13820 14593 14594 14636 14637
          12918 12921 13050 13047 15369 15372 15501 15498 12919 12920 12964 13007 13048 13049 12961 13004 15370 15371 15415 15458 15499 15500 15412 15455 13735 14552 13738 14555 13864 14681 13867 14684 13778 13821 14595 14638 13781 13824 14598 14641 13736 13737 14553 14554 13865 13866 14682 14683 12962 12963 13005 13006 15413 15414 15456 15457 13779 13780 13822 13823 14596 14597 14639 14640
          12921 12924 13053 13050 15372 15375 15504 15501 12922 12923 12967 13010 13051 13052 12964 13007 15373 15374 15418 15461 15502 15503 15415 15458 13738 14555 13741 14558 13867 14684 13870 14687 13781 13824 14598 14641 13784 13827 14601 14644 13739 13740 14556 14557 13868 13869 14685 14686 12965 12966 13008 13009 15416 15417 15459 15460 13782 13783 13825 13826 14599 14600 14642 14643
          12924 12927 13056 13053 15375 15378 15507 15504 12925 12926 12970 13013 13054 13055 12967 13010 15376 15377 15421 15464 15505 15506 15418 15461 13741 14558 13744 14561 13870 14687 13873 14690 13784 13827 14601 14644 13787 13830 14604 14647 13742 13743 14559 14560 13871 13872 14688 14689 12968 12969 13011 13012 15419 15420 15462 15463 13785 13786 13828 13829 14602 14603 14645 14646
          12927 12930 13059 13056 15378 15381 15510 15507 12928 12929 12973 13016 13057 13058 12970 13013 15379 15380 15424 15467 15508 15509 15421 15464 13744 14561 13747 14564 13873 14690 13876 14693 13787 13830 14604 14647 13790 13833 14607 14650 13745 13746 14562 14563 13874 13875 14691 14692 12971 12972 13014 13015 15422 15423 15465 15466 13788 13789 13831 13832 14605 14606 14648 14649
          12930 12933 13062 13059 15381 15384 15513 15510 12931 12932 12976 13019 13060 13061 12973 13016 15382 15383 15427 15470 15511 15512 15424 15467 13747 14564 13750 14567 13876 14693 13879 14696 13790 13833 14607 14650 13793 13836 14610 14653 13748 13749 14565 14566 13877 13878 14694 14695 12974 12975 13017 13018 15425 15426 15468 15469 13791 13792 13834 13835 14608 14609 14651 14652
          12933 12936 13065 13062 15384 15387 15516 15513 12934 12935 12979 13022 13063 13064 12976 13019 15385 15386 15430 15473 15514 15515 15427 15470 13750 14567 13753 14570 13879 14696 13882 14699 13793 13836 14610 14653 13796 13839 14613 14656 13751 13752 14568 14569 13880 13881 14697 14698 12977 12978 13020 13021 15428 15429 15471 15472 13794 13795 13837 13838 14611 14612 14654 14655
          12936 12939 13068 13065 15387 15390 15519 15516 12937 12938 12982 13025 13066 13067 12979 13022 15388 15389 15433 15476 15517 15518 15430 15473 13753 14570 13756 14573 13882 14699 13885 14702 13796 13839 14613 14656 13799 13842 14616 14659 13754 13755 14571 14572 13883 13884 14700 14701 12980 12981 13023 13024 15431 15432 15474 15475 13797 13798 13840 13841 14614 14615 14657 14658
          12939 12942 13071 13068 15390 15393 15522 15519 12940 12941 12985 13028 13069 13070 12982 13025 15391 15392 15436 15479 15520 15521 15433 15476 13756 14573 13759 14576 13885 14702 13888 14705 13799 13842 14616 14659 13802 13845 14619 14662 13757 13758 14574 14575 13886 13887 14703 14704 12983 12984 13026 13027 15434 15435 15477 15478 13800 13801 13843 13844 14617 14618 14660 14661
        </DataArray>
        <DataArray type="Int64" Name="offsets" format="ascii">
          64
          128
          192
          256
          320
          384
          448
          512
          576
          640
          704
          768
          832
          896
          960
          1024
          1088
          1152
          1216
          1280
          1344
          1408
          1472
          1536
          1600
          1664
          1728
          1792
          1856
          1920
          1984
          2048
          2112
          2176
          2240
          2304
          2368
          2432
          2496
          2560
          2624
          2688
          2752
          2816
          2880
          2944
          3008
          3072
          3136
          3200
          3264
          3328
          3392
          3456
          3520
          3584
          3648
          3712
          3776
          3840
          3904
          3968
          4032
          4096
          4160
          4224
          4288
          4352
          4416
          4480
          4544
          4608
          4672
          4736
          4800
          4864
          4928
          4992
          5056
          5120
          5184
          5248
          5312
          5376
          5440
          5504
          5568
          5632
          5696
          5760
          5824
          5888
          5952
          6016
          6080
          6144
          6208
          6272
          6336
          6400
          6464
          6528
          6592
          6656
          6720
          6784
          6848
          6912
          6976
          7040
          7104
          7168
          7232
          7296
          7360
          7424
          7488
          7552
          7616
          7680
          7744
          7808
          7872
          7936
          8000
          8064
          8128
          8192
          8256
          8320
          8384
          8448
          8512
          8576
          8640
          8704
          8768
          8832
          8896
          8960
          9024
          9088
          9152
          9216
          9280
          9344
          9408
          9472
          9536
          9600
          9664
          9728
          9792
          9856
          9920
          9984
          10048
          10112
          10176
          10240
          10304
          10368
          10432
          10496
          10560
          10624
          10688
          10752
          10816
          10880
          10944
          11008
          11072
          11136
          11200
          11264
          11328
          11392
          11456
          11520
          11584
          11648
          11712
          11776
          11840
          11904
          11968
          12032
          12096
          12160
          12224
          12288
          12352
          12416
          12480
          12544
          12608
          12672
          12736
          12800
          12864
          12928
          12992
          13056
          13120
          13184
          13248
          13312
          13376
          13440
          13504
          13568
          13632
          13696
          13760
          13824
          13888
          13952
          14016
          14080
          14144
          14208
          14272
          14336
          14400
          14464
          14528
          14592
          14656
          14720
          14784
          14848
          14912
          14976
          15040
          15104
          15168
          15232
          15296
          15360
          15424
          15488
          15552
          15616
          15680
          15744
          15808
          15872
          15936
          16000
          16064
          16128
          16192
          16256
          16320
          16384
          16448
          16512
          16576
          16640
          16704
          16768
          16832
          16896
          16960
          17024
          17088
          17152
          17216
          17280
          17344
          17408
          17472
          17536
          17600
          17664
          17728
          17792
          17856
          17920
          17984
          18048
          18112
          18176
          18240
          18304
          18368
          18432
          18496
          18560
          18624
          18688
          18752
          18816
          18880
          18944
          19008
          19072
          19136
          19200
          19264
          19328
          19392
          19456
          19520
          19584
          19648
          19712
          19776
          19840
          19904
          19968
          20032
          20096
          20160
          20224
          20288
          20352
          20416
          20480
          20544
          20608
          20672
          20736
          20800
          20864
          20928
          20992
          21056
          21120
          21184
          21248
          21312
          21376
          21440
          21504
          21568
          21632
          21696
          21760
          21824
          21888
          21952
          22016
          22080
          22144
          22208
          22272
          22336
          22400
          22464
          22528
          22592
          22656
          22720
          22784
          22848
          22912
          22976
          23040
          23104
          23168
          23232
          23296
          23360
          23424
          23488
          23552
          23616
          23680
          23744
          23808
          23872
          23936
          24000
          24064
          24128
          24192
          24256
          24320
          24384
          24448
          24512
          24576
          24640
          24704
          24768
          24832
          24896
          24960
          25024
          25088
          25152
          25216
          25280
          25344
          25408
          25472
          25536
          25600
          25664
          25728
          25792
          25856
          25920
          25984
          26048
          26112
          26176
          26240
          26304
          26368
          26432
          26496
          26560
          26624
          26688
          26752
          26816
          26880
          26944
          27008
          27072
          27136
          27200
          27264
          27328
          27392
          27456
          27520
          27584
          27648
          27712
          27776
          27840
          27904
          27968
          28032
          28096
          28160
          28224
          28288
          28352
          28416
          28480
          28544
          28608
          28672
          28736
          28800
          28864
          28928
          28992
          29056
          29120
          29184
          29248
          29312
          29376
          29440
          29504
          29568
          29632
          29696
          29760
          29824
          29888
          29952
          30016
          30080
          30144
          30208
          30272
          30336
          30400
          30464
          30528
          30592
          30656
          30720
          30784
          30848
          30912
          30976
          31040
          31104
          31168
          31232
          31296
          31360
          31424
          31488
          31552
          31616
          31680
          31744
          31808
          31872
          31936
          32000
          32064
          32128
          32192
          32256
        </DataArray>
        <DataArray type="UInt8" Name="types" format="ascii">
          72
          72
          72
          72
          72
          72
          72
          72
          72
          72
          72
          72
          72
          72
          72
          72
          72
          72
          72
          72
          72
          72
          72
          72
          72
          72
          72
          72
          72
          72
          72
          72
          72
          72
          72
          72
          72
          72
          72
          72
          72
          72
          72
          72
          72
          72
          72
          72
          72
          72
          72
          72
          72
          72
          72
          72
          72
          72
          72
          72
          72
          72
          72
          72
          72
          72
          72
          72
          72
          72
          72
          72
          72
          72
          72
          72
          72
          72
          72
          72
          72
          72
          72
          72
          72
          72
          72
          72
          72
          72
          72
          72
          72
          72
          72
          72
          72
          72
          72
          72
          72
          72
          72
          72
          72
          72
          72
          72
          72
          72
          72
          72
          72
          72
          72
          72
          72
          72
          72
          72
          72
          72
          72
          72
          72
          72
          72
          72
          72
          72
          72
          72
          72
          72
          72
          72
          72
          72
          72
          72
          72
          72
          72
          72
          72
          72
          72
          72
          72
          72
          72
          72
          72
          72
          72
          72
          72
          72
          72
          72
          72
          72
          72
          72
          72
          72
          72
          72
          72
          72
          72
          72
          72
          72
          72
          72
          72
          72
          72
          72
          72
          72
          72
          72
          72
          72
          72
          72
          72
          72
          72
          72
          72
          72
          72
          72
          72
          72
          72
          72
          72
          72
          72
          72
          72
          72
          72
          72
          72
          72
          72
          72
          72
          72
          72
          72
          72
          72
          72
          72
          72
          72
          72
          72
          72
          72
          72
          72
          72
          72
          72
          72
          72
          72
          72
          72
          72
          72
          72
          72
          72
          72
          72
          72
          72
          72
          72
          72
          72
          72
          72
          72
          72
          72
          72
          72
          72
          72
          72
          72
          72
          72
          72
          72
          72
          72
          72
          72
          72
          72
          72
          72
          72
          72
          72
          72
          72
          72
          72
          72
          72
          72
          72
          72
          72
          72
          72
          72
          72
          72
          72
          72
          72
          72
          72
          72
          72
          72
          72
          72
          72
          72
          72
          72
          72
          72
          72
          72
          72
          72
          72
          72
          72
          72
          72
          72
          72
          72
          72
          72
          72
          72
          72
          72
          72
          72
          72
          72
          72
          72
          72
          72
          72
          72
          72
          72
          72
          72
          72
          72
          72
          72
          72
          72
          72
          72
          72
          72
          72
          72
          72
          72
          72
          72
          72
          72
          72
          72
          72
          72
          72
          72
          72
          72
          72
          72
          72
          72
          72
          72
          72
          72
          72
          72
          72
          72
          72
          72
          72
          72
          72
          72
          72
          72
          72
          72
          72
          72
          72
          72
          72
          72
          72
          72
          72
          72
          72
          72
          72
          72
          72
          72
          72
          72
          72
          72
          72
          72
          72
          72
          72
          72
          72
          72
          72
          72
          72
          72
          72
          72
          72
          72
          72
          72
          72
          72
          72
          72
          72
          72
          72
          72
          72
          72
          72
          72
          72
          72
          72
          72
          72
          72
          72
          72
          72
          72
          72
          72
          72
          72
          72
          72
          72
          72
          72
          72
          72
          72
          72
          72
          72
          72
          72
          72
          72
          72
          72
          72
          72
          72
          72
          72
          72
          72
          72
          72
          72
          72
          72
          72
          72
          72
          72
          72
          72
          72
          72
          72
          72
          72
          72
          72
          72
          72
          72
          72
          72
          72
          72
          72
          72
          72
          72
          72
        </DataArray>
      </Cells>
    </Piece>
  </UnstructuredGrid>
</VTKFile>
