<?xml version="1.0"?>
<VTKFile type="UnstructuredGrid" version="1.0" byte_order="LittleEndian">
  <UnstructuredGrid>
    <Piece NumberOfPoints="9537" NumberOfCells="16">
      <CellData>
        <DataArray type="Int32" Name="ObjectId" format="ascii">
          0
          0
          0
          0
          0
          0
          0
          0
          0
          0
          0
          0
          0
          0
          0
          0
        </DataArray>
      </CellData>
      <Points>
        <DataArray type="Float64" NumberOfComponents="3" Name="Points" format="ascii">
          0 0 0
          0.21875 0 0
          0.4375 0 0
          0.65625 0 0
          0.875 0 0
          1.09375 0 0
          1.3125 0 0
          1.53125 0 0
          1.75 0 0
          1.96875 0 0
          2.1875 0 0
          2.40625 0 0
          2.625 0 0
          2.84375 0 0
          3.0625 0 0
          3.28125 0 0
          3.5 0 0
          3.71875 0 0
          3.9375 0 0
          4.15625 0 0
          4.375 0 0
          4.59375 0 0
          4.8125 0 0
          5.03125 0 0
          5.25 0 0
          5.46875 0 0
          5.6875 0 0
          5.90625 0 0
          6.125 0 0
          6.34375 0 0
          6.5625 0 0
          6.78125 0 0
          7 0 0
          0 0.1875 0
          0.21875 0.1875 0
          0.4375 0.1875 0
          0.65625 0.1875 0
          0.875 0.1875 0
          1.09375 0.1875 0
          1.3125 0.1875 0
          1.53125 0.1875 0
          1.75 0.1875 0
          1.96875 0.1875 0
          2.1875 0.1875 0
          2.40625 0.1875 0
          2.625 0.1875 0
          2.84375 0.1875 0
          3.0625 0.1875 0
          3.28125 0.1875 0
          3.5 0.1875 0
          3.71875 0.1875 0
          3.9375 0.1875 0
          4.15625 0.1875 0
          4.375 0.1875 0
          4.59375 0.1875 0
          4.8125 0.1875 0
          5.03125 0.1875 0
          5.25 0.1875 0
          5.46875 0.1875 0
          5.6875 0.1875 0
          5.90625 0.1875 0
          6.125 0.1875 0
          6.34375 0.1875 0
          6.5625 0.1875 0
          6.78125 0.1875 0
          7 0.1875 0
          0 0.375 0
          0.21875 0.375 0
          0.4375 0.375 0
          0.65625 0.375 0
          0.875 0.375 0
          1.09375 0.375 0
          1.3125 0.375 0
          1.53125 0.375 0
          1.75 0.375 0
          1.96875 0.375 0
          2.1875 0.375 0
          2.40625 0.375 0
          2.625 0.375 0
          2.84375 0.375 0
          3.0625 0.375 0
          3.28125 0.375 0
          3.5 0.375 0
          3.71875 0.375 0
          3.9375 0.375 0
          4.15625 0.375 0
          4.375 0.375 0
          4.59375 0.375 0
          4.8125 0.375 0
          5.03125 0.375 0
          5.25 0.375 0
          5.46875 0.375 0
          5.6875 0.375 0
          5.90625 0.375 0
          6.125 0.375 0
          6.34375 0.375 0
          6.5625 0.375 0
          6.78125 0.375 0
          7 0.375 0
          0 0.5625 0
          0.21875 0.5625 0
          0.4375 0.5625 0
          0.65625 0.5625 0
          0.875 0.5625 0
          1.09375 0.5625 0
          1.3125 0.5625 0
          1.53125 0.5625 0
          1.75 0.5625 0
          1.96875 0.5625 0
          2.1875 0.5625 0
          2.40625 0.5625 0
          2.625 0.5625 0
          2.84375 0.5625 0
          3.0625 0.5625 0
          3.28125 0.5625 0
          3.5 0.5625 0
          3.71875 0.5625 0
          3.9375 0.5625 0
          4.15625 0.5625 0
          4.375 0.5625 0
          4.59375 0.5625 0
          4.8125 0.5625 0
          5.03125 0.5625 0
          5.25 0.5625 0
          5.46875 0.5625 0
          5.6875 0.5625 0
          5.90625 0.5625 0
          6.125 0.5625 0
          6.34375 0.5625 0
          6.5625 0.5625 0
          6.78125 0.5625 0
          7 0.5625 0
          0 0.75 0
          0.21875 0.75 0
          0.4375 0.75 0
          0.65625 0.75 0
          0.875 0.75 0
          1.09375 0.75 0
          1.3125 0.75 0
          1.53125 0.75 0
          1.75 0.75 0
          1.96875 0.75 0
          2.1875 0.75 0
          2.40625 0.75 0
          2.625 0.75 0
          2.84375 0.75 0
          3.0625 0.75 0
          3.28125 0.75 0
          3.5 0.75 0
          3.71875 0.75 0
          3.9375 0.75 0
          4.15625 0.75 0
          4.375 0.75 0
          4.59375 0.75 0
          4.8125 0.75 0
          5.03125 0.75 0
          5.25 0.75 0
          5.46875 0.75 0
          5.6875 0.75 0
          5.90625 0.75 0
          6.125 0.75 0
          6.34375 0.75 0
          6.5625 0.75 0
          6.78125 0.75 0
          7 0.75 0
          0 0.9375 0
          0.21875 0.9375 0
          0.4375 0.9375 0
          0.65625 0.9375 0
          0.875 0.9375 0
          1.09375 0.9375 0
          1.3125 0.9375 0
          1.53125 0.9375 0
          1.75 0.9375 0
          1.96875 0.9375 0
          2.1875 0.9375 0
          2.40625 0.9375 0
          2.625 0.9375 0
          2.84375 0.9375 0
          3.0625 0.9375 0
          3.28125 0.9375 0
          3.5 0.9375 0
          3.71875 0.9375 0
          3.9375 0.9375 0
          4.15625 0.9375 0
          4.375 0.9375 0
          4.59375 0.9375 0
          4.8125 0.9375 0
          5.03125 0.9375 0
          5.25 0.9375 0
          5.46875 0.9375 0
          5.6875 0.9375 0
          5.90625 0.9375 0
          6.125 0.9375 0
          6.34375 0.9375 0
          6.5625 0.9375 0
          6.78125 0.9375 0
          7 0.9375 0
          0 1.125 0
          0.21875 1.125 0
          0.4375 1.125 0
          0.65625 1.125 0
          0.875 1.125 0
          1.09375 1.125 0
          1.3125 1.125 0
          1.53125 1.125 0
          1.75 1.125 0
          1.96875 1.125 0
          2.1875 1.125 0
          2.40625 1.125 0
          2.625 1.125 0
          2.84375 1.125 0
          3.0625 1.125 0
          3.28125 1.125 0
          3.5 1.125 0
          3.71875 1.125 0
          3.9375 1.125 0
          4.15625 1.125 0
          4.375 1.125 0
          4.59375 1.125 0
          4.8125 1.125 0
          5.03125 1.125 0
          5.25 1.125 0
          5.46875 1.125 0
          5.6875 1.125 0
          5.90625 1.125 0
          6.125 1.125 0
          6.34375 1.125 0
          6.5625 1.125 0
          6.78125 1.125 0
          7 1.125 0
          0 1.3125 0
          0.21875 1.3125 0
          0.4375 1.3125 0
          0.65625 1.3125 0
          0.875 1.3125 0
          1.09375 1.3125 0
          1.3125 1.3125 0
          1.53125 1.3125 0
          1.75 1.3125 0
          1.96875 1.3125 0
          2.1875 1.3125 0
          2.40625 1.3125 0
          2.625 1.3125 0
          2.84375 1.3125 0
          3.0625 1.3125 0
          3.28125 1.3125 0
          3.5 1.3125 0
          3.71875 1.3125 0
          3.9375 1.3125 0
          4.15625 1.3125 0
          4.375 1.3125 0
          4.59375 1.3125 0
          4.8125 1.3125 0
          5.03125 1.3125 0
          5.25 1.3125 0
          5.46875 1.3125 0
          5.6875 1.3125 0
          5.90625 1.3125 0
          6.125 1.3125 0
          6.34375 1.3125 0
          6.5625 1.3125 0
          6.78125 1.3125 0
          7 1.3125 0
          0 1.5 0
          0.21875 1.5 0
          0.4375 1.5 0
          0.65625 1.5 0
          0.875 1.5 0
          1.09375 1.5 0
          1.3125 1.5 0
          1.53125 1.5 0
          1.75 1.5 0
          1.96875 1.5 0
          2.1875 1.5 0
          2.40625 1.5 0
          2.625 1.5 0
          2.84375 1.5 0
          3.0625 1.5 0
          3.28125 1.5 0
          3.5 1.5 0
          3.71875 1.5 0
          3.9375 1.5 0
          4.15625 1.5 0
          4.375 1.5 0
          4.59375 1.5 0
          4.8125 1.5 0
          5.03125 1.5 0
          5.25 1.5 0
          5.46875 1.5 0
          5.6875 1.5 0
          5.90625 1.5 0
          6.125 1.5 0
          6.34375 1.5 0
          6.5625 1.5 0
          6.78125 1.5 0
          7 1.5 0
          0 1.6875 0
          0.21875 1.6875 0
          0.4375 1.6875 0
          0.65625 1.6875 0
          0.875 1.6875 0
          1.09375 1.6875 0
          1.3125 1.6875 0
          1.53125 1.6875 0
          1.75 1.6875 0
          1.96875 1.6875 0
          2.1875 1.6875 0
          2.40625 1.6875 0
          2.625 1.6875 0
          2.84375 1.6875 0
          3.0625 1.6875 0
          3.28125 1.6875 0
          3.5 1.6875 0
          3.71875 1.6875 0
          3.9375 1.6875 0
          4.15625 1.6875 0
          4.375 1.6875 0
          4.59375 1.6875 0
          4.8125 1.6875 0
          5.03125 1.6875 0
          5.25 1.6875 0
          5.46875 1.6875 0
          5.6875 1.6875 0
          5.90625 1.6875 0
          6.125 1.6875 0
          6.34375 1.6875 0
          6.5625 1.6875 0
          6.78125 1.6875 0
          7 1.6875 0
          0 1.875 0
          0.21875 1.875 0
          0.4375 1.875 0
          0.65625 1.875 0
          0.875 1.875 0
          1.09375 1.875 0
          1.3125 1.875 0
          1.53125 1.875 0
          1.75 1.875 0
          1.96875 1.875 0
          2.1875 1.875 0
          2.40625 1.875 0
          2.625 1.875 0
          2.84375 1.875 0
          3.0625 1.875 0
          3.28125 1.875 0
          3.5 1.875 0
          3.71875 1.875 0
          3.9375 1.875 0
          4.15625 1.875 0
          4.375 1.875 0
          4.59375 1.875 0
          4.8125 1.875 0
          5.03125 1.875 0
          5.25 1.875 0
          5.46875 1.875 0
          5.6875 1.875 0
          5.90625 1.875 0
          6.125 1.875 0
          6.34375 1.875 0
          6.5625 1.875 0
          6.78125 1.875 0
          7 1.875 0
          0 2.0625 0
          0.21875 2.0625 0
          0.4375 2.0625 0
          0.65625 2.0625 0
          0.875 2.0625 0
          1.09375 2.0625 0
          1.3125 2.0625 0
          1.53125 2.0625 0
          1.75 2.0625 0
          1.96875 2.0625 0
          2.1875 2.0625 0
          2.40625 2.0625 0
          2.625 2.0625 0
          2.84375 2.0625 0
          3.0625 2.0625 0
          3.28125 2.0625 0
          3.5 2.0625 0
          3.71875 2.0625 0
          3.9375 2.0625 0
          4.15625 2.0625 0
          4.375 2.0625 0
          4.59375 2.0625 0
          4.8125 2.0625 0
          5.03125 2.0625 0
          5.25 2.0625 0
          5.46875 2.0625 0
          5.6875 2.0625 0
          5.90625 2.0625 0
          6.125 2.0625 0
          6.34375 2.0625 0
          6.5625 2.0625 0
          6.78125 2.0625 0
          7 2.0625 0
          0 2.25 0
          0.21875 2.25 0
          0.4375 2.25 0
          0.65625 2.25 0
          0.875 2.25 0
          1.09375 2.25 0
          1.3125 2.25 0
          1.53125 2.25 0
          1.75 2.25 0
          1.96875 2.25 0
          2.1875 2.25 0
          2.40625 2.25 0
          2.625 2.25 0
          2.84375 2.25 0
          3.0625 2.25 0
          3.28125 2.25 0
          3.5 2.25 0
          3.71875 2.25 0
          3.9375 2.25 0
          4.15625 2.25 0
          4.375 2.25 0
          4.59375 2.25 0
          4.8125 2.25 0
          5.03125 2.25 0
          5.25 2.25 0
          5.46875 2.25 0
          5.6875 2.25 0
          5.90625 2.25 0
          6.125 2.25 0
          6.34375 2.25 0
          6.5625 2.25 0
          6.78125 2.25 0
          7 2.25 0
          0 2.4375 0
          0.21875 2.4375 0
          0.4375 2.4375 0
          0.65625 2.4375 0
          0.875 2.4375 0
          1.09375 2.4375 0
          1.3125 2.4375 0
          1.53125 2.4375 0
          1.75 2.4375 0
          1.96875 2.4375 0
          2.1875 2.4375 0
          2.40625 2.4375 0
          2.625 2.4375 0
          2.84375 2.4375 0
          3.0625 2.4375 0
          3.28125 2.4375 0
          3.5 2.4375 0
          3.71875 2.4375 0
          3.9375 2.4375 0
          4.15625 2.4375 0
          4.375 2.4375 0
          4.59375 2.4375 0
          4.8125 2.4375 0
          5.03125 2.4375 0
          5.25 2.4375 0
          5.46875 2.4375 0
          5.6875 2.4375 0
          5.90625 2.4375 0
          6.125 2.4375 0
          6.34375 2.4375 0
          6.5625 2.4375 0
          6.78125 2.4375 0
          7 2.4375 0
          0 2.625 0
          0.21875 2.625 0
          0.4375 2.625 0
          0.65625 2.625 0
          0.875 2.625 0
          1.09375 2.625 0
          1.3125 2.625 0
          1.53125 2.625 0
          1.75 2.625 0
          1.96875 2.625 0
          2.1875 2.625 0
          2.40625 2.625 0
          2.625 2.625 0
          2.84375 2.625 0
          3.0625 2.625 0
          3.28125 2.625 0
          3.5 2.625 0
          3.71875 2.625 0
          3.9375 2.625 0
          4.15625 2.625 0
          4.375 2.625 0
          4.59375 2.625 0
          4.8125 2.625 0
          5.03125 2.625 0
          5.25 2.625 0
          5.46875 2.625 0
          5.6875 2.625 0
          5.90625 2.625 0
          6.125 2.625 0
          6.34375 2.625 0
          6.5625 2.625 0
          6.78125 2.625 0
          7 2.625 0
          0 2.8125 0
          0.21875 2.8125 0
          0.4375 2.8125 0
          0.65625 2.8125 0
          0.875 2.8125 0
          1.09375 2.8125 0
          1.3125 2.8125 0
          1.53125 2.8125 0
          1.75 2.8125 0
          1.96875 2.8125 0
          2.1875 2.8125 0
          2.40625 2.8125 0
          2.625 2.8125 0
          2.84375 2.8125 0
          3.0625 2.8125 0
          3.28125 2.8125 0
          3.5 2.8125 0
          3.71875 2.8125 0
          3.9375 2.8125 0
          4.15625 2.8125 0
          4.375 2.8125 0
          4.59375 2.8125 0
          4.8125 2.8125 0
          5.03125 2.8125 0
          5.25 2.8125 0
          5.46875 2.8125 0
          5.6875 2.8125 0
          5.90625 2.8125 0
          6.125 2.8125 0
          6.34375 2.8125 0
          6.5625 2.8125 0
          6.78125 2.8125 0
          7 2.8125 0
          0 3 0
          0.21875 3 0
          0.4375 3 0
          0.65625 3 0
          0.875 3 0
          1.09375 3 0
          1.3125 3 0
          1.53125 3 0
          1.75 3 0
          1.96875 3 0
          2.1875 3 0
          2.40625 3 0
          2.625 3 0
          2.84375 3 0
          3.0625 3 0
          3.28125 3 0
          3.5 3 0
          3.71875 3 0
          3.9375 3 0
          4.15625 3 0
          4.375 3 0
          4.59375 3 0
          4.8125 3 0
          5.03125 3 0
          5.25 3 0
          5.46875 3 0
          5.6875 3 0
          5.90625 3 0
          6.125 3 0
          6.34375 3 0
          6.5625 3 0
          6.78125 3 0
          7 3 0
          0 0 0.1875
          0.21875 0 0.1875
          0.4375 0 0.1875
          0.65625 0 0.1875
          0.875 0 0.1875
          1.09375 0 0.1875
          1.3125 0 0.1875
          1.53125 0 0.1875
          1.75 0 0.1875
          1.96875 0 0.1875
          2.1875 0 0.1875
          2.40625 0 0.1875
          2.625 0 0.1875
          2.84375 0 0.1875
          3.0625 0 0.1875
          3.28125 0 0.1875
          3.5 0 0.1875
          3.71875 0 0.1875
          3.9375 0 0.1875
          4.15625 0 0.1875
          4.375 0 0.1875
          4.59375 0 0.1875
          4.8125 0 0.1875
          5.03125 0 0.1875
          5.25 0 0.1875
          5.46875 0 0.1875
          5.6875 0 0.1875
          5.90625 0 0.1875
          6.125 0 0.1875
          6.34375 0 0.1875
          6.5625 0 0.1875
          6.78125 0 0.1875
          7 0 0.1875
          0 0.1875 0.1875
          0.21875 0.1875 0.1875
          0.4375 0.1875 0.1875
          0.65625 0.1875 0.1875
          0.875 0.1875 0.1875
          1.09375 0.1875 0.1875
          1.3125 0.1875 0.1875
          1.53125 0.1875 0.1875
          1.75 0.1875 0.1875
          1.96875 0.1875 0.1875
          2.1875 0.1875 0.1875
          2.40625 0.1875 0.1875
          2.625 0.1875 0.1875
          2.84375 0.1875 0.1875
          3.0625 0.1875 0.1875
          3.28125 0.1875 0.1875
          3.5 0.1875 0.1875
          3.71875 0.1875 0.1875
          3.9375 0.1875 0.1875
          4.15625 0.1875 0.1875
          4.375 0.1875 0.1875
          4.59375 0.1875 0.1875
          4.8125 0.1875 0.1875
          5.03125 0.1875 0.1875
          5.25 0.1875 0.1875
          5.46875 0.1875 0.1875
          5.6875 0.1875 0.1875
          5.90625 0.1875 0.1875
          6.125 0.1875 0.1875
          6.34375 0.1875 0.1875
          6.5625 0.1875 0.1875
          6.78125 0.1875 0.1875
          7 0.1875 0.1875
          0 0.375 0.1875
          0.21875 0.375 0.1875
          0.4375 0.375 0.1875
          0.65625 0.375 0.1875
          0.875 0.375 0.1875
          1.09375 0.375 0.1875
          1.3125 0.375 0.1875
          1.53125 0.375 0.1875
          1.75 0.375 0.1875
          1.96875 0.375 0.1875
          2.1875 0.375 0.1875
          2.40625 0.375 0.1875
          2.625 0.375 0.1875
          2.84375 0.375 0.1875
          3.0625 0.375 0.1875
          3.28125 0.375 0.1875
          3.5 0.375 0.1875
          3.71875 0.375 0.1875
          3.9375 0.375 0.1875
          4.15625 0.375 0.1875
          4.375 0.375 0.1875
          4.59375 0.375 0.1875
          4.8125 0.375 0.1875
          5.03125 0.375 0.1875
          5.25 0.375 0.1875
          5.46875 0.375 0.1875
          5.6875 0.375 0.1875
          5.90625 0.375 0.1875
          6.125 0.375 0.1875
          6.34375 0.375 0.1875
          6.5625 0.375 0.1875
          6.78125 0.375 0.1875
          7 0.375 0.1875
          0 0.5625 0.1875
          0.21875 0.5625 0.1875
          0.4375 0.5625 0.1875
          0.65625 0.5625 0.1875
          0.875 0.5625 0.1875
          1.09375 0.5625 0.1875
          1.3125 0.5625 0.1875
          1.53125 0.5625 0.1875
          1.75 0.5625 0.1875
          1.96875 0.5625 0.1875
          2.1875 0.5625 0.1875
          2.40625 0.5625 0.1875
          2.625 0.5625 0.1875
          2.84375 0.5625 0.1875
          3.0625 0.5625 0.1875
          3.28125 0.5625 0.1875
          3.5 0.5625 0.1875
          3.71875 0.5625 0.1875
          3.9375 0.5625 0.1875
          4.15625 0.5625 0.1875
          4.375 0.5625 0.1875
          4.59375 0.5625 0.1875
          4.8125 0.5625 0.1875
          5.03125 0.5625 0.1875
          5.25 0.5625 0.1875
          5.46875 0.5625 0.1875
          5.6875 0.5625 0.1875
          5.90625 0.5625 0.1875
          6.125 0.5625 0.1875
          6.34375 0.5625 0.1875
          6.5625 0.5625 0.1875
          6.78125 0.5625 0.1875
          7 0.5625 0.1875
          0 0.75 0.1875
          0.21875 0.75 0.1875
          0.4375 0.75 0.1875
          0.65625 0.75 0.1875
          0.875 0.75 0.1875
          1.09375 0.75 0.1875
          1.3125 0.75 0.1875
          1.53125 0.75 0.1875
          1.75 0.75 0.1875
          1.96875 0.75 0.1875
          2.1875 0.75 0.1875
          2.40625 0.75 0.1875
          2.625 0.75 0.1875
          2.84375 0.75 0.1875
          3.0625 0.75 0.1875
          3.28125 0.75 0.1875
          3.5 0.75 0.1875
          3.71875 0.75 0.1875
          3.9375 0.75 0.1875
          4.15625 0.75 0.1875
          4.375 0.75 0.1875
          4.59375 0.75 0.1875
          4.8125 0.75 0.1875
          5.03125 0.75 0.1875
          5.25 0.75 0.1875
          5.46875 0.75 0.1875
          5.6875 0.75 0.1875
          5.90625 0.75 0.1875
          6.125 0.75 0.1875
          6.34375 0.75 0.1875
          6.5625 0.75 0.1875
          6.78125 0.75 0.1875
          7 0.75 0.1875
          0 0.9375 0.1875
          0.21875 0.9375 0.1875
          0.4375 0.9375 0.1875
          0.65625 0.9375 0.1875
          0.875 0.9375 0.1875
          1.09375 0.9375 0.1875
          1.3125 0.9375 0.1875
          1.53125 0.9375 0.1875
          1.75 0.9375 0.1875
          1.96875 0.9375 0.1875
          2.1875 0.9375 0.1875
          2.40625 0.9375 0.1875
          2.625 0.9375 0.1875
          2.84375 0.9375 0.1875
          3.0625 0.9375 0.1875
          3.28125 0.9375 0.1875
          3.5 0.9375 0.1875
          3.71875 0.9375 0.1875
          3.9375 0.9375 0.1875
          4.15625 0.9375 0.1875
          4.375 0.9375 0.1875
          4.59375 0.9375 0.1875
          4.8125 0.9375 0.1875
          5.03125 0.9375 0.1875
          5.25 0.9375 0.1875
          5.46875 0.9375 0.1875
          5.6875 0.9375 0.1875
          5.90625 0.9375 0.1875
          6.125 0.9375 0.1875
          6.34375 0.9375 0.1875
          6.5625 0.9375 0.1875
          6.78125 0.9375 0.1875
          7 0.9375 0.1875
          0 1.125 0.1875
          0.21875 1.125 0.1875
          0.4375 1.125 0.1875
          0.65625 1.125 0.1875
          0.875 1.125 0.1875
          1.09375 1.125 0.1875
          1.3125 1.125 0.1875
          1.53125 1.125 0.1875
          1.75 1.125 0.1875
          1.96875 1.125 0.1875
          2.1875 1.125 0.1875
          2.40625 1.125 0.1875
          2.625 1.125 0.1875
          2.84375 1.125 0.1875
          3.0625 1.125 0.1875
          3.28125 1.125 0.1875
          3.5 1.125 0.1875
          3.71875 1.125 0.1875
          3.9375 1.125 0.1875
          4.15625 1.125 0.1875
          4.375 1.125 0.1875
          4.59375 1.125 0.1875
          4.8125 1.125 0.1875
          5.03125 1.125 0.1875
          5.25 1.125 0.1875
          5.46875 1.125 0.1875
          5.6875 1.125 0.1875
          5.90625 1.125 0.1875
          6.125 1.125 0.1875
          6.34375 1.125 0.1875
          6.5625 1.125 0.1875
          6.78125 1.125 0.1875
          7 1.125 0.1875
          0 1.3125 0.1875
          0.21875 1.3125 0.1875
          0.4375 1.3125 0.1875
          0.65625 1.3125 0.1875
          0.875 1.3125 0.1875
          1.09375 1.3125 0.1875
          1.3125 1.3125 0.1875
          1.53125 1.3125 0.1875
          1.75 1.3125 0.1875
          1.96875 1.3125 0.1875
          2.1875 1.3125 0.1875
          2.40625 1.3125 0.1875
          2.625 1.3125 0.1875
          2.84375 1.3125 0.1875
          3.0625 1.3125 0.1875
          3.28125 1.3125 0.1875
          3.5 1.3125 0.1875
          3.71875 1.3125 0.1875
          3.9375 1.3125 0.1875
          4.15625 1.3125 0.1875
          4.375 1.3125 0.1875
          4.59375 1.3125 0.1875
          4.8125 1.3125 0.1875
          5.03125 1.3125 0.1875
          5.25 1.3125 0.1875
          5.46875 1.3125 0.1875
          5.6875 1.3125 0.1875
          5.90625 1.3125 0.1875
          6.125 1.3125 0.1875
          6.34375 1.3125 0.1875
          6.5625 1.3125 0.1875
          6.78125 1.3125 0.1875
          7 1.3125 0.1875
          0 1.5 0.1875
          0.21875 1.5 0.1875
          0.4375 1.5 0.1875
          0.65625 1.5 0.1875
          0.875 1.5 0.1875
          1.09375 1.5 0.1875
          1.3125 1.5 0.1875
          1.53125 1.5 0.1875
          1.75 1.5 0.1875
          1.96875 1.5 0.1875
          2.1875 1.5 0.1875
          2.40625 1.5 0.1875
          2.625 1.5 0.1875
          2.84375 1.5 0.1875
          3.0625 1.5 0.1875
          3.28125 1.5 0.1875
          3.5 1.5 0.1875
          3.71875 1.5 0.1875
          3.9375 1.5 0.1875
          4.15625 1.5 0.1875
          4.375 1.5 0.1875
          4.59375 1.5 0.1875
          4.8125 1.5 0.1875
          5.03125 1.5 0.1875
          5.25 1.5 0.1875
          5.46875 1.5 0.1875
          5.6875 1.5 0.1875
          5.90625 1.5 0.1875
          6.125 1.5 0.1875
          6.34375 1.5 0.1875
          6.5625 1.5 0.1875
          6.78125 1.5 0.1875
          7 1.5 0.1875
          0 1.6875 0.1875
          0.21875 1.6875 0.1875
          0.4375 1.6875 0.1875
          0.65625 1.6875 0.1875
          0.875 1.6875 0.1875
          1.09375 1.6875 0.1875
          1.3125 1.6875 0.1875
          1.53125 1.6875 0.1875
          1.75 1.6875 0.1875
          1.96875 1.6875 0.1875
          2.1875 1.6875 0.1875
          2.40625 1.6875 0.1875
          2.625 1.6875 0.1875
          2.84375 1.6875 0.1875
          3.0625 1.6875 0.1875
          3.28125 1.6875 0.1875
          3.5 1.6875 0.1875
          3.71875 1.6875 0.1875
          3.9375 1.6875 0.1875
          4.15625 1.6875 0.1875
          4.375 1.6875 0.1875
          4.59375 1.6875 0.1875
          4.8125 1.6875 0.1875
          5.03125 1.6875 0.1875
          5.25 1.6875 0.1875
          5.46875 1.6875 0.1875
          5.6875 1.6875 0.1875
          5.90625 1.6875 0.1875
          6.125 1.6875 0.1875
          6.34375 1.6875 0.1875
          6.5625 1.6875 0.1875
          6.78125 1.6875 0.1875
          7 1.6875 0.1875
          0 1.875 0.1875
          0.21875 1.875 0.1875
          0.4375 1.875 0.1875
          0.65625 1.875 0.1875
          0.875 1.875 0.1875
          1.09375 1.875 0.1875
          1.3125 1.875 0.1875
          1.53125 1.875 0.1875
          1.75 1.875 0.1875
          1.96875 1.875 0.1875
          2.1875 1.875 0.1875
          2.40625 1.875 0.1875
          2.625 1.875 0.1875
          2.84375 1.875 0.1875
          3.0625 1.875 0.1875
          3.28125 1.875 0.1875
          3.5 1.875 0.1875
          3.71875 1.875 0.1875
          3.9375 1.875 0.1875
          4.15625 1.875 0.1875
          4.375 1.875 0.1875
          4.59375 1.875 0.1875
          4.8125 1.875 0.1875
          5.03125 1.875 0.1875
          5.25 1.875 0.1875
          5.46875 1.875 0.1875
          5.6875 1.875 0.1875
          5.90625 1.875 0.1875
          6.125 1.875 0.1875
          6.34375 1.875 0.1875
          6.5625 1.875 0.1875
          6.78125 1.875 0.1875
          7 1.875 0.1875
          0 2.0625 0.1875
          0.21875 2.0625 0.1875
          0.4375 2.0625 0.1875
          0.65625 2.0625 0.1875
          0.875 2.0625 0.1875
          1.09375 2.0625 0.1875
          1.3125 2.0625 0.1875
          1.53125 2.0625 0.1875
          1.75 2.0625 0.1875
          1.96875 2.0625 0.1875
          2.1875 2.0625 0.1875
          2.40625 2.0625 0.1875
          2.625 2.0625 0.1875
          2.84375 2.0625 0.1875
          3.0625 2.0625 0.1875
          3.28125 2.0625 0.1875
          3.5 2.0625 0.1875
          3.71875 2.0625 0.1875
          3.9375 2.0625 0.1875
          4.15625 2.0625 0.1875
          4.375 2.0625 0.1875
          4.59375 2.0625 0.1875
          4.8125 2.0625 0.1875
          5.03125 2.0625 0.1875
          5.25 2.0625 0.1875
          5.46875 2.0625 0.1875
          5.6875 2.0625 0.1875
          5.90625 2.0625 0.1875
          6.125 2.0625 0.1875
          6.34375 2.0625 0.1875
          6.5625 2.0625 0.1875
          6.78125 2.0625 0.1875
          7 2.0625 0.1875
          0 2.25 0.1875
          0.21875 2.25 0.1875
          0.4375 2.25 0.1875
          0.65625 2.25 0.1875
          0.875 2.25 0.1875
          1.09375 2.25 0.1875
          1.3125 2.25 0.1875
          1.53125 2.25 0.1875
          1.75 2.25 0.1875
          1.96875 2.25 0.1875
          2.1875 2.25 0.1875
          2.40625 2.25 0.1875
          2.625 2.25 0.1875
          2.84375 2.25 0.1875
          3.0625 2.25 0.1875
          3.28125 2.25 0.1875
          3.5 2.25 0.1875
          3.71875 2.25 0.1875
          3.9375 2.25 0.1875
          4.15625 2.25 0.1875
          4.375 2.25 0.1875
          4.59375 2.25 0.1875
          4.8125 2.25 0.1875
          5.03125 2.25 0.1875
          5.25 2.25 0.1875
          5.46875 2.25 0.1875
          5.6875 2.25 0.1875
          5.90625 2.25 0.1875
          6.125 2.25 0.1875
          6.34375 2.25 0.1875
          6.5625 2.25 0.1875
          6.78125 2.25 0.1875
          7 2.25 0.1875
          0 2.4375 0.1875
          0.21875 2.4375 0.1875
          0.4375 2.4375 0.1875
          0.65625 2.4375 0.1875
          0.875 2.4375 0.1875
          1.09375 2.4375 0.1875
          1.3125 2.4375 0.1875
          1.53125 2.4375 0.1875
          1.75 2.4375 0.1875
          1.96875 2.4375 0.1875
          2.1875 2.4375 0.1875
          2.40625 2.4375 0.1875
          2.625 2.4375 0.1875
          2.84375 2.4375 0.1875
          3.0625 2.4375 0.1875
          3.28125 2.4375 0.1875
          3.5 2.4375 0.1875
          3.71875 2.4375 0.1875
          3.9375 2.4375 0.1875
          4.15625 2.4375 0.1875
          4.375 2.4375 0.1875
          4.59375 2.4375 0.1875
          4.8125 2.4375 0.1875
          5.03125 2.4375 0.1875
          5.25 2.4375 0.1875
          5.46875 2.4375 0.1875
          5.6875 2.4375 0.1875
          5.90625 2.4375 0.1875
          6.125 2.4375 0.1875
          6.34375 2.4375 0.1875
          6.5625 2.4375 0.1875
          6.78125 2.4375 0.1875
          7 2.4375 0.1875
          0 2.625 0.1875
          0.21875 2.625 0.1875
          0.4375 2.625 0.1875
          0.65625 2.625 0.1875
          0.875 2.625 0.1875
          1.09375 2.625 0.1875
          1.3125 2.625 0.1875
          1.53125 2.625 0.1875
          1.75 2.625 0.1875
          1.96875 2.625 0.1875
          2.1875 2.625 0.1875
          2.40625 2.625 0.1875
          2.625 2.625 0.1875
          2.84375 2.625 0.1875
          3.0625 2.625 0.1875
          3.28125 2.625 0.1875
          3.5 2.625 0.1875
          3.71875 2.625 0.1875
          3.9375 2.625 0.1875
          4.15625 2.625 0.1875
          4.375 2.625 0.1875
          4.59375 2.625 0.1875
          4.8125 2.625 0.1875
          5.03125 2.625 0.1875
          5.25 2.625 0.1875
          5.46875 2.625 0.1875
          5.6875 2.625 0.1875
          5.90625 2.625 0.1875
          6.125 2.625 0.1875
          6.34375 2.625 0.1875
          6.5625 2.625 0.1875
          6.78125 2.625 0.1875
          7 2.625 0.1875
          0 2.8125 0.1875
          0.21875 2.8125 0.1875
          0.4375 2.8125 0.1875
          0.65625 2.8125 0.1875
          0.875 2.8125 0.1875
          1.09375 2.8125 0.1875
          1.3125 2.8125 0.1875
          1.53125 2.8125 0.1875
          1.75 2.8125 0.1875
          1.96875 2.8125 0.1875
          2.1875 2.8125 0.1875
          2.40625 2.8125 0.1875
          2.625 2.8125 0.1875
          2.84375 2.8125 0.1875
          3.0625 2.8125 0.1875
          3.28125 2.8125 0.1875
          3.5 2.8125 0.1875
          3.71875 2.8125 0.1875
          3.9375 2.8125 0.1875
          4.15625 2.8125 0.1875
          4.375 2.8125 0.1875
          4.59375 2.8125 0.1875
          4.8125 2.8125 0.1875
          5.03125 2.8125 0.1875
          5.25 2.8125 0.1875
          5.46875 2.8125 0.1875
          5.6875 2.8125 0.1875
          5.90625 2.8125 0.1875
          6.125 2.8125 0.1875
          6.34375 2.8125 0.1875
          6.5625 2.8125 0.1875
          6.78125 2.8125 0.1875
          7 2.8125 0.1875
          0 3 0.1875
          0.21875 3 0.1875
          0.4375 3 0.1875
          0.65625 3 0.1875
          0.875 3 0.1875
          1.09375 3 0.1875
          1.3125 3 0.1875
          1.53125 3 0.1875
          1.75 3 0.1875
          1.96875 3 0.1875
          2.1875 3 0.1875
          2.40625 3 0.1875
          2.625 3 0.1875
          2.84375 3 0.1875
          3.0625 3 0.1875
          3.28125 3 0.1875
          3.5 3 0.1875
          3.71875 3 0.1875
          3.9375 3 0.1875
          4.15625 3 0.1875
          4.375 3 0.1875
          4.59375 3 0.1875
          4.8125 3 0.1875
          5.03125 3 0.1875
          5.25 3 0.1875
          5.46875 3 0.1875
          5.6875 3 0.1875
          5.90625 3 0.1875
          6.125 3 0.1875
          6.34375 3 0.1875
          6.5625 3 0.1875
          6.78125 3 0.1875
          7 3 0.1875
          0 0 0.375
          0.21875 0 0.375
          0.4375 0 0.375
          0.65625 0 0.375
          0.875 0 0.375
          1.09375 0 0.375
          1.3125 0 0.375
          1.53125 0 0.375
          1.75 0 0.375
          1.96875 0 0.375
          2.1875 0 0.375
          2.40625 0 0.375
          2.625 0 0.375
          2.84375 0 0.375
          3.0625 0 0.375
          3.28125 0 0.375
          3.5 0 0.375
          3.71875 0 0.375
          3.9375 0 0.375
          4.15625 0 0.375
          4.375 0 0.375
          4.59375 0 0.375
          4.8125 0 0.375
          5.03125 0 0.375
          5.25 0 0.375
          5.46875 0 0.375
          5.6875 0 0.375
          5.90625 0 0.375
          6.125 0 0.375
          6.34375 0 0.375
          6.5625 0 0.375
          6.78125 0 0.375
          7 0 0.375
          0 0.1875 0.375
          0.21875 0.1875 0.375
          0.4375 0.1875 0.375
          0.65625 0.1875 0.375
          0.875 0.1875 0.375
          1.09375 0.1875 0.375
          1.3125 0.1875 0.375
          1.53125 0.1875 0.375
          1.75 0.1875 0.375
          1.96875 0.1875 0.375
          2.1875 0.1875 0.375
          2.40625 0.1875 0.375
          2.625 0.1875 0.375
          2.84375 0.1875 0.375
          3.0625 0.1875 0.375
          3.28125 0.1875 0.375
          3.5 0.1875 0.375
          3.71875 0.1875 0.375
          3.9375 0.1875 0.375
          4.15625 0.1875 0.375
          4.375 0.1875 0.375
          4.59375 0.1875 0.375
          4.8125 0.1875 0.375
          5.03125 0.1875 0.375
          5.25 0.1875 0.375
          5.46875 0.1875 0.375
          5.6875 0.1875 0.375
          5.90625 0.1875 0.375
          6.125 0.1875 0.375
          6.34375 0.1875 0.375
          6.5625 0.1875 0.375
          6.78125 0.1875 0.375
          7 0.1875 0.375
          0 0.375 0.375
          0.21875 0.375 0.375
          0.4375 0.375 0.375
          0.65625 0.375 0.375
          0.875 0.375 0.375
          1.09375 0.375 0.375
          1.3125 0.375 0.375
          1.53125 0.375 0.375
          1.75 0.375 0.375
          1.96875 0.375 0.375
          2.1875 0.375 0.375
          2.40625 0.375 0.375
          2.625 0.375 0.375
          2.84375 0.375 0.375
          3.0625 0.375 0.375
          3.28125 0.375 0.375
          3.5 0.375 0.375
          3.71875 0.375 0.375
          3.9375 0.375 0.375
          4.15625 0.375 0.375
          4.375 0.375 0.375
          4.59375 0.375 0.375
          4.8125 0.375 0.375
          5.03125 0.375 0.375
          5.25 0.375 0.375
          5.46875 0.375 0.375
          5.6875 0.375 0.375
          5.90625 0.375 0.375
          6.125 0.375 0.375
          6.34375 0.375 0.375
          6.5625 0.375 0.375
          6.78125 0.375 0.375
          7 0.375 0.375
          0 0.5625 0.375
          0.21875 0.5625 0.375
          0.4375 0.5625 0.375
          0.65625 0.5625 0.375
          0.875 0.5625 0.375
          1.09375 0.5625 0.375
          1.3125 0.5625 0.375
          1.53125 0.5625 0.375
          1.75 0.5625 0.375
          1.96875 0.5625 0.375
          2.1875 0.5625 0.375
          2.40625 0.5625 0.375
          2.625 0.5625 0.375
          2.84375 0.5625 0.375
          3.0625 0.5625 0.375
          3.28125 0.5625 0.375
          3.5 0.5625 0.375
          3.71875 0.5625 0.375
          3.9375 0.5625 0.375
          4.15625 0.5625 0.375
          4.375 0.5625 0.375
          4.59375 0.5625 0.375
          4.8125 0.5625 0.375
          5.03125 0.5625 0.375
          5.25 0.5625 0.375
          5.46875 0.5625 0.375
          5.6875 0.5625 0.375
          5.90625 0.5625 0.375
          6.125 0.5625 0.375
          6.34375 0.5625 0.375
          6.5625 0.5625 0.375
          6.78125 0.5625 0.375
          7 0.5625 0.375
          0 0.75 0.375
          0.21875 0.75 0.375
          0.4375 0.75 0.375
          0.65625 0.75 0.375
          0.875 0.75 0.375
          1.09375 0.75 0.375
          1.3125 0.75 0.375
          1.53125 0.75 0.375
          1.75 0.75 0.375
          1.96875 0.75 0.375
          2.1875 0.75 0.375
          2.40625 0.75 0.375
          2.625 0.75 0.375
          2.84375 0.75 0.375
          3.0625 0.75 0.375
          3.28125 0.75 0.375
          3.5 0.75 0.375
          3.71875 0.75 0.375
          3.9375 0.75 0.375
          4.15625 0.75 0.375
          4.375 0.75 0.375
          4.59375 0.75 0.375
          4.8125 0.75 0.375
          5.03125 0.75 0.375
          5.25 0.75 0.375
          5.46875 0.75 0.375
          5.6875 0.75 0.375
          5.90625 0.75 0.375
          6.125 0.75 0.375
          6.34375 0.75 0.375
          6.5625 0.75 0.375
          6.78125 0.75 0.375
          7 0.75 0.375
          0 0.9375 0.375
          0.21875 0.9375 0.375
          0.4375 0.9375 0.375
          0.65625 0.9375 0.375
          0.875 0.9375 0.375
          1.09375 0.9375 0.375
          1.3125 0.9375 0.375
          1.53125 0.9375 0.375
          1.75 0.9375 0.375
          1.96875 0.9375 0.375
          2.1875 0.9375 0.375
          2.40625 0.9375 0.375
          2.625 0.9375 0.375
          2.84375 0.9375 0.375
          3.0625 0.9375 0.375
          3.28125 0.9375 0.375
          3.5 0.9375 0.375
          3.71875 0.9375 0.375
          3.9375 0.9375 0.375
          4.15625 0.9375 0.375
          4.375 0.9375 0.375
          4.59375 0.9375 0.375
          4.8125 0.9375 0.375
          5.03125 0.9375 0.375
          5.25 0.9375 0.375
          5.46875 0.9375 0.375
          5.6875 0.9375 0.375
          5.90625 0.9375 0.375
          6.125 0.9375 0.375
          6.34375 0.9375 0.375
          6.5625 0.9375 0.375
          6.78125 0.9375 0.375
          7 0.9375 0.375
          0 1.125 0.375
          0.21875 1.125 0.375
          0.4375 1.125 0.375
          0.65625 1.125 0.375
          0.875 1.125 0.375
          1.09375 1.125 0.375
          1.3125 1.125 0.375
          1.53125 1.125 0.375
          1.75 1.125 0.375
          1.96875 1.125 0.375
          2.1875 1.125 0.375
          2.40625 1.125 0.375
          2.625 1.125 0.375
          2.84375 1.125 0.375
          3.0625 1.125 0.375
          3.28125 1.125 0.375
          3.5 1.125 0.375
          3.71875 1.125 0.375
          3.9375 1.125 0.375
          4.15625 1.125 0.375
          4.375 1.125 0.375
          4.59375 1.125 0.375
          4.8125 1.125 0.375
          5.03125 1.125 0.375
          5.25 1.125 0.375
          5.46875 1.125 0.375
          5.6875 1.125 0.375
          5.90625 1.125 0.375
          6.125 1.125 0.375
          6.34375 1.125 0.375
          6.5625 1.125 0.375
          6.78125 1.125 0.375
          7 1.125 0.375
          0 1.3125 0.375
          0.21875 1.3125 0.375
          0.4375 1.3125 0.375
          0.65625 1.3125 0.375
          0.875 1.3125 0.375
          1.09375 1.3125 0.375
          1.3125 1.3125 0.375
          1.53125 1.3125 0.375
          1.75 1.3125 0.375
          1.96875 1.3125 0.375
          2.1875 1.3125 0.375
          2.40625 1.3125 0.375
          2.625 1.3125 0.375
          2.84375 1.3125 0.375
          3.0625 1.3125 0.375
          3.28125 1.3125 0.375
          3.5 1.3125 0.375
          3.71875 1.3125 0.375
          3.9375 1.3125 0.375
          4.15625 1.3125 0.375
          4.375 1.3125 0.375
          4.59375 1.3125 0.375
          4.8125 1.3125 0.375
          5.03125 1.3125 0.375
          5.25 1.3125 0.375
          5.46875 1.3125 0.375
          5.6875 1.3125 0.375
          5.90625 1.3125 0.375
          6.125 1.3125 0.375
          6.34375 1.3125 0.375
          6.5625 1.3125 0.375
          6.78125 1.3125 0.375
          7 1.3125 0.375
          0 1.5 0.375
          0.21875 1.5 0.375
          0.4375 1.5 0.375
          0.65625 1.5 0.375
          0.875 1.5 0.375
          1.09375 1.5 0.375
          1.3125 1.5 0.375
          1.53125 1.5 0.375
          1.75 1.5 0.375
          1.96875 1.5 0.375
          2.1875 1.5 0.375
          2.40625 1.5 0.375
          2.625 1.5 0.375
          2.84375 1.5 0.375
          3.0625 1.5 0.375
          3.28125 1.5 0.375
          3.5 1.5 0.375
          3.71875 1.5 0.375
          3.9375 1.5 0.375
          4.15625 1.5 0.375
          4.375 1.5 0.375
          4.59375 1.5 0.375
          4.8125 1.5 0.375
          5.03125 1.5 0.375
          5.25 1.5 0.375
          5.46875 1.5 0.375
          5.6875 1.5 0.375
          5.90625 1.5 0.375
          6.125 1.5 0.375
          6.34375 1.5 0.375
          6.5625 1.5 0.375
          6.78125 1.5 0.375
          7 1.5 0.375
          0 1.6875 0.375
          0.21875 1.6875 0.375
          0.4375 1.6875 0.375
          0.65625 1.6875 0.375
          0.875 1.6875 0.375
          1.09375 1.6875 0.375
          1.3125 1.6875 0.375
          1.53125 1.6875 0.375
          1.75 1.6875 0.375
          1.96875 1.6875 0.375
          2.1875 1.6875 0.375
          2.40625 1.6875 0.375
          2.625 1.6875 0.375
          2.84375 1.6875 0.375
          3.0625 1.6875 0.375
          3.28125 1.6875 0.375
          3.5 1.6875 0.375
          3.71875 1.6875 0.375
          3.9375 1.6875 0.375
          4.15625 1.6875 0.375
          4.375 1.6875 0.375
          4.59375 1.6875 0.375
          4.8125 1.6875 0.375
          5.03125 1.6875 0.375
          5.25 1.6875 0.375
          5.46875 1.6875 0.375
          5.6875 1.6875 0.375
          5.90625 1.6875 0.375
          6.125 1.6875 0.375
          6.34375 1.6875 0.375
          6.5625 1.6875 0.375
          6.78125 1.6875 0.375
          7 1.6875 0.375
          0 1.875 0.375
          0.21875 1.875 0.375
          0.4375 1.875 0.375
          0.65625 1.875 0.375
          0.875 1.875 0.375
          1.09375 1.875 0.375
          1.3125 1.875 0.375
          1.53125 1.875 0.375
          1.75 1.875 0.375
          1.96875 1.875 0.375
          2.1875 1.875 0.375
          2.40625 1.875 0.375
          2.625 1.875 0.375
          2.84375 1.875 0.375
          3.0625 1.875 0.375
          3.28125 1.875 0.375
          3.5 1.875 0.375
          3.71875 1.875 0.375
          3.9375 1.875 0.375
          4.15625 1.875 0.375
          4.375 1.875 0.375
          4.59375 1.875 0.375
          4.8125 1.875 0.375
          5.03125 1.875 0.375
          5.25 1.875 0.375
          5.46875 1.875 0.375
          5.6875 1.875 0.375
          5.90625 1.875 0.375
          6.125 1.875 0.375
          6.34375 1.875 0.375
          6.5625 1.875 0.375
          6.78125 1.875 0.375
          7 1.875 0.375
          0 2.0625 0.375
          0.21875 2.0625 0.375
          0.4375 2.0625 0.375
          0.65625 2.0625 0.375
          0.875 2.0625 0.375
          1.09375 2.0625 0.375
          1.3125 2.0625 0.375
          1.53125 2.0625 0.375
          1.75 2.0625 0.375
          1.96875 2.0625 0.375
          2.1875 2.0625 0.375
          2.40625 2.0625 0.375
          2.625 2.0625 0.375
          2.84375 2.0625 0.375
          3.0625 2.0625 0.375
          3.28125 2.0625 0.375
          3.5 2.0625 0.375
          3.71875 2.0625 0.375
          3.9375 2.0625 0.375
          4.15625 2.0625 0.375
          4.375 2.0625 0.375
          4.59375 2.0625 0.375
          4.8125 2.0625 0.375
          5.03125 2.0625 0.375
          5.25 2.0625 0.375
          5.46875 2.0625 0.375
          5.6875 2.0625 0.375
          5.90625 2.0625 0.375
          6.125 2.0625 0.375
          6.34375 2.0625 0.375
          6.5625 2.0625 0.375
          6.78125 2.0625 0.375
          7 2.0625 0.375
          0 2.25 0.375
          0.21875 2.25 0.375
          0.4375 2.25 0.375
          0.65625 2.25 0.375
          0.875 2.25 0.375
          1.09375 2.25 0.375
          1.3125 2.25 0.375
          1.53125 2.25 0.375
          1.75 2.25 0.375
          1.96875 2.25 0.375
          2.1875 2.25 0.375
          2.40625 2.25 0.375
          2.625 2.25 0.375
          2.84375 2.25 0.375
          3.0625 2.25 0.375
          3.28125 2.25 0.375
          3.5 2.25 0.375
          3.71875 2.25 0.375
          3.9375 2.25 0.375
          4.15625 2.25 0.375
          4.375 2.25 0.375
          4.59375 2.25 0.375
          4.8125 2.25 0.375
          5.03125 2.25 0.375
          5.25 2.25 0.375
          5.46875 2.25 0.375
          5.6875 2.25 0.375
          5.90625 2.25 0.375
          6.125 2.25 0.375
          6.34375 2.25 0.375
          6.5625 2.25 0.375
          6.78125 2.25 0.375
          7 2.25 0.375
          0 2.4375 0.375
          0.21875 2.4375 0.375
          0.4375 2.4375 0.375
          0.65625 2.4375 0.375
          0.875 2.4375 0.375
          1.09375 2.4375 0.375
          1.3125 2.4375 0.375
          1.53125 2.4375 0.375
          1.75 2.4375 0.375
          1.96875 2.4375 0.375
          2.1875 2.4375 0.375
          2.40625 2.4375 0.375
          2.625 2.4375 0.375
          2.84375 2.4375 0.375
          3.0625 2.4375 0.375
          3.28125 2.4375 0.375
          3.5 2.4375 0.375
          3.71875 2.4375 0.375
          3.9375 2.4375 0.375
          4.15625 2.4375 0.375
          4.375 2.4375 0.375
          4.59375 2.4375 0.375
          4.8125 2.4375 0.375
          5.03125 2.4375 0.375
          5.25 2.4375 0.375
          5.46875 2.4375 0.375
          5.6875 2.4375 0.375
          5.90625 2.4375 0.375
          6.125 2.4375 0.375
          6.34375 2.4375 0.375
          6.5625 2.4375 0.375
          6.78125 2.4375 0.375
          7 2.4375 0.375
          0 2.625 0.375
          0.21875 2.625 0.375
          0.4375 2.625 0.375
          0.65625 2.625 0.375
          0.875 2.625 0.375
          1.09375 2.625 0.375
          1.3125 2.625 0.375
          1.53125 2.625 0.375
          1.75 2.625 0.375
          1.96875 2.625 0.375
          2.1875 2.625 0.375
          2.40625 2.625 0.375
          2.625 2.625 0.375
          2.84375 2.625 0.375
          3.0625 2.625 0.375
          3.28125 2.625 0.375
          3.5 2.625 0.375
          3.71875 2.625 0.375
          3.9375 2.625 0.375
          4.15625 2.625 0.375
          4.375 2.625 0.375
          4.59375 2.625 0.375
          4.8125 2.625 0.375
          5.03125 2.625 0.375
          5.25 2.625 0.375
          5.46875 2.625 0.375
          5.6875 2.625 0.375
          5.90625 2.625 0.375
          6.125 2.625 0.375
          6.34375 2.625 0.375
          6.5625 2.625 0.375
          6.78125 2.625 0.375
          7 2.625 0.375
          0 2.8125 0.375
          0.21875 2.8125 0.375
          0.4375 2.8125 0.375
          0.65625 2.8125 0.375
          0.875 2.8125 0.375
          1.09375 2.8125 0.375
          1.3125 2.8125 0.375
          1.53125 2.8125 0.375
          1.75 2.8125 0.375
          1.96875 2.8125 0.375
          2.1875 2.8125 0.375
          2.40625 2.8125 0.375
          2.625 2.8125 0.375
          2.84375 2.8125 0.375
          3.0625 2.8125 0.375
          3.28125 2.8125 0.375
          3.5 2.8125 0.375
          3.71875 2.8125 0.375
          3.9375 2.8125 0.375
          4.15625 2.8125 0.375
          4.375 2.8125 0.375
          4.59375 2.8125 0.375
          4.8125 2.8125 0.375
          5.03125 2.8125 0.375
          5.25 2.8125 0.375
          5.46875 2.8125 0.375
          5.6875 2.8125 0.375
          5.90625 2.8125 0.375
          6.125 2.8125 0.375
          6.34375 2.8125 0.375
          6.5625 2.8125 0.375
          6.78125 2.8125 0.375
          7 2.8125 0.375
          0 3 0.375
          0.21875 3 0.375
          0.4375 3 0.375
          0.65625 3 0.375
          0.875 3 0.375
          1.09375 3 0.375
          1.3125 3 0.375
          1.53125 3 0.375
          1.75 3 0.375
          1.96875 3 0.375
          2.1875 3 0.375
          2.40625 3 0.375
          2.625 3 0.375
          2.84375 3 0.375
          3.0625 3 0.375
          3.28125 3 0.375
          3.5 3 0.375
          3.71875 3 0.375
          3.9375 3 0.375
          4.15625 3 0.375
          4.375 3 0.375
          4.59375 3 0.375
          4.8125 3 0.375
          5.03125 3 0.375
          5.25 3 0.375
          5.46875 3 0.375
          5.6875 3 0.375
          5.90625 3 0.375
          6.125 3 0.375
          6.34375 3 0.375
          6.5625 3 0.375
          6.78125 3 0.375
          7 3 0.375
          0 0 0.5625
          0.21875 0 0.5625
          0.4375 0 0.5625
          0.65625 0 0.5625
          0.875 0 0.5625
          1.09375 0 0.5625
          1.3125 0 0.5625
          1.53125 0 0.5625
          1.75 0 0.5625
          1.96875 0 0.5625
          2.1875 0 0.5625
          2.40625 0 0.5625
          2.625 0 0.5625
          2.84375 0 0.5625
          3.0625 0 0.5625
          3.28125 0 0.5625
          3.5 0 0.5625
          3.71875 0 0.5625
          3.9375 0 0.5625
          4.15625 0 0.5625
          4.375 0 0.5625
          4.59375 0 0.5625
          4.8125 0 0.5625
          5.03125 0 0.5625
          5.25 0 0.5625
          5.46875 0 0.5625
          5.6875 0 0.5625
          5.90625 0 0.5625
          6.125 0 0.5625
          6.34375 0 0.5625
          6.5625 0 0.5625
          6.78125 0 0.5625
          7 0 0.5625
          0 0.1875 0.5625
          0.21875 0.1875 0.5625
          0.4375 0.1875 0.5625
          0.65625 0.1875 0.5625
          0.875 0.1875 0.5625
          1.09375 0.1875 0.5625
          1.3125 0.1875 0.5625
          1.53125 0.1875 0.5625
          1.75 0.1875 0.5625
          1.96875 0.1875 0.5625
          2.1875 0.1875 0.5625
          2.40625 0.1875 0.5625
          2.625 0.1875 0.5625
          2.84375 0.1875 0.5625
          3.0625 0.1875 0.5625
          3.28125 0.1875 0.5625
          3.5 0.1875 0.5625
          3.71875 0.1875 0.5625
          3.9375 0.1875 0.5625
          4.15625 0.1875 0.5625
          4.375 0.1875 0.5625
          4.59375 0.1875 0.5625
          4.8125 0.1875 0.5625
          5.03125 0.1875 0.5625
          5.25 0.1875 0.5625
          5.46875 0.1875 0.5625
          5.6875 0.1875 0.5625
          5.90625 0.1875 0.5625
          6.125 0.1875 0.5625
          6.34375 0.1875 0.5625
          6.5625 0.1875 0.5625
          6.78125 0.1875 0.5625
          7 0.1875 0.5625
          0 0.375 0.5625
          0.21875 0.375 0.5625
          0.4375 0.375 0.5625
          0.65625 0.375 0.5625
          0.875 0.375 0.5625
          1.09375 0.375 0.5625
          1.3125 0.375 0.5625
          1.53125 0.375 0.5625
          1.75 0.375 0.5625
          1.96875 0.375 0.5625
          2.1875 0.375 0.5625
          2.40625 0.375 0.5625
          2.625 0.375 0.5625
          2.84375 0.375 0.5625
          3.0625 0.375 0.5625
          3.28125 0.375 0.5625
          3.5 0.375 0.5625
          3.71875 0.375 0.5625
          3.9375 0.375 0.5625
          4.15625 0.375 0.5625
          4.375 0.375 0.5625
          4.59375 0.375 0.5625
          4.8125 0.375 0.5625
          5.03125 0.375 0.5625
          5.25 0.375 0.5625
          5.46875 0.375 0.5625
          5.6875 0.375 0.5625
          5.90625 0.375 0.5625
          6.125 0.375 0.5625
          6.34375 0.375 0.5625
          6.5625 0.375 0.5625
          6.78125 0.375 0.5625
          7 0.375 0.5625
          0 0.5625 0.5625
          0.21875 0.5625 0.5625
          0.4375 0.5625 0.5625
          0.65625 0.5625 0.5625
          0.875 0.5625 0.5625
          1.09375 0.5625 0.5625
          1.3125 0.5625 0.5625
          1.53125 0.5625 0.5625
          1.75 0.5625 0.5625
          1.96875 0.5625 0.5625
          2.1875 0.5625 0.5625
          2.40625 0.5625 0.5625
          2.625 0.5625 0.5625
          2.84375 0.5625 0.5625
          3.0625 0.5625 0.5625
          3.28125 0.5625 0.5625
          3.5 0.5625 0.5625
          3.71875 0.5625 0.5625
          3.9375 0.5625 0.5625
          4.15625 0.5625 0.5625
          4.375 0.5625 0.5625
          4.59375 0.5625 0.5625
          4.8125 0.5625 0.5625
          5.03125 0.5625 0.5625
          5.25 0.5625 0.5625
          5.46875 0.5625 0.5625
          5.6875 0.5625 0.5625
          5.90625 0.5625 0.5625
          6.125 0.5625 0.5625
          6.34375 0.5625 0.5625
          6.5625 0.5625 0.5625
          6.78125 0.5625 0.5625
          7 0.5625 0.5625
          0 0.75 0.5625
          0.21875 0.75 0.5625
          0.4375 0.75 0.5625
          0.65625 0.75 0.5625
          0.875 0.75 0.5625
          1.09375 0.75 0.5625
          1.3125 0.75 0.5625
          1.53125 0.75 0.5625
          1.75 0.75 0.5625
          1.96875 0.75 0.5625
          2.1875 0.75 0.5625
          2.40625 0.75 0.5625
          2.625 0.75 0.5625
          2.84375 0.75 0.5625
          3.0625 0.75 0.5625
          3.28125 0.75 0.5625
          3.5 0.75 0.5625
          3.71875 0.75 0.5625
          3.9375 0.75 0.5625
          4.15625 0.75 0.5625
          4.375 0.75 0.5625
          4.59375 0.75 0.5625
          4.8125 0.75 0.5625
          5.03125 0.75 0.5625
          5.25 0.75 0.5625
          5.46875 0.75 0.5625
          5.6875 0.75 0.5625
          5.90625 0.75 0.5625
          6.125 0.75 0.5625
          6.34375 0.75 0.5625
          6.5625 0.75 0.5625
          6.78125 0.75 0.5625
          7 0.75 0.5625
          0 0.9375 0.5625
          0.21875 0.9375 0.5625
          0.4375 0.9375 0.5625
          0.65625 0.9375 0.5625
          0.875 0.9375 0.5625
          1.09375 0.9375 0.5625
          1.3125 0.9375 0.5625
          1.53125 0.9375 0.5625
          1.75 0.9375 0.5625
          1.96875 0.9375 0.5625
          2.1875 0.9375 0.5625
          2.40625 0.9375 0.5625
          2.625 0.9375 0.5625
          2.84375 0.9375 0.5625
          3.0625 0.9375 0.5625
          3.28125 0.9375 0.5625
          3.5 0.9375 0.5625
          3.71875 0.9375 0.5625
          3.9375 0.9375 0.5625
          4.15625 0.9375 0.5625
          4.375 0.9375 0.5625
          4.59375 0.9375 0.5625
          4.8125 0.9375 0.5625
          5.03125 0.9375 0.5625
          5.25 0.9375 0.5625
          5.46875 0.9375 0.5625
          5.6875 0.9375 0.5625
          5.90625 0.9375 0.5625
          6.125 0.9375 0.5625
          6.34375 0.9375 0.5625
          6.5625 0.9375 0.5625
          6.78125 0.9375 0.5625
          7 0.9375 0.5625
          0 1.125 0.5625
          0.21875 1.125 0.5625
          0.4375 1.125 0.5625
          0.65625 1.125 0.5625
          0.875 1.125 0.5625
          1.09375 1.125 0.5625
          1.3125 1.125 0.5625
          1.53125 1.125 0.5625
          1.75 1.125 0.5625
          1.96875 1.125 0.5625
          2.1875 1.125 0.5625
          2.40625 1.125 0.5625
          2.625 1.125 0.5625
          2.84375 1.125 0.5625
          3.0625 1.125 0.5625
          3.28125 1.125 0.5625
          3.5 1.125 0.5625
          3.71875 1.125 0.5625
          3.9375 1.125 0.5625
          4.15625 1.125 0.5625
          4.375 1.125 0.5625
          4.59375 1.125 0.5625
          4.8125 1.125 0.5625
          5.03125 1.125 0.5625
          5.25 1.125 0.5625
          5.46875 1.125 0.5625
          5.6875 1.125 0.5625
          5.90625 1.125 0.5625
          6.125 1.125 0.5625
          6.34375 1.125 0.5625
          6.5625 1.125 0.5625
          6.78125 1.125 0.5625
          7 1.125 0.5625
          0 1.3125 0.5625
          0.21875 1.3125 0.5625
          0.4375 1.3125 0.5625
          0.65625 1.3125 0.5625
          0.875 1.3125 0.5625
          1.09375 1.3125 0.5625
          1.3125 1.3125 0.5625
          1.53125 1.3125 0.5625
          1.75 1.3125 0.5625
          1.96875 1.3125 0.5625
          2.1875 1.3125 0.5625
          2.40625 1.3125 0.5625
          2.625 1.3125 0.5625
          2.84375 1.3125 0.5625
          3.0625 1.3125 0.5625
          3.28125 1.3125 0.5625
          3.5 1.3125 0.5625
          3.71875 1.3125 0.5625
          3.9375 1.3125 0.5625
          4.15625 1.3125 0.5625
          4.375 1.3125 0.5625
          4.59375 1.3125 0.5625
          4.8125 1.3125 0.5625
          5.03125 1.3125 0.5625
          5.25 1.3125 0.5625
          5.46875 1.3125 0.5625
          5.6875 1.3125 0.5625
          5.90625 1.3125 0.5625
          6.125 1.3125 0.5625
          6.34375 1.3125 0.5625
          6.5625 1.3125 0.5625
          6.78125 1.3125 0.5625
          7 1.3125 0.5625
          0 1.5 0.5625
          0.21875 1.5 0.5625
          0.4375 1.5 0.5625
          0.65625 1.5 0.5625
          0.875 1.5 0.5625
          1.09375 1.5 0.5625
          1.3125 1.5 0.5625
          1.53125 1.5 0.5625
          1.75 1.5 0.5625
          1.96875 1.5 0.5625
          2.1875 1.5 0.5625
          2.40625 1.5 0.5625
          2.625 1.5 0.5625
          2.84375 1.5 0.5625
          3.0625 1.5 0.5625
          3.28125 1.5 0.5625
          3.5 1.5 0.5625
          3.71875 1.5 0.5625
          3.9375 1.5 0.5625
          4.15625 1.5 0.5625
          4.375 1.5 0.5625
          4.59375 1.5 0.5625
          4.8125 1.5 0.5625
          5.03125 1.5 0.5625
          5.25 1.5 0.5625
          5.46875 1.5 0.5625
          5.6875 1.5 0.5625
          5.90625 1.5 0.5625
          6.125 1.5 0.5625
          6.34375 1.5 0.5625
          6.5625 1.5 0.5625
          6.78125 1.5 0.5625
          7 1.5 0.5625
          0 1.6875 0.5625
          0.21875 1.6875 0.5625
          0.4375 1.6875 0.5625
          0.65625 1.6875 0.5625
          0.875 1.6875 0.5625
          1.09375 1.6875 0.5625
          1.3125 1.6875 0.5625
          1.53125 1.6875 0.5625
          1.75 1.6875 0.5625
          1.96875 1.6875 0.5625
          2.1875 1.6875 0.5625
          2.40625 1.6875 0.5625
          2.625 1.6875 0.5625
          2.84375 1.6875 0.5625
          3.0625 1.6875 0.5625
          3.28125 1.6875 0.5625
          3.5 1.6875 0.5625
          3.71875 1.6875 0.5625
          3.9375 1.6875 0.5625
          4.15625 1.6875 0.5625
          4.375 1.6875 0.5625
          4.59375 1.6875 0.5625
          4.8125 1.6875 0.5625
          5.03125 1.6875 0.5625
          5.25 1.6875 0.5625
          5.46875 1.6875 0.5625
          5.6875 1.6875 0.5625
          5.90625 1.6875 0.5625
          6.125 1.6875 0.5625
          6.34375 1.6875 0.5625
          6.5625 1.6875 0.5625
          6.78125 1.6875 0.5625
          7 1.6875 0.5625
          0 1.875 0.5625
          0.21875 1.875 0.5625
          0.4375 1.875 0.5625
          0.65625 1.875 0.5625
          0.875 1.875 0.5625
          1.09375 1.875 0.5625
          1.3125 1.875 0.5625
          1.53125 1.875 0.5625
          1.75 1.875 0.5625
          1.96875 1.875 0.5625
          2.1875 1.875 0.5625
          2.40625 1.875 0.5625
          2.625 1.875 0.5625
          2.84375 1.875 0.5625
          3.0625 1.875 0.5625
          3.28125 1.875 0.5625
          3.5 1.875 0.5625
          3.71875 1.875 0.5625
          3.9375 1.875 0.5625
          4.15625 1.875 0.5625
          4.375 1.875 0.5625
          4.59375 1.875 0.5625
          4.8125 1.875 0.5625
          5.03125 1.875 0.5625
          5.25 1.875 0.5625
          5.46875 1.875 0.5625
          5.6875 1.875 0.5625
          5.90625 1.875 0.5625
          6.125 1.875 0.5625
          6.34375 1.875 0.5625
          6.5625 1.875 0.5625
          6.78125 1.875 0.5625
          7 1.875 0.5625
          0 2.0625 0.5625
          0.21875 2.0625 0.5625
          0.4375 2.0625 0.5625
          0.65625 2.0625 0.5625
          0.875 2.0625 0.5625
          1.09375 2.0625 0.5625
          1.3125 2.0625 0.5625
          1.53125 2.0625 0.5625
          1.75 2.0625 0.5625
          1.96875 2.0625 0.5625
          2.1875 2.0625 0.5625
          2.40625 2.0625 0.5625
          2.625 2.0625 0.5625
          2.84375 2.0625 0.5625
          3.0625 2.0625 0.5625
          3.28125 2.0625 0.5625
          3.5 2.0625 0.5625
          3.71875 2.0625 0.5625
          3.9375 2.0625 0.5625
          4.15625 2.0625 0.5625
          4.375 2.0625 0.5625
          4.59375 2.0625 0.5625
          4.8125 2.0625 0.5625
          5.03125 2.0625 0.5625
          5.25 2.0625 0.5625
          5.46875 2.0625 0.5625
          5.6875 2.0625 0.5625
          5.90625 2.0625 0.5625
          6.125 2.0625 0.5625
          6.34375 2.0625 0.5625
          6.5625 2.0625 0.5625
          6.78125 2.0625 0.5625
          7 2.0625 0.5625
          0 2.25 0.5625
          0.21875 2.25 0.5625
          0.4375 2.25 0.5625
          0.65625 2.25 0.5625
          0.875 2.25 0.5625
          1.09375 2.25 0.5625
          1.3125 2.25 0.5625
          1.53125 2.25 0.5625
          1.75 2.25 0.5625
          1.96875 2.25 0.5625
          2.1875 2.25 0.5625
          2.40625 2.25 0.5625
          2.625 2.25 0.5625
          2.84375 2.25 0.5625
          3.0625 2.25 0.5625
          3.28125 2.25 0.5625
          3.5 2.25 0.5625
          3.71875 2.25 0.5625
          3.9375 2.25 0.5625
          4.15625 2.25 0.5625
          4.375 2.25 0.5625
          4.59375 2.25 0.5625
          4.8125 2.25 0.5625
          5.03125 2.25 0.5625
          5.25 2.25 0.5625
          5.46875 2.25 0.5625
          5.6875 2.25 0.5625
          5.90625 2.25 0.5625
          6.125 2.25 0.5625
          6.34375 2.25 0.5625
          6.5625 2.25 0.5625
          6.78125 2.25 0.5625
          7 2.25 0.5625
          0 2.4375 0.5625
          0.21875 2.4375 0.5625
          0.4375 2.4375 0.5625
          0.65625 2.4375 0.5625
          0.875 2.4375 0.5625
          1.09375 2.4375 0.5625
          1.3125 2.4375 0.5625
          1.53125 2.4375 0.5625
          1.75 2.4375 0.5625
          1.96875 2.4375 0.5625
          2.1875 2.4375 0.5625
          2.40625 2.4375 0.5625
          2.625 2.4375 0.5625
          2.84375 2.4375 0.5625
          3.0625 2.4375 0.5625
          3.28125 2.4375 0.5625
          3.5 2.4375 0.5625
          3.71875 2.4375 0.5625
          3.9375 2.4375 0.5625
          4.15625 2.4375 0.5625
          4.375 2.4375 0.5625
          4.59375 2.4375 0.5625
          4.8125 2.4375 0.5625
          5.03125 2.4375 0.5625
          5.25 2.4375 0.5625
          5.46875 2.4375 0.5625
          5.6875 2.4375 0.5625
          5.90625 2.4375 0.5625
          6.125 2.4375 0.5625
          6.34375 2.4375 0.5625
          6.5625 2.4375 0.5625
          6.78125 2.4375 0.5625
          7 2.4375 0.5625
          0 2.625 0.5625
          0.21875 2.625 0.5625
          0.4375 2.625 0.5625
          0.65625 2.625 0.5625
          0.875 2.625 0.5625
          1.09375 2.625 0.5625
          1.3125 2.625 0.5625
          1.53125 2.625 0.5625
          1.75 2.625 0.5625
          1.96875 2.625 0.5625
          2.1875 2.625 0.5625
          2.40625 2.625 0.5625
          2.625 2.625 0.5625
          2.84375 2.625 0.5625
          3.0625 2.625 0.5625
          3.28125 2.625 0.5625
          3.5 2.625 0.5625
          3.71875 2.625 0.5625
          3.9375 2.625 0.5625
          4.15625 2.625 0.5625
          4.375 2.625 0.5625
          4.59375 2.625 0.5625
          4.8125 2.625 0.5625
          5.03125 2.625 0.5625
          5.25 2.625 0.5625
          5.46875 2.625 0.5625
          5.6875 2.625 0.5625
          5.90625 2.625 0.5625
          6.125 2.625 0.5625
          6.34375 2.625 0.5625
          6.5625 2.625 0.5625
          6.78125 2.625 0.5625
          7 2.625 0.5625
          0 2.8125 0.5625
          0.21875 2.8125 0.5625
          0.4375 2.8125 0.5625
          0.65625 2.8125 0.5625
          0.875 2.8125 0.5625
          1.09375 2.8125 0.5625
          1.3125 2.8125 0.5625
          1.53125 2.8125 0.5625
          1.75 2.8125 0.5625
          1.96875 2.8125 0.5625
          2.1875 2.8125 0.5625
          2.40625 2.8125 0.5625
          2.625 2.8125 0.5625
          2.84375 2.8125 0.5625
          3.0625 2.8125 0.5625
          3.28125 2.8125 0.5625
          3.5 2.8125 0.5625
          3.71875 2.8125 0.5625
          3.9375 2.8125 0.5625
          4.15625 2.8125 0.5625
          4.375 2.8125 0.5625
          4.59375 2.8125 0.5625
          4.8125 2.8125 0.5625
          5.03125 2.8125 0.5625
          5.25 2.8125 0.5625
          5.46875 2.8125 0.5625
          5.6875 2.8125 0.5625
          5.90625 2.8125 0.5625
          6.125 2.8125 0.5625
          6.34375 2.8125 0.5625
          6.5625 2.8125 0.5625
          6.78125 2.8125 0.5625
          7 2.8125 0.5625
          0 3 0.5625
          0.21875 3 0.5625
          0.4375 3 0.5625
          0.65625 3 0.5625
          0.875 3 0.5625
          1.09375 3 0.5625
          1.3125 3 0.5625
          1.53125 3 0.5625
          1.75 3 0.5625
          1.96875 3 0.5625
          2.1875 3 0.5625
          2.40625 3 0.5625
          2.625 3 0.5625
          2.84375 3 0.5625
          3.0625 3 0.5625
          3.28125 3 0.5625
          3.5 3 0.5625
          3.71875 3 0.5625
          3.9375 3 0.5625
          4.15625 3 0.5625
          4.375 3 0.5625
          4.59375 3 0.5625
          4.8125 3 0.5625
          5.03125 3 0.5625
          5.25 3 0.5625
          5.46875 3 0.5625
          5.6875 3 0.5625
          5.90625 3 0.5625
          6.125 3 0.5625
          6.34375 3 0.5625
          6.5625 3 0.5625
          6.78125 3 0.5625
          7 3 0.5625
          0 0 0.75
          0.21875 0 0.75
          0.4375 0 0.75
          0.65625 0 0.75
          0.875 0 0.75
          1.09375 0 0.75
          1.3125 0 0.75
          1.53125 0 0.75
          1.75 0 0.75
          1.96875 0 0.75
          2.1875 0 0.75
          2.40625 0 0.75
          2.625 0 0.75
          2.84375 0 0.75
          3.0625 0 0.75
          3.28125 0 0.75
          3.5 0 0.75
          3.71875 0 0.75
          3.9375 0 0.75
          4.15625 0 0.75
          4.375 0 0.75
          4.59375 0 0.75
          4.8125 0 0.75
          5.03125 0 0.75
          5.25 0 0.75
          5.46875 0 0.75
          5.6875 0 0.75
          5.90625 0 0.75
          6.125 0 0.75
          6.34375 0 0.75
          6.5625 0 0.75
          6.78125 0 0.75
          7 0 0.75
          0 0.1875 0.75
          0.21875 0.1875 0.75
          0.4375 0.1875 0.75
          0.65625 0.1875 0.75
          0.875 0.1875 0.75
          1.09375 0.1875 0.75
          1.3125 0.1875 0.75
          1.53125 0.1875 0.75
          1.75 0.1875 0.75
          1.96875 0.1875 0.75
          2.1875 0.1875 0.75
          2.40625 0.1875 0.75
          2.625 0.1875 0.75
          2.84375 0.1875 0.75
          3.0625 0.1875 0.75
          3.28125 0.1875 0.75
          3.5 0.1875 0.75
          3.71875 0.1875 0.75
          3.9375 0.1875 0.75
          4.15625 0.1875 0.75
          4.375 0.1875 0.75
          4.59375 0.1875 0.75
          4.8125 0.1875 0.75
          5.03125 0.1875 0.75
          5.25 0.1875 0.75
          5.46875 0.1875 0.75
          5.6875 0.1875 0.75
          5.90625 0.1875 0.75
          6.125 0.1875 0.75
          6.34375 0.1875 0.75
          6.5625 0.1875 0.75
          6.78125 0.1875 0.75
          7 0.1875 0.75
          0 0.375 0.75
          0.21875 0.375 0.75
          0.4375 0.375 0.75
          0.65625 0.375 0.75
          0.875 0.375 0.75
          1.09375 0.375 0.75
          1.3125 0.375 0.75
          1.53125 0.375 0.75
          1.75 0.375 0.75
          1.96875 0.375 0.75
          2.1875 0.375 0.75
          2.40625 0.375 0.75
          2.625 0.375 0.75
          2.84375 0.375 0.75
          3.0625 0.375 0.75
          3.28125 0.375 0.75
          3.5 0.375 0.75
          3.71875 0.375 0.75
          3.9375 0.375 0.75
          4.15625 0.375 0.75
          4.375 0.375 0.75
          4.59375 0.375 0.75
          4.8125 0.375 0.75
          5.03125 0.375 0.75
          5.25 0.375 0.75
          5.46875 0.375 0.75
          5.6875 0.375 0.75
          5.90625 0.375 0.75
          6.125 0.375 0.75
          6.34375 0.375 0.75
          6.5625 0.375 0.75
          6.78125 0.375 0.75
          7 0.375 0.75
          0 0.5625 0.75
          0.21875 0.5625 0.75
          0.4375 0.5625 0.75
          0.65625 0.5625 0.75
          0.875 0.5625 0.75
          1.09375 0.5625 0.75
          1.3125 0.5625 0.75
          1.53125 0.5625 0.75
          1.75 0.5625 0.75
          1.96875 0.5625 0.75
          2.1875 0.5625 0.75
          2.40625 0.5625 0.75
          2.625 0.5625 0.75
          2.84375 0.5625 0.75
          3.0625 0.5625 0.75
          3.28125 0.5625 0.75
          3.5 0.5625 0.75
          3.71875 0.5625 0.75
          3.9375 0.5625 0.75
          4.15625 0.5625 0.75
          4.375 0.5625 0.75
          4.59375 0.5625 0.75
          4.8125 0.5625 0.75
          5.03125 0.5625 0.75
          5.25 0.5625 0.75
          5.46875 0.5625 0.75
          5.6875 0.5625 0.75
          5.90625 0.5625 0.75
          6.125 0.5625 0.75
          6.34375 0.5625 0.75
          6.5625 0.5625 0.75
          6.78125 0.5625 0.75
          7 0.5625 0.75
          0 0.75 0.75
          0.21875 0.75 0.75
          0.4375 0.75 0.75
          0.65625 0.75 0.75
          0.875 0.75 0.75
          1.09375 0.75 0.75
          1.3125 0.75 0.75
          1.53125 0.75 0.75
          1.75 0.75 0.75
          1.96875 0.75 0.75
          2.1875 0.75 0.75
          2.40625 0.75 0.75
          2.625 0.75 0.75
          2.84375 0.75 0.75
          3.0625 0.75 0.75
          3.28125 0.75 0.75
          3.5 0.75 0.75
          3.71875 0.75 0.75
          3.9375 0.75 0.75
          4.15625 0.75 0.75
          4.375 0.75 0.75
          4.59375 0.75 0.75
          4.8125 0.75 0.75
          5.03125 0.75 0.75
          5.25 0.75 0.75
          5.46875 0.75 0.75
          5.6875 0.75 0.75
          5.90625 0.75 0.75
          6.125 0.75 0.75
          6.34375 0.75 0.75
          6.5625 0.75 0.75
          6.78125 0.75 0.75
          7 0.75 0.75
          0 0.9375 0.75
          0.21875 0.9375 0.75
          0.4375 0.9375 0.75
          0.65625 0.9375 0.75
          0.875 0.9375 0.75
          1.09375 0.9375 0.75
          1.3125 0.9375 0.75
          1.53125 0.9375 0.75
          1.75 0.9375 0.75
          1.96875 0.9375 0.75
          2.1875 0.9375 0.75
          2.40625 0.9375 0.75
          2.625 0.9375 0.75
          2.84375 0.9375 0.75
          3.0625 0.9375 0.75
          3.28125 0.9375 0.75
          3.5 0.9375 0.75
          3.71875 0.9375 0.75
          3.9375 0.9375 0.75
          4.15625 0.9375 0.75
          4.375 0.9375 0.75
          4.59375 0.9375 0.75
          4.8125 0.9375 0.75
          5.03125 0.9375 0.75
          5.25 0.9375 0.75
          5.46875 0.9375 0.75
          5.6875 0.9375 0.75
          5.90625 0.9375 0.75
          6.125 0.9375 0.75
          6.34375 0.9375 0.75
          6.5625 0.9375 0.75
          6.78125 0.9375 0.75
          7 0.9375 0.75
          0 1.125 0.75
          0.21875 1.125 0.75
          0.4375 1.125 0.75
          0.65625 1.125 0.75
          0.875 1.125 0.75
          1.09375 1.125 0.75
          1.3125 1.125 0.75
          1.53125 1.125 0.75
          1.75 1.125 0.75
          1.96875 1.125 0.75
          2.1875 1.125 0.75
          2.40625 1.125 0.75
          2.625 1.125 0.75
          2.84375 1.125 0.75
          3.0625 1.125 0.75
          3.28125 1.125 0.75
          3.5 1.125 0.75
          3.71875 1.125 0.75
          3.9375 1.125 0.75
          4.15625 1.125 0.75
          4.375 1.125 0.75
          4.59375 1.125 0.75
          4.8125 1.125 0.75
          5.03125 1.125 0.75
          5.25 1.125 0.75
          5.46875 1.125 0.75
          5.6875 1.125 0.75
          5.90625 1.125 0.75
          6.125 1.125 0.75
          6.34375 1.125 0.75
          6.5625 1.125 0.75
          6.78125 1.125 0.75
          7 1.125 0.75
          0 1.3125 0.75
          0.21875 1.3125 0.75
          0.4375 1.3125 0.75
          0.65625 1.3125 0.75
          0.875 1.3125 0.75
          1.09375 1.3125 0.75
          1.3125 1.3125 0.75
          1.53125 1.3125 0.75
          1.75 1.3125 0.75
          1.96875 1.3125 0.75
          2.1875 1.3125 0.75
          2.40625 1.3125 0.75
          2.625 1.3125 0.75
          2.84375 1.3125 0.75
          3.0625 1.3125 0.75
          3.28125 1.3125 0.75
          3.5 1.3125 0.75
          3.71875 1.3125 0.75
          3.9375 1.3125 0.75
          4.15625 1.3125 0.75
          4.375 1.3125 0.75
          4.59375 1.3125 0.75
          4.8125 1.3125 0.75
          5.03125 1.3125 0.75
          5.25 1.3125 0.75
          5.46875 1.3125 0.75
          5.6875 1.3125 0.75
          5.90625 1.3125 0.75
          6.125 1.3125 0.75
          6.34375 1.3125 0.75
          6.5625 1.3125 0.75
          6.78125 1.3125 0.75
          7 1.3125 0.75
          0 1.5 0.75
          0.21875 1.5 0.75
          0.4375 1.5 0.75
          0.65625 1.5 0.75
          0.875 1.5 0.75
          1.09375 1.5 0.75
          1.3125 1.5 0.75
          1.53125 1.5 0.75
          1.75 1.5 0.75
          1.96875 1.5 0.75
          2.1875 1.5 0.75
          2.40625 1.5 0.75
          2.625 1.5 0.75
          2.84375 1.5 0.75
          3.0625 1.5 0.75
          3.28125 1.5 0.75
          3.5 1.5 0.75
          3.71875 1.5 0.75
          3.9375 1.5 0.75
          4.15625 1.5 0.75
          4.375 1.5 0.75
          4.59375 1.5 0.75
          4.8125 1.5 0.75
          5.03125 1.5 0.75
          5.25 1.5 0.75
          5.46875 1.5 0.75
          5.6875 1.5 0.75
          5.90625 1.5 0.75
          6.125 1.5 0.75
          6.34375 1.5 0.75
          6.5625 1.5 0.75
          6.78125 1.5 0.75
          7 1.5 0.75
          0 1.6875 0.75
          0.21875 1.6875 0.75
          0.4375 1.6875 0.75
          0.65625 1.6875 0.75
          0.875 1.6875 0.75
          1.09375 1.6875 0.75
          1.3125 1.6875 0.75
          1.53125 1.6875 0.75
          1.75 1.6875 0.75
          1.96875 1.6875 0.75
          2.1875 1.6875 0.75
          2.40625 1.6875 0.75
          2.625 1.6875 0.75
          2.84375 1.6875 0.75
          3.0625 1.6875 0.75
          3.28125 1.6875 0.75
          3.5 1.6875 0.75
          3.71875 1.6875 0.75
          3.9375 1.6875 0.75
          4.15625 1.6875 0.75
          4.375 1.6875 0.75
          4.59375 1.6875 0.75
          4.8125 1.6875 0.75
          5.03125 1.6875 0.75
          5.25 1.6875 0.75
          5.46875 1.6875 0.75
          5.6875 1.6875 0.75
          5.90625 1.6875 0.75
          6.125 1.6875 0.75
          6.34375 1.6875 0.75
          6.5625 1.6875 0.75
          6.78125 1.6875 0.75
          7 1.6875 0.75
          0 1.875 0.75
          0.21875 1.875 0.75
          0.4375 1.875 0.75
          0.65625 1.875 0.75
          0.875 1.875 0.75
          1.09375 1.875 0.75
          1.3125 1.875 0.75
          1.53125 1.875 0.75
          1.75 1.875 0.75
          1.96875 1.875 0.75
          2.1875 1.875 0.75
          2.40625 1.875 0.75
          2.625 1.875 0.75
          2.84375 1.875 0.75
          3.0625 1.875 0.75
          3.28125 1.875 0.75
          3.5 1.875 0.75
          3.71875 1.875 0.75
          3.9375 1.875 0.75
          4.15625 1.875 0.75
          4.375 1.875 0.75
          4.59375 1.875 0.75
          4.8125 1.875 0.75
          5.03125 1.875 0.75
          5.25 1.875 0.75
          5.46875 1.875 0.75
          5.6875 1.875 0.75
          5.90625 1.875 0.75
          6.125 1.875 0.75
          6.34375 1.875 0.75
          6.5625 1.875 0.75
          6.78125 1.875 0.75
          7 1.875 0.75
          0 2.0625 0.75
          0.21875 2.0625 0.75
          0.4375 2.0625 0.75
          0.65625 2.0625 0.75
          0.875 2.0625 0.75
          1.09375 2.0625 0.75
          1.3125 2.0625 0.75
          1.53125 2.0625 0.75
          1.75 2.0625 0.75
          1.96875 2.0625 0.75
          2.1875 2.0625 0.75
          2.40625 2.0625 0.75
          2.625 2.0625 0.75
          2.84375 2.0625 0.75
          3.0625 2.0625 0.75
          3.28125 2.0625 0.75
          3.5 2.0625 0.75
          3.71875 2.0625 0.75
          3.9375 2.0625 0.75
          4.15625 2.0625 0.75
          4.375 2.0625 0.75
          4.59375 2.0625 0.75
          4.8125 2.0625 0.75
          5.03125 2.0625 0.75
          5.25 2.0625 0.75
          5.46875 2.0625 0.75
          5.6875 2.0625 0.75
          5.90625 2.0625 0.75
          6.125 2.0625 0.75
          6.34375 2.0625 0.75
          6.5625 2.0625 0.75
          6.78125 2.0625 0.75
          7 2.0625 0.75
          0 2.25 0.75
          0.21875 2.25 0.75
          0.4375 2.25 0.75
          0.65625 2.25 0.75
          0.875 2.25 0.75
          1.09375 2.25 0.75
          1.3125 2.25 0.75
          1.53125 2.25 0.75
          1.75 2.25 0.75
          1.96875 2.25 0.75
          2.1875 2.25 0.75
          2.40625 2.25 0.75
          2.625 2.25 0.75
          2.84375 2.25 0.75
          3.0625 2.25 0.75
          3.28125 2.25 0.75
          3.5 2.25 0.75
          3.71875 2.25 0.75
          3.9375 2.25 0.75
          4.15625 2.25 0.75
          4.375 2.25 0.75
          4.59375 2.25 0.75
          4.8125 2.25 0.75
          5.03125 2.25 0.75
          5.25 2.25 0.75
          5.46875 2.25 0.75
          5.6875 2.25 0.75
          5.90625 2.25 0.75
          6.125 2.25 0.75
          6.34375 2.25 0.75
          6.5625 2.25 0.75
          6.78125 2.25 0.75
          7 2.25 0.75
          0 2.4375 0.75
          0.21875 2.4375 0.75
          0.4375 2.4375 0.75
          0.65625 2.4375 0.75
          0.875 2.4375 0.75
          1.09375 2.4375 0.75
          1.3125 2.4375 0.75
          1.53125 2.4375 0.75
          1.75 2.4375 0.75
          1.96875 2.4375 0.75
          2.1875 2.4375 0.75
          2.40625 2.4375 0.75
          2.625 2.4375 0.75
          2.84375 2.4375 0.75
          3.0625 2.4375 0.75
          3.28125 2.4375 0.75
          3.5 2.4375 0.75
          3.71875 2.4375 0.75
          3.9375 2.4375 0.75
          4.15625 2.4375 0.75
          4.375 2.4375 0.75
          4.59375 2.4375 0.75
          4.8125 2.4375 0.75
          5.03125 2.4375 0.75
          5.25 2.4375 0.75
          5.46875 2.4375 0.75
          5.6875 2.4375 0.75
          5.90625 2.4375 0.75
          6.125 2.4375 0.75
          6.34375 2.4375 0.75
          6.5625 2.4375 0.75
          6.78125 2.4375 0.75
          7 2.4375 0.75
          0 2.625 0.75
          0.21875 2.625 0.75
          0.4375 2.625 0.75
          0.65625 2.625 0.75
          0.875 2.625 0.75
          1.09375 2.625 0.75
          1.3125 2.625 0.75
          1.53125 2.625 0.75
          1.75 2.625 0.75
          1.96875 2.625 0.75
          2.1875 2.625 0.75
          2.40625 2.625 0.75
          2.625 2.625 0.75
          2.84375 2.625 0.75
          3.0625 2.625 0.75
          3.28125 2.625 0.75
          3.5 2.625 0.75
          3.71875 2.625 0.75
          3.9375 2.625 0.75
          4.15625 2.625 0.75
          4.375 2.625 0.75
          4.59375 2.625 0.75
          4.8125 2.625 0.75
          5.03125 2.625 0.75
          5.25 2.625 0.75
          5.46875 2.625 0.75
          5.6875 2.625 0.75
          5.90625 2.625 0.75
          6.125 2.625 0.75
          6.34375 2.625 0.75
          6.5625 2.625 0.75
          6.78125 2.625 0.75
          7 2.625 0.75
          0 2.8125 0.75
          0.21875 2.8125 0.75
          0.4375 2.8125 0.75
          0.65625 2.8125 0.75
          0.875 2.8125 0.75
          1.09375 2.8125 0.75
          1.3125 2.8125 0.75
          1.53125 2.8125 0.75
          1.75 2.8125 0.75
          1.96875 2.8125 0.75
          2.1875 2.8125 0.75
          2.40625 2.8125 0.75
          2.625 2.8125 0.75
          2.84375 2.8125 0.75
          3.0625 2.8125 0.75
          3.28125 2.8125 0.75
          3.5 2.8125 0.75
          3.71875 2.8125 0.75
          3.9375 2.8125 0.75
          4.15625 2.8125 0.75
          4.375 2.8125 0.75
          4.59375 2.8125 0.75
          4.8125 2.8125 0.75
          5.03125 2.8125 0.75
          5.25 2.8125 0.75
          5.46875 2.8125 0.75
          5.6875 2.8125 0.75
          5.90625 2.8125 0.75
          6.125 2.8125 0.75
          6.34375 2.8125 0.75
          6.5625 2.8125 0.75
          6.78125 2.8125 0.75
          7 2.8125 0.75
          0 3 0.75
          0.21875 3 0.75
          0.4375 3 0.75
          0.65625 3 0.75
          0.875 3 0.75
          1.09375 3 0.75
          1.3125 3 0.75
          1.53125 3 0.75
          1.75 3 0.75
          1.96875 3 0.75
          2.1875 3 0.75
          2.40625 3 0.75
          2.625 3 0.75
          2.84375 3 0.75
          3.0625 3 0.75
          3.28125 3 0.75
          3.5 3 0.75
          3.71875 3 0.75
          3.9375 3 0.75
          4.15625 3 0.75
          4.375 3 0.75
          4.59375 3 0.75
          4.8125 3 0.75
          5.03125 3 0.75
          5.25 3 0.75
          5.46875 3 0.75
          5.6875 3 0.75
          5.90625 3 0.75
          6.125 3 0.75
          6.34375 3 0.75
          6.5625 3 0.75
          6.78125 3 0.75
          7 3 0.75
          0 0 0.9375
          0.21875 0 0.9375
          0.4375 0 0.9375
          0.65625 0 0.9375
          0.875 0 0.9375
          1.09375 0 0.9375
          1.3125 0 0.9375
          1.53125 0 0.9375
          1.75 0 0.9375
          1.96875 0 0.9375
          2.1875 0 0.9375
          2.40625 0 0.9375
          2.625 0 0.9375
          2.84375 0 0.9375
          3.0625 0 0.9375
          3.28125 0 0.9375
          3.5 0 0.9375
          3.71875 0 0.9375
          3.9375 0 0.9375
          4.15625 0 0.9375
          4.375 0 0.9375
          4.59375 0 0.9375
          4.8125 0 0.9375
          5.03125 0 0.9375
          5.25 0 0.9375
          5.46875 0 0.9375
          5.6875 0 0.9375
          5.90625 0 0.9375
          6.125 0 0.9375
          6.34375 0 0.9375
          6.5625 0 0.9375
          6.78125 0 0.9375
          7 0 0.9375
          0 0.1875 0.9375
          0.21875 0.1875 0.9375
          0.4375 0.1875 0.9375
          0.65625 0.1875 0.9375
          0.875 0.1875 0.9375
          1.09375 0.1875 0.9375
          1.3125 0.1875 0.9375
          1.53125 0.1875 0.9375
          1.75 0.1875 0.9375
          1.96875 0.1875 0.9375
          2.1875 0.1875 0.9375
          2.40625 0.1875 0.9375
          2.625 0.1875 0.9375
          2.84375 0.1875 0.9375
          3.0625 0.1875 0.9375
          3.28125 0.1875 0.9375
          3.5 0.1875 0.9375
          3.71875 0.1875 0.9375
          3.9375 0.1875 0.9375
          4.15625 0.1875 0.9375
          4.375 0.1875 0.9375
          4.59375 0.1875 0.9375
          4.8125 0.1875 0.9375
          5.03125 0.1875 0.9375
          5.25 0.1875 0.9375
          5.46875 0.1875 0.9375
          5.6875 0.1875 0.9375
          5.90625 0.1875 0.9375
          6.125 0.1875 0.9375
          6.34375 0.1875 0.9375
          6.5625 0.1875 0.9375
          6.78125 0.1875 0.9375
          7 0.1875 0.9375
          0 0.375 0.9375
          0.21875 0.375 0.9375
          0.4375 0.375 0.9375
          0.65625 0.375 0.9375
          0.875 0.375 0.9375
          1.09375 0.375 0.9375
          1.3125 0.375 0.9375
          1.53125 0.375 0.9375
          1.75 0.375 0.9375
          1.96875 0.375 0.9375
          2.1875 0.375 0.9375
          2.40625 0.375 0.9375
          2.625 0.375 0.9375
          2.84375 0.375 0.9375
          3.0625 0.375 0.9375
          3.28125 0.375 0.9375
          3.5 0.375 0.9375
          3.71875 0.375 0.9375
          3.9375 0.375 0.9375
          4.15625 0.375 0.9375
          4.375 0.375 0.9375
          4.59375 0.375 0.9375
          4.8125 0.375 0.9375
          5.03125 0.375 0.9375
          5.25 0.375 0.9375
          5.46875 0.375 0.9375
          5.6875 0.375 0.9375
          5.90625 0.375 0.9375
          6.125 0.375 0.9375
          6.34375 0.375 0.9375
          6.5625 0.375 0.9375
          6.78125 0.375 0.9375
          7 0.375 0.9375
          0 0.5625 0.9375
          0.21875 0.5625 0.9375
          0.4375 0.5625 0.9375
          0.65625 0.5625 0.9375
          0.875 0.5625 0.9375
          1.09375 0.5625 0.9375
          1.3125 0.5625 0.9375
          1.53125 0.5625 0.9375
          1.75 0.5625 0.9375
          1.96875 0.5625 0.9375
          2.1875 0.5625 0.9375
          2.40625 0.5625 0.9375
          2.625 0.5625 0.9375
          2.84375 0.5625 0.9375
          3.0625 0.5625 0.9375
          3.28125 0.5625 0.9375
          3.5 0.5625 0.9375
          3.71875 0.5625 0.9375
          3.9375 0.5625 0.9375
          4.15625 0.5625 0.9375
          4.375 0.5625 0.9375
          4.59375 0.5625 0.9375
          4.8125 0.5625 0.9375
          5.03125 0.5625 0.9375
          5.25 0.5625 0.9375
          5.46875 0.5625 0.9375
          5.6875 0.5625 0.9375
          5.90625 0.5625 0.9375
          6.125 0.5625 0.9375
          6.34375 0.5625 0.9375
          6.5625 0.5625 0.9375
          6.78125 0.5625 0.9375
          7 0.5625 0.9375
          0 0.75 0.9375
          0.21875 0.75 0.9375
          0.4375 0.75 0.9375
          0.65625 0.75 0.9375
          0.875 0.75 0.9375
          1.09375 0.75 0.9375
          1.3125 0.75 0.9375
          1.53125 0.75 0.9375
          1.75 0.75 0.9375
          1.96875 0.75 0.9375
          2.1875 0.75 0.9375
          2.40625 0.75 0.9375
          2.625 0.75 0.9375
          2.84375 0.75 0.9375
          3.0625 0.75 0.9375
          3.28125 0.75 0.9375
          3.5 0.75 0.9375
          3.71875 0.75 0.9375
          3.9375 0.75 0.9375
          4.15625 0.75 0.9375
          4.375 0.75 0.9375
          4.59375 0.75 0.9375
          4.8125 0.75 0.9375
          5.03125 0.75 0.9375
          5.25 0.75 0.9375
          5.46875 0.75 0.9375
          5.6875 0.75 0.9375
          5.90625 0.75 0.9375
          6.125 0.75 0.9375
          6.34375 0.75 0.9375
          6.5625 0.75 0.9375
          6.78125 0.75 0.9375
          7 0.75 0.9375
          0 0.9375 0.9375
          0.21875 0.9375 0.9375
          0.4375 0.9375 0.9375
          0.65625 0.9375 0.9375
          0.875 0.9375 0.9375
          1.09375 0.9375 0.9375
          1.3125 0.9375 0.9375
          1.53125 0.9375 0.9375
          1.75 0.9375 0.9375
          1.96875 0.9375 0.9375
          2.1875 0.9375 0.9375
          2.40625 0.9375 0.9375
          2.625 0.9375 0.9375
          2.84375 0.9375 0.9375
          3.0625 0.9375 0.9375
          3.28125 0.9375 0.9375
          3.5 0.9375 0.9375
          3.71875 0.9375 0.9375
          3.9375 0.9375 0.9375
          4.15625 0.9375 0.9375
          4.375 0.9375 0.9375
          4.59375 0.9375 0.9375
          4.8125 0.9375 0.9375
          5.03125 0.9375 0.9375
          5.25 0.9375 0.9375
          5.46875 0.9375 0.9375
          5.6875 0.9375 0.9375
          5.90625 0.9375 0.9375
          6.125 0.9375 0.9375
          6.34375 0.9375 0.9375
          6.5625 0.9375 0.9375
          6.78125 0.9375 0.9375
          7 0.9375 0.9375
          0 1.125 0.9375
          0.21875 1.125 0.9375
          0.4375 1.125 0.9375
          0.65625 1.125 0.9375
          0.875 1.125 0.9375
          1.09375 1.125 0.9375
          1.3125 1.125 0.9375
          1.53125 1.125 0.9375
          1.75 1.125 0.9375
          1.96875 1.125 0.9375
          2.1875 1.125 0.9375
          2.40625 1.125 0.9375
          2.625 1.125 0.9375
          2.84375 1.125 0.9375
          3.0625 1.125 0.9375
          3.28125 1.125 0.9375
          3.5 1.125 0.9375
          3.71875 1.125 0.9375
          3.9375 1.125 0.9375
          4.15625 1.125 0.9375
          4.375 1.125 0.9375
          4.59375 1.125 0.9375
          4.8125 1.125 0.9375
          5.03125 1.125 0.9375
          5.25 1.125 0.9375
          5.46875 1.125 0.9375
          5.6875 1.125 0.9375
          5.90625 1.125 0.9375
          6.125 1.125 0.9375
          6.34375 1.125 0.9375
          6.5625 1.125 0.9375
          6.78125 1.125 0.9375
          7 1.125 0.9375
          0 1.3125 0.9375
          0.21875 1.3125 0.9375
          0.4375 1.3125 0.9375
          0.65625 1.3125 0.9375
          0.875 1.3125 0.9375
          1.09375 1.3125 0.9375
          1.3125 1.3125 0.9375
          1.53125 1.3125 0.9375
          1.75 1.3125 0.9375
          1.96875 1.3125 0.9375
          2.1875 1.3125 0.9375
          2.40625 1.3125 0.9375
          2.625 1.3125 0.9375
          2.84375 1.3125 0.9375
          3.0625 1.3125 0.9375
          3.28125 1.3125 0.9375
          3.5 1.3125 0.9375
          3.71875 1.3125 0.9375
          3.9375 1.3125 0.9375
          4.15625 1.3125 0.9375
          4.375 1.3125 0.9375
          4.59375 1.3125 0.9375
          4.8125 1.3125 0.9375
          5.03125 1.3125 0.9375
          5.25 1.3125 0.9375
          5.46875 1.3125 0.9375
          5.6875 1.3125 0.9375
          5.90625 1.3125 0.9375
          6.125 1.3125 0.9375
          6.34375 1.3125 0.9375
          6.5625 1.3125 0.9375
          6.78125 1.3125 0.9375
          7 1.3125 0.9375
          0 1.5 0.9375
          0.21875 1.5 0.9375
          0.4375 1.5 0.9375
          0.65625 1.5 0.9375
          0.875 1.5 0.9375
          1.09375 1.5 0.9375
          1.3125 1.5 0.9375
          1.53125 1.5 0.9375
          1.75 1.5 0.9375
          1.96875 1.5 0.9375
          2.1875 1.5 0.9375
          2.40625 1.5 0.9375
          2.625 1.5 0.9375
          2.84375 1.5 0.9375
          3.0625 1.5 0.9375
          3.28125 1.5 0.9375
          3.5 1.5 0.9375
          3.71875 1.5 0.9375
          3.9375 1.5 0.9375
          4.15625 1.5 0.9375
          4.375 1.5 0.9375
          4.59375 1.5 0.9375
          4.8125 1.5 0.9375
          5.03125 1.5 0.9375
          5.25 1.5 0.9375
          5.46875 1.5 0.9375
          5.6875 1.5 0.9375
          5.90625 1.5 0.9375
          6.125 1.5 0.9375
          6.34375 1.5 0.9375
          6.5625 1.5 0.9375
          6.78125 1.5 0.9375
          7 1.5 0.9375
          0 1.6875 0.9375
          0.21875 1.6875 0.9375
          0.4375 1.6875 0.9375
          0.65625 1.6875 0.9375
          0.875 1.6875 0.9375
          1.09375 1.6875 0.9375
          1.3125 1.6875 0.9375
          1.53125 1.6875 0.9375
          1.75 1.6875 0.9375
          1.96875 1.6875 0.9375
          2.1875 1.6875 0.9375
          2.40625 1.6875 0.9375
          2.625 1.6875 0.9375
          2.84375 1.6875 0.9375
          3.0625 1.6875 0.9375
          3.28125 1.6875 0.9375
          3.5 1.6875 0.9375
          3.71875 1.6875 0.9375
          3.9375 1.6875 0.9375
          4.15625 1.6875 0.9375
          4.375 1.6875 0.9375
          4.59375 1.6875 0.9375
          4.8125 1.6875 0.9375
          5.03125 1.6875 0.9375
          5.25 1.6875 0.9375
          5.46875 1.6875 0.9375
          5.6875 1.6875 0.9375
          5.90625 1.6875 0.9375
          6.125 1.6875 0.9375
          6.34375 1.6875 0.9375
          6.5625 1.6875 0.9375
          6.78125 1.6875 0.9375
          7 1.6875 0.9375
          0 1.875 0.9375
          0.21875 1.875 0.9375
          0.4375 1.875 0.9375
          0.65625 1.875 0.9375
          0.875 1.875 0.9375
          1.09375 1.875 0.9375
          1.3125 1.875 0.9375
          1.53125 1.875 0.9375
          1.75 1.875 0.9375
          1.96875 1.875 0.9375
          2.1875 1.875 0.9375
          2.40625 1.875 0.9375
          2.625 1.875 0.9375
          2.84375 1.875 0.9375
          3.0625 1.875 0.9375
          3.28125 1.875 0.9375
          3.5 1.875 0.9375
          3.71875 1.875 0.9375
          3.9375 1.875 0.9375
          4.15625 1.875 0.9375
          4.375 1.875 0.9375
          4.59375 1.875 0.9375
          4.8125 1.875 0.9375
          5.03125 1.875 0.9375
          5.25 1.875 0.9375
          5.46875 1.875 0.9375
          5.6875 1.875 0.9375
          5.90625 1.875 0.9375
          6.125 1.875 0.9375
          6.34375 1.875 0.9375
          6.5625 1.875 0.9375
          6.78125 1.875 0.9375
          7 1.875 0.9375
          0 2.0625 0.9375
          0.21875 2.0625 0.9375
          0.4375 2.0625 0.9375
          0.65625 2.0625 0.9375
          0.875 2.0625 0.9375
          1.09375 2.0625 0.9375
          1.3125 2.0625 0.9375
          1.53125 2.0625 0.9375
          1.75 2.0625 0.9375
          1.96875 2.0625 0.9375
          2.1875 2.0625 0.9375
          2.40625 2.0625 0.9375
          2.625 2.0625 0.9375
          2.84375 2.0625 0.9375
          3.0625 2.0625 0.9375
          3.28125 2.0625 0.9375
          3.5 2.0625 0.9375
          3.71875 2.0625 0.9375
          3.9375 2.0625 0.9375
          4.15625 2.0625 0.9375
          4.375 2.0625 0.9375
          4.59375 2.0625 0.9375
          4.8125 2.0625 0.9375
          5.03125 2.0625 0.9375
          5.25 2.0625 0.9375
          5.46875 2.0625 0.9375
          5.6875 2.0625 0.9375
          5.90625 2.0625 0.9375
          6.125 2.0625 0.9375
          6.34375 2.0625 0.9375
          6.5625 2.0625 0.9375
          6.78125 2.0625 0.9375
          7 2.0625 0.9375
          0 2.25 0.9375
          0.21875 2.25 0.9375
          0.4375 2.25 0.9375
          0.65625 2.25 0.9375
          0.875 2.25 0.9375
          1.09375 2.25 0.9375
          1.3125 2.25 0.9375
          1.53125 2.25 0.9375
          1.75 2.25 0.9375
          1.96875 2.25 0.9375
          2.1875 2.25 0.9375
          2.40625 2.25 0.9375
          2.625 2.25 0.9375
          2.84375 2.25 0.9375
          3.0625 2.25 0.9375
          3.28125 2.25 0.9375
          3.5 2.25 0.9375
          3.71875 2.25 0.9375
          3.9375 2.25 0.9375
          4.15625 2.25 0.9375
          4.375 2.25 0.9375
          4.59375 2.25 0.9375
          4.8125 2.25 0.9375
          5.03125 2.25 0.9375
          5.25 2.25 0.9375
          5.46875 2.25 0.9375
          5.6875 2.25 0.9375
          5.90625 2.25 0.9375
          6.125 2.25 0.9375
          6.34375 2.25 0.9375
          6.5625 2.25 0.9375
          6.78125 2.25 0.9375
          7 2.25 0.9375
          0 2.4375 0.9375
          0.21875 2.4375 0.9375
          0.4375 2.4375 0.9375
          0.65625 2.4375 0.9375
          0.875 2.4375 0.9375
          1.09375 2.4375 0.9375
          1.3125 2.4375 0.9375
          1.53125 2.4375 0.9375
          1.75 2.4375 0.9375
          1.96875 2.4375 0.9375
          2.1875 2.4375 0.9375
          2.40625 2.4375 0.9375
          2.625 2.4375 0.9375
          2.84375 2.4375 0.9375
          3.0625 2.4375 0.9375
          3.28125 2.4375 0.9375
          3.5 2.4375 0.9375
          3.71875 2.4375 0.9375
          3.9375 2.4375 0.9375
          4.15625 2.4375 0.9375
          4.375 2.4375 0.9375
          4.59375 2.4375 0.9375
          4.8125 2.4375 0.9375
          5.03125 2.4375 0.9375
          5.25 2.4375 0.9375
          5.46875 2.4375 0.9375
          5.6875 2.4375 0.9375
          5.90625 2.4375 0.9375
          6.125 2.4375 0.9375
          6.34375 2.4375 0.9375
          6.5625 2.4375 0.9375
          6.78125 2.4375 0.9375
          7 2.4375 0.9375
          0 2.625 0.9375
          0.21875 2.625 0.9375
          0.4375 2.625 0.9375
          0.65625 2.625 0.9375
          0.875 2.625 0.9375
          1.09375 2.625 0.9375
          1.3125 2.625 0.9375
          1.53125 2.625 0.9375
          1.75 2.625 0.9375
          1.96875 2.625 0.9375
          2.1875 2.625 0.9375
          2.40625 2.625 0.9375
          2.625 2.625 0.9375
          2.84375 2.625 0.9375
          3.0625 2.625 0.9375
          3.28125 2.625 0.9375
          3.5 2.625 0.9375
          3.71875 2.625 0.9375
          3.9375 2.625 0.9375
          4.15625 2.625 0.9375
          4.375 2.625 0.9375
          4.59375 2.625 0.9375
          4.8125 2.625 0.9375
          5.03125 2.625 0.9375
          5.25 2.625 0.9375
          5.46875 2.625 0.9375
          5.6875 2.625 0.9375
          5.90625 2.625 0.9375
          6.125 2.625 0.9375
          6.34375 2.625 0.9375
          6.5625 2.625 0.9375
          6.78125 2.625 0.9375
          7 2.625 0.9375
          0 2.8125 0.9375
          0.21875 2.8125 0.9375
          0.4375 2.8125 0.9375
          0.65625 2.8125 0.9375
          0.875 2.8125 0.9375
          1.09375 2.8125 0.9375
          1.3125 2.8125 0.9375
          1.53125 2.8125 0.9375
          1.75 2.8125 0.9375
          1.96875 2.8125 0.9375
          2.1875 2.8125 0.9375
          2.40625 2.8125 0.9375
          2.625 2.8125 0.9375
          2.84375 2.8125 0.9375
          3.0625 2.8125 0.9375
          3.28125 2.8125 0.9375
          3.5 2.8125 0.9375
          3.71875 2.8125 0.9375
          3.9375 2.8125 0.9375
          4.15625 2.8125 0.9375
          4.375 2.8125 0.9375
          4.59375 2.8125 0.9375
          4.8125 2.8125 0.9375
          5.03125 2.8125 0.9375
          5.25 2.8125 0.9375
          5.46875 2.8125 0.9375
          5.6875 2.8125 0.9375
          5.90625 2.8125 0.9375
          6.125 2.8125 0.9375
          6.34375 2.8125 0.9375
          6.5625 2.8125 0.9375
          6.78125 2.8125 0.9375
          7 2.8125 0.9375
          0 3 0.9375
          0.21875 3 0.9375
          0.4375 3 0.9375
          0.65625 3 0.9375
          0.875 3 0.9375
          1.09375 3 0.9375
          1.3125 3 0.9375
          1.53125 3 0.9375
          1.75 3 0.9375
          1.96875 3 0.9375
          2.1875 3 0.9375
          2.40625 3 0.9375
          2.625 3 0.9375
          2.84375 3 0.9375
          3.0625 3 0.9375
          3.28125 3 0.9375
          3.5 3 0.9375
          3.71875 3 0.9375
          3.9375 3 0.9375
          4.15625 3 0.9375
          4.375 3 0.9375
          4.59375 3 0.9375
          4.8125 3 0.9375
          5.03125 3 0.9375
          5.25 3 0.9375
          5.46875 3 0.9375
          5.6875 3 0.9375
          5.90625 3 0.9375
          6.125 3 0.9375
          6.34375 3 0.9375
          6.5625 3 0.9375
          6.78125 3 0.9375
          7 3 0.9375
          0 0 1.125
          0.21875 0 1.125
          0.4375 0 1.125
          0.65625 0 1.125
          0.875 0 1.125
          1.09375 0 1.125
          1.3125 0 1.125
          1.53125 0 1.125
          1.75 0 1.125
          1.96875 0 1.125
          2.1875 0 1.125
          2.40625 0 1.125
          2.625 0 1.125
          2.84375 0 1.125
          3.0625 0 1.125
          3.28125 0 1.125
          3.5 0 1.125
          3.71875 0 1.125
          3.9375 0 1.125
          4.15625 0 1.125
          4.375 0 1.125
          4.59375 0 1.125
          4.8125 0 1.125
          5.03125 0 1.125
          5.25 0 1.125
          5.46875 0 1.125
          5.6875 0 1.125
          5.90625 0 1.125
          6.125 0 1.125
          6.34375 0 1.125
          6.5625 0 1.125
          6.78125 0 1.125
          7 0 1.125
          0 0.1875 1.125
          0.21875 0.1875 1.125
          0.4375 0.1875 1.125
          0.65625 0.1875 1.125
          0.875 0.1875 1.125
          1.09375 0.1875 1.125
          1.3125 0.1875 1.125
          1.53125 0.1875 1.125
          1.75 0.1875 1.125
          1.96875 0.1875 1.125
          2.1875 0.1875 1.125
          2.40625 0.1875 1.125
          2.625 0.1875 1.125
          2.84375 0.1875 1.125
          3.0625 0.1875 1.125
          3.28125 0.1875 1.125
          3.5 0.1875 1.125
          3.71875 0.1875 1.125
          3.9375 0.1875 1.125
          4.15625 0.1875 1.125
          4.375 0.1875 1.125
          4.59375 0.1875 1.125
          4.8125 0.1875 1.125
          5.03125 0.1875 1.125
          5.25 0.1875 1.125
          5.46875 0.1875 1.125
          5.6875 0.1875 1.125
          5.90625 0.1875 1.125
          6.125 0.1875 1.125
          6.34375 0.1875 1.125
          6.5625 0.1875 1.125
          6.78125 0.1875 1.125
          7 0.1875 1.125
          0 0.375 1.125
          0.21875 0.375 1.125
          0.4375 0.375 1.125
          0.65625 0.375 1.125
          0.875 0.375 1.125
          1.09375 0.375 1.125
          1.3125 0.375 1.125
          1.53125 0.375 1.125
          1.75 0.375 1.125
          1.96875 0.375 1.125
          2.1875 0.375 1.125
          2.40625 0.375 1.125
          2.625 0.375 1.125
          2.84375 0.375 1.125
          3.0625 0.375 1.125
          3.28125 0.375 1.125
          3.5 0.375 1.125
          3.71875 0.375 1.125
          3.9375 0.375 1.125
          4.15625 0.375 1.125
          4.375 0.375 1.125
          4.59375 0.375 1.125
          4.8125 0.375 1.125
          5.03125 0.375 1.125
          5.25 0.375 1.125
          5.46875 0.375 1.125
          5.6875 0.375 1.125
          5.90625 0.375 1.125
          6.125 0.375 1.125
          6.34375 0.375 1.125
          6.5625 0.375 1.125
          6.78125 0.375 1.125
          7 0.375 1.125
          0 0.5625 1.125
          0.21875 0.5625 1.125
          0.4375 0.5625 1.125
          0.65625 0.5625 1.125
          0.875 0.5625 1.125
          1.09375 0.5625 1.125
          1.3125 0.5625 1.125
          1.53125 0.5625 1.125
          1.75 0.5625 1.125
          1.96875 0.5625 1.125
          2.1875 0.5625 1.125
          2.40625 0.5625 1.125
          2.625 0.5625 1.125
          2.84375 0.5625 1.125
          3.0625 0.5625 1.125
          3.28125 0.5625 1.125
          3.5 0.5625 1.125
          3.71875 0.5625 1.125
          3.9375 0.5625 1.125
          4.15625 0.5625 1.125
          4.375 0.5625 1.125
          4.59375 0.5625 1.125
          4.8125 0.5625 1.125
          5.03125 0.5625 1.125
          5.25 0.5625 1.125
          5.46875 0.5625 1.125
          5.6875 0.5625 1.125
          5.90625 0.5625 1.125
          6.125 0.5625 1.125
          6.34375 0.5625 1.125
          6.5625 0.5625 1.125
          6.78125 0.5625 1.125
          7 0.5625 1.125
          0 0.75 1.125
          0.21875 0.75 1.125
          0.4375 0.75 1.125
          0.65625 0.75 1.125
          0.875 0.75 1.125
          1.09375 0.75 1.125
          1.3125 0.75 1.125
          1.53125 0.75 1.125
          1.75 0.75 1.125
          1.96875 0.75 1.125
          2.1875 0.75 1.125
          2.40625 0.75 1.125
          2.625 0.75 1.125
          2.84375 0.75 1.125
          3.0625 0.75 1.125
          3.28125 0.75 1.125
          3.5 0.75 1.125
          3.71875 0.75 1.125
          3.9375 0.75 1.125
          4.15625 0.75 1.125
          4.375 0.75 1.125
          4.59375 0.75 1.125
          4.8125 0.75 1.125
          5.03125 0.75 1.125
          5.25 0.75 1.125
          5.46875 0.75 1.125
          5.6875 0.75 1.125
          5.90625 0.75 1.125
          6.125 0.75 1.125
          6.34375 0.75 1.125
          6.5625 0.75 1.125
          6.78125 0.75 1.125
          7 0.75 1.125
          0 0.9375 1.125
          0.21875 0.9375 1.125
          0.4375 0.9375 1.125
          0.65625 0.9375 1.125
          0.875 0.9375 1.125
          1.09375 0.9375 1.125
          1.3125 0.9375 1.125
          1.53125 0.9375 1.125
          1.75 0.9375 1.125
          1.96875 0.9375 1.125
          2.1875 0.9375 1.125
          2.40625 0.9375 1.125
          2.625 0.9375 1.125
          2.84375 0.9375 1.125
          3.0625 0.9375 1.125
          3.28125 0.9375 1.125
          3.5 0.9375 1.125
          3.71875 0.9375 1.125
          3.9375 0.9375 1.125
          4.15625 0.9375 1.125
          4.375 0.9375 1.125
          4.59375 0.9375 1.125
          4.8125 0.9375 1.125
          5.03125 0.9375 1.125
          5.25 0.9375 1.125
          5.46875 0.9375 1.125
          5.6875 0.9375 1.125
          5.90625 0.9375 1.125
          6.125 0.9375 1.125
          6.34375 0.9375 1.125
          6.5625 0.9375 1.125
          6.78125 0.9375 1.125
          7 0.9375 1.125
          0 1.125 1.125
          0.21875 1.125 1.125
          0.4375 1.125 1.125
          0.65625 1.125 1.125
          0.875 1.125 1.125
          1.09375 1.125 1.125
          1.3125 1.125 1.125
          1.53125 1.125 1.125
          1.75 1.125 1.125
          1.96875 1.125 1.125
          2.1875 1.125 1.125
          2.40625 1.125 1.125
          2.625 1.125 1.125
          2.84375 1.125 1.125
          3.0625 1.125 1.125
          3.28125 1.125 1.125
          3.5 1.125 1.125
          3.71875 1.125 1.125
          3.9375 1.125 1.125
          4.15625 1.125 1.125
          4.375 1.125 1.125
          4.59375 1.125 1.125
          4.8125 1.125 1.125
          5.03125 1.125 1.125
          5.25 1.125 1.125
          5.46875 1.125 1.125
          5.6875 1.125 1.125
          5.90625 1.125 1.125
          6.125 1.125 1.125
          6.34375 1.125 1.125
          6.5625 1.125 1.125
          6.78125 1.125 1.125
          7 1.125 1.125
          0 1.3125 1.125
          0.21875 1.3125 1.125
          0.4375 1.3125 1.125
          0.65625 1.3125 1.125
          0.875 1.3125 1.125
          1.09375 1.3125 1.125
          1.3125 1.3125 1.125
          1.53125 1.3125 1.125
          1.75 1.3125 1.125
          1.96875 1.3125 1.125
          2.1875 1.3125 1.125
          2.40625 1.3125 1.125
          2.625 1.3125 1.125
          2.84375 1.3125 1.125
          3.0625 1.3125 1.125
          3.28125 1.3125 1.125
          3.5 1.3125 1.125
          3.71875 1.3125 1.125
          3.9375 1.3125 1.125
          4.15625 1.3125 1.125
          4.375 1.3125 1.125
          4.59375 1.3125 1.125
          4.8125 1.3125 1.125
          5.03125 1.3125 1.125
          5.25 1.3125 1.125
          5.46875 1.3125 1.125
          5.6875 1.3125 1.125
          5.90625 1.3125 1.125
          6.125 1.3125 1.125
          6.34375 1.3125 1.125
          6.5625 1.3125 1.125
          6.78125 1.3125 1.125
          7 1.3125 1.125
          0 1.5 1.125
          0.21875 1.5 1.125
          0.4375 1.5 1.125
          0.65625 1.5 1.125
          0.875 1.5 1.125
          1.09375 1.5 1.125
          1.3125 1.5 1.125
          1.53125 1.5 1.125
          1.75 1.5 1.125
          1.96875 1.5 1.125
          2.1875 1.5 1.125
          2.40625 1.5 1.125
          2.625 1.5 1.125
          2.84375 1.5 1.125
          3.0625 1.5 1.125
          3.28125 1.5 1.125
          3.5 1.5 1.125
          3.71875 1.5 1.125
          3.9375 1.5 1.125
          4.15625 1.5 1.125
          4.375 1.5 1.125
          4.59375 1.5 1.125
          4.8125 1.5 1.125
          5.03125 1.5 1.125
          5.25 1.5 1.125
          5.46875 1.5 1.125
          5.6875 1.5 1.125
          5.90625 1.5 1.125
          6.125 1.5 1.125
          6.34375 1.5 1.125
          6.5625 1.5 1.125
          6.78125 1.5 1.125
          7 1.5 1.125
          0 1.6875 1.125
          0.21875 1.6875 1.125
          0.4375 1.6875 1.125
          0.65625 1.6875 1.125
          0.875 1.6875 1.125
          1.09375 1.6875 1.125
          1.3125 1.6875 1.125
          1.53125 1.6875 1.125
          1.75 1.6875 1.125
          1.96875 1.6875 1.125
          2.1875 1.6875 1.125
          2.40625 1.6875 1.125
          2.625 1.6875 1.125
          2.84375 1.6875 1.125
          3.0625 1.6875 1.125
          3.28125 1.6875 1.125
          3.5 1.6875 1.125
          3.71875 1.6875 1.125
          3.9375 1.6875 1.125
          4.15625 1.6875 1.125
          4.375 1.6875 1.125
          4.59375 1.6875 1.125
          4.8125 1.6875 1.125
          5.03125 1.6875 1.125
          5.25 1.6875 1.125
          5.46875 1.6875 1.125
          5.6875 1.6875 1.125
          5.90625 1.6875 1.125
          6.125 1.6875 1.125
          6.34375 1.6875 1.125
          6.5625 1.6875 1.125
          6.78125 1.6875 1.125
          7 1.6875 1.125
          0 1.875 1.125
          0.21875 1.875 1.125
          0.4375 1.875 1.125
          0.65625 1.875 1.125
          0.875 1.875 1.125
          1.09375 1.875 1.125
          1.3125 1.875 1.125
          1.53125 1.875 1.125
          1.75 1.875 1.125
          1.96875 1.875 1.125
          2.1875 1.875 1.125
          2.40625 1.875 1.125
          2.625 1.875 1.125
          2.84375 1.875 1.125
          3.0625 1.875 1.125
          3.28125 1.875 1.125
          3.5 1.875 1.125
          3.71875 1.875 1.125
          3.9375 1.875 1.125
          4.15625 1.875 1.125
          4.375 1.875 1.125
          4.59375 1.875 1.125
          4.8125 1.875 1.125
          5.03125 1.875 1.125
          5.25 1.875 1.125
          5.46875 1.875 1.125
          5.6875 1.875 1.125
          5.90625 1.875 1.125
          6.125 1.875 1.125
          6.34375 1.875 1.125
          6.5625 1.875 1.125
          6.78125 1.875 1.125
          7 1.875 1.125
          0 2.0625 1.125
          0.21875 2.0625 1.125
          0.4375 2.0625 1.125
          0.65625 2.0625 1.125
          0.875 2.0625 1.125
          1.09375 2.0625 1.125
          1.3125 2.0625 1.125
          1.53125 2.0625 1.125
          1.75 2.0625 1.125
          1.96875 2.0625 1.125
          2.1875 2.0625 1.125
          2.40625 2.0625 1.125
          2.625 2.0625 1.125
          2.84375 2.0625 1.125
          3.0625 2.0625 1.125
          3.28125 2.0625 1.125
          3.5 2.0625 1.125
          3.71875 2.0625 1.125
          3.9375 2.0625 1.125
          4.15625 2.0625 1.125
          4.375 2.0625 1.125
          4.59375 2.0625 1.125
          4.8125 2.0625 1.125
          5.03125 2.0625 1.125
          5.25 2.0625 1.125
          5.46875 2.0625 1.125
          5.6875 2.0625 1.125
          5.90625 2.0625 1.125
          6.125 2.0625 1.125
          6.34375 2.0625 1.125
          6.5625 2.0625 1.125
          6.78125 2.0625 1.125
          7 2.0625 1.125
          0 2.25 1.125
          0.21875 2.25 1.125
          0.4375 2.25 1.125
          0.65625 2.25 1.125
          0.875 2.25 1.125
          1.09375 2.25 1.125
          1.3125 2.25 1.125
          1.53125 2.25 1.125
          1.75 2.25 1.125
          1.96875 2.25 1.125
          2.1875 2.25 1.125
          2.40625 2.25 1.125
          2.625 2.25 1.125
          2.84375 2.25 1.125
          3.0625 2.25 1.125
          3.28125 2.25 1.125
          3.5 2.25 1.125
          3.71875 2.25 1.125
          3.9375 2.25 1.125
          4.15625 2.25 1.125
          4.375 2.25 1.125
          4.59375 2.25 1.125
          4.8125 2.25 1.125
          5.03125 2.25 1.125
          5.25 2.25 1.125
          5.46875 2.25 1.125
          5.6875 2.25 1.125
          5.90625 2.25 1.125
          6.125 2.25 1.125
          6.34375 2.25 1.125
          6.5625 2.25 1.125
          6.78125 2.25 1.125
          7 2.25 1.125
          0 2.4375 1.125
          0.21875 2.4375 1.125
          0.4375 2.4375 1.125
          0.65625 2.4375 1.125
          0.875 2.4375 1.125
          1.09375 2.4375 1.125
          1.3125 2.4375 1.125
          1.53125 2.4375 1.125
          1.75 2.4375 1.125
          1.96875 2.4375 1.125
          2.1875 2.4375 1.125
          2.40625 2.4375 1.125
          2.625 2.4375 1.125
          2.84375 2.4375 1.125
          3.0625 2.4375 1.125
          3.28125 2.4375 1.125
          3.5 2.4375 1.125
          3.71875 2.4375 1.125
          3.9375 2.4375 1.125
          4.15625 2.4375 1.125
          4.375 2.4375 1.125
          4.59375 2.4375 1.125
          4.8125 2.4375 1.125
          5.03125 2.4375 1.125
          5.25 2.4375 1.125
          5.46875 2.4375 1.125
          5.6875 2.4375 1.125
          5.90625 2.4375 1.125
          6.125 2.4375 1.125
          6.34375 2.4375 1.125
          6.5625 2.4375 1.125
          6.78125 2.4375 1.125
          7 2.4375 1.125
          0 2.625 1.125
          0.21875 2.625 1.125
          0.4375 2.625 1.125
          0.65625 2.625 1.125
          0.875 2.625 1.125
          1.09375 2.625 1.125
          1.3125 2.625 1.125
          1.53125 2.625 1.125
          1.75 2.625 1.125
          1.96875 2.625 1.125
          2.1875 2.625 1.125
          2.40625 2.625 1.125
          2.625 2.625 1.125
          2.84375 2.625 1.125
          3.0625 2.625 1.125
          3.28125 2.625 1.125
          3.5 2.625 1.125
          3.71875 2.625 1.125
          3.9375 2.625 1.125
          4.15625 2.625 1.125
          4.375 2.625 1.125
          4.59375 2.625 1.125
          4.8125 2.625 1.125
          5.03125 2.625 1.125
          5.25 2.625 1.125
          5.46875 2.625 1.125
          5.6875 2.625 1.125
          5.90625 2.625 1.125
          6.125 2.625 1.125
          6.34375 2.625 1.125
          6.5625 2.625 1.125
          6.78125 2.625 1.125
          7 2.625 1.125
          0 2.8125 1.125
          0.21875 2.8125 1.125
          0.4375 2.8125 1.125
          0.65625 2.8125 1.125
          0.875 2.8125 1.125
          1.09375 2.8125 1.125
          1.3125 2.8125 1.125
          1.53125 2.8125 1.125
          1.75 2.8125 1.125
          1.96875 2.8125 1.125
          2.1875 2.8125 1.125
          2.40625 2.8125 1.125
          2.625 2.8125 1.125
          2.84375 2.8125 1.125
          3.0625 2.8125 1.125
          3.28125 2.8125 1.125
          3.5 2.8125 1.125
          3.71875 2.8125 1.125
          3.9375 2.8125 1.125
          4.15625 2.8125 1.125
          4.375 2.8125 1.125
          4.59375 2.8125 1.125
          4.8125 2.8125 1.125
          5.03125 2.8125 1.125
          5.25 2.8125 1.125
          5.46875 2.8125 1.125
          5.6875 2.8125 1.125
          5.90625 2.8125 1.125
          6.125 2.8125 1.125
          6.34375 2.8125 1.125
          6.5625 2.8125 1.125
          6.78125 2.8125 1.125
          7 2.8125 1.125
          0 3 1.125
          0.21875 3 1.125
          0.4375 3 1.125
          0.65625 3 1.125
          0.875 3 1.125
          1.09375 3 1.125
          1.3125 3 1.125
          1.53125 3 1.125
          1.75 3 1.125
          1.96875 3 1.125
          2.1875 3 1.125
          2.40625 3 1.125
          2.625 3 1.125
          2.84375 3 1.125
          3.0625 3 1.125
          3.28125 3 1.125
          3.5 3 1.125
          3.71875 3 1.125
          3.9375 3 1.125
          4.15625 3 1.125
          4.375 3 1.125
          4.59375 3 1.125
          4.8125 3 1.125
          5.03125 3 1.125
          5.25 3 1.125
          5.46875 3 1.125
          5.6875 3 1.125
          5.90625 3 1.125
          6.125 3 1.125
          6.34375 3 1.125
          6.5625 3 1.125
          6.78125 3 1.125
          7 3 1.125
          0 0 1.3125
          0.21875 0 1.3125
          0.4375 0 1.3125
          0.65625 0 1.3125
          0.875 0 1.3125
          1.09375 0 1.3125
          1.3125 0 1.3125
          1.53125 0 1.3125
          1.75 0 1.3125
          1.96875 0 1.3125
          2.1875 0 1.3125
          2.40625 0 1.3125
          2.625 0 1.3125
          2.84375 0 1.3125
          3.0625 0 1.3125
          3.28125 0 1.3125
          3.5 0 1.3125
          3.71875 0 1.3125
          3.9375 0 1.3125
          4.15625 0 1.3125
          4.375 0 1.3125
          4.59375 0 1.3125
          4.8125 0 1.3125
          5.03125 0 1.3125
          5.25 0 1.3125
          5.46875 0 1.3125
          5.6875 0 1.3125
          5.90625 0 1.3125
          6.125 0 1.3125
          6.34375 0 1.3125
          6.5625 0 1.3125
          6.78125 0 1.3125
          7 0 1.3125
          0 0.1875 1.3125
          0.21875 0.1875 1.3125
          0.4375 0.1875 1.3125
          0.65625 0.1875 1.3125
          0.875 0.1875 1.3125
          1.09375 0.1875 1.3125
          1.3125 0.1875 1.3125
          1.53125 0.1875 1.3125
          1.75 0.1875 1.3125
          1.96875 0.1875 1.3125
          2.1875 0.1875 1.3125
          2.40625 0.1875 1.3125
          2.625 0.1875 1.3125
          2.84375 0.1875 1.3125
          3.0625 0.1875 1.3125
          3.28125 0.1875 1.3125
          3.5 0.1875 1.3125
          3.71875 0.1875 1.3125
          3.9375 0.1875 1.3125
          4.15625 0.1875 1.3125
          4.375 0.1875 1.3125
          4.59375 0.1875 1.3125
          4.8125 0.1875 1.3125
          5.03125 0.1875 1.3125
          5.25 0.1875 1.3125
          5.46875 0.1875 1.3125
          5.6875 0.1875 1.3125
          5.90625 0.1875 1.3125
          6.125 0.1875 1.3125
          6.34375 0.1875 1.3125
          6.5625 0.1875 1.3125
          6.78125 0.1875 1.3125
          7 0.1875 1.3125
          0 0.375 1.3125
          0.21875 0.375 1.3125
          0.4375 0.375 1.3125
          0.65625 0.375 1.3125
          0.875 0.375 1.3125
          1.09375 0.375 1.3125
          1.3125 0.375 1.3125
          1.53125 0.375 1.3125
          1.75 0.375 1.3125
          1.96875 0.375 1.3125
          2.1875 0.375 1.3125
          2.40625 0.375 1.3125
          2.625 0.375 1.3125
          2.84375 0.375 1.3125
          3.0625 0.375 1.3125
          3.28125 0.375 1.3125
          3.5 0.375 1.3125
          3.71875 0.375 1.3125
          3.9375 0.375 1.3125
          4.15625 0.375 1.3125
          4.375 0.375 1.3125
          4.59375 0.375 1.3125
          4.8125 0.375 1.3125
          5.03125 0.375 1.3125
          5.25 0.375 1.3125
          5.46875 0.375 1.3125
          5.6875 0.375 1.3125
          5.90625 0.375 1.3125
          6.125 0.375 1.3125
          6.34375 0.375 1.3125
          6.5625 0.375 1.3125
          6.78125 0.375 1.3125
          7 0.375 1.3125
          0 0.5625 1.3125
          0.21875 0.5625 1.3125
          0.4375 0.5625 1.3125
          0.65625 0.5625 1.3125
          0.875 0.5625 1.3125
          1.09375 0.5625 1.3125
          1.3125 0.5625 1.3125
          1.53125 0.5625 1.3125
          1.75 0.5625 1.3125
          1.96875 0.5625 1.3125
          2.1875 0.5625 1.3125
          2.40625 0.5625 1.3125
          2.625 0.5625 1.3125
          2.84375 0.5625 1.3125
          3.0625 0.5625 1.3125
          3.28125 0.5625 1.3125
          3.5 0.5625 1.3125
          3.71875 0.5625 1.3125
          3.9375 0.5625 1.3125
          4.15625 0.5625 1.3125
          4.375 0.5625 1.3125
          4.59375 0.5625 1.3125
          4.8125 0.5625 1.3125
          5.03125 0.5625 1.3125
          5.25 0.5625 1.3125
          5.46875 0.5625 1.3125
          5.6875 0.5625 1.3125
          5.90625 0.5625 1.3125
          6.125 0.5625 1.3125
          6.34375 0.5625 1.3125
          6.5625 0.5625 1.3125
          6.78125 0.5625 1.3125
          7 0.5625 1.3125
          0 0.75 1.3125
          0.21875 0.75 1.3125
          0.4375 0.75 1.3125
          0.65625 0.75 1.3125
          0.875 0.75 1.3125
          1.09375 0.75 1.3125
          1.3125 0.75 1.3125
          1.53125 0.75 1.3125
          1.75 0.75 1.3125
          1.96875 0.75 1.3125
          2.1875 0.75 1.3125
          2.40625 0.75 1.3125
          2.625 0.75 1.3125
          2.84375 0.75 1.3125
          3.0625 0.75 1.3125
          3.28125 0.75 1.3125
          3.5 0.75 1.3125
          3.71875 0.75 1.3125
          3.9375 0.75 1.3125
          4.15625 0.75 1.3125
          4.375 0.75 1.3125
          4.59375 0.75 1.3125
          4.8125 0.75 1.3125
          5.03125 0.75 1.3125
          5.25 0.75 1.3125
          5.46875 0.75 1.3125
          5.6875 0.75 1.3125
          5.90625 0.75 1.3125
          6.125 0.75 1.3125
          6.34375 0.75 1.3125
          6.5625 0.75 1.3125
          6.78125 0.75 1.3125
          7 0.75 1.3125
          0 0.9375 1.3125
          0.21875 0.9375 1.3125
          0.4375 0.9375 1.3125
          0.65625 0.9375 1.3125
          0.875 0.9375 1.3125
          1.09375 0.9375 1.3125
          1.3125 0.9375 1.3125
          1.53125 0.9375 1.3125
          1.75 0.9375 1.3125
          1.96875 0.9375 1.3125
          2.1875 0.9375 1.3125
          2.40625 0.9375 1.3125
          2.625 0.9375 1.3125
          2.84375 0.9375 1.3125
          3.0625 0.9375 1.3125
          3.28125 0.9375 1.3125
          3.5 0.9375 1.3125
          3.71875 0.9375 1.3125
          3.9375 0.9375 1.3125
          4.15625 0.9375 1.3125
          4.375 0.9375 1.3125
          4.59375 0.9375 1.3125
          4.8125 0.9375 1.3125
          5.03125 0.9375 1.3125
          5.25 0.9375 1.3125
          5.46875 0.9375 1.3125
          5.6875 0.9375 1.3125
          5.90625 0.9375 1.3125
          6.125 0.9375 1.3125
          6.34375 0.9375 1.3125
          6.5625 0.9375 1.3125
          6.78125 0.9375 1.3125
          7 0.9375 1.3125
          0 1.125 1.3125
          0.21875 1.125 1.3125
          0.4375 1.125 1.3125
          0.65625 1.125 1.3125
          0.875 1.125 1.3125
          1.09375 1.125 1.3125
          1.3125 1.125 1.3125
          1.53125 1.125 1.3125
          1.75 1.125 1.3125
          1.96875 1.125 1.3125
          2.1875 1.125 1.3125
          2.40625 1.125 1.3125
          2.625 1.125 1.3125
          2.84375 1.125 1.3125
          3.0625 1.125 1.3125
          3.28125 1.125 1.3125
          3.5 1.125 1.3125
          3.71875 1.125 1.3125
          3.9375 1.125 1.3125
          4.15625 1.125 1.3125
          4.375 1.125 1.3125
          4.59375 1.125 1.3125
          4.8125 1.125 1.3125
          5.03125 1.125 1.3125
          5.25 1.125 1.3125
          5.46875 1.125 1.3125
          5.6875 1.125 1.3125
          5.90625 1.125 1.3125
          6.125 1.125 1.3125
          6.34375 1.125 1.3125
          6.5625 1.125 1.3125
          6.78125 1.125 1.3125
          7 1.125 1.3125
          0 1.3125 1.3125
          0.21875 1.3125 1.3125
          0.4375 1.3125 1.3125
          0.65625 1.3125 1.3125
          0.875 1.3125 1.3125
          1.09375 1.3125 1.3125
          1.3125 1.3125 1.3125
          1.53125 1.3125 1.3125
          1.75 1.3125 1.3125
          1.96875 1.3125 1.3125
          2.1875 1.3125 1.3125
          2.40625 1.3125 1.3125
          2.625 1.3125 1.3125
          2.84375 1.3125 1.3125
          3.0625 1.3125 1.3125
          3.28125 1.3125 1.3125
          3.5 1.3125 1.3125
          3.71875 1.3125 1.3125
          3.9375 1.3125 1.3125
          4.15625 1.3125 1.3125
          4.375 1.3125 1.3125
          4.59375 1.3125 1.3125
          4.8125 1.3125 1.3125
          5.03125 1.3125 1.3125
          5.25 1.3125 1.3125
          5.46875 1.3125 1.3125
          5.6875 1.3125 1.3125
          5.90625 1.3125 1.3125
          6.125 1.3125 1.3125
          6.34375 1.3125 1.3125
          6.5625 1.3125 1.3125
          6.78125 1.3125 1.3125
          7 1.3125 1.3125
          0 1.5 1.3125
          0.21875 1.5 1.3125
          0.4375 1.5 1.3125
          0.65625 1.5 1.3125
          0.875 1.5 1.3125
          1.09375 1.5 1.3125
          1.3125 1.5 1.3125
          1.53125 1.5 1.3125
          1.75 1.5 1.3125
          1.96875 1.5 1.3125
          2.1875 1.5 1.3125
          2.40625 1.5 1.3125
          2.625 1.5 1.3125
          2.84375 1.5 1.3125
          3.0625 1.5 1.3125
          3.28125 1.5 1.3125
          3.5 1.5 1.3125
          3.71875 1.5 1.3125
          3.9375 1.5 1.3125
          4.15625 1.5 1.3125
          4.375 1.5 1.3125
          4.59375 1.5 1.3125
          4.8125 1.5 1.3125
          5.03125 1.5 1.3125
          5.25 1.5 1.3125
          5.46875 1.5 1.3125
          5.6875 1.5 1.3125
          5.90625 1.5 1.3125
          6.125 1.5 1.3125
          6.34375 1.5 1.3125
          6.5625 1.5 1.3125
          6.78125 1.5 1.3125
          7 1.5 1.3125
          0 1.6875 1.3125
          0.21875 1.6875 1.3125
          0.4375 1.6875 1.3125
          0.65625 1.6875 1.3125
          0.875 1.6875 1.3125
          1.09375 1.6875 1.3125
          1.3125 1.6875 1.3125
          1.53125 1.6875 1.3125
          1.75 1.6875 1.3125
          1.96875 1.6875 1.3125
          2.1875 1.6875 1.3125
          2.40625 1.6875 1.3125
          2.625 1.6875 1.3125
          2.84375 1.6875 1.3125
          3.0625 1.6875 1.3125
          3.28125 1.6875 1.3125
          3.5 1.6875 1.3125
          3.71875 1.6875 1.3125
          3.9375 1.6875 1.3125
          4.15625 1.6875 1.3125
          4.375 1.6875 1.3125
          4.59375 1.6875 1.3125
          4.8125 1.6875 1.3125
          5.03125 1.6875 1.3125
          5.25 1.6875 1.3125
          5.46875 1.6875 1.3125
          5.6875 1.6875 1.3125
          5.90625 1.6875 1.3125
          6.125 1.6875 1.3125
          6.34375 1.6875 1.3125
          6.5625 1.6875 1.3125
          6.78125 1.6875 1.3125
          7 1.6875 1.3125
          0 1.875 1.3125
          0.21875 1.875 1.3125
          0.4375 1.875 1.3125
          0.65625 1.875 1.3125
          0.875 1.875 1.3125
          1.09375 1.875 1.3125
          1.3125 1.875 1.3125
          1.53125 1.875 1.3125
          1.75 1.875 1.3125
          1.96875 1.875 1.3125
          2.1875 1.875 1.3125
          2.40625 1.875 1.3125
          2.625 1.875 1.3125
          2.84375 1.875 1.3125
          3.0625 1.875 1.3125
          3.28125 1.875 1.3125
          3.5 1.875 1.3125
          3.71875 1.875 1.3125
          3.9375 1.875 1.3125
          4.15625 1.875 1.3125
          4.375 1.875 1.3125
          4.59375 1.875 1.3125
          4.8125 1.875 1.3125
          5.03125 1.875 1.3125
          5.25 1.875 1.3125
          5.46875 1.875 1.3125
          5.6875 1.875 1.3125
          5.90625 1.875 1.3125
          6.125 1.875 1.3125
          6.34375 1.875 1.3125
          6.5625 1.875 1.3125
          6.78125 1.875 1.3125
          7 1.875 1.3125
          0 2.0625 1.3125
          0.21875 2.0625 1.3125
          0.4375 2.0625 1.3125
          0.65625 2.0625 1.3125
          0.875 2.0625 1.3125
          1.09375 2.0625 1.3125
          1.3125 2.0625 1.3125
          1.53125 2.0625 1.3125
          1.75 2.0625 1.3125
          1.96875 2.0625 1.3125
          2.1875 2.0625 1.3125
          2.40625 2.0625 1.3125
          2.625 2.0625 1.3125
          2.84375 2.0625 1.3125
          3.0625 2.0625 1.3125
          3.28125 2.0625 1.3125
          3.5 2.0625 1.3125
          3.71875 2.0625 1.3125
          3.9375 2.0625 1.3125
          4.15625 2.0625 1.3125
          4.375 2.0625 1.3125
          4.59375 2.0625 1.3125
          4.8125 2.0625 1.3125
          5.03125 2.0625 1.3125
          5.25 2.0625 1.3125
          5.46875 2.0625 1.3125
          5.6875 2.0625 1.3125
          5.90625 2.0625 1.3125
          6.125 2.0625 1.3125
          6.34375 2.0625 1.3125
          6.5625 2.0625 1.3125
          6.78125 2.0625 1.3125
          7 2.0625 1.3125
          0 2.25 1.3125
          0.21875 2.25 1.3125
          0.4375 2.25 1.3125
          0.65625 2.25 1.3125
          0.875 2.25 1.3125
          1.09375 2.25 1.3125
          1.3125 2.25 1.3125
          1.53125 2.25 1.3125
          1.75 2.25 1.3125
          1.96875 2.25 1.3125
          2.1875 2.25 1.3125
          2.40625 2.25 1.3125
          2.625 2.25 1.3125
          2.84375 2.25 1.3125
          3.0625 2.25 1.3125
          3.28125 2.25 1.3125
          3.5 2.25 1.3125
          3.71875 2.25 1.3125
          3.9375 2.25 1.3125
          4.15625 2.25 1.3125
          4.375 2.25 1.3125
          4.59375 2.25 1.3125
          4.8125 2.25 1.3125
          5.03125 2.25 1.3125
          5.25 2.25 1.3125
          5.46875 2.25 1.3125
          5.6875 2.25 1.3125
          5.90625 2.25 1.3125
          6.125 2.25 1.3125
          6.34375 2.25 1.3125
          6.5625 2.25 1.3125
          6.78125 2.25 1.3125
          7 2.25 1.3125
          0 2.4375 1.3125
          0.21875 2.4375 1.3125
          0.4375 2.4375 1.3125
          0.65625 2.4375 1.3125
          0.875 2.4375 1.3125
          1.09375 2.4375 1.3125
          1.3125 2.4375 1.3125
          1.53125 2.4375 1.3125
          1.75 2.4375 1.3125
          1.96875 2.4375 1.3125
          2.1875 2.4375 1.3125
          2.40625 2.4375 1.3125
          2.625 2.4375 1.3125
          2.84375 2.4375 1.3125
          3.0625 2.4375 1.3125
          3.28125 2.4375 1.3125
          3.5 2.4375 1.3125
          3.71875 2.4375 1.3125
          3.9375 2.4375 1.3125
          4.15625 2.4375 1.3125
          4.375 2.4375 1.3125
          4.59375 2.4375 1.3125
          4.8125 2.4375 1.3125
          5.03125 2.4375 1.3125
          5.25 2.4375 1.3125
          5.46875 2.4375 1.3125
          5.6875 2.4375 1.3125
          5.90625 2.4375 1.3125
          6.125 2.4375 1.3125
          6.34375 2.4375 1.3125
          6.5625 2.4375 1.3125
          6.78125 2.4375 1.3125
          7 2.4375 1.3125
          0 2.625 1.3125
          0.21875 2.625 1.3125
          0.4375 2.625 1.3125
          0.65625 2.625 1.3125
          0.875 2.625 1.3125
          1.09375 2.625 1.3125
          1.3125 2.625 1.3125
          1.53125 2.625 1.3125
          1.75 2.625 1.3125
          1.96875 2.625 1.3125
          2.1875 2.625 1.3125
          2.40625 2.625 1.3125
          2.625 2.625 1.3125
          2.84375 2.625 1.3125
          3.0625 2.625 1.3125
          3.28125 2.625 1.3125
          3.5 2.625 1.3125
          3.71875 2.625 1.3125
          3.9375 2.625 1.3125
          4.15625 2.625 1.3125
          4.375 2.625 1.3125
          4.59375 2.625 1.3125
          4.8125 2.625 1.3125
          5.03125 2.625 1.3125
          5.25 2.625 1.3125
          5.46875 2.625 1.3125
          5.6875 2.625 1.3125
          5.90625 2.625 1.3125
          6.125 2.625 1.3125
          6.34375 2.625 1.3125
          6.5625 2.625 1.3125
          6.78125 2.625 1.3125
          7 2.625 1.3125
          0 2.8125 1.3125
          0.21875 2.8125 1.3125
          0.4375 2.8125 1.3125
          0.65625 2.8125 1.3125
          0.875 2.8125 1.3125
          1.09375 2.8125 1.3125
          1.3125 2.8125 1.3125
          1.53125 2.8125 1.3125
          1.75 2.8125 1.3125
          1.96875 2.8125 1.3125
          2.1875 2.8125 1.3125
          2.40625 2.8125 1.3125
          2.625 2.8125 1.3125
          2.84375 2.8125 1.3125
          3.0625 2.8125 1.3125
          3.28125 2.8125 1.3125
          3.5 2.8125 1.3125
          3.71875 2.8125 1.3125
          3.9375 2.8125 1.3125
          4.15625 2.8125 1.3125
          4.375 2.8125 1.3125
          4.59375 2.8125 1.3125
          4.8125 2.8125 1.3125
          5.03125 2.8125 1.3125
          5.25 2.8125 1.3125
          5.46875 2.8125 1.3125
          5.6875 2.8125 1.3125
          5.90625 2.8125 1.3125
          6.125 2.8125 1.3125
          6.34375 2.8125 1.3125
          6.5625 2.8125 1.3125
          6.78125 2.8125 1.3125
          7 2.8125 1.3125
          0 3 1.3125
          0.21875 3 1.3125
          0.4375 3 1.3125
          0.65625 3 1.3125
          0.875 3 1.3125
          1.09375 3 1.3125
          1.3125 3 1.3125
          1.53125 3 1.3125
          1.75 3 1.3125
          1.96875 3 1.3125
          2.1875 3 1.3125
          2.40625 3 1.3125
          2.625 3 1.3125
          2.84375 3 1.3125
          3.0625 3 1.3125
          3.28125 3 1.3125
          3.5 3 1.3125
          3.71875 3 1.3125
          3.9375 3 1.3125
          4.15625 3 1.3125
          4.375 3 1.3125
          4.59375 3 1.3125
          4.8125 3 1.3125
          5.03125 3 1.3125
          5.25 3 1.3125
          5.46875 3 1.3125
          5.6875 3 1.3125
          5.90625 3 1.3125
          6.125 3 1.3125
          6.34375 3 1.3125
          6.5625 3 1.3125
          6.78125 3 1.3125
          7 3 1.3125
          0 0 1.5
          0.21875 0 1.5
          0.4375 0 1.5
          0.65625 0 1.5
          0.875 0 1.5
          1.09375 0 1.5
          1.3125 0 1.5
          1.53125 0 1.5
          1.75 0 1.5
          1.96875 0 1.5
          2.1875 0 1.5
          2.40625 0 1.5
          2.625 0 1.5
          2.84375 0 1.5
          3.0625 0 1.5
          3.28125 0 1.5
          3.5 0 1.5
          3.71875 0 1.5
          3.9375 0 1.5
          4.15625 0 1.5
          4.375 0 1.5
          4.59375 0 1.5
          4.8125 0 1.5
          5.03125 0 1.5
          5.25 0 1.5
          5.46875 0 1.5
          5.6875 0 1.5
          5.90625 0 1.5
          6.125 0 1.5
          6.34375 0 1.5
          6.5625 0 1.5
          6.78125 0 1.5
          7 0 1.5
          0 0.1875 1.5
          0.21875 0.1875 1.5
          0.4375 0.1875 1.5
          0.65625 0.1875 1.5
          0.875 0.1875 1.5
          1.09375 0.1875 1.5
          1.3125 0.1875 1.5
          1.53125 0.1875 1.5
          1.75 0.1875 1.5
          1.96875 0.1875 1.5
          2.1875 0.1875 1.5
          2.40625 0.1875 1.5
          2.625 0.1875 1.5
          2.84375 0.1875 1.5
          3.0625 0.1875 1.5
          3.28125 0.1875 1.5
          3.5 0.1875 1.5
          3.71875 0.1875 1.5
          3.9375 0.1875 1.5
          4.15625 0.1875 1.5
          4.375 0.1875 1.5
          4.59375 0.1875 1.5
          4.8125 0.1875 1.5
          5.03125 0.1875 1.5
          5.25 0.1875 1.5
          5.46875 0.1875 1.5
          5.6875 0.1875 1.5
          5.90625 0.1875 1.5
          6.125 0.1875 1.5
          6.34375 0.1875 1.5
          6.5625 0.1875 1.5
          6.78125 0.1875 1.5
          7 0.1875 1.5
          0 0.375 1.5
          0.21875 0.375 1.5
          0.4375 0.375 1.5
          0.65625 0.375 1.5
          0.875 0.375 1.5
          1.09375 0.375 1.5
          1.3125 0.375 1.5
          1.53125 0.375 1.5
          1.75 0.375 1.5
          1.96875 0.375 1.5
          2.1875 0.375 1.5
          2.40625 0.375 1.5
          2.625 0.375 1.5
          2.84375 0.375 1.5
          3.0625 0.375 1.5
          3.28125 0.375 1.5
          3.5 0.375 1.5
          3.71875 0.375 1.5
          3.9375 0.375 1.5
          4.15625 0.375 1.5
          4.375 0.375 1.5
          4.59375 0.375 1.5
          4.8125 0.375 1.5
          5.03125 0.375 1.5
          5.25 0.375 1.5
          5.46875 0.375 1.5
          5.6875 0.375 1.5
          5.90625 0.375 1.5
          6.125 0.375 1.5
          6.34375 0.375 1.5
          6.5625 0.375 1.5
          6.78125 0.375 1.5
          7 0.375 1.5
          0 0.5625 1.5
          0.21875 0.5625 1.5
          0.4375 0.5625 1.5
          0.65625 0.5625 1.5
          0.875 0.5625 1.5
          1.09375 0.5625 1.5
          1.3125 0.5625 1.5
          1.53125 0.5625 1.5
          1.75 0.5625 1.5
          1.96875 0.5625 1.5
          2.1875 0.5625 1.5
          2.40625 0.5625 1.5
          2.625 0.5625 1.5
          2.84375 0.5625 1.5
          3.0625 0.5625 1.5
          3.28125 0.5625 1.5
          3.5 0.5625 1.5
          3.71875 0.5625 1.5
          3.9375 0.5625 1.5
          4.15625 0.5625 1.5
          4.375 0.5625 1.5
          4.59375 0.5625 1.5
          4.8125 0.5625 1.5
          5.03125 0.5625 1.5
          5.25 0.5625 1.5
          5.46875 0.5625 1.5
          5.6875 0.5625 1.5
          5.90625 0.5625 1.5
          6.125 0.5625 1.5
          6.34375 0.5625 1.5
          6.5625 0.5625 1.5
          6.78125 0.5625 1.5
          7 0.5625 1.5
          0 0.75 1.5
          0.21875 0.75 1.5
          0.4375 0.75 1.5
          0.65625 0.75 1.5
          0.875 0.75 1.5
          1.09375 0.75 1.5
          1.3125 0.75 1.5
          1.53125 0.75 1.5
          1.75 0.75 1.5
          1.96875 0.75 1.5
          2.1875 0.75 1.5
          2.40625 0.75 1.5
          2.625 0.75 1.5
          2.84375 0.75 1.5
          3.0625 0.75 1.5
          3.28125 0.75 1.5
          3.5 0.75 1.5
          3.71875 0.75 1.5
          3.9375 0.75 1.5
          4.15625 0.75 1.5
          4.375 0.75 1.5
          4.59375 0.75 1.5
          4.8125 0.75 1.5
          5.03125 0.75 1.5
          5.25 0.75 1.5
          5.46875 0.75 1.5
          5.6875 0.75 1.5
          5.90625 0.75 1.5
          6.125 0.75 1.5
          6.34375 0.75 1.5
          6.5625 0.75 1.5
          6.78125 0.75 1.5
          7 0.75 1.5
          0 0.9375 1.5
          0.21875 0.9375 1.5
          0.4375 0.9375 1.5
          0.65625 0.9375 1.5
          0.875 0.9375 1.5
          1.09375 0.9375 1.5
          1.3125 0.9375 1.5
          1.53125 0.9375 1.5
          1.75 0.9375 1.5
          1.96875 0.9375 1.5
          2.1875 0.9375 1.5
          2.40625 0.9375 1.5
          2.625 0.9375 1.5
          2.84375 0.9375 1.5
          3.0625 0.9375 1.5
          3.28125 0.9375 1.5
          3.5 0.9375 1.5
          3.71875 0.9375 1.5
          3.9375 0.9375 1.5
          4.15625 0.9375 1.5
          4.375 0.9375 1.5
          4.59375 0.9375 1.5
          4.8125 0.9375 1.5
          5.03125 0.9375 1.5
          5.25 0.9375 1.5
          5.46875 0.9375 1.5
          5.6875 0.9375 1.5
          5.90625 0.9375 1.5
          6.125 0.9375 1.5
          6.34375 0.9375 1.5
          6.5625 0.9375 1.5
          6.78125 0.9375 1.5
          7 0.9375 1.5
          0 1.125 1.5
          0.21875 1.125 1.5
          0.4375 1.125 1.5
          0.65625 1.125 1.5
          0.875 1.125 1.5
          1.09375 1.125 1.5
          1.3125 1.125 1.5
          1.53125 1.125 1.5
          1.75 1.125 1.5
          1.96875 1.125 1.5
          2.1875 1.125 1.5
          2.40625 1.125 1.5
          2.625 1.125 1.5
          2.84375 1.125 1.5
          3.0625 1.125 1.5
          3.28125 1.125 1.5
          3.5 1.125 1.5
          3.71875 1.125 1.5
          3.9375 1.125 1.5
          4.15625 1.125 1.5
          4.375 1.125 1.5
          4.59375 1.125 1.5
          4.8125 1.125 1.5
          5.03125 1.125 1.5
          5.25 1.125 1.5
          5.46875 1.125 1.5
          5.6875 1.125 1.5
          5.90625 1.125 1.5
          6.125 1.125 1.5
          6.34375 1.125 1.5
          6.5625 1.125 1.5
          6.78125 1.125 1.5
          7 1.125 1.5
          0 1.3125 1.5
          0.21875 1.3125 1.5
          0.4375 1.3125 1.5
          0.65625 1.3125 1.5
          0.875 1.3125 1.5
          1.09375 1.3125 1.5
          1.3125 1.3125 1.5
          1.53125 1.3125 1.5
          1.75 1.3125 1.5
          1.96875 1.3125 1.5
          2.1875 1.3125 1.5
          2.40625 1.3125 1.5
          2.625 1.3125 1.5
          2.84375 1.3125 1.5
          3.0625 1.3125 1.5
          3.28125 1.3125 1.5
          3.5 1.3125 1.5
          3.71875 1.3125 1.5
          3.9375 1.3125 1.5
          4.15625 1.3125 1.5
          4.375 1.3125 1.5
          4.59375 1.3125 1.5
          4.8125 1.3125 1.5
          5.03125 1.3125 1.5
          5.25 1.3125 1.5
          5.46875 1.3125 1.5
          5.6875 1.3125 1.5
          5.90625 1.3125 1.5
          6.125 1.3125 1.5
          6.34375 1.3125 1.5
          6.5625 1.3125 1.5
          6.78125 1.3125 1.5
          7 1.3125 1.5
          0 1.5 1.5
          0.21875 1.5 1.5
          0.4375 1.5 1.5
          0.65625 1.5 1.5
          0.875 1.5 1.5
          1.09375 1.5 1.5
          1.3125 1.5 1.5
          1.53125 1.5 1.5
          1.75 1.5 1.5
          1.96875 1.5 1.5
          2.1875 1.5 1.5
          2.40625 1.5 1.5
          2.625 1.5 1.5
          2.84375 1.5 1.5
          3.0625 1.5 1.5
          3.28125 1.5 1.5
          3.5 1.5 1.5
          3.71875 1.5 1.5
          3.9375 1.5 1.5
          4.15625 1.5 1.5
          4.375 1.5 1.5
          4.59375 1.5 1.5
          4.8125 1.5 1.5
          5.03125 1.5 1.5
          5.25 1.5 1.5
          5.46875 1.5 1.5
          5.6875 1.5 1.5
          5.90625 1.5 1.5
          6.125 1.5 1.5
          6.34375 1.5 1.5
          6.5625 1.5 1.5
          6.78125 1.5 1.5
          7 1.5 1.5
          0 1.6875 1.5
          0.21875 1.6875 1.5
          0.4375 1.6875 1.5
          0.65625 1.6875 1.5
          0.875 1.6875 1.5
          1.09375 1.6875 1.5
          1.3125 1.6875 1.5
          1.53125 1.6875 1.5
          1.75 1.6875 1.5
          1.96875 1.6875 1.5
          2.1875 1.6875 1.5
          2.40625 1.6875 1.5
          2.625 1.6875 1.5
          2.84375 1.6875 1.5
          3.0625 1.6875 1.5
          3.28125 1.6875 1.5
          3.5 1.6875 1.5
          3.71875 1.6875 1.5
          3.9375 1.6875 1.5
          4.15625 1.6875 1.5
          4.375 1.6875 1.5
          4.59375 1.6875 1.5
          4.8125 1.6875 1.5
          5.03125 1.6875 1.5
          5.25 1.6875 1.5
          5.46875 1.6875 1.5
          5.6875 1.6875 1.5
          5.90625 1.6875 1.5
          6.125 1.6875 1.5
          6.34375 1.6875 1.5
          6.5625 1.6875 1.5
          6.78125 1.6875 1.5
          7 1.6875 1.5
          0 1.875 1.5
          0.21875 1.875 1.5
          0.4375 1.875 1.5
          0.65625 1.875 1.5
          0.875 1.875 1.5
          1.09375 1.875 1.5
          1.3125 1.875 1.5
          1.53125 1.875 1.5
          1.75 1.875 1.5
          1.96875 1.875 1.5
          2.1875 1.875 1.5
          2.40625 1.875 1.5
          2.625 1.875 1.5
          2.84375 1.875 1.5
          3.0625 1.875 1.5
          3.28125 1.875 1.5
          3.5 1.875 1.5
          3.71875 1.875 1.5
          3.9375 1.875 1.5
          4.15625 1.875 1.5
          4.375 1.875 1.5
          4.59375 1.875 1.5
          4.8125 1.875 1.5
          5.03125 1.875 1.5
          5.25 1.875 1.5
          5.46875 1.875 1.5
          5.6875 1.875 1.5
          5.90625 1.875 1.5
          6.125 1.875 1.5
          6.34375 1.875 1.5
          6.5625 1.875 1.5
          6.78125 1.875 1.5
          7 1.875 1.5
          0 2.0625 1.5
          0.21875 2.0625 1.5
          0.4375 2.0625 1.5
          0.65625 2.0625 1.5
          0.875 2.0625 1.5
          1.09375 2.0625 1.5
          1.3125 2.0625 1.5
          1.53125 2.0625 1.5
          1.75 2.0625 1.5
          1.96875 2.0625 1.5
          2.1875 2.0625 1.5
          2.40625 2.0625 1.5
          2.625 2.0625 1.5
          2.84375 2.0625 1.5
          3.0625 2.0625 1.5
          3.28125 2.0625 1.5
          3.5 2.0625 1.5
          3.71875 2.0625 1.5
          3.9375 2.0625 1.5
          4.15625 2.0625 1.5
          4.375 2.0625 1.5
          4.59375 2.0625 1.5
          4.8125 2.0625 1.5
          5.03125 2.0625 1.5
          5.25 2.0625 1.5
          5.46875 2.0625 1.5
          5.6875 2.0625 1.5
          5.90625 2.0625 1.5
          6.125 2.0625 1.5
          6.34375 2.0625 1.5
          6.5625 2.0625 1.5
          6.78125 2.0625 1.5
          7 2.0625 1.5
          0 2.25 1.5
          0.21875 2.25 1.5
          0.4375 2.25 1.5
          0.65625 2.25 1.5
          0.875 2.25 1.5
          1.09375 2.25 1.5
          1.3125 2.25 1.5
          1.53125 2.25 1.5
          1.75 2.25 1.5
          1.96875 2.25 1.5
          2.1875 2.25 1.5
          2.40625 2.25 1.5
          2.625 2.25 1.5
          2.84375 2.25 1.5
          3.0625 2.25 1.5
          3.28125 2.25 1.5
          3.5 2.25 1.5
          3.71875 2.25 1.5
          3.9375 2.25 1.5
          4.15625 2.25 1.5
          4.375 2.25 1.5
          4.59375 2.25 1.5
          4.8125 2.25 1.5
          5.03125 2.25 1.5
          5.25 2.25 1.5
          5.46875 2.25 1.5
          5.6875 2.25 1.5
          5.90625 2.25 1.5
          6.125 2.25 1.5
          6.34375 2.25 1.5
          6.5625 2.25 1.5
          6.78125 2.25 1.5
          7 2.25 1.5
          0 2.4375 1.5
          0.21875 2.4375 1.5
          0.4375 2.4375 1.5
          0.65625 2.4375 1.5
          0.875 2.4375 1.5
          1.09375 2.4375 1.5
          1.3125 2.4375 1.5
          1.53125 2.4375 1.5
          1.75 2.4375 1.5
          1.96875 2.4375 1.5
          2.1875 2.4375 1.5
          2.40625 2.4375 1.5
          2.625 2.4375 1.5
          2.84375 2.4375 1.5
          3.0625 2.4375 1.5
          3.28125 2.4375 1.5
          3.5 2.4375 1.5
          3.71875 2.4375 1.5
          3.9375 2.4375 1.5
          4.15625 2.4375 1.5
          4.375 2.4375 1.5
          4.59375 2.4375 1.5
          4.8125 2.4375 1.5
          5.03125 2.4375 1.5
          5.25 2.4375 1.5
          5.46875 2.4375 1.5
          5.6875 2.4375 1.5
          5.90625 2.4375 1.5
          6.125 2.4375 1.5
          6.34375 2.4375 1.5
          6.5625 2.4375 1.5
          6.78125 2.4375 1.5
          7 2.4375 1.5
          0 2.625 1.5
          0.21875 2.625 1.5
          0.4375 2.625 1.5
          0.65625 2.625 1.5
          0.875 2.625 1.5
          1.09375 2.625 1.5
          1.3125 2.625 1.5
          1.53125 2.625 1.5
          1.75 2.625 1.5
          1.96875 2.625 1.5
          2.1875 2.625 1.5
          2.40625 2.625 1.5
          2.625 2.625 1.5
          2.84375 2.625 1.5
          3.0625 2.625 1.5
          3.28125 2.625 1.5
          3.5 2.625 1.5
          3.71875 2.625 1.5
          3.9375 2.625 1.5
          4.15625 2.625 1.5
          4.375 2.625 1.5
          4.59375 2.625 1.5
          4.8125 2.625 1.5
          5.03125 2.625 1.5
          5.25 2.625 1.5
          5.46875 2.625 1.5
          5.6875 2.625 1.5
          5.90625 2.625 1.5
          6.125 2.625 1.5
          6.34375 2.625 1.5
          6.5625 2.625 1.5
          6.78125 2.625 1.5
          7 2.625 1.5
          0 2.8125 1.5
          0.21875 2.8125 1.5
          0.4375 2.8125 1.5
          0.65625 2.8125 1.5
          0.875 2.8125 1.5
          1.09375 2.8125 1.5
          1.3125 2.8125 1.5
          1.53125 2.8125 1.5
          1.75 2.8125 1.5
          1.96875 2.8125 1.5
          2.1875 2.8125 1.5
          2.40625 2.8125 1.5
          2.625 2.8125 1.5
          2.84375 2.8125 1.5
          3.0625 2.8125 1.5
          3.28125 2.8125 1.5
          3.5 2.8125 1.5
          3.71875 2.8125 1.5
          3.9375 2.8125 1.5
          4.15625 2.8125 1.5
          4.375 2.8125 1.5
          4.59375 2.8125 1.5
          4.8125 2.8125 1.5
          5.03125 2.8125 1.5
          5.25 2.8125 1.5
          5.46875 2.8125 1.5
          5.6875 2.8125 1.5
          5.90625 2.8125 1.5
          6.125 2.8125 1.5
          6.34375 2.8125 1.5
          6.5625 2.8125 1.5
          6.78125 2.8125 1.5
          7 2.8125 1.5
          0 3 1.5
          0.21875 3 1.5
          0.4375 3 1.5
          0.65625 3 1.5
          0.875 3 1.5
          1.09375 3 1.5
          1.3125 3 1.5
          1.53125 3 1.5
          1.75 3 1.5
          1.96875 3 1.5
          2.1875 3 1.5
          2.40625 3 1.5
          2.625 3 1.5
          2.84375 3 1.5
          3.0625 3 1.5
          3.28125 3 1.5
          3.5 3 1.5
          3.71875 3 1.5
          3.9375 3 1.5
          4.15625 3 1.5
          4.375 3 1.5
          4.59375 3 1.5
          4.8125 3 1.5
          5.03125 3 1.5
          5.25 3 1.5
          5.46875 3 1.5
          5.6875 3 1.5
          5.90625 3 1.5
          6.125 3 1.5
          6.34375 3 1.5
          6.5625 3 1.5
          6.78125 3 1.5
          7 3 1.5
          0 0 1.6875
          0.21875 0 1.6875
          0.4375 0 1.6875
          0.65625 0 1.6875
          0.875 0 1.6875
          1.09375 0 1.6875
          1.3125 0 1.6875
          1.53125 0 1.6875
          1.75 0 1.6875
          1.96875 0 1.6875
          2.1875 0 1.6875
          2.40625 0 1.6875
          2.625 0 1.6875
          2.84375 0 1.6875
          3.0625 0 1.6875
          3.28125 0 1.6875
          3.5 0 1.6875
          3.71875 0 1.6875
          3.9375 0 1.6875
          4.15625 0 1.6875
          4.375 0 1.6875
          4.59375 0 1.6875
          4.8125 0 1.6875
          5.03125 0 1.6875
          5.25 0 1.6875
          5.46875 0 1.6875
          5.6875 0 1.6875
          5.90625 0 1.6875
          6.125 0 1.6875
          6.34375 0 1.6875
          6.5625 0 1.6875
          6.78125 0 1.6875
          7 0 1.6875
          0 0.1875 1.6875
          0.21875 0.1875 1.6875
          0.4375 0.1875 1.6875
          0.65625 0.1875 1.6875
          0.875 0.1875 1.6875
          1.09375 0.1875 1.6875
          1.3125 0.1875 1.6875
          1.53125 0.1875 1.6875
          1.75 0.1875 1.6875
          1.96875 0.1875 1.6875
          2.1875 0.1875 1.6875
          2.40625 0.1875 1.6875
          2.625 0.1875 1.6875
          2.84375 0.1875 1.6875
          3.0625 0.1875 1.6875
          3.28125 0.1875 1.6875
          3.5 0.1875 1.6875
          3.71875 0.1875 1.6875
          3.9375 0.1875 1.6875
          4.15625 0.1875 1.6875
          4.375 0.1875 1.6875
          4.59375 0.1875 1.6875
          4.8125 0.1875 1.6875
          5.03125 0.1875 1.6875
          5.25 0.1875 1.6875
          5.46875 0.1875 1.6875
          5.6875 0.1875 1.6875
          5.90625 0.1875 1.6875
          6.125 0.1875 1.6875
          6.34375 0.1875 1.6875
          6.5625 0.1875 1.6875
          6.78125 0.1875 1.6875
          7 0.1875 1.6875
          0 0.375 1.6875
          0.21875 0.375 1.6875
          0.4375 0.375 1.6875
          0.65625 0.375 1.6875
          0.875 0.375 1.6875
          1.09375 0.375 1.6875
          1.3125 0.375 1.6875
          1.53125 0.375 1.6875
          1.75 0.375 1.6875
          1.96875 0.375 1.6875
          2.1875 0.375 1.6875
          2.40625 0.375 1.6875
          2.625 0.375 1.6875
          2.84375 0.375 1.6875
          3.0625 0.375 1.6875
          3.28125 0.375 1.6875
          3.5 0.375 1.6875
          3.71875 0.375 1.6875
          3.9375 0.375 1.6875
          4.15625 0.375 1.6875
          4.375 0.375 1.6875
          4.59375 0.375 1.6875
          4.8125 0.375 1.6875
          5.03125 0.375 1.6875
          5.25 0.375 1.6875
          5.46875 0.375 1.6875
          5.6875 0.375 1.6875
          5.90625 0.375 1.6875
          6.125 0.375 1.6875
          6.34375 0.375 1.6875
          6.5625 0.375 1.6875
          6.78125 0.375 1.6875
          7 0.375 1.6875
          0 0.5625 1.6875
          0.21875 0.5625 1.6875
          0.4375 0.5625 1.6875
          0.65625 0.5625 1.6875
          0.875 0.5625 1.6875
          1.09375 0.5625 1.6875
          1.3125 0.5625 1.6875
          1.53125 0.5625 1.6875
          1.75 0.5625 1.6875
          1.96875 0.5625 1.6875
          2.1875 0.5625 1.6875
          2.40625 0.5625 1.6875
          2.625 0.5625 1.6875
          2.84375 0.5625 1.6875
          3.0625 0.5625 1.6875
          3.28125 0.5625 1.6875
          3.5 0.5625 1.6875
          3.71875 0.5625 1.6875
          3.9375 0.5625 1.6875
          4.15625 0.5625 1.6875
          4.375 0.5625 1.6875
          4.59375 0.5625 1.6875
          4.8125 0.5625 1.6875
          5.03125 0.5625 1.6875
          5.25 0.5625 1.6875
          5.46875 0.5625 1.6875
          5.6875 0.5625 1.6875
          5.90625 0.5625 1.6875
          6.125 0.5625 1.6875
          6.34375 0.5625 1.6875
          6.5625 0.5625 1.6875
          6.78125 0.5625 1.6875
          7 0.5625 1.6875
          0 0.75 1.6875
          0.21875 0.75 1.6875
          0.4375 0.75 1.6875
          0.65625 0.75 1.6875
          0.875 0.75 1.6875
          1.09375 0.75 1.6875
          1.3125 0.75 1.6875
          1.53125 0.75 1.6875
          1.75 0.75 1.6875
          1.96875 0.75 1.6875
          2.1875 0.75 1.6875
          2.40625 0.75 1.6875
          2.625 0.75 1.6875
          2.84375 0.75 1.6875
          3.0625 0.75 1.6875
          3.28125 0.75 1.6875
          3.5 0.75 1.6875
          3.71875 0.75 1.6875
          3.9375 0.75 1.6875
          4.15625 0.75 1.6875
          4.375 0.75 1.6875
          4.59375 0.75 1.6875
          4.8125 0.75 1.6875
          5.03125 0.75 1.6875
          5.25 0.75 1.6875
          5.46875 0.75 1.6875
          5.6875 0.75 1.6875
          5.90625 0.75 1.6875
          6.125 0.75 1.6875
          6.34375 0.75 1.6875
          6.5625 0.75 1.6875
          6.78125 0.75 1.6875
          7 0.75 1.6875
          0 0.9375 1.6875
          0.21875 0.9375 1.6875
          0.4375 0.9375 1.6875
          0.65625 0.9375 1.6875
          0.875 0.9375 1.6875
          1.09375 0.9375 1.6875
          1.3125 0.9375 1.6875
          1.53125 0.9375 1.6875
          1.75 0.9375 1.6875
          1.96875 0.9375 1.6875
          2.1875 0.9375 1.6875
          2.40625 0.9375 1.6875
          2.625 0.9375 1.6875
          2.84375 0.9375 1.6875
          3.0625 0.9375 1.6875
          3.28125 0.9375 1.6875
          3.5 0.9375 1.6875
          3.71875 0.9375 1.6875
          3.9375 0.9375 1.6875
          4.15625 0.9375 1.6875
          4.375 0.9375 1.6875
          4.59375 0.9375 1.6875
          4.8125 0.9375 1.6875
          5.03125 0.9375 1.6875
          5.25 0.9375 1.6875
          5.46875 0.9375 1.6875
          5.6875 0.9375 1.6875
          5.90625 0.9375 1.6875
          6.125 0.9375 1.6875
          6.34375 0.9375 1.6875
          6.5625 0.9375 1.6875
          6.78125 0.9375 1.6875
          7 0.9375 1.6875
          0 1.125 1.6875
          0.21875 1.125 1.6875
          0.4375 1.125 1.6875
          0.65625 1.125 1.6875
          0.875 1.125 1.6875
          1.09375 1.125 1.6875
          1.3125 1.125 1.6875
          1.53125 1.125 1.6875
          1.75 1.125 1.6875
          1.96875 1.125 1.6875
          2.1875 1.125 1.6875
          2.40625 1.125 1.6875
          2.625 1.125 1.6875
          2.84375 1.125 1.6875
          3.0625 1.125 1.6875
          3.28125 1.125 1.6875
          3.5 1.125 1.6875
          3.71875 1.125 1.6875
          3.9375 1.125 1.6875
          4.15625 1.125 1.6875
          4.375 1.125 1.6875
          4.59375 1.125 1.6875
          4.8125 1.125 1.6875
          5.03125 1.125 1.6875
          5.25 1.125 1.6875
          5.46875 1.125 1.6875
          5.6875 1.125 1.6875
          5.90625 1.125 1.6875
          6.125 1.125 1.6875
          6.34375 1.125 1.6875
          6.5625 1.125 1.6875
          6.78125 1.125 1.6875
          7 1.125 1.6875
          0 1.3125 1.6875
          0.21875 1.3125 1.6875
          0.4375 1.3125 1.6875
          0.65625 1.3125 1.6875
          0.875 1.3125 1.6875
          1.09375 1.3125 1.6875
          1.3125 1.3125 1.6875
          1.53125 1.3125 1.6875
          1.75 1.3125 1.6875
          1.96875 1.3125 1.6875
          2.1875 1.3125 1.6875
          2.40625 1.3125 1.6875
          2.625 1.3125 1.6875
          2.84375 1.3125 1.6875
          3.0625 1.3125 1.6875
          3.28125 1.3125 1.6875
          3.5 1.3125 1.6875
          3.71875 1.3125 1.6875
          3.9375 1.3125 1.6875
          4.15625 1.3125 1.6875
          4.375 1.3125 1.6875
          4.59375 1.3125 1.6875
          4.8125 1.3125 1.6875
          5.03125 1.3125 1.6875
          5.25 1.3125 1.6875
          5.46875 1.3125 1.6875
          5.6875 1.3125 1.6875
          5.90625 1.3125 1.6875
          6.125 1.3125 1.6875
          6.34375 1.3125 1.6875
          6.5625 1.3125 1.6875
          6.78125 1.3125 1.6875
          7 1.3125 1.6875
          0 1.5 1.6875
          0.21875 1.5 1.6875
          0.4375 1.5 1.6875
          0.65625 1.5 1.6875
          0.875 1.5 1.6875
          1.09375 1.5 1.6875
          1.3125 1.5 1.6875
          1.53125 1.5 1.6875
          1.75 1.5 1.6875
          1.96875 1.5 1.6875
          2.1875 1.5 1.6875
          2.40625 1.5 1.6875
          2.625 1.5 1.6875
          2.84375 1.5 1.6875
          3.0625 1.5 1.6875
          3.28125 1.5 1.6875
          3.5 1.5 1.6875
          3.71875 1.5 1.6875
          3.9375 1.5 1.6875
          4.15625 1.5 1.6875
          4.375 1.5 1.6875
          4.59375 1.5 1.6875
          4.8125 1.5 1.6875
          5.03125 1.5 1.6875
          5.25 1.5 1.6875
          5.46875 1.5 1.6875
          5.6875 1.5 1.6875
          5.90625 1.5 1.6875
          6.125 1.5 1.6875
          6.34375 1.5 1.6875
          6.5625 1.5 1.6875
          6.78125 1.5 1.6875
          7 1.5 1.6875
          0 1.6875 1.6875
          0.21875 1.6875 1.6875
          0.4375 1.6875 1.6875
          0.65625 1.6875 1.6875
          0.875 1.6875 1.6875
          1.09375 1.6875 1.6875
          1.3125 1.6875 1.6875
          1.53125 1.6875 1.6875
          1.75 1.6875 1.6875
          1.96875 1.6875 1.6875
          2.1875 1.6875 1.6875
          2.40625 1.6875 1.6875
          2.625 1.6875 1.6875
          2.84375 1.6875 1.6875
          3.0625 1.6875 1.6875
          3.28125 1.6875 1.6875
          3.5 1.6875 1.6875
          3.71875 1.6875 1.6875
          3.9375 1.6875 1.6875
          4.15625 1.6875 1.6875
          4.375 1.6875 1.6875
          4.59375 1.6875 1.6875
          4.8125 1.6875 1.6875
          5.03125 1.6875 1.6875
          5.25 1.6875 1.6875
          5.46875 1.6875 1.6875
          5.6875 1.6875 1.6875
          5.90625 1.6875 1.6875
          6.125 1.6875 1.6875
          6.34375 1.6875 1.6875
          6.5625 1.6875 1.6875
          6.78125 1.6875 1.6875
          7 1.6875 1.6875
          0 1.875 1.6875
          0.21875 1.875 1.6875
          0.4375 1.875 1.6875
          0.65625 1.875 1.6875
          0.875 1.875 1.6875
          1.09375 1.875 1.6875
          1.3125 1.875 1.6875
          1.53125 1.875 1.6875
          1.75 1.875 1.6875
          1.96875 1.875 1.6875
          2.1875 1.875 1.6875
          2.40625 1.875 1.6875
          2.625 1.875 1.6875
          2.84375 1.875 1.6875
          3.0625 1.875 1.6875
          3.28125 1.875 1.6875
          3.5 1.875 1.6875
          3.71875 1.875 1.6875
          3.9375 1.875 1.6875
          4.15625 1.875 1.6875
          4.375 1.875 1.6875
          4.59375 1.875 1.6875
          4.8125 1.875 1.6875
          5.03125 1.875 1.6875
          5.25 1.875 1.6875
          5.46875 1.875 1.6875
          5.6875 1.875 1.6875
          5.90625 1.875 1.6875
          6.125 1.875 1.6875
          6.34375 1.875 1.6875
          6.5625 1.875 1.6875
          6.78125 1.875 1.6875
          7 1.875 1.6875
          0 2.0625 1.6875
          0.21875 2.0625 1.6875
          0.4375 2.0625 1.6875
          0.65625 2.0625 1.6875
          0.875 2.0625 1.6875
          1.09375 2.0625 1.6875
          1.3125 2.0625 1.6875
          1.53125 2.0625 1.6875
          1.75 2.0625 1.6875
          1.96875 2.0625 1.6875
          2.1875 2.0625 1.6875
          2.40625 2.0625 1.6875
          2.625 2.0625 1.6875
          2.84375 2.0625 1.6875
          3.0625 2.0625 1.6875
          3.28125 2.0625 1.6875
          3.5 2.0625 1.6875
          3.71875 2.0625 1.6875
          3.9375 2.0625 1.6875
          4.15625 2.0625 1.6875
          4.375 2.0625 1.6875
          4.59375 2.0625 1.6875
          4.8125 2.0625 1.6875
          5.03125 2.0625 1.6875
          5.25 2.0625 1.6875
          5.46875 2.0625 1.6875
          5.6875 2.0625 1.6875
          5.90625 2.0625 1.6875
          6.125 2.0625 1.6875
          6.34375 2.0625 1.6875
          6.5625 2.0625 1.6875
          6.78125 2.0625 1.6875
          7 2.0625 1.6875
          0 2.25 1.6875
          0.21875 2.25 1.6875
          0.4375 2.25 1.6875
          0.65625 2.25 1.6875
          0.875 2.25 1.6875
          1.09375 2.25 1.6875
          1.3125 2.25 1.6875
          1.53125 2.25 1.6875
          1.75 2.25 1.6875
          1.96875 2.25 1.6875
          2.1875 2.25 1.6875
          2.40625 2.25 1.6875
          2.625 2.25 1.6875
          2.84375 2.25 1.6875
          3.0625 2.25 1.6875
          3.28125 2.25 1.6875
          3.5 2.25 1.6875
          3.71875 2.25 1.6875
          3.9375 2.25 1.6875
          4.15625 2.25 1.6875
          4.375 2.25 1.6875
          4.59375 2.25 1.6875
          4.8125 2.25 1.6875
          5.03125 2.25 1.6875
          5.25 2.25 1.6875
          5.46875 2.25 1.6875
          5.6875 2.25 1.6875
          5.90625 2.25 1.6875
          6.125 2.25 1.6875
          6.34375 2.25 1.6875
          6.5625 2.25 1.6875
          6.78125 2.25 1.6875
          7 2.25 1.6875
          0 2.4375 1.6875
          0.21875 2.4375 1.6875
          0.4375 2.4375 1.6875
          0.65625 2.4375 1.6875
          0.875 2.4375 1.6875
          1.09375 2.4375 1.6875
          1.3125 2.4375 1.6875
          1.53125 2.4375 1.6875
          1.75 2.4375 1.6875
          1.96875 2.4375 1.6875
          2.1875 2.4375 1.6875
          2.40625 2.4375 1.6875
          2.625 2.4375 1.6875
          2.84375 2.4375 1.6875
          3.0625 2.4375 1.6875
          3.28125 2.4375 1.6875
          3.5 2.4375 1.6875
          3.71875 2.4375 1.6875
          3.9375 2.4375 1.6875
          4.15625 2.4375 1.6875
          4.375 2.4375 1.6875
          4.59375 2.4375 1.6875
          4.8125 2.4375 1.6875
          5.03125 2.4375 1.6875
          5.25 2.4375 1.6875
          5.46875 2.4375 1.6875
          5.6875 2.4375 1.6875
          5.90625 2.4375 1.6875
          6.125 2.4375 1.6875
          6.34375 2.4375 1.6875
          6.5625 2.4375 1.6875
          6.78125 2.4375 1.6875
          7 2.4375 1.6875
          0 2.625 1.6875
          0.21875 2.625 1.6875
          0.4375 2.625 1.6875
          0.65625 2.625 1.6875
          0.875 2.625 1.6875
          1.09375 2.625 1.6875
          1.3125 2.625 1.6875
          1.53125 2.625 1.6875
          1.75 2.625 1.6875
          1.96875 2.625 1.6875
          2.1875 2.625 1.6875
          2.40625 2.625 1.6875
          2.625 2.625 1.6875
          2.84375 2.625 1.6875
          3.0625 2.625 1.6875
          3.28125 2.625 1.6875
          3.5 2.625 1.6875
          3.71875 2.625 1.6875
          3.9375 2.625 1.6875
          4.15625 2.625 1.6875
          4.375 2.625 1.6875
          4.59375 2.625 1.6875
          4.8125 2.625 1.6875
          5.03125 2.625 1.6875
          5.25 2.625 1.6875
          5.46875 2.625 1.6875
          5.6875 2.625 1.6875
          5.90625 2.625 1.6875
          6.125 2.625 1.6875
          6.34375 2.625 1.6875
          6.5625 2.625 1.6875
          6.78125 2.625 1.6875
          7 2.625 1.6875
          0 2.8125 1.6875
          0.21875 2.8125 1.6875
          0.4375 2.8125 1.6875
          0.65625 2.8125 1.6875
          0.875 2.8125 1.6875
          1.09375 2.8125 1.6875
          1.3125 2.8125 1.6875
          1.53125 2.8125 1.6875
          1.75 2.8125 1.6875
          1.96875 2.8125 1.6875
          2.1875 2.8125 1.6875
          2.40625 2.8125 1.6875
          2.625 2.8125 1.6875
          2.84375 2.8125 1.6875
          3.0625 2.8125 1.6875
          3.28125 2.8125 1.6875
          3.5 2.8125 1.6875
          3.71875 2.8125 1.6875
          3.9375 2.8125 1.6875
          4.15625 2.8125 1.6875
          4.375 2.8125 1.6875
          4.59375 2.8125 1.6875
          4.8125 2.8125 1.6875
          5.03125 2.8125 1.6875
          5.25 2.8125 1.6875
          5.46875 2.8125 1.6875
          5.6875 2.8125 1.6875
          5.90625 2.8125 1.6875
          6.125 2.8125 1.6875
          6.34375 2.8125 1.6875
          6.5625 2.8125 1.6875
          6.78125 2.8125 1.6875
          7 2.8125 1.6875
          0 3 1.6875
          0.21875 3 1.6875
          0.4375 3 1.6875
          0.65625 3 1.6875
          0.875 3 1.6875
          1.09375 3 1.6875
          1.3125 3 1.6875
          1.53125 3 1.6875
          1.75 3 1.6875
          1.96875 3 1.6875
          2.1875 3 1.6875
          2.40625 3 1.6875
          2.625 3 1.6875
          2.84375 3 1.6875
          3.0625 3 1.6875
          3.28125 3 1.6875
          3.5 3 1.6875
          3.71875 3 1.6875
          3.9375 3 1.6875
          4.15625 3 1.6875
          4.375 3 1.6875
          4.59375 3 1.6875
          4.8125 3 1.6875
          5.03125 3 1.6875
          5.25 3 1.6875
          5.46875 3 1.6875
          5.6875 3 1.6875
          5.90625 3 1.6875
          6.125 3 1.6875
          6.34375 3 1.6875
          6.5625 3 1.6875
          6.78125 3 1.6875
          7 3 1.6875
          0 0 1.875
          0.21875 0 1.875
          0.4375 0 1.875
          0.65625 0 1.875
          0.875 0 1.875
          1.09375 0 1.875
          1.3125 0 1.875
          1.53125 0 1.875
          1.75 0 1.875
          1.96875 0 1.875
          2.1875 0 1.875
          2.40625 0 1.875
          2.625 0 1.875
          2.84375 0 1.875
          3.0625 0 1.875
          3.28125 0 1.875
          3.5 0 1.875
          3.71875 0 1.875
          3.9375 0 1.875
          4.15625 0 1.875
          4.375 0 1.875
          4.59375 0 1.875
          4.8125 0 1.875
          5.03125 0 1.875
          5.25 0 1.875
          5.46875 0 1.875
          5.6875 0 1.875
          5.90625 0 1.875
          6.125 0 1.875
          6.34375 0 1.875
          6.5625 0 1.875
          6.78125 0 1.875
          7 0 1.875
          0 0.1875 1.875
          0.21875 0.1875 1.875
          0.4375 0.1875 1.875
          0.65625 0.1875 1.875
          0.875 0.1875 1.875
          1.09375 0.1875 1.875
          1.3125 0.1875 1.875
          1.53125 0.1875 1.875
          1.75 0.1875 1.875
          1.96875 0.1875 1.875
          2.1875 0.1875 1.875
          2.40625 0.1875 1.875
          2.625 0.1875 1.875
          2.84375 0.1875 1.875
          3.0625 0.1875 1.875
          3.28125 0.1875 1.875
          3.5 0.1875 1.875
          3.71875 0.1875 1.875
          3.9375 0.1875 1.875
          4.15625 0.1875 1.875
          4.375 0.1875 1.875
          4.59375 0.1875 1.875
          4.8125 0.1875 1.875
          5.03125 0.1875 1.875
          5.25 0.1875 1.875
          5.46875 0.1875 1.875
          5.6875 0.1875 1.875
          5.90625 0.1875 1.875
          6.125 0.1875 1.875
          6.34375 0.1875 1.875
          6.5625 0.1875 1.875
          6.78125 0.1875 1.875
          7 0.1875 1.875
          0 0.375 1.875
          0.21875 0.375 1.875
          0.4375 0.375 1.875
          0.65625 0.375 1.875
          0.875 0.375 1.875
          1.09375 0.375 1.875
          1.3125 0.375 1.875
          1.53125 0.375 1.875
          1.75 0.375 1.875
          1.96875 0.375 1.875
          2.1875 0.375 1.875
          2.40625 0.375 1.875
          2.625 0.375 1.875
          2.84375 0.375 1.875
          3.0625 0.375 1.875
          3.28125 0.375 1.875
          3.5 0.375 1.875
          3.71875 0.375 1.875
          3.9375 0.375 1.875
          4.15625 0.375 1.875
          4.375 0.375 1.875
          4.59375 0.375 1.875
          4.8125 0.375 1.875
          5.03125 0.375 1.875
          5.25 0.375 1.875
          5.46875 0.375 1.875
          5.6875 0.375 1.875
          5.90625 0.375 1.875
          6.125 0.375 1.875
          6.34375 0.375 1.875
          6.5625 0.375 1.875
          6.78125 0.375 1.875
          7 0.375 1.875
          0 0.5625 1.875
          0.21875 0.5625 1.875
          0.4375 0.5625 1.875
          0.65625 0.5625 1.875
          0.875 0.5625 1.875
          1.09375 0.5625 1.875
          1.3125 0.5625 1.875
          1.53125 0.5625 1.875
          1.75 0.5625 1.875
          1.96875 0.5625 1.875
          2.1875 0.5625 1.875
          2.40625 0.5625 1.875
          2.625 0.5625 1.875
          2.84375 0.5625 1.875
          3.0625 0.5625 1.875
          3.28125 0.5625 1.875
          3.5 0.5625 1.875
          3.71875 0.5625 1.875
          3.9375 0.5625 1.875
          4.15625 0.5625 1.875
          4.375 0.5625 1.875
          4.59375 0.5625 1.875
          4.8125 0.5625 1.875
          5.03125 0.5625 1.875
          5.25 0.5625 1.875
          5.46875 0.5625 1.875
          5.6875 0.5625 1.875
          5.90625 0.5625 1.875
          6.125 0.5625 1.875
          6.34375 0.5625 1.875
          6.5625 0.5625 1.875
          6.78125 0.5625 1.875
          7 0.5625 1.875
          0 0.75 1.875
          0.21875 0.75 1.875
          0.4375 0.75 1.875
          0.65625 0.75 1.875
          0.875 0.75 1.875
          1.09375 0.75 1.875
          1.3125 0.75 1.875
          1.53125 0.75 1.875
          1.75 0.75 1.875
          1.96875 0.75 1.875
          2.1875 0.75 1.875
          2.40625 0.75 1.875
          2.625 0.75 1.875
          2.84375 0.75 1.875
          3.0625 0.75 1.875
          3.28125 0.75 1.875
          3.5 0.75 1.875
          3.71875 0.75 1.875
          3.9375 0.75 1.875
          4.15625 0.75 1.875
          4.375 0.75 1.875
          4.59375 0.75 1.875
          4.8125 0.75 1.875
          5.03125 0.75 1.875
          5.25 0.75 1.875
          5.46875 0.75 1.875
          5.6875 0.75 1.875
          5.90625 0.75 1.875
          6.125 0.75 1.875
          6.34375 0.75 1.875
          6.5625 0.75 1.875
          6.78125 0.75 1.875
          7 0.75 1.875
          0 0.9375 1.875
          0.21875 0.9375 1.875
          0.4375 0.9375 1.875
          0.65625 0.9375 1.875
          0.875 0.9375 1.875
          1.09375 0.9375 1.875
          1.3125 0.9375 1.875
          1.53125 0.9375 1.875
          1.75 0.9375 1.875
          1.96875 0.9375 1.875
          2.1875 0.9375 1.875
          2.40625 0.9375 1.875
          2.625 0.9375 1.875
          2.84375 0.9375 1.875
          3.0625 0.9375 1.875
          3.28125 0.9375 1.875
          3.5 0.9375 1.875
          3.71875 0.9375 1.875
          3.9375 0.9375 1.875
          4.15625 0.9375 1.875
          4.375 0.9375 1.875
          4.59375 0.9375 1.875
          4.8125 0.9375 1.875
          5.03125 0.9375 1.875
          5.25 0.9375 1.875
          5.46875 0.9375 1.875
          5.6875 0.9375 1.875
          5.90625 0.9375 1.875
          6.125 0.9375 1.875
          6.34375 0.9375 1.875
          6.5625 0.9375 1.875
          6.78125 0.9375 1.875
          7 0.9375 1.875
          0 1.125 1.875
          0.21875 1.125 1.875
          0.4375 1.125 1.875
          0.65625 1.125 1.875
          0.875 1.125 1.875
          1.09375 1.125 1.875
          1.3125 1.125 1.875
          1.53125 1.125 1.875
          1.75 1.125 1.875
          1.96875 1.125 1.875
          2.1875 1.125 1.875
          2.40625 1.125 1.875
          2.625 1.125 1.875
          2.84375 1.125 1.875
          3.0625 1.125 1.875
          3.28125 1.125 1.875
          3.5 1.125 1.875
          3.71875 1.125 1.875
          3.9375 1.125 1.875
          4.15625 1.125 1.875
          4.375 1.125 1.875
          4.59375 1.125 1.875
          4.8125 1.125 1.875
          5.03125 1.125 1.875
          5.25 1.125 1.875
          5.46875 1.125 1.875
          5.6875 1.125 1.875
          5.90625 1.125 1.875
          6.125 1.125 1.875
          6.34375 1.125 1.875
          6.5625 1.125 1.875
          6.78125 1.125 1.875
          7 1.125 1.875
          0 1.3125 1.875
          0.21875 1.3125 1.875
          0.4375 1.3125 1.875
          0.65625 1.3125 1.875
          0.875 1.3125 1.875
          1.09375 1.3125 1.875
          1.3125 1.3125 1.875
          1.53125 1.3125 1.875
          1.75 1.3125 1.875
          1.96875 1.3125 1.875
          2.1875 1.3125 1.875
          2.40625 1.3125 1.875
          2.625 1.3125 1.875
          2.84375 1.3125 1.875
          3.0625 1.3125 1.875
          3.28125 1.3125 1.875
          3.5 1.3125 1.875
          3.71875 1.3125 1.875
          3.9375 1.3125 1.875
          4.15625 1.3125 1.875
          4.375 1.3125 1.875
          4.59375 1.3125 1.875
          4.8125 1.3125 1.875
          5.03125 1.3125 1.875
          5.25 1.3125 1.875
          5.46875 1.3125 1.875
          5.6875 1.3125 1.875
          5.90625 1.3125 1.875
          6.125 1.3125 1.875
          6.34375 1.3125 1.875
          6.5625 1.3125 1.875
          6.78125 1.3125 1.875
          7 1.3125 1.875
          0 1.5 1.875
          0.21875 1.5 1.875
          0.4375 1.5 1.875
          0.65625 1.5 1.875
          0.875 1.5 1.875
          1.09375 1.5 1.875
          1.3125 1.5 1.875
          1.53125 1.5 1.875
          1.75 1.5 1.875
          1.96875 1.5 1.875
          2.1875 1.5 1.875
          2.40625 1.5 1.875
          2.625 1.5 1.875
          2.84375 1.5 1.875
          3.0625 1.5 1.875
          3.28125 1.5 1.875
          3.5 1.5 1.875
          3.71875 1.5 1.875
          3.9375 1.5 1.875
          4.15625 1.5 1.875
          4.375 1.5 1.875
          4.59375 1.5 1.875
          4.8125 1.5 1.875
          5.03125 1.5 1.875
          5.25 1.5 1.875
          5.46875 1.5 1.875
          5.6875 1.5 1.875
          5.90625 1.5 1.875
          6.125 1.5 1.875
          6.34375 1.5 1.875
          6.5625 1.5 1.875
          6.78125 1.5 1.875
          7 1.5 1.875
          0 1.6875 1.875
          0.21875 1.6875 1.875
          0.4375 1.6875 1.875
          0.65625 1.6875 1.875
          0.875 1.6875 1.875
          1.09375 1.6875 1.875
          1.3125 1.6875 1.875
          1.53125 1.6875 1.875
          1.75 1.6875 1.875
          1.96875 1.6875 1.875
          2.1875 1.6875 1.875
          2.40625 1.6875 1.875
          2.625 1.6875 1.875
          2.84375 1.6875 1.875
          3.0625 1.6875 1.875
          3.28125 1.6875 1.875
          3.5 1.6875 1.875
          3.71875 1.6875 1.875
          3.9375 1.6875 1.875
          4.15625 1.6875 1.875
          4.375 1.6875 1.875
          4.59375 1.6875 1.875
          4.8125 1.6875 1.875
          5.03125 1.6875 1.875
          5.25 1.6875 1.875
          5.46875 1.6875 1.875
          5.6875 1.6875 1.875
          5.90625 1.6875 1.875
          6.125 1.6875 1.875
          6.34375 1.6875 1.875
          6.5625 1.6875 1.875
          6.78125 1.6875 1.875
          7 1.6875 1.875
          0 1.875 1.875
          0.21875 1.875 1.875
          0.4375 1.875 1.875
          0.65625 1.875 1.875
          0.875 1.875 1.875
          1.09375 1.875 1.875
          1.3125 1.875 1.875
          1.53125 1.875 1.875
          1.75 1.875 1.875
          1.96875 1.875 1.875
          2.1875 1.875 1.875
          2.40625 1.875 1.875
          2.625 1.875 1.875
          2.84375 1.875 1.875
          3.0625 1.875 1.875
          3.28125 1.875 1.875
          3.5 1.875 1.875
          3.71875 1.875 1.875
          3.9375 1.875 1.875
          4.15625 1.875 1.875
          4.375 1.875 1.875
          4.59375 1.875 1.875
          4.8125 1.875 1.875
          5.03125 1.875 1.875
          5.25 1.875 1.875
          5.46875 1.875 1.875
          5.6875 1.875 1.875
          5.90625 1.875 1.875
          6.125 1.875 1.875
          6.34375 1.875 1.875
          6.5625 1.875 1.875
          6.78125 1.875 1.875
          7 1.875 1.875
          0 2.0625 1.875
          0.21875 2.0625 1.875
          0.4375 2.0625 1.875
          0.65625 2.0625 1.875
          0.875 2.0625 1.875
          1.09375 2.0625 1.875
          1.3125 2.0625 1.875
          1.53125 2.0625 1.875
          1.75 2.0625 1.875
          1.96875 2.0625 1.875
          2.1875 2.0625 1.875
          2.40625 2.0625 1.875
          2.625 2.0625 1.875
          2.84375 2.0625 1.875
          3.0625 2.0625 1.875
          3.28125 2.0625 1.875
          3.5 2.0625 1.875
          3.71875 2.0625 1.875
          3.9375 2.0625 1.875
          4.15625 2.0625 1.875
          4.375 2.0625 1.875
          4.59375 2.0625 1.875
          4.8125 2.0625 1.875
          5.03125 2.0625 1.875
          5.25 2.0625 1.875
          5.46875 2.0625 1.875
          5.6875 2.0625 1.875
          5.90625 2.0625 1.875
          6.125 2.0625 1.875
          6.34375 2.0625 1.875
          6.5625 2.0625 1.875
          6.78125 2.0625 1.875
          7 2.0625 1.875
          0 2.25 1.875
          0.21875 2.25 1.875
          0.4375 2.25 1.875
          0.65625 2.25 1.875
          0.875 2.25 1.875
          1.09375 2.25 1.875
          1.3125 2.25 1.875
          1.53125 2.25 1.875
          1.75 2.25 1.875
          1.96875 2.25 1.875
          2.1875 2.25 1.875
          2.40625 2.25 1.875
          2.625 2.25 1.875
          2.84375 2.25 1.875
          3.0625 2.25 1.875
          3.28125 2.25 1.875
          3.5 2.25 1.875
          3.71875 2.25 1.875
          3.9375 2.25 1.875
          4.15625 2.25 1.875
          4.375 2.25 1.875
          4.59375 2.25 1.875
          4.8125 2.25 1.875
          5.03125 2.25 1.875
          5.25 2.25 1.875
          5.46875 2.25 1.875
          5.6875 2.25 1.875
          5.90625 2.25 1.875
          6.125 2.25 1.875
          6.34375 2.25 1.875
          6.5625 2.25 1.875
          6.78125 2.25 1.875
          7 2.25 1.875
          0 2.4375 1.875
          0.21875 2.4375 1.875
          0.4375 2.4375 1.875
          0.65625 2.4375 1.875
          0.875 2.4375 1.875
          1.09375 2.4375 1.875
          1.3125 2.4375 1.875
          1.53125 2.4375 1.875
          1.75 2.4375 1.875
          1.96875 2.4375 1.875
          2.1875 2.4375 1.875
          2.40625 2.4375 1.875
          2.625 2.4375 1.875
          2.84375 2.4375 1.875
          3.0625 2.4375 1.875
          3.28125 2.4375 1.875
          3.5 2.4375 1.875
          3.71875 2.4375 1.875
          3.9375 2.4375 1.875
          4.15625 2.4375 1.875
          4.375 2.4375 1.875
          4.59375 2.4375 1.875
          4.8125 2.4375 1.875
          5.03125 2.4375 1.875
          5.25 2.4375 1.875
          5.46875 2.4375 1.875
          5.6875 2.4375 1.875
          5.90625 2.4375 1.875
          6.125 2.4375 1.875
          6.34375 2.4375 1.875
          6.5625 2.4375 1.875
          6.78125 2.4375 1.875
          7 2.4375 1.875
          0 2.625 1.875
          0.21875 2.625 1.875
          0.4375 2.625 1.875
          0.65625 2.625 1.875
          0.875 2.625 1.875
          1.09375 2.625 1.875
          1.3125 2.625 1.875
          1.53125 2.625 1.875
          1.75 2.625 1.875
          1.96875 2.625 1.875
          2.1875 2.625 1.875
          2.40625 2.625 1.875
          2.625 2.625 1.875
          2.84375 2.625 1.875
          3.0625 2.625 1.875
          3.28125 2.625 1.875
          3.5 2.625 1.875
          3.71875 2.625 1.875
          3.9375 2.625 1.875
          4.15625 2.625 1.875
          4.375 2.625 1.875
          4.59375 2.625 1.875
          4.8125 2.625 1.875
          5.03125 2.625 1.875
          5.25 2.625 1.875
          5.46875 2.625 1.875
          5.6875 2.625 1.875
          5.90625 2.625 1.875
          6.125 2.625 1.875
          6.34375 2.625 1.875
          6.5625 2.625 1.875
          6.78125 2.625 1.875
          7 2.625 1.875
          0 2.8125 1.875
          0.21875 2.8125 1.875
          0.4375 2.8125 1.875
          0.65625 2.8125 1.875
          0.875 2.8125 1.875
          1.09375 2.8125 1.875
          1.3125 2.8125 1.875
          1.53125 2.8125 1.875
          1.75 2.8125 1.875
          1.96875 2.8125 1.875
          2.1875 2.8125 1.875
          2.40625 2.8125 1.875
          2.625 2.8125 1.875
          2.84375 2.8125 1.875
          3.0625 2.8125 1.875
          3.28125 2.8125 1.875
          3.5 2.8125 1.875
          3.71875 2.8125 1.875
          3.9375 2.8125 1.875
          4.15625 2.8125 1.875
          4.375 2.8125 1.875
          4.59375 2.8125 1.875
          4.8125 2.8125 1.875
          5.03125 2.8125 1.875
          5.25 2.8125 1.875
          5.46875 2.8125 1.875
          5.6875 2.8125 1.875
          5.90625 2.8125 1.875
          6.125 2.8125 1.875
          6.34375 2.8125 1.875
          6.5625 2.8125 1.875
          6.78125 2.8125 1.875
          7 2.8125 1.875
          0 3 1.875
          0.21875 3 1.875
          0.4375 3 1.875
          0.65625 3 1.875
          0.875 3 1.875
          1.09375 3 1.875
          1.3125 3 1.875
          1.53125 3 1.875
          1.75 3 1.875
          1.96875 3 1.875
          2.1875 3 1.875
          2.40625 3 1.875
          2.625 3 1.875
          2.84375 3 1.875
          3.0625 3 1.875
          3.28125 3 1.875
          3.5 3 1.875
          3.71875 3 1.875
          3.9375 3 1.875
          4.15625 3 1.875
          4.375 3 1.875
          4.59375 3 1.875
          4.8125 3 1.875
          5.03125 3 1.875
          5.25 3 1.875
          5.46875 3 1.875
          5.6875 3 1.875
          5.90625 3 1.875
          6.125 3 1.875
          6.34375 3 1.875
          6.5625 3 1.875
          6.78125 3 1.875
          7 3 1.875
          0 0 2.0625
          0.21875 0 2.0625
          0.4375 0 2.0625
          0.65625 0 2.0625
          0.875 0 2.0625
          1.09375 0 2.0625
          1.3125 0 2.0625
          1.53125 0 2.0625
          1.75 0 2.0625
          1.96875 0 2.0625
          2.1875 0 2.0625
          2.40625 0 2.0625
          2.625 0 2.0625
          2.84375 0 2.0625
          3.0625 0 2.0625
          3.28125 0 2.0625
          3.5 0 2.0625
          3.71875 0 2.0625
          3.9375 0 2.0625
          4.15625 0 2.0625
          4.375 0 2.0625
          4.59375 0 2.0625
          4.8125 0 2.0625
          5.03125 0 2.0625
          5.25 0 2.0625
          5.46875 0 2.0625
          5.6875 0 2.0625
          5.90625 0 2.0625
          6.125 0 2.0625
          6.34375 0 2.0625
          6.5625 0 2.0625
          6.78125 0 2.0625
          7 0 2.0625
          0 0.1875 2.0625
          0.21875 0.1875 2.0625
          0.4375 0.1875 2.0625
          0.65625 0.1875 2.0625
          0.875 0.1875 2.0625
          1.09375 0.1875 2.0625
          1.3125 0.1875 2.0625
          1.53125 0.1875 2.0625
          1.75 0.1875 2.0625
          1.96875 0.1875 2.0625
          2.1875 0.1875 2.0625
          2.40625 0.1875 2.0625
          2.625 0.1875 2.0625
          2.84375 0.1875 2.0625
          3.0625 0.1875 2.0625
          3.28125 0.1875 2.0625
          3.5 0.1875 2.0625
          3.71875 0.1875 2.0625
          3.9375 0.1875 2.0625
          4.15625 0.1875 2.0625
          4.375 0.1875 2.0625
          4.59375 0.1875 2.0625
          4.8125 0.1875 2.0625
          5.03125 0.1875 2.0625
          5.25 0.1875 2.0625
          5.46875 0.1875 2.0625
          5.6875 0.1875 2.0625
          5.90625 0.1875 2.0625
          6.125 0.1875 2.0625
          6.34375 0.1875 2.0625
          6.5625 0.1875 2.0625
          6.78125 0.1875 2.0625
          7 0.1875 2.0625
          0 0.375 2.0625
          0.21875 0.375 2.0625
          0.4375 0.375 2.0625
          0.65625 0.375 2.0625
          0.875 0.375 2.0625
          1.09375 0.375 2.0625
          1.3125 0.375 2.0625
          1.53125 0.375 2.0625
          1.75 0.375 2.0625
          1.96875 0.375 2.0625
          2.1875 0.375 2.0625
          2.40625 0.375 2.0625
          2.625 0.375 2.0625
          2.84375 0.375 2.0625
          3.0625 0.375 2.0625
          3.28125 0.375 2.0625
          3.5 0.375 2.0625
          3.71875 0.375 2.0625
          3.9375 0.375 2.0625
          4.15625 0.375 2.0625
          4.375 0.375 2.0625
          4.59375 0.375 2.0625
          4.8125 0.375 2.0625
          5.03125 0.375 2.0625
          5.25 0.375 2.0625
          5.46875 0.375 2.0625
          5.6875 0.375 2.0625
          5.90625 0.375 2.0625
          6.125 0.375 2.0625
          6.34375 0.375 2.0625
          6.5625 0.375 2.0625
          6.78125 0.375 2.0625
          7 0.375 2.0625
          0 0.5625 2.0625
          0.21875 0.5625 2.0625
          0.4375 0.5625 2.0625
          0.65625 0.5625 2.0625
          0.875 0.5625 2.0625
          1.09375 0.5625 2.0625
          1.3125 0.5625 2.0625
          1.53125 0.5625 2.0625
          1.75 0.5625 2.0625
          1.96875 0.5625 2.0625
          2.1875 0.5625 2.0625
          2.40625 0.5625 2.0625
          2.625 0.5625 2.0625
          2.84375 0.5625 2.0625
          3.0625 0.5625 2.0625
          3.28125 0.5625 2.0625
          3.5 0.5625 2.0625
          3.71875 0.5625 2.0625
          3.9375 0.5625 2.0625
          4.15625 0.5625 2.0625
          4.375 0.5625 2.0625
          4.59375 0.5625 2.0625
          4.8125 0.5625 2.0625
          5.03125 0.5625 2.0625
          5.25 0.5625 2.0625
          5.46875 0.5625 2.0625
          5.6875 0.5625 2.0625
          5.90625 0.5625 2.0625
          6.125 0.5625 2.0625
          6.34375 0.5625 2.0625
          6.5625 0.5625 2.0625
          6.78125 0.5625 2.0625
          7 0.5625 2.0625
          0 0.75 2.0625
          0.21875 0.75 2.0625
          0.4375 0.75 2.0625
          0.65625 0.75 2.0625
          0.875 0.75 2.0625
          1.09375 0.75 2.0625
          1.3125 0.75 2.0625
          1.53125 0.75 2.0625
          1.75 0.75 2.0625
          1.96875 0.75 2.0625
          2.1875 0.75 2.0625
          2.40625 0.75 2.0625
          2.625 0.75 2.0625
          2.84375 0.75 2.0625
          3.0625 0.75 2.0625
          3.28125 0.75 2.0625
          3.5 0.75 2.0625
          3.71875 0.75 2.0625
          3.9375 0.75 2.0625
          4.15625 0.75 2.0625
          4.375 0.75 2.0625
          4.59375 0.75 2.0625
          4.8125 0.75 2.0625
          5.03125 0.75 2.0625
          5.25 0.75 2.0625
          5.46875 0.75 2.0625
          5.6875 0.75 2.0625
          5.90625 0.75 2.0625
          6.125 0.75 2.0625
          6.34375 0.75 2.0625
          6.5625 0.75 2.0625
          6.78125 0.75 2.0625
          7 0.75 2.0625
          0 0.9375 2.0625
          0.21875 0.9375 2.0625
          0.4375 0.9375 2.0625
          0.65625 0.9375 2.0625
          0.875 0.9375 2.0625
          1.09375 0.9375 2.0625
          1.3125 0.9375 2.0625
          1.53125 0.9375 2.0625
          1.75 0.9375 2.0625
          1.96875 0.9375 2.0625
          2.1875 0.9375 2.0625
          2.40625 0.9375 2.0625
          2.625 0.9375 2.0625
          2.84375 0.9375 2.0625
          3.0625 0.9375 2.0625
          3.28125 0.9375 2.0625
          3.5 0.9375 2.0625
          3.71875 0.9375 2.0625
          3.9375 0.9375 2.0625
          4.15625 0.9375 2.0625
          4.375 0.9375 2.0625
          4.59375 0.9375 2.0625
          4.8125 0.9375 2.0625
          5.03125 0.9375 2.0625
          5.25 0.9375 2.0625
          5.46875 0.9375 2.0625
          5.6875 0.9375 2.0625
          5.90625 0.9375 2.0625
          6.125 0.9375 2.0625
          6.34375 0.9375 2.0625
          6.5625 0.9375 2.0625
          6.78125 0.9375 2.0625
          7 0.9375 2.0625
          0 1.125 2.0625
          0.21875 1.125 2.0625
          0.4375 1.125 2.0625
          0.65625 1.125 2.0625
          0.875 1.125 2.0625
          1.09375 1.125 2.0625
          1.3125 1.125 2.0625
          1.53125 1.125 2.0625
          1.75 1.125 2.0625
          1.96875 1.125 2.0625
          2.1875 1.125 2.0625
          2.40625 1.125 2.0625
          2.625 1.125 2.0625
          2.84375 1.125 2.0625
          3.0625 1.125 2.0625
          3.28125 1.125 2.0625
          3.5 1.125 2.0625
          3.71875 1.125 2.0625
          3.9375 1.125 2.0625
          4.15625 1.125 2.0625
          4.375 1.125 2.0625
          4.59375 1.125 2.0625
          4.8125 1.125 2.0625
          5.03125 1.125 2.0625
          5.25 1.125 2.0625
          5.46875 1.125 2.0625
          5.6875 1.125 2.0625
          5.90625 1.125 2.0625
          6.125 1.125 2.0625
          6.34375 1.125 2.0625
          6.5625 1.125 2.0625
          6.78125 1.125 2.0625
          7 1.125 2.0625
          0 1.3125 2.0625
          0.21875 1.3125 2.0625
          0.4375 1.3125 2.0625
          0.65625 1.3125 2.0625
          0.875 1.3125 2.0625
          1.09375 1.3125 2.0625
          1.3125 1.3125 2.0625
          1.53125 1.3125 2.0625
          1.75 1.3125 2.0625
          1.96875 1.3125 2.0625
          2.1875 1.3125 2.0625
          2.40625 1.3125 2.0625
          2.625 1.3125 2.0625
          2.84375 1.3125 2.0625
          3.0625 1.3125 2.0625
          3.28125 1.3125 2.0625
          3.5 1.3125 2.0625
          3.71875 1.3125 2.0625
          3.9375 1.3125 2.0625
          4.15625 1.3125 2.0625
          4.375 1.3125 2.0625
          4.59375 1.3125 2.0625
          4.8125 1.3125 2.0625
          5.03125 1.3125 2.0625
          5.25 1.3125 2.0625
          5.46875 1.3125 2.0625
          5.6875 1.3125 2.0625
          5.90625 1.3125 2.0625
          6.125 1.3125 2.0625
          6.34375 1.3125 2.0625
          6.5625 1.3125 2.0625
          6.78125 1.3125 2.0625
          7 1.3125 2.0625
          0 1.5 2.0625
          0.21875 1.5 2.0625
          0.4375 1.5 2.0625
          0.65625 1.5 2.0625
          0.875 1.5 2.0625
          1.09375 1.5 2.0625
          1.3125 1.5 2.0625
          1.53125 1.5 2.0625
          1.75 1.5 2.0625
          1.96875 1.5 2.0625
          2.1875 1.5 2.0625
          2.40625 1.5 2.0625
          2.625 1.5 2.0625
          2.84375 1.5 2.0625
          3.0625 1.5 2.0625
          3.28125 1.5 2.0625
          3.5 1.5 2.0625
          3.71875 1.5 2.0625
          3.9375 1.5 2.0625
          4.15625 1.5 2.0625
          4.375 1.5 2.0625
          4.59375 1.5 2.0625
          4.8125 1.5 2.0625
          5.03125 1.5 2.0625
          5.25 1.5 2.0625
          5.46875 1.5 2.0625
          5.6875 1.5 2.0625
          5.90625 1.5 2.0625
          6.125 1.5 2.0625
          6.34375 1.5 2.0625
          6.5625 1.5 2.0625
          6.78125 1.5 2.0625
          7 1.5 2.0625
          0 1.6875 2.0625
          0.21875 1.6875 2.0625
          0.4375 1.6875 2.0625
          0.65625 1.6875 2.0625
          0.875 1.6875 2.0625
          1.09375 1.6875 2.0625
          1.3125 1.6875 2.0625
          1.53125 1.6875 2.0625
          1.75 1.6875 2.0625
          1.96875 1.6875 2.0625
          2.1875 1.6875 2.0625
          2.40625 1.6875 2.0625
          2.625 1.6875 2.0625
          2.84375 1.6875 2.0625
          3.0625 1.6875 2.0625
          3.28125 1.6875 2.0625
          3.5 1.6875 2.0625
          3.71875 1.6875 2.0625
          3.9375 1.6875 2.0625
          4.15625 1.6875 2.0625
          4.375 1.6875 2.0625
          4.59375 1.6875 2.0625
          4.8125 1.6875 2.0625
          5.03125 1.6875 2.0625
          5.25 1.6875 2.0625
          5.46875 1.6875 2.0625
          5.6875 1.6875 2.0625
          5.90625 1.6875 2.0625
          6.125 1.6875 2.0625
          6.34375 1.6875 2.0625
          6.5625 1.6875 2.0625
          6.78125 1.6875 2.0625
          7 1.6875 2.0625
          0 1.875 2.0625
          0.21875 1.875 2.0625
          0.4375 1.875 2.0625
          0.65625 1.875 2.0625
          0.875 1.875 2.0625
          1.09375 1.875 2.0625
          1.3125 1.875 2.0625
          1.53125 1.875 2.0625
          1.75 1.875 2.0625
          1.96875 1.875 2.0625
          2.1875 1.875 2.0625
          2.40625 1.875 2.0625
          2.625 1.875 2.0625
          2.84375 1.875 2.0625
          3.0625 1.875 2.0625
          3.28125 1.875 2.0625
          3.5 1.875 2.0625
          3.71875 1.875 2.0625
          3.9375 1.875 2.0625
          4.15625 1.875 2.0625
          4.375 1.875 2.0625
          4.59375 1.875 2.0625
          4.8125 1.875 2.0625
          5.03125 1.875 2.0625
          5.25 1.875 2.0625
          5.46875 1.875 2.0625
          5.6875 1.875 2.0625
          5.90625 1.875 2.0625
          6.125 1.875 2.0625
          6.34375 1.875 2.0625
          6.5625 1.875 2.0625
          6.78125 1.875 2.0625
          7 1.875 2.0625
          0 2.0625 2.0625
          0.21875 2.0625 2.0625
          0.4375 2.0625 2.0625
          0.65625 2.0625 2.0625
          0.875 2.0625 2.0625
          1.09375 2.0625 2.0625
          1.3125 2.0625 2.0625
          1.53125 2.0625 2.0625
          1.75 2.0625 2.0625
          1.96875 2.0625 2.0625
          2.1875 2.0625 2.0625
          2.40625 2.0625 2.0625
          2.625 2.0625 2.0625
          2.84375 2.0625 2.0625
          3.0625 2.0625 2.0625
          3.28125 2.0625 2.0625
          3.5 2.0625 2.0625
          3.71875 2.0625 2.0625
          3.9375 2.0625 2.0625
          4.15625 2.0625 2.0625
          4.375 2.0625 2.0625
          4.59375 2.0625 2.0625
          4.8125 2.0625 2.0625
          5.03125 2.0625 2.0625
          5.25 2.0625 2.0625
          5.46875 2.0625 2.0625
          5.6875 2.0625 2.0625
          5.90625 2.0625 2.0625
          6.125 2.0625 2.0625
          6.34375 2.0625 2.0625
          6.5625 2.0625 2.0625
          6.78125 2.0625 2.0625
          7 2.0625 2.0625
          0 2.25 2.0625
          0.21875 2.25 2.0625
          0.4375 2.25 2.0625
          0.65625 2.25 2.0625
          0.875 2.25 2.0625
          1.09375 2.25 2.0625
          1.3125 2.25 2.0625
          1.53125 2.25 2.0625
          1.75 2.25 2.0625
          1.96875 2.25 2.0625
          2.1875 2.25 2.0625
          2.40625 2.25 2.0625
          2.625 2.25 2.0625
          2.84375 2.25 2.0625
          3.0625 2.25 2.0625
          3.28125 2.25 2.0625
          3.5 2.25 2.0625
          3.71875 2.25 2.0625
          3.9375 2.25 2.0625
          4.15625 2.25 2.0625
          4.375 2.25 2.0625
          4.59375 2.25 2.0625
          4.8125 2.25 2.0625
          5.03125 2.25 2.0625
          5.25 2.25 2.0625
          5.46875 2.25 2.0625
          5.6875 2.25 2.0625
          5.90625 2.25 2.0625
          6.125 2.25 2.0625
          6.34375 2.25 2.0625
          6.5625 2.25 2.0625
          6.78125 2.25 2.0625
          7 2.25 2.0625
          0 2.4375 2.0625
          0.21875 2.4375 2.0625
          0.4375 2.4375 2.0625
          0.65625 2.4375 2.0625
          0.875 2.4375 2.0625
          1.09375 2.4375 2.0625
          1.3125 2.4375 2.0625
          1.53125 2.4375 2.0625
          1.75 2.4375 2.0625
          1.96875 2.4375 2.0625
          2.1875 2.4375 2.0625
          2.40625 2.4375 2.0625
          2.625 2.4375 2.0625
          2.84375 2.4375 2.0625
          3.0625 2.4375 2.0625
          3.28125 2.4375 2.0625
          3.5 2.4375 2.0625
          3.71875 2.4375 2.0625
          3.9375 2.4375 2.0625
          4.15625 2.4375 2.0625
          4.375 2.4375 2.0625
          4.59375 2.4375 2.0625
          4.8125 2.4375 2.0625
          5.03125 2.4375 2.0625
          5.25 2.4375 2.0625
          5.46875 2.4375 2.0625
          5.6875 2.4375 2.0625
          5.90625 2.4375 2.0625
          6.125 2.4375 2.0625
          6.34375 2.4375 2.0625
          6.5625 2.4375 2.0625
          6.78125 2.4375 2.0625
          7 2.4375 2.0625
          0 2.625 2.0625
          0.21875 2.625 2.0625
          0.4375 2.625 2.0625
          0.65625 2.625 2.0625
          0.875 2.625 2.0625
          1.09375 2.625 2.0625
          1.3125 2.625 2.0625
          1.53125 2.625 2.0625
          1.75 2.625 2.0625
          1.96875 2.625 2.0625
          2.1875 2.625 2.0625
          2.40625 2.625 2.0625
          2.625 2.625 2.0625
          2.84375 2.625 2.0625
          3.0625 2.625 2.0625
          3.28125 2.625 2.0625
          3.5 2.625 2.0625
          3.71875 2.625 2.0625
          3.9375 2.625 2.0625
          4.15625 2.625 2.0625
          4.375 2.625 2.0625
          4.59375 2.625 2.0625
          4.8125 2.625 2.0625
          5.03125 2.625 2.0625
          5.25 2.625 2.0625
          5.46875 2.625 2.0625
          5.6875 2.625 2.0625
          5.90625 2.625 2.0625
          6.125 2.625 2.0625
          6.34375 2.625 2.0625
          6.5625 2.625 2.0625
          6.78125 2.625 2.0625
          7 2.625 2.0625
          0 2.8125 2.0625
          0.21875 2.8125 2.0625
          0.4375 2.8125 2.0625
          0.65625 2.8125 2.0625
          0.875 2.8125 2.0625
          1.09375 2.8125 2.0625
          1.3125 2.8125 2.0625
          1.53125 2.8125 2.0625
          1.75 2.8125 2.0625
          1.96875 2.8125 2.0625
          2.1875 2.8125 2.0625
          2.40625 2.8125 2.0625
          2.625 2.8125 2.0625
          2.84375 2.8125 2.0625
          3.0625 2.8125 2.0625
          3.28125 2.8125 2.0625
          3.5 2.8125 2.0625
          3.71875 2.8125 2.0625
          3.9375 2.8125 2.0625
          4.15625 2.8125 2.0625
          4.375 2.8125 2.0625
          4.59375 2.8125 2.0625
          4.8125 2.8125 2.0625
          5.03125 2.8125 2.0625
          5.25 2.8125 2.0625
          5.46875 2.8125 2.0625
          5.6875 2.8125 2.0625
          5.90625 2.8125 2.0625
          6.125 2.8125 2.0625
          6.34375 2.8125 2.0625
          6.5625 2.8125 2.0625
          6.78125 2.8125 2.0625
          7 2.8125 2.0625
          0 3 2.0625
          0.21875 3 2.0625
          0.4375 3 2.0625
          0.65625 3 2.0625
          0.875 3 2.0625
          1.09375 3 2.0625
          1.3125 3 2.0625
          1.53125 3 2.0625
          1.75 3 2.0625
          1.96875 3 2.0625
          2.1875 3 2.0625
          2.40625 3 2.0625
          2.625 3 2.0625
          2.84375 3 2.0625
          3.0625 3 2.0625
          3.28125 3 2.0625
          3.5 3 2.0625
          3.71875 3 2.0625
          3.9375 3 2.0625
          4.15625 3 2.0625
          4.375 3 2.0625
          4.59375 3 2.0625
          4.8125 3 2.0625
          5.03125 3 2.0625
          5.25 3 2.0625
          5.46875 3 2.0625
          5.6875 3 2.0625
          5.90625 3 2.0625
          6.125 3 2.0625
          6.34375 3 2.0625
          6.5625 3 2.0625
          6.78125 3 2.0625
          7 3 2.0625
          0 0 2.25
          0.21875 0 2.25
          0.4375 0 2.25
          0.65625 0 2.25
          0.875 0 2.25
          1.09375 0 2.25
          1.3125 0 2.25
          1.53125 0 2.25
          1.75 0 2.25
          1.96875 0 2.25
          2.1875 0 2.25
          2.40625 0 2.25
          2.625 0 2.25
          2.84375 0 2.25
          3.0625 0 2.25
          3.28125 0 2.25
          3.5 0 2.25
          3.71875 0 2.25
          3.9375 0 2.25
          4.15625 0 2.25
          4.375 0 2.25
          4.59375 0 2.25
          4.8125 0 2.25
          5.03125 0 2.25
          5.25 0 2.25
          5.46875 0 2.25
          5.6875 0 2.25
          5.90625 0 2.25
          6.125 0 2.25
          6.34375 0 2.25
          6.5625 0 2.25
          6.78125 0 2.25
          7 0 2.25
          0 0.1875 2.25
          0.21875 0.1875 2.25
          0.4375 0.1875 2.25
          0.65625 0.1875 2.25
          0.875 0.1875 2.25
          1.09375 0.1875 2.25
          1.3125 0.1875 2.25
          1.53125 0.1875 2.25
          1.75 0.1875 2.25
          1.96875 0.1875 2.25
          2.1875 0.1875 2.25
          2.40625 0.1875 2.25
          2.625 0.1875 2.25
          2.84375 0.1875 2.25
          3.0625 0.1875 2.25
          3.28125 0.1875 2.25
          3.5 0.1875 2.25
          3.71875 0.1875 2.25
          3.9375 0.1875 2.25
          4.15625 0.1875 2.25
          4.375 0.1875 2.25
          4.59375 0.1875 2.25
          4.8125 0.1875 2.25
          5.03125 0.1875 2.25
          5.25 0.1875 2.25
          5.46875 0.1875 2.25
          5.6875 0.1875 2.25
          5.90625 0.1875 2.25
          6.125 0.1875 2.25
          6.34375 0.1875 2.25
          6.5625 0.1875 2.25
          6.78125 0.1875 2.25
          7 0.1875 2.25
          0 0.375 2.25
          0.21875 0.375 2.25
          0.4375 0.375 2.25
          0.65625 0.375 2.25
          0.875 0.375 2.25
          1.09375 0.375 2.25
          1.3125 0.375 2.25
          1.53125 0.375 2.25
          1.75 0.375 2.25
          1.96875 0.375 2.25
          2.1875 0.375 2.25
          2.40625 0.375 2.25
          2.625 0.375 2.25
          2.84375 0.375 2.25
          3.0625 0.375 2.25
          3.28125 0.375 2.25
          3.5 0.375 2.25
          3.71875 0.375 2.25
          3.9375 0.375 2.25
          4.15625 0.375 2.25
          4.375 0.375 2.25
          4.59375 0.375 2.25
          4.8125 0.375 2.25
          5.03125 0.375 2.25
          5.25 0.375 2.25
          5.46875 0.375 2.25
          5.6875 0.375 2.25
          5.90625 0.375 2.25
          6.125 0.375 2.25
          6.34375 0.375 2.25
          6.5625 0.375 2.25
          6.78125 0.375 2.25
          7 0.375 2.25
          0 0.5625 2.25
          0.21875 0.5625 2.25
          0.4375 0.5625 2.25
          0.65625 0.5625 2.25
          0.875 0.5625 2.25
          1.09375 0.5625 2.25
          1.3125 0.5625 2.25
          1.53125 0.5625 2.25
          1.75 0.5625 2.25
          1.96875 0.5625 2.25
          2.1875 0.5625 2.25
          2.40625 0.5625 2.25
          2.625 0.5625 2.25
          2.84375 0.5625 2.25
          3.0625 0.5625 2.25
          3.28125 0.5625 2.25
          3.5 0.5625 2.25
          3.71875 0.5625 2.25
          3.9375 0.5625 2.25
          4.15625 0.5625 2.25
          4.375 0.5625 2.25
          4.59375 0.5625 2.25
          4.8125 0.5625 2.25
          5.03125 0.5625 2.25
          5.25 0.5625 2.25
          5.46875 0.5625 2.25
          5.6875 0.5625 2.25
          5.90625 0.5625 2.25
          6.125 0.5625 2.25
          6.34375 0.5625 2.25
          6.5625 0.5625 2.25
          6.78125 0.5625 2.25
          7 0.5625 2.25
          0 0.75 2.25
          0.21875 0.75 2.25
          0.4375 0.75 2.25
          0.65625 0.75 2.25
          0.875 0.75 2.25
          1.09375 0.75 2.25
          1.3125 0.75 2.25
          1.53125 0.75 2.25
          1.75 0.75 2.25
          1.96875 0.75 2.25
          2.1875 0.75 2.25
          2.40625 0.75 2.25
          2.625 0.75 2.25
          2.84375 0.75 2.25
          3.0625 0.75 2.25
          3.28125 0.75 2.25
          3.5 0.75 2.25
          3.71875 0.75 2.25
          3.9375 0.75 2.25
          4.15625 0.75 2.25
          4.375 0.75 2.25
          4.59375 0.75 2.25
          4.8125 0.75 2.25
          5.03125 0.75 2.25
          5.25 0.75 2.25
          5.46875 0.75 2.25
          5.6875 0.75 2.25
          5.90625 0.75 2.25
          6.125 0.75 2.25
          6.34375 0.75 2.25
          6.5625 0.75 2.25
          6.78125 0.75 2.25
          7 0.75 2.25
          0 0.9375 2.25
          0.21875 0.9375 2.25
          0.4375 0.9375 2.25
          0.65625 0.9375 2.25
          0.875 0.9375 2.25
          1.09375 0.9375 2.25
          1.3125 0.9375 2.25
          1.53125 0.9375 2.25
          1.75 0.9375 2.25
          1.96875 0.9375 2.25
          2.1875 0.9375 2.25
          2.40625 0.9375 2.25
          2.625 0.9375 2.25
          2.84375 0.9375 2.25
          3.0625 0.9375 2.25
          3.28125 0.9375 2.25
          3.5 0.9375 2.25
          3.71875 0.9375 2.25
          3.9375 0.9375 2.25
          4.15625 0.9375 2.25
          4.375 0.9375 2.25
          4.59375 0.9375 2.25
          4.8125 0.9375 2.25
          5.03125 0.9375 2.25
          5.25 0.9375 2.25
          5.46875 0.9375 2.25
          5.6875 0.9375 2.25
          5.90625 0.9375 2.25
          6.125 0.9375 2.25
          6.34375 0.9375 2.25
          6.5625 0.9375 2.25
          6.78125 0.9375 2.25
          7 0.9375 2.25
          0 1.125 2.25
          0.21875 1.125 2.25
          0.4375 1.125 2.25
          0.65625 1.125 2.25
          0.875 1.125 2.25
          1.09375 1.125 2.25
          1.3125 1.125 2.25
          1.53125 1.125 2.25
          1.75 1.125 2.25
          1.96875 1.125 2.25
          2.1875 1.125 2.25
          2.40625 1.125 2.25
          2.625 1.125 2.25
          2.84375 1.125 2.25
          3.0625 1.125 2.25
          3.28125 1.125 2.25
          3.5 1.125 2.25
          3.71875 1.125 2.25
          3.9375 1.125 2.25
          4.15625 1.125 2.25
          4.375 1.125 2.25
          4.59375 1.125 2.25
          4.8125 1.125 2.25
          5.03125 1.125 2.25
          5.25 1.125 2.25
          5.46875 1.125 2.25
          5.6875 1.125 2.25
          5.90625 1.125 2.25
          6.125 1.125 2.25
          6.34375 1.125 2.25
          6.5625 1.125 2.25
          6.78125 1.125 2.25
          7 1.125 2.25
          0 1.3125 2.25
          0.21875 1.3125 2.25
          0.4375 1.3125 2.25
          0.65625 1.3125 2.25
          0.875 1.3125 2.25
          1.09375 1.3125 2.25
          1.3125 1.3125 2.25
          1.53125 1.3125 2.25
          1.75 1.3125 2.25
          1.96875 1.3125 2.25
          2.1875 1.3125 2.25
          2.40625 1.3125 2.25
          2.625 1.3125 2.25
          2.84375 1.3125 2.25
          3.0625 1.3125 2.25
          3.28125 1.3125 2.25
          3.5 1.3125 2.25
          3.71875 1.3125 2.25
          3.9375 1.3125 2.25
          4.15625 1.3125 2.25
          4.375 1.3125 2.25
          4.59375 1.3125 2.25
          4.8125 1.3125 2.25
          5.03125 1.3125 2.25
          5.25 1.3125 2.25
          5.46875 1.3125 2.25
          5.6875 1.3125 2.25
          5.90625 1.3125 2.25
          6.125 1.3125 2.25
          6.34375 1.3125 2.25
          6.5625 1.3125 2.25
          6.78125 1.3125 2.25
          7 1.3125 2.25
          0 1.5 2.25
          0.21875 1.5 2.25
          0.4375 1.5 2.25
          0.65625 1.5 2.25
          0.875 1.5 2.25
          1.09375 1.5 2.25
          1.3125 1.5 2.25
          1.53125 1.5 2.25
          1.75 1.5 2.25
          1.96875 1.5 2.25
          2.1875 1.5 2.25
          2.40625 1.5 2.25
          2.625 1.5 2.25
          2.84375 1.5 2.25
          3.0625 1.5 2.25
          3.28125 1.5 2.25
          3.5 1.5 2.25
          3.71875 1.5 2.25
          3.9375 1.5 2.25
          4.15625 1.5 2.25
          4.375 1.5 2.25
          4.59375 1.5 2.25
          4.8125 1.5 2.25
          5.03125 1.5 2.25
          5.25 1.5 2.25
          5.46875 1.5 2.25
          5.6875 1.5 2.25
          5.90625 1.5 2.25
          6.125 1.5 2.25
          6.34375 1.5 2.25
          6.5625 1.5 2.25
          6.78125 1.5 2.25
          7 1.5 2.25
          0 1.6875 2.25
          0.21875 1.6875 2.25
          0.4375 1.6875 2.25
          0.65625 1.6875 2.25
          0.875 1.6875 2.25
          1.09375 1.6875 2.25
          1.3125 1.6875 2.25
          1.53125 1.6875 2.25
          1.75 1.6875 2.25
          1.96875 1.6875 2.25
          2.1875 1.6875 2.25
          2.40625 1.6875 2.25
          2.625 1.6875 2.25
          2.84375 1.6875 2.25
          3.0625 1.6875 2.25
          3.28125 1.6875 2.25
          3.5 1.6875 2.25
          3.71875 1.6875 2.25
          3.9375 1.6875 2.25
          4.15625 1.6875 2.25
          4.375 1.6875 2.25
          4.59375 1.6875 2.25
          4.8125 1.6875 2.25
          5.03125 1.6875 2.25
          5.25 1.6875 2.25
          5.46875 1.6875 2.25
          5.6875 1.6875 2.25
          5.90625 1.6875 2.25
          6.125 1.6875 2.25
          6.34375 1.6875 2.25
          6.5625 1.6875 2.25
          6.78125 1.6875 2.25
          7 1.6875 2.25
          0 1.875 2.25
          0.21875 1.875 2.25
          0.4375 1.875 2.25
          0.65625 1.875 2.25
          0.875 1.875 2.25
          1.09375 1.875 2.25
          1.3125 1.875 2.25
          1.53125 1.875 2.25
          1.75 1.875 2.25
          1.96875 1.875 2.25
          2.1875 1.875 2.25
          2.40625 1.875 2.25
          2.625 1.875 2.25
          2.84375 1.875 2.25
          3.0625 1.875 2.25
          3.28125 1.875 2.25
          3.5 1.875 2.25
          3.71875 1.875 2.25
          3.9375 1.875 2.25
          4.15625 1.875 2.25
          4.375 1.875 2.25
          4.59375 1.875 2.25
          4.8125 1.875 2.25
          5.03125 1.875 2.25
          5.25 1.875 2.25
          5.46875 1.875 2.25
          5.6875 1.875 2.25
          5.90625 1.875 2.25
          6.125 1.875 2.25
          6.34375 1.875 2.25
          6.5625 1.875 2.25
          6.78125 1.875 2.25
          7 1.875 2.25
          0 2.0625 2.25
          0.21875 2.0625 2.25
          0.4375 2.0625 2.25
          0.65625 2.0625 2.25
          0.875 2.0625 2.25
          1.09375 2.0625 2.25
          1.3125 2.0625 2.25
          1.53125 2.0625 2.25
          1.75 2.0625 2.25
          1.96875 2.0625 2.25
          2.1875 2.0625 2.25
          2.40625 2.0625 2.25
          2.625 2.0625 2.25
          2.84375 2.0625 2.25
          3.0625 2.0625 2.25
          3.28125 2.0625 2.25
          3.5 2.0625 2.25
          3.71875 2.0625 2.25
          3.9375 2.0625 2.25
          4.15625 2.0625 2.25
          4.375 2.0625 2.25
          4.59375 2.0625 2.25
          4.8125 2.0625 2.25
          5.03125 2.0625 2.25
          5.25 2.0625 2.25
          5.46875 2.0625 2.25
          5.6875 2.0625 2.25
          5.90625 2.0625 2.25
          6.125 2.0625 2.25
          6.34375 2.0625 2.25
          6.5625 2.0625 2.25
          6.78125 2.0625 2.25
          7 2.0625 2.25
          0 2.25 2.25
          0.21875 2.25 2.25
          0.4375 2.25 2.25
          0.65625 2.25 2.25
          0.875 2.25 2.25
          1.09375 2.25 2.25
          1.3125 2.25 2.25
          1.53125 2.25 2.25
          1.75 2.25 2.25
          1.96875 2.25 2.25
          2.1875 2.25 2.25
          2.40625 2.25 2.25
          2.625 2.25 2.25
          2.84375 2.25 2.25
          3.0625 2.25 2.25
          3.28125 2.25 2.25
          3.5 2.25 2.25
          3.71875 2.25 2.25
          3.9375 2.25 2.25
          4.15625 2.25 2.25
          4.375 2.25 2.25
          4.59375 2.25 2.25
          4.8125 2.25 2.25
          5.03125 2.25 2.25
          5.25 2.25 2.25
          5.46875 2.25 2.25
          5.6875 2.25 2.25
          5.90625 2.25 2.25
          6.125 2.25 2.25
          6.34375 2.25 2.25
          6.5625 2.25 2.25
          6.78125 2.25 2.25
          7 2.25 2.25
          0 2.4375 2.25
          0.21875 2.4375 2.25
          0.4375 2.4375 2.25
          0.65625 2.4375 2.25
          0.875 2.4375 2.25
          1.09375 2.4375 2.25
          1.3125 2.4375 2.25
          1.53125 2.4375 2.25
          1.75 2.4375 2.25
          1.96875 2.4375 2.25
          2.1875 2.4375 2.25
          2.40625 2.4375 2.25
          2.625 2.4375 2.25
          2.84375 2.4375 2.25
          3.0625 2.4375 2.25
          3.28125 2.4375 2.25
          3.5 2.4375 2.25
          3.71875 2.4375 2.25
          3.9375 2.4375 2.25
          4.15625 2.4375 2.25
          4.375 2.4375 2.25
          4.59375 2.4375 2.25
          4.8125 2.4375 2.25
          5.03125 2.4375 2.25
          5.25 2.4375 2.25
          5.46875 2.4375 2.25
          5.6875 2.4375 2.25
          5.90625 2.4375 2.25
          6.125 2.4375 2.25
          6.34375 2.4375 2.25
          6.5625 2.4375 2.25
          6.78125 2.4375 2.25
          7 2.4375 2.25
          0 2.625 2.25
          0.21875 2.625 2.25
          0.4375 2.625 2.25
          0.65625 2.625 2.25
          0.875 2.625 2.25
          1.09375 2.625 2.25
          1.3125 2.625 2.25
          1.53125 2.625 2.25
          1.75 2.625 2.25
          1.96875 2.625 2.25
          2.1875 2.625 2.25
          2.40625 2.625 2.25
          2.625 2.625 2.25
          2.84375 2.625 2.25
          3.0625 2.625 2.25
          3.28125 2.625 2.25
          3.5 2.625 2.25
          3.71875 2.625 2.25
          3.9375 2.625 2.25
          4.15625 2.625 2.25
          4.375 2.625 2.25
          4.59375 2.625 2.25
          4.8125 2.625 2.25
          5.03125 2.625 2.25
          5.25 2.625 2.25
          5.46875 2.625 2.25
          5.6875 2.625 2.25
          5.90625 2.625 2.25
          6.125 2.625 2.25
          6.34375 2.625 2.25
          6.5625 2.625 2.25
          6.78125 2.625 2.25
          7 2.625 2.25
          0 2.8125 2.25
          0.21875 2.8125 2.25
          0.4375 2.8125 2.25
          0.65625 2.8125 2.25
          0.875 2.8125 2.25
          1.09375 2.8125 2.25
          1.3125 2.8125 2.25
          1.53125 2.8125 2.25
          1.75 2.8125 2.25
          1.96875 2.8125 2.25
          2.1875 2.8125 2.25
          2.40625 2.8125 2.25
          2.625 2.8125 2.25
          2.84375 2.8125 2.25
          3.0625 2.8125 2.25
          3.28125 2.8125 2.25
          3.5 2.8125 2.25
          3.71875 2.8125 2.25
          3.9375 2.8125 2.25
          4.15625 2.8125 2.25
          4.375 2.8125 2.25
          4.59375 2.8125 2.25
          4.8125 2.8125 2.25
          5.03125 2.8125 2.25
          5.25 2.8125 2.25
          5.46875 2.8125 2.25
          5.6875 2.8125 2.25
          5.90625 2.8125 2.25
          6.125 2.8125 2.25
          6.34375 2.8125 2.25
          6.5625 2.8125 2.25
          6.78125 2.8125 2.25
          7 2.8125 2.25
          0 3 2.25
          0.21875 3 2.25
          0.4375 3 2.25
          0.65625 3 2.25
          0.875 3 2.25
          1.09375 3 2.25
          1.3125 3 2.25
          1.53125 3 2.25
          1.75 3 2.25
          1.96875 3 2.25
          2.1875 3 2.25
          2.40625 3 2.25
          2.625 3 2.25
          2.84375 3 2.25
          3.0625 3 2.25
          3.28125 3 2.25
          3.5 3 2.25
          3.71875 3 2.25
          3.9375 3 2.25
          4.15625 3 2.25
          4.375 3 2.25
          4.59375 3 2.25
          4.8125 3 2.25
          5.03125 3 2.25
          5.25 3 2.25
          5.46875 3 2.25
          5.6875 3 2.25
          5.90625 3 2.25
          6.125 3 2.25
          6.34375 3 2.25
          6.5625 3 2.25
          6.78125 3 2.25
          7 3 2.25
          0 0 2.4375
          0.21875 0 2.4375
          0.4375 0 2.4375
          0.65625 0 2.4375
          0.875 0 2.4375
          1.09375 0 2.4375
          1.3125 0 2.4375
          1.53125 0 2.4375
          1.75 0 2.4375
          1.96875 0 2.4375
          2.1875 0 2.4375
          2.40625 0 2.4375
          2.625 0 2.4375
          2.84375 0 2.4375
          3.0625 0 2.4375
          3.28125 0 2.4375
          3.5 0 2.4375
          3.71875 0 2.4375
          3.9375 0 2.4375
          4.15625 0 2.4375
          4.375 0 2.4375
          4.59375 0 2.4375
          4.8125 0 2.4375
          5.03125 0 2.4375
          5.25 0 2.4375
          5.46875 0 2.4375
          5.6875 0 2.4375
          5.90625 0 2.4375
          6.125 0 2.4375
          6.34375 0 2.4375
          6.5625 0 2.4375
          6.78125 0 2.4375
          7 0 2.4375
          0 0.1875 2.4375
          0.21875 0.1875 2.4375
          0.4375 0.1875 2.4375
          0.65625 0.1875 2.4375
          0.875 0.1875 2.4375
          1.09375 0.1875 2.4375
          1.3125 0.1875 2.4375
          1.53125 0.1875 2.4375
          1.75 0.1875 2.4375
          1.96875 0.1875 2.4375
          2.1875 0.1875 2.4375
          2.40625 0.1875 2.4375
          2.625 0.1875 2.4375
          2.84375 0.1875 2.4375
          3.0625 0.1875 2.4375
          3.28125 0.1875 2.4375
          3.5 0.1875 2.4375
          3.71875 0.1875 2.4375
          3.9375 0.1875 2.4375
          4.15625 0.1875 2.4375
          4.375 0.1875 2.4375
          4.59375 0.1875 2.4375
          4.8125 0.1875 2.4375
          5.03125 0.1875 2.4375
          5.25 0.1875 2.4375
          5.46875 0.1875 2.4375
          5.6875 0.1875 2.4375
          5.90625 0.1875 2.4375
          6.125 0.1875 2.4375
          6.34375 0.1875 2.4375
          6.5625 0.1875 2.4375
          6.78125 0.1875 2.4375
          7 0.1875 2.4375
          0 0.375 2.4375
          0.21875 0.375 2.4375
          0.4375 0.375 2.4375
          0.65625 0.375 2.4375
          0.875 0.375 2.4375
          1.09375 0.375 2.4375
          1.3125 0.375 2.4375
          1.53125 0.375 2.4375
          1.75 0.375 2.4375
          1.96875 0.375 2.4375
          2.1875 0.375 2.4375
          2.40625 0.375 2.4375
          2.625 0.375 2.4375
          2.84375 0.375 2.4375
          3.0625 0.375 2.4375
          3.28125 0.375 2.4375
          3.5 0.375 2.4375
          3.71875 0.375 2.4375
          3.9375 0.375 2.4375
          4.15625 0.375 2.4375
          4.375 0.375 2.4375
          4.59375 0.375 2.4375
          4.8125 0.375 2.4375
          5.03125 0.375 2.4375
          5.25 0.375 2.4375
          5.46875 0.375 2.4375
          5.6875 0.375 2.4375
          5.90625 0.375 2.4375
          6.125 0.375 2.4375
          6.34375 0.375 2.4375
          6.5625 0.375 2.4375
          6.78125 0.375 2.4375
          7 0.375 2.4375
          0 0.5625 2.4375
          0.21875 0.5625 2.4375
          0.4375 0.5625 2.4375
          0.65625 0.5625 2.4375
          0.875 0.5625 2.4375
          1.09375 0.5625 2.4375
          1.3125 0.5625 2.4375
          1.53125 0.5625 2.4375
          1.75 0.5625 2.4375
          1.96875 0.5625 2.4375
          2.1875 0.5625 2.4375
          2.40625 0.5625 2.4375
          2.625 0.5625 2.4375
          2.84375 0.5625 2.4375
          3.0625 0.5625 2.4375
          3.28125 0.5625 2.4375
          3.5 0.5625 2.4375
          3.71875 0.5625 2.4375
          3.9375 0.5625 2.4375
          4.15625 0.5625 2.4375
          4.375 0.5625 2.4375
          4.59375 0.5625 2.4375
          4.8125 0.5625 2.4375
          5.03125 0.5625 2.4375
          5.25 0.5625 2.4375
          5.46875 0.5625 2.4375
          5.6875 0.5625 2.4375
          5.90625 0.5625 2.4375
          6.125 0.5625 2.4375
          6.34375 0.5625 2.4375
          6.5625 0.5625 2.4375
          6.78125 0.5625 2.4375
          7 0.5625 2.4375
          0 0.75 2.4375
          0.21875 0.75 2.4375
          0.4375 0.75 2.4375
          0.65625 0.75 2.4375
          0.875 0.75 2.4375
          1.09375 0.75 2.4375
          1.3125 0.75 2.4375
          1.53125 0.75 2.4375
          1.75 0.75 2.4375
          1.96875 0.75 2.4375
          2.1875 0.75 2.4375
          2.40625 0.75 2.4375
          2.625 0.75 2.4375
          2.84375 0.75 2.4375
          3.0625 0.75 2.4375
          3.28125 0.75 2.4375
          3.5 0.75 2.4375
          3.71875 0.75 2.4375
          3.9375 0.75 2.4375
          4.15625 0.75 2.4375
          4.375 0.75 2.4375
          4.59375 0.75 2.4375
          4.8125 0.75 2.4375
          5.03125 0.75 2.4375
          5.25 0.75 2.4375
          5.46875 0.75 2.4375
          5.6875 0.75 2.4375
          5.90625 0.75 2.4375
          6.125 0.75 2.4375
          6.34375 0.75 2.4375
          6.5625 0.75 2.4375
          6.78125 0.75 2.4375
          7 0.75 2.4375
          0 0.9375 2.4375
          0.21875 0.9375 2.4375
          0.4375 0.9375 2.4375
          0.65625 0.9375 2.4375
          0.875 0.9375 2.4375
          1.09375 0.9375 2.4375
          1.3125 0.9375 2.4375
          1.53125 0.9375 2.4375
          1.75 0.9375 2.4375
          1.96875 0.9375 2.4375
          2.1875 0.9375 2.4375
          2.40625 0.9375 2.4375
          2.625 0.9375 2.4375
          2.84375 0.9375 2.4375
          3.0625 0.9375 2.4375
          3.28125 0.9375 2.4375
          3.5 0.9375 2.4375
          3.71875 0.9375 2.4375
          3.9375 0.9375 2.4375
          4.15625 0.9375 2.4375
          4.375 0.9375 2.4375
          4.59375 0.9375 2.4375
          4.8125 0.9375 2.4375
          5.03125 0.9375 2.4375
          5.25 0.9375 2.4375
          5.46875 0.9375 2.4375
          5.6875 0.9375 2.4375
          5.90625 0.9375 2.4375
          6.125 0.9375 2.4375
          6.34375 0.9375 2.4375
          6.5625 0.9375 2.4375
          6.78125 0.9375 2.4375
          7 0.9375 2.4375
          0 1.125 2.4375
          0.21875 1.125 2.4375
          0.4375 1.125 2.4375
          0.65625 1.125 2.4375
          0.875 1.125 2.4375
          1.09375 1.125 2.4375
          1.3125 1.125 2.4375
          1.53125 1.125 2.4375
          1.75 1.125 2.4375
          1.96875 1.125 2.4375
          2.1875 1.125 2.4375
          2.40625 1.125 2.4375
          2.625 1.125 2.4375
          2.84375 1.125 2.4375
          3.0625 1.125 2.4375
          3.28125 1.125 2.4375
          3.5 1.125 2.4375
          3.71875 1.125 2.4375
          3.9375 1.125 2.4375
          4.15625 1.125 2.4375
          4.375 1.125 2.4375
          4.59375 1.125 2.4375
          4.8125 1.125 2.4375
          5.03125 1.125 2.4375
          5.25 1.125 2.4375
          5.46875 1.125 2.4375
          5.6875 1.125 2.4375
          5.90625 1.125 2.4375
          6.125 1.125 2.4375
          6.34375 1.125 2.4375
          6.5625 1.125 2.4375
          6.78125 1.125 2.4375
          7 1.125 2.4375
          0 1.3125 2.4375
          0.21875 1.3125 2.4375
          0.4375 1.3125 2.4375
          0.65625 1.3125 2.4375
          0.875 1.3125 2.4375
          1.09375 1.3125 2.4375
          1.3125 1.3125 2.4375
          1.53125 1.3125 2.4375
          1.75 1.3125 2.4375
          1.96875 1.3125 2.4375
          2.1875 1.3125 2.4375
          2.40625 1.3125 2.4375
          2.625 1.3125 2.4375
          2.84375 1.3125 2.4375
          3.0625 1.3125 2.4375
          3.28125 1.3125 2.4375
          3.5 1.3125 2.4375
          3.71875 1.3125 2.4375
          3.9375 1.3125 2.4375
          4.15625 1.3125 2.4375
          4.375 1.3125 2.4375
          4.59375 1.3125 2.4375
          4.8125 1.3125 2.4375
          5.03125 1.3125 2.4375
          5.25 1.3125 2.4375
          5.46875 1.3125 2.4375
          5.6875 1.3125 2.4375
          5.90625 1.3125 2.4375
          6.125 1.3125 2.4375
          6.34375 1.3125 2.4375
          6.5625 1.3125 2.4375
          6.78125 1.3125 2.4375
          7 1.3125 2.4375
          0 1.5 2.4375
          0.21875 1.5 2.4375
          0.4375 1.5 2.4375
          0.65625 1.5 2.4375
          0.875 1.5 2.4375
          1.09375 1.5 2.4375
          1.3125 1.5 2.4375
          1.53125 1.5 2.4375
          1.75 1.5 2.4375
          1.96875 1.5 2.4375
          2.1875 1.5 2.4375
          2.40625 1.5 2.4375
          2.625 1.5 2.4375
          2.84375 1.5 2.4375
          3.0625 1.5 2.4375
          3.28125 1.5 2.4375
          3.5 1.5 2.4375
          3.71875 1.5 2.4375
          3.9375 1.5 2.4375
          4.15625 1.5 2.4375
          4.375 1.5 2.4375
          4.59375 1.5 2.4375
          4.8125 1.5 2.4375
          5.03125 1.5 2.4375
          5.25 1.5 2.4375
          5.46875 1.5 2.4375
          5.6875 1.5 2.4375
          5.90625 1.5 2.4375
          6.125 1.5 2.4375
          6.34375 1.5 2.4375
          6.5625 1.5 2.4375
          6.78125 1.5 2.4375
          7 1.5 2.4375
          0 1.6875 2.4375
          0.21875 1.6875 2.4375
          0.4375 1.6875 2.4375
          0.65625 1.6875 2.4375
          0.875 1.6875 2.4375
          1.09375 1.6875 2.4375
          1.3125 1.6875 2.4375
          1.53125 1.6875 2.4375
          1.75 1.6875 2.4375
          1.96875 1.6875 2.4375
          2.1875 1.6875 2.4375
          2.40625 1.6875 2.4375
          2.625 1.6875 2.4375
          2.84375 1.6875 2.4375
          3.0625 1.6875 2.4375
          3.28125 1.6875 2.4375
          3.5 1.6875 2.4375
          3.71875 1.6875 2.4375
          3.9375 1.6875 2.4375
          4.15625 1.6875 2.4375
          4.375 1.6875 2.4375
          4.59375 1.6875 2.4375
          4.8125 1.6875 2.4375
          5.03125 1.6875 2.4375
          5.25 1.6875 2.4375
          5.46875 1.6875 2.4375
          5.6875 1.6875 2.4375
          5.90625 1.6875 2.4375
          6.125 1.6875 2.4375
          6.34375 1.6875 2.4375
          6.5625 1.6875 2.4375
          6.78125 1.6875 2.4375
          7 1.6875 2.4375
          0 1.875 2.4375
          0.21875 1.875 2.4375
          0.4375 1.875 2.4375
          0.65625 1.875 2.4375
          0.875 1.875 2.4375
          1.09375 1.875 2.4375
          1.3125 1.875 2.4375
          1.53125 1.875 2.4375
          1.75 1.875 2.4375
          1.96875 1.875 2.4375
          2.1875 1.875 2.4375
          2.40625 1.875 2.4375
          2.625 1.875 2.4375
          2.84375 1.875 2.4375
          3.0625 1.875 2.4375
          3.28125 1.875 2.4375
          3.5 1.875 2.4375
          3.71875 1.875 2.4375
          3.9375 1.875 2.4375
          4.15625 1.875 2.4375
          4.375 1.875 2.4375
          4.59375 1.875 2.4375
          4.8125 1.875 2.4375
          5.03125 1.875 2.4375
          5.25 1.875 2.4375
          5.46875 1.875 2.4375
          5.6875 1.875 2.4375
          5.90625 1.875 2.4375
          6.125 1.875 2.4375
          6.34375 1.875 2.4375
          6.5625 1.875 2.4375
          6.78125 1.875 2.4375
          7 1.875 2.4375
          0 2.0625 2.4375
          0.21875 2.0625 2.4375
          0.4375 2.0625 2.4375
          0.65625 2.0625 2.4375
          0.875 2.0625 2.4375
          1.09375 2.0625 2.4375
          1.3125 2.0625 2.4375
          1.53125 2.0625 2.4375
          1.75 2.0625 2.4375
          1.96875 2.0625 2.4375
          2.1875 2.0625 2.4375
          2.40625 2.0625 2.4375
          2.625 2.0625 2.4375
          2.84375 2.0625 2.4375
          3.0625 2.0625 2.4375
          3.28125 2.0625 2.4375
          3.5 2.0625 2.4375
          3.71875 2.0625 2.4375
          3.9375 2.0625 2.4375
          4.15625 2.0625 2.4375
          4.375 2.0625 2.4375
          4.59375 2.0625 2.4375
          4.8125 2.0625 2.4375
          5.03125 2.0625 2.4375
          5.25 2.0625 2.4375
          5.46875 2.0625 2.4375
          5.6875 2.0625 2.4375
          5.90625 2.0625 2.4375
          6.125 2.0625 2.4375
          6.34375 2.0625 2.4375
          6.5625 2.0625 2.4375
          6.78125 2.0625 2.4375
          7 2.0625 2.4375
          0 2.25 2.4375
          0.21875 2.25 2.4375
          0.4375 2.25 2.4375
          0.65625 2.25 2.4375
          0.875 2.25 2.4375
          1.09375 2.25 2.4375
          1.3125 2.25 2.4375
          1.53125 2.25 2.4375
          1.75 2.25 2.4375
          1.96875 2.25 2.4375
          2.1875 2.25 2.4375
          2.40625 2.25 2.4375
          2.625 2.25 2.4375
          2.84375 2.25 2.4375
          3.0625 2.25 2.4375
          3.28125 2.25 2.4375
          3.5 2.25 2.4375
          3.71875 2.25 2.4375
          3.9375 2.25 2.4375
          4.15625 2.25 2.4375
          4.375 2.25 2.4375
          4.59375 2.25 2.4375
          4.8125 2.25 2.4375
          5.03125 2.25 2.4375
          5.25 2.25 2.4375
          5.46875 2.25 2.4375
          5.6875 2.25 2.4375
          5.90625 2.25 2.4375
          6.125 2.25 2.4375
          6.34375 2.25 2.4375
          6.5625 2.25 2.4375
          6.78125 2.25 2.4375
          7 2.25 2.4375
          0 2.4375 2.4375
          0.21875 2.4375 2.4375
          0.4375 2.4375 2.4375
          0.65625 2.4375 2.4375
          0.875 2.4375 2.4375
          1.09375 2.4375 2.4375
          1.3125 2.4375 2.4375
          1.53125 2.4375 2.4375
          1.75 2.4375 2.4375
          1.96875 2.4375 2.4375
          2.1875 2.4375 2.4375
          2.40625 2.4375 2.4375
          2.625 2.4375 2.4375
          2.84375 2.4375 2.4375
          3.0625 2.4375 2.4375
          3.28125 2.4375 2.4375
          3.5 2.4375 2.4375
          3.71875 2.4375 2.4375
          3.9375 2.4375 2.4375
          4.15625 2.4375 2.4375
          4.375 2.4375 2.4375
          4.59375 2.4375 2.4375
          4.8125 2.4375 2.4375
          5.03125 2.4375 2.4375
          5.25 2.4375 2.4375
          5.46875 2.4375 2.4375
          5.6875 2.4375 2.4375
          5.90625 2.4375 2.4375
          6.125 2.4375 2.4375
          6.34375 2.4375 2.4375
          6.5625 2.4375 2.4375
          6.78125 2.4375 2.4375
          7 2.4375 2.4375
          0 2.625 2.4375
          0.21875 2.625 2.4375
          0.4375 2.625 2.4375
          0.65625 2.625 2.4375
          0.875 2.625 2.4375
          1.09375 2.625 2.4375
          1.3125 2.625 2.4375
          1.53125 2.625 2.4375
          1.75 2.625 2.4375
          1.96875 2.625 2.4375
          2.1875 2.625 2.4375
          2.40625 2.625 2.4375
          2.625 2.625 2.4375
          2.84375 2.625 2.4375
          3.0625 2.625 2.4375
          3.28125 2.625 2.4375
          3.5 2.625 2.4375
          3.71875 2.625 2.4375
          3.9375 2.625 2.4375
          4.15625 2.625 2.4375
          4.375 2.625 2.4375
          4.59375 2.625 2.4375
          4.8125 2.625 2.4375
          5.03125 2.625 2.4375
          5.25 2.625 2.4375
          5.46875 2.625 2.4375
          5.6875 2.625 2.4375
          5.90625 2.625 2.4375
          6.125 2.625 2.4375
          6.34375 2.625 2.4375
          6.5625 2.625 2.4375
          6.78125 2.625 2.4375
          7 2.625 2.4375
          0 2.8125 2.4375
          0.21875 2.8125 2.4375
          0.4375 2.8125 2.4375
          0.65625 2.8125 2.4375
          0.875 2.8125 2.4375
          1.09375 2.8125 2.4375
          1.3125 2.8125 2.4375
          1.53125 2.8125 2.4375
          1.75 2.8125 2.4375
          1.96875 2.8125 2.4375
          2.1875 2.8125 2.4375
          2.40625 2.8125 2.4375
          2.625 2.8125 2.4375
          2.84375 2.8125 2.4375
          3.0625 2.8125 2.4375
          3.28125 2.8125 2.4375
          3.5 2.8125 2.4375
          3.71875 2.8125 2.4375
          3.9375 2.8125 2.4375
          4.15625 2.8125 2.4375
          4.375 2.8125 2.4375
          4.59375 2.8125 2.4375
          4.8125 2.8125 2.4375
          5.03125 2.8125 2.4375
          5.25 2.8125 2.4375
          5.46875 2.8125 2.4375
          5.6875 2.8125 2.4375
          5.90625 2.8125 2.4375
          6.125 2.8125 2.4375
          6.34375 2.8125 2.4375
          6.5625 2.8125 2.4375
          6.78125 2.8125 2.4375
          7 2.8125 2.4375
          0 3 2.4375
          0.21875 3 2.4375
          0.4375 3 2.4375
          0.65625 3 2.4375
          0.875 3 2.4375
          1.09375 3 2.4375
          1.3125 3 2.4375
          1.53125 3 2.4375
          1.75 3 2.4375
          1.96875 3 2.4375
          2.1875 3 2.4375
          2.40625 3 2.4375
          2.625 3 2.4375
          2.84375 3 2.4375
          3.0625 3 2.4375
          3.28125 3 2.4375
          3.5 3 2.4375
          3.71875 3 2.4375
          3.9375 3 2.4375
          4.15625 3 2.4375
          4.375 3 2.4375
          4.59375 3 2.4375
          4.8125 3 2.4375
          5.03125 3 2.4375
          5.25 3 2.4375
          5.46875 3 2.4375
          5.6875 3 2.4375
          5.90625 3 2.4375
          6.125 3 2.4375
          6.34375 3 2.4375
          6.5625 3 2.4375
          6.78125 3 2.4375
          7 3 2.4375
          0 0 2.625
          0.21875 0 2.625
          0.4375 0 2.625
          0.65625 0 2.625
          0.875 0 2.625
          1.09375 0 2.625
          1.3125 0 2.625
          1.53125 0 2.625
          1.75 0 2.625
          1.96875 0 2.625
          2.1875 0 2.625
          2.40625 0 2.625
          2.625 0 2.625
          2.84375 0 2.625
          3.0625 0 2.625
          3.28125 0 2.625
          3.5 0 2.625
          3.71875 0 2.625
          3.9375 0 2.625
          4.15625 0 2.625
          4.375 0 2.625
          4.59375 0 2.625
          4.8125 0 2.625
          5.03125 0 2.625
          5.25 0 2.625
          5.46875 0 2.625
          5.6875 0 2.625
          5.90625 0 2.625
          6.125 0 2.625
          6.34375 0 2.625
          6.5625 0 2.625
          6.78125 0 2.625
          7 0 2.625
          0 0.1875 2.625
          0.21875 0.1875 2.625
          0.4375 0.1875 2.625
          0.65625 0.1875 2.625
          0.875 0.1875 2.625
          1.09375 0.1875 2.625
          1.3125 0.1875 2.625
          1.53125 0.1875 2.625
          1.75 0.1875 2.625
          1.96875 0.1875 2.625
          2.1875 0.1875 2.625
          2.40625 0.1875 2.625
          2.625 0.1875 2.625
          2.84375 0.1875 2.625
          3.0625 0.1875 2.625
          3.28125 0.1875 2.625
          3.5 0.1875 2.625
          3.71875 0.1875 2.625
          3.9375 0.1875 2.625
          4.15625 0.1875 2.625
          4.375 0.1875 2.625
          4.59375 0.1875 2.625
          4.8125 0.1875 2.625
          5.03125 0.1875 2.625
          5.25 0.1875 2.625
          5.46875 0.1875 2.625
          5.6875 0.1875 2.625
          5.90625 0.1875 2.625
          6.125 0.1875 2.625
          6.34375 0.1875 2.625
          6.5625 0.1875 2.625
          6.78125 0.1875 2.625
          7 0.1875 2.625
          0 0.375 2.625
          0.21875 0.375 2.625
          0.4375 0.375 2.625
          0.65625 0.375 2.625
          0.875 0.375 2.625
          1.09375 0.375 2.625
          1.3125 0.375 2.625
          1.53125 0.375 2.625
          1.75 0.375 2.625
          1.96875 0.375 2.625
          2.1875 0.375 2.625
          2.40625 0.375 2.625
          2.625 0.375 2.625
          2.84375 0.375 2.625
          3.0625 0.375 2.625
          3.28125 0.375 2.625
          3.5 0.375 2.625
          3.71875 0.375 2.625
          3.9375 0.375 2.625
          4.15625 0.375 2.625
          4.375 0.375 2.625
          4.59375 0.375 2.625
          4.8125 0.375 2.625
          5.03125 0.375 2.625
          5.25 0.375 2.625
          5.46875 0.375 2.625
          5.6875 0.375 2.625
          5.90625 0.375 2.625
          6.125 0.375 2.625
          6.34375 0.375 2.625
          6.5625 0.375 2.625
          6.78125 0.375 2.625
          7 0.375 2.625
          0 0.5625 2.625
          0.21875 0.5625 2.625
          0.4375 0.5625 2.625
          0.65625 0.5625 2.625
          0.875 0.5625 2.625
          1.09375 0.5625 2.625
          1.3125 0.5625 2.625
          1.53125 0.5625 2.625
          1.75 0.5625 2.625
          1.96875 0.5625 2.625
          2.1875 0.5625 2.625
          2.40625 0.5625 2.625
          2.625 0.5625 2.625
          2.84375 0.5625 2.625
          3.0625 0.5625 2.625
          3.28125 0.5625 2.625
          3.5 0.5625 2.625
          3.71875 0.5625 2.625
          3.9375 0.5625 2.625
          4.15625 0.5625 2.625
          4.375 0.5625 2.625
          4.59375 0.5625 2.625
          4.8125 0.5625 2.625
          5.03125 0.5625 2.625
          5.25 0.5625 2.625
          5.46875 0.5625 2.625
          5.6875 0.5625 2.625
          5.90625 0.5625 2.625
          6.125 0.5625 2.625
          6.34375 0.5625 2.625
          6.5625 0.5625 2.625
          6.78125 0.5625 2.625
          7 0.5625 2.625
          0 0.75 2.625
          0.21875 0.75 2.625
          0.4375 0.75 2.625
          0.65625 0.75 2.625
          0.875 0.75 2.625
          1.09375 0.75 2.625
          1.3125 0.75 2.625
          1.53125 0.75 2.625
          1.75 0.75 2.625
          1.96875 0.75 2.625
          2.1875 0.75 2.625
          2.40625 0.75 2.625
          2.625 0.75 2.625
          2.84375 0.75 2.625
          3.0625 0.75 2.625
          3.28125 0.75 2.625
          3.5 0.75 2.625
          3.71875 0.75 2.625
          3.9375 0.75 2.625
          4.15625 0.75 2.625
          4.375 0.75 2.625
          4.59375 0.75 2.625
          4.8125 0.75 2.625
          5.03125 0.75 2.625
          5.25 0.75 2.625
          5.46875 0.75 2.625
          5.6875 0.75 2.625
          5.90625 0.75 2.625
          6.125 0.75 2.625
          6.34375 0.75 2.625
          6.5625 0.75 2.625
          6.78125 0.75 2.625
          7 0.75 2.625
          0 0.9375 2.625
          0.21875 0.9375 2.625
          0.4375 0.9375 2.625
          0.65625 0.9375 2.625
          0.875 0.9375 2.625
          1.09375 0.9375 2.625
          1.3125 0.9375 2.625
          1.53125 0.9375 2.625
          1.75 0.9375 2.625
          1.96875 0.9375 2.625
          2.1875 0.9375 2.625
          2.40625 0.9375 2.625
          2.625 0.9375 2.625
          2.84375 0.9375 2.625
          3.0625 0.9375 2.625
          3.28125 0.9375 2.625
          3.5 0.9375 2.625
          3.71875 0.9375 2.625
          3.9375 0.9375 2.625
          4.15625 0.9375 2.625
          4.375 0.9375 2.625
          4.59375 0.9375 2.625
          4.8125 0.9375 2.625
          5.03125 0.9375 2.625
          5.25 0.9375 2.625
          5.46875 0.9375 2.625
          5.6875 0.9375 2.625
          5.90625 0.9375 2.625
          6.125 0.9375 2.625
          6.34375 0.9375 2.625
          6.5625 0.9375 2.625
          6.78125 0.9375 2.625
          7 0.9375 2.625
          0 1.125 2.625
          0.21875 1.125 2.625
          0.4375 1.125 2.625
          0.65625 1.125 2.625
          0.875 1.125 2.625
          1.09375 1.125 2.625
          1.3125 1.125 2.625
          1.53125 1.125 2.625
          1.75 1.125 2.625
          1.96875 1.125 2.625
          2.1875 1.125 2.625
          2.40625 1.125 2.625
          2.625 1.125 2.625
          2.84375 1.125 2.625
          3.0625 1.125 2.625
          3.28125 1.125 2.625
          3.5 1.125 2.625
          3.71875 1.125 2.625
          3.9375 1.125 2.625
          4.15625 1.125 2.625
          4.375 1.125 2.625
          4.59375 1.125 2.625
          4.8125 1.125 2.625
          5.03125 1.125 2.625
          5.25 1.125 2.625
          5.46875 1.125 2.625
          5.6875 1.125 2.625
          5.90625 1.125 2.625
          6.125 1.125 2.625
          6.34375 1.125 2.625
          6.5625 1.125 2.625
          6.78125 1.125 2.625
          7 1.125 2.625
          0 1.3125 2.625
          0.21875 1.3125 2.625
          0.4375 1.3125 2.625
          0.65625 1.3125 2.625
          0.875 1.3125 2.625
          1.09375 1.3125 2.625
          1.3125 1.3125 2.625
          1.53125 1.3125 2.625
          1.75 1.3125 2.625
          1.96875 1.3125 2.625
          2.1875 1.3125 2.625
          2.40625 1.3125 2.625
          2.625 1.3125 2.625
          2.84375 1.3125 2.625
          3.0625 1.3125 2.625
          3.28125 1.3125 2.625
          3.5 1.3125 2.625
          3.71875 1.3125 2.625
          3.9375 1.3125 2.625
          4.15625 1.3125 2.625
          4.375 1.3125 2.625
          4.59375 1.3125 2.625
          4.8125 1.3125 2.625
          5.03125 1.3125 2.625
          5.25 1.3125 2.625
          5.46875 1.3125 2.625
          5.6875 1.3125 2.625
          5.90625 1.3125 2.625
          6.125 1.3125 2.625
          6.34375 1.3125 2.625
          6.5625 1.3125 2.625
          6.78125 1.3125 2.625
          7 1.3125 2.625
          0 1.5 2.625
          0.21875 1.5 2.625
          0.4375 1.5 2.625
          0.65625 1.5 2.625
          0.875 1.5 2.625
          1.09375 1.5 2.625
          1.3125 1.5 2.625
          1.53125 1.5 2.625
          1.75 1.5 2.625
          1.96875 1.5 2.625
          2.1875 1.5 2.625
          2.40625 1.5 2.625
          2.625 1.5 2.625
          2.84375 1.5 2.625
          3.0625 1.5 2.625
          3.28125 1.5 2.625
          3.5 1.5 2.625
          3.71875 1.5 2.625
          3.9375 1.5 2.625
          4.15625 1.5 2.625
          4.375 1.5 2.625
          4.59375 1.5 2.625
          4.8125 1.5 2.625
          5.03125 1.5 2.625
          5.25 1.5 2.625
          5.46875 1.5 2.625
          5.6875 1.5 2.625
          5.90625 1.5 2.625
          6.125 1.5 2.625
          6.34375 1.5 2.625
          6.5625 1.5 2.625
          6.78125 1.5 2.625
          7 1.5 2.625
          0 1.6875 2.625
          0.21875 1.6875 2.625
          0.4375 1.6875 2.625
          0.65625 1.6875 2.625
          0.875 1.6875 2.625
          1.09375 1.6875 2.625
          1.3125 1.6875 2.625
          1.53125 1.6875 2.625
          1.75 1.6875 2.625
          1.96875 1.6875 2.625
          2.1875 1.6875 2.625
          2.40625 1.6875 2.625
          2.625 1.6875 2.625
          2.84375 1.6875 2.625
          3.0625 1.6875 2.625
          3.28125 1.6875 2.625
          3.5 1.6875 2.625
          3.71875 1.6875 2.625
          3.9375 1.6875 2.625
          4.15625 1.6875 2.625
          4.375 1.6875 2.625
          4.59375 1.6875 2.625
          4.8125 1.6875 2.625
          5.03125 1.6875 2.625
          5.25 1.6875 2.625
          5.46875 1.6875 2.625
          5.6875 1.6875 2.625
          5.90625 1.6875 2.625
          6.125 1.6875 2.625
          6.34375 1.6875 2.625
          6.5625 1.6875 2.625
          6.78125 1.6875 2.625
          7 1.6875 2.625
          0 1.875 2.625
          0.21875 1.875 2.625
          0.4375 1.875 2.625
          0.65625 1.875 2.625
          0.875 1.875 2.625
          1.09375 1.875 2.625
          1.3125 1.875 2.625
          1.53125 1.875 2.625
          1.75 1.875 2.625
          1.96875 1.875 2.625
          2.1875 1.875 2.625
          2.40625 1.875 2.625
          2.625 1.875 2.625
          2.84375 1.875 2.625
          3.0625 1.875 2.625
          3.28125 1.875 2.625
          3.5 1.875 2.625
          3.71875 1.875 2.625
          3.9375 1.875 2.625
          4.15625 1.875 2.625
          4.375 1.875 2.625
          4.59375 1.875 2.625
          4.8125 1.875 2.625
          5.03125 1.875 2.625
          5.25 1.875 2.625
          5.46875 1.875 2.625
          5.6875 1.875 2.625
          5.90625 1.875 2.625
          6.125 1.875 2.625
          6.34375 1.875 2.625
          6.5625 1.875 2.625
          6.78125 1.875 2.625
          7 1.875 2.625
          0 2.0625 2.625
          0.21875 2.0625 2.625
          0.4375 2.0625 2.625
          0.65625 2.0625 2.625
          0.875 2.0625 2.625
          1.09375 2.0625 2.625
          1.3125 2.0625 2.625
          1.53125 2.0625 2.625
          1.75 2.0625 2.625
          1.96875 2.0625 2.625
          2.1875 2.0625 2.625
          2.40625 2.0625 2.625
          2.625 2.0625 2.625
          2.84375 2.0625 2.625
          3.0625 2.0625 2.625
          3.28125 2.0625 2.625
          3.5 2.0625 2.625
          3.71875 2.0625 2.625
          3.9375 2.0625 2.625
          4.15625 2.0625 2.625
          4.375 2.0625 2.625
          4.59375 2.0625 2.625
          4.8125 2.0625 2.625
          5.03125 2.0625 2.625
          5.25 2.0625 2.625
          5.46875 2.0625 2.625
          5.6875 2.0625 2.625
          5.90625 2.0625 2.625
          6.125 2.0625 2.625
          6.34375 2.0625 2.625
          6.5625 2.0625 2.625
          6.78125 2.0625 2.625
          7 2.0625 2.625
          0 2.25 2.625
          0.21875 2.25 2.625
          0.4375 2.25 2.625
          0.65625 2.25 2.625
          0.875 2.25 2.625
          1.09375 2.25 2.625
          1.3125 2.25 2.625
          1.53125 2.25 2.625
          1.75 2.25 2.625
          1.96875 2.25 2.625
          2.1875 2.25 2.625
          2.40625 2.25 2.625
          2.625 2.25 2.625
          2.84375 2.25 2.625
          3.0625 2.25 2.625
          3.28125 2.25 2.625
          3.5 2.25 2.625
          3.71875 2.25 2.625
          3.9375 2.25 2.625
          4.15625 2.25 2.625
          4.375 2.25 2.625
          4.59375 2.25 2.625
          4.8125 2.25 2.625
          5.03125 2.25 2.625
          5.25 2.25 2.625
          5.46875 2.25 2.625
          5.6875 2.25 2.625
          5.90625 2.25 2.625
          6.125 2.25 2.625
          6.34375 2.25 2.625
          6.5625 2.25 2.625
          6.78125 2.25 2.625
          7 2.25 2.625
          0 2.4375 2.625
          0.21875 2.4375 2.625
          0.4375 2.4375 2.625
          0.65625 2.4375 2.625
          0.875 2.4375 2.625
          1.09375 2.4375 2.625
          1.3125 2.4375 2.625
          1.53125 2.4375 2.625
          1.75 2.4375 2.625
          1.96875 2.4375 2.625
          2.1875 2.4375 2.625
          2.40625 2.4375 2.625
          2.625 2.4375 2.625
          2.84375 2.4375 2.625
          3.0625 2.4375 2.625
          3.28125 2.4375 2.625
          3.5 2.4375 2.625
          3.71875 2.4375 2.625
          3.9375 2.4375 2.625
          4.15625 2.4375 2.625
          4.375 2.4375 2.625
          4.59375 2.4375 2.625
          4.8125 2.4375 2.625
          5.03125 2.4375 2.625
          5.25 2.4375 2.625
          5.46875 2.4375 2.625
          5.6875 2.4375 2.625
          5.90625 2.4375 2.625
          6.125 2.4375 2.625
          6.34375 2.4375 2.625
          6.5625 2.4375 2.625
          6.78125 2.4375 2.625
          7 2.4375 2.625
          0 2.625 2.625
          0.21875 2.625 2.625
          0.4375 2.625 2.625
          0.65625 2.625 2.625
          0.875 2.625 2.625
          1.09375 2.625 2.625
          1.3125 2.625 2.625
          1.53125 2.625 2.625
          1.75 2.625 2.625
          1.96875 2.625 2.625
          2.1875 2.625 2.625
          2.40625 2.625 2.625
          2.625 2.625 2.625
          2.84375 2.625 2.625
          3.0625 2.625 2.625
          3.28125 2.625 2.625
          3.5 2.625 2.625
          3.71875 2.625 2.625
          3.9375 2.625 2.625
          4.15625 2.625 2.625
          4.375 2.625 2.625
          4.59375 2.625 2.625
          4.8125 2.625 2.625
          5.03125 2.625 2.625
          5.25 2.625 2.625
          5.46875 2.625 2.625
          5.6875 2.625 2.625
          5.90625 2.625 2.625
          6.125 2.625 2.625
          6.34375 2.625 2.625
          6.5625 2.625 2.625
          6.78125 2.625 2.625
          7 2.625 2.625
          0 2.8125 2.625
          0.21875 2.8125 2.625
          0.4375 2.8125 2.625
          0.65625 2.8125 2.625
          0.875 2.8125 2.625
          1.09375 2.8125 2.625
          1.3125 2.8125 2.625
          1.53125 2.8125 2.625
          1.75 2.8125 2.625
          1.96875 2.8125 2.625
          2.1875 2.8125 2.625
          2.40625 2.8125 2.625
          2.625 2.8125 2.625
          2.84375 2.8125 2.625
          3.0625 2.8125 2.625
          3.28125 2.8125 2.625
          3.5 2.8125 2.625
          3.71875 2.8125 2.625
          3.9375 2.8125 2.625
          4.15625 2.8125 2.625
          4.375 2.8125 2.625
          4.59375 2.8125 2.625
          4.8125 2.8125 2.625
          5.03125 2.8125 2.625
          5.25 2.8125 2.625
          5.46875 2.8125 2.625
          5.6875 2.8125 2.625
          5.90625 2.8125 2.625
          6.125 2.8125 2.625
          6.34375 2.8125 2.625
          6.5625 2.8125 2.625
          6.78125 2.8125 2.625
          7 2.8125 2.625
          0 3 2.625
          0.21875 3 2.625
          0.4375 3 2.625
          0.65625 3 2.625
          0.875 3 2.625
          1.09375 3 2.625
          1.3125 3 2.625
          1.53125 3 2.625
          1.75 3 2.625
          1.96875 3 2.625
          2.1875 3 2.625
          2.40625 3 2.625
          2.625 3 2.625
          2.84375 3 2.625
          3.0625 3 2.625
          3.28125 3 2.625
          3.5 3 2.625
          3.71875 3 2.625
          3.9375 3 2.625
          4.15625 3 2.625
          4.375 3 2.625
          4.59375 3 2.625
          4.8125 3 2.625
          5.03125 3 2.625
          5.25 3 2.625
          5.46875 3 2.625
          5.6875 3 2.625
          5.90625 3 2.625
          6.125 3 2.625
          6.34375 3 2.625
          6.5625 3 2.625
          6.78125 3 2.625
          7 3 2.625
          0 0 2.8125
          0.21875 0 2.8125
          0.4375 0 2.8125
          0.65625 0 2.8125
          0.875 0 2.8125
          1.09375 0 2.8125
          1.3125 0 2.8125
          1.53125 0 2.8125
          1.75 0 2.8125
          1.96875 0 2.8125
          2.1875 0 2.8125
          2.40625 0 2.8125
          2.625 0 2.8125
          2.84375 0 2.8125
          3.0625 0 2.8125
          3.28125 0 2.8125
          3.5 0 2.8125
          3.71875 0 2.8125
          3.9375 0 2.8125
          4.15625 0 2.8125
          4.375 0 2.8125
          4.59375 0 2.8125
          4.8125 0 2.8125
          5.03125 0 2.8125
          5.25 0 2.8125
          5.46875 0 2.8125
          5.6875 0 2.8125
          5.90625 0 2.8125
          6.125 0 2.8125
          6.34375 0 2.8125
          6.5625 0 2.8125
          6.78125 0 2.8125
          7 0 2.8125
          0 0.1875 2.8125
          0.21875 0.1875 2.8125
          0.4375 0.1875 2.8125
          0.65625 0.1875 2.8125
          0.875 0.1875 2.8125
          1.09375 0.1875 2.8125
          1.3125 0.1875 2.8125
          1.53125 0.1875 2.8125
          1.75 0.1875 2.8125
          1.96875 0.1875 2.8125
          2.1875 0.1875 2.8125
          2.40625 0.1875 2.8125
          2.625 0.1875 2.8125
          2.84375 0.1875 2.8125
          3.0625 0.1875 2.8125
          3.28125 0.1875 2.8125
          3.5 0.1875 2.8125
          3.71875 0.1875 2.8125
          3.9375 0.1875 2.8125
          4.15625 0.1875 2.8125
          4.375 0.1875 2.8125
          4.59375 0.1875 2.8125
          4.8125 0.1875 2.8125
          5.03125 0.1875 2.8125
          5.25 0.1875 2.8125
          5.46875 0.1875 2.8125
          5.6875 0.1875 2.8125
          5.90625 0.1875 2.8125
          6.125 0.1875 2.8125
          6.34375 0.1875 2.8125
          6.5625 0.1875 2.8125
          6.78125 0.1875 2.8125
          7 0.1875 2.8125
          0 0.375 2.8125
          0.21875 0.375 2.8125
          0.4375 0.375 2.8125
          0.65625 0.375 2.8125
          0.875 0.375 2.8125
          1.09375 0.375 2.8125
          1.3125 0.375 2.8125
          1.53125 0.375 2.8125
          1.75 0.375 2.8125
          1.96875 0.375 2.8125
          2.1875 0.375 2.8125
          2.40625 0.375 2.8125
          2.625 0.375 2.8125
          2.84375 0.375 2.8125
          3.0625 0.375 2.8125
          3.28125 0.375 2.8125
          3.5 0.375 2.8125
          3.71875 0.375 2.8125
          3.9375 0.375 2.8125
          4.15625 0.375 2.8125
          4.375 0.375 2.8125
          4.59375 0.375 2.8125
          4.8125 0.375 2.8125
          5.03125 0.375 2.8125
          5.25 0.375 2.8125
          5.46875 0.375 2.8125
          5.6875 0.375 2.8125
          5.90625 0.375 2.8125
          6.125 0.375 2.8125
          6.34375 0.375 2.8125
          6.5625 0.375 2.8125
          6.78125 0.375 2.8125
          7 0.375 2.8125
          0 0.5625 2.8125
          0.21875 0.5625 2.8125
          0.4375 0.5625 2.8125
          0.65625 0.5625 2.8125
          0.875 0.5625 2.8125
          1.09375 0.5625 2.8125
          1.3125 0.5625 2.8125
          1.53125 0.5625 2.8125
          1.75 0.5625 2.8125
          1.96875 0.5625 2.8125
          2.1875 0.5625 2.8125
          2.40625 0.5625 2.8125
          2.625 0.5625 2.8125
          2.84375 0.5625 2.8125
          3.0625 0.5625 2.8125
          3.28125 0.5625 2.8125
          3.5 0.5625 2.8125
          3.71875 0.5625 2.8125
          3.9375 0.5625 2.8125
          4.15625 0.5625 2.8125
          4.375 0.5625 2.8125
          4.59375 0.5625 2.8125
          4.8125 0.5625 2.8125
          5.03125 0.5625 2.8125
          5.25 0.5625 2.8125
          5.46875 0.5625 2.8125
          5.6875 0.5625 2.8125
          5.90625 0.5625 2.8125
          6.125 0.5625 2.8125
          6.34375 0.5625 2.8125
          6.5625 0.5625 2.8125
          6.78125 0.5625 2.8125
          7 0.5625 2.8125
          0 0.75 2.8125
          0.21875 0.75 2.8125
          0.4375 0.75 2.8125
          0.65625 0.75 2.8125
          0.875 0.75 2.8125
          1.09375 0.75 2.8125
          1.3125 0.75 2.8125
          1.53125 0.75 2.8125
          1.75 0.75 2.8125
          1.96875 0.75 2.8125
          2.1875 0.75 2.8125
          2.40625 0.75 2.8125
          2.625 0.75 2.8125
          2.84375 0.75 2.8125
          3.0625 0.75 2.8125
          3.28125 0.75 2.8125
          3.5 0.75 2.8125
          3.71875 0.75 2.8125
          3.9375 0.75 2.8125
          4.15625 0.75 2.8125
          4.375 0.75 2.8125
          4.59375 0.75 2.8125
          4.8125 0.75 2.8125
          5.03125 0.75 2.8125
          5.25 0.75 2.8125
          5.46875 0.75 2.8125
          5.6875 0.75 2.8125
          5.90625 0.75 2.8125
          6.125 0.75 2.8125
          6.34375 0.75 2.8125
          6.5625 0.75 2.8125
          6.78125 0.75 2.8125
          7 0.75 2.8125
          0 0.9375 2.8125
          0.21875 0.9375 2.8125
          0.4375 0.9375 2.8125
          0.65625 0.9375 2.8125
          0.875 0.9375 2.8125
          1.09375 0.9375 2.8125
          1.3125 0.9375 2.8125
          1.53125 0.9375 2.8125
          1.75 0.9375 2.8125
          1.96875 0.9375 2.8125
          2.1875 0.9375 2.8125
          2.40625 0.9375 2.8125
          2.625 0.9375 2.8125
          2.84375 0.9375 2.8125
          3.0625 0.9375 2.8125
          3.28125 0.9375 2.8125
          3.5 0.9375 2.8125
          3.71875 0.9375 2.8125
          3.9375 0.9375 2.8125
          4.15625 0.9375 2.8125
          4.375 0.9375 2.8125
          4.59375 0.9375 2.8125
          4.8125 0.9375 2.8125
          5.03125 0.9375 2.8125
          5.25 0.9375 2.8125
          5.46875 0.9375 2.8125
          5.6875 0.9375 2.8125
          5.90625 0.9375 2.8125
          6.125 0.9375 2.8125
          6.34375 0.9375 2.8125
          6.5625 0.9375 2.8125
          6.78125 0.9375 2.8125
          7 0.9375 2.8125
          0 1.125 2.8125
          0.21875 1.125 2.8125
          0.4375 1.125 2.8125
          0.65625 1.125 2.8125
          0.875 1.125 2.8125
          1.09375 1.125 2.8125
          1.3125 1.125 2.8125
          1.53125 1.125 2.8125
          1.75 1.125 2.8125
          1.96875 1.125 2.8125
          2.1875 1.125 2.8125
          2.40625 1.125 2.8125
          2.625 1.125 2.8125
          2.84375 1.125 2.8125
          3.0625 1.125 2.8125
          3.28125 1.125 2.8125
          3.5 1.125 2.8125
          3.71875 1.125 2.8125
          3.9375 1.125 2.8125
          4.15625 1.125 2.8125
          4.375 1.125 2.8125
          4.59375 1.125 2.8125
          4.8125 1.125 2.8125
          5.03125 1.125 2.8125
          5.25 1.125 2.8125
          5.46875 1.125 2.8125
          5.6875 1.125 2.8125
          5.90625 1.125 2.8125
          6.125 1.125 2.8125
          6.34375 1.125 2.8125
          6.5625 1.125 2.8125
          6.78125 1.125 2.8125
          7 1.125 2.8125
          0 1.3125 2.8125
          0.21875 1.3125 2.8125
          0.4375 1.3125 2.8125
          0.65625 1.3125 2.8125
          0.875 1.3125 2.8125
          1.09375 1.3125 2.8125
          1.3125 1.3125 2.8125
          1.53125 1.3125 2.8125
          1.75 1.3125 2.8125
          1.96875 1.3125 2.8125
          2.1875 1.3125 2.8125
          2.40625 1.3125 2.8125
          2.625 1.3125 2.8125
          2.84375 1.3125 2.8125
          3.0625 1.3125 2.8125
          3.28125 1.3125 2.8125
          3.5 1.3125 2.8125
          3.71875 1.3125 2.8125
          3.9375 1.3125 2.8125
          4.15625 1.3125 2.8125
          4.375 1.3125 2.8125
          4.59375 1.3125 2.8125
          4.8125 1.3125 2.8125
          5.03125 1.3125 2.8125
          5.25 1.3125 2.8125
          5.46875 1.3125 2.8125
          5.6875 1.3125 2.8125
          5.90625 1.3125 2.8125
          6.125 1.3125 2.8125
          6.34375 1.3125 2.8125
          6.5625 1.3125 2.8125
          6.78125 1.3125 2.8125
          7 1.3125 2.8125
          0 1.5 2.8125
          0.21875 1.5 2.8125
          0.4375 1.5 2.8125
          0.65625 1.5 2.8125
          0.875 1.5 2.8125
          1.09375 1.5 2.8125
          1.3125 1.5 2.8125
          1.53125 1.5 2.8125
          1.75 1.5 2.8125
          1.96875 1.5 2.8125
          2.1875 1.5 2.8125
          2.40625 1.5 2.8125
          2.625 1.5 2.8125
          2.84375 1.5 2.8125
          3.0625 1.5 2.8125
          3.28125 1.5 2.8125
          3.5 1.5 2.8125
          3.71875 1.5 2.8125
          3.9375 1.5 2.8125
          4.15625 1.5 2.8125
          4.375 1.5 2.8125
          4.59375 1.5 2.8125
          4.8125 1.5 2.8125
          5.03125 1.5 2.8125
          5.25 1.5 2.8125
          5.46875 1.5 2.8125
          5.6875 1.5 2.8125
          5.90625 1.5 2.8125
          6.125 1.5 2.8125
          6.34375 1.5 2.8125
          6.5625 1.5 2.8125
          6.78125 1.5 2.8125
          7 1.5 2.8125
          0 1.6875 2.8125
          0.21875 1.6875 2.8125
          0.4375 1.6875 2.8125
          0.65625 1.6875 2.8125
          0.875 1.6875 2.8125
          1.09375 1.6875 2.8125
          1.3125 1.6875 2.8125
          1.53125 1.6875 2.8125
          1.75 1.6875 2.8125
          1.96875 1.6875 2.8125
          2.1875 1.6875 2.8125
          2.40625 1.6875 2.8125
          2.625 1.6875 2.8125
          2.84375 1.6875 2.8125
          3.0625 1.6875 2.8125
          3.28125 1.6875 2.8125
          3.5 1.6875 2.8125
          3.71875 1.6875 2.8125
          3.9375 1.6875 2.8125
          4.15625 1.6875 2.8125
          4.375 1.6875 2.8125
          4.59375 1.6875 2.8125
          4.8125 1.6875 2.8125
          5.03125 1.6875 2.8125
          5.25 1.6875 2.8125
          5.46875 1.6875 2.8125
          5.6875 1.6875 2.8125
          5.90625 1.6875 2.8125
          6.125 1.6875 2.8125
          6.34375 1.6875 2.8125
          6.5625 1.6875 2.8125
          6.78125 1.6875 2.8125
          7 1.6875 2.8125
          0 1.875 2.8125
          0.21875 1.875 2.8125
          0.4375 1.875 2.8125
          0.65625 1.875 2.8125
          0.875 1.875 2.8125
          1.09375 1.875 2.8125
          1.3125 1.875 2.8125
          1.53125 1.875 2.8125
          1.75 1.875 2.8125
          1.96875 1.875 2.8125
          2.1875 1.875 2.8125
          2.40625 1.875 2.8125
          2.625 1.875 2.8125
          2.84375 1.875 2.8125
          3.0625 1.875 2.8125
          3.28125 1.875 2.8125
          3.5 1.875 2.8125
          3.71875 1.875 2.8125
          3.9375 1.875 2.8125
          4.15625 1.875 2.8125
          4.375 1.875 2.8125
          4.59375 1.875 2.8125
          4.8125 1.875 2.8125
          5.03125 1.875 2.8125
          5.25 1.875 2.8125
          5.46875 1.875 2.8125
          5.6875 1.875 2.8125
          5.90625 1.875 2.8125
          6.125 1.875 2.8125
          6.34375 1.875 2.8125
          6.5625 1.875 2.8125
          6.78125 1.875 2.8125
          7 1.875 2.8125
          0 2.0625 2.8125
          0.21875 2.0625 2.8125
          0.4375 2.0625 2.8125
          0.65625 2.0625 2.8125
          0.875 2.0625 2.8125
          1.09375 2.0625 2.8125
          1.3125 2.0625 2.8125
          1.53125 2.0625 2.8125
          1.75 2.0625 2.8125
          1.96875 2.0625 2.8125
          2.1875 2.0625 2.8125
          2.40625 2.0625 2.8125
          2.625 2.0625 2.8125
          2.84375 2.0625 2.8125
          3.0625 2.0625 2.8125
          3.28125 2.0625 2.8125
          3.5 2.0625 2.8125
          3.71875 2.0625 2.8125
          3.9375 2.0625 2.8125
          4.15625 2.0625 2.8125
          4.375 2.0625 2.8125
          4.59375 2.0625 2.8125
          4.8125 2.0625 2.8125
          5.03125 2.0625 2.8125
          5.25 2.0625 2.8125
          5.46875 2.0625 2.8125
          5.6875 2.0625 2.8125
          5.90625 2.0625 2.8125
          6.125 2.0625 2.8125
          6.34375 2.0625 2.8125
          6.5625 2.0625 2.8125
          6.78125 2.0625 2.8125
          7 2.0625 2.8125
          0 2.25 2.8125
          0.21875 2.25 2.8125
          0.4375 2.25 2.8125
          0.65625 2.25 2.8125
          0.875 2.25 2.8125
          1.09375 2.25 2.8125
          1.3125 2.25 2.8125
          1.53125 2.25 2.8125
          1.75 2.25 2.8125
          1.96875 2.25 2.8125
          2.1875 2.25 2.8125
          2.40625 2.25 2.8125
          2.625 2.25 2.8125
          2.84375 2.25 2.8125
          3.0625 2.25 2.8125
          3.28125 2.25 2.8125
          3.5 2.25 2.8125
          3.71875 2.25 2.8125
          3.9375 2.25 2.8125
          4.15625 2.25 2.8125
          4.375 2.25 2.8125
          4.59375 2.25 2.8125
          4.8125 2.25 2.8125
          5.03125 2.25 2.8125
          5.25 2.25 2.8125
          5.46875 2.25 2.8125
          5.6875 2.25 2.8125
          5.90625 2.25 2.8125
          6.125 2.25 2.8125
          6.34375 2.25 2.8125
          6.5625 2.25 2.8125
          6.78125 2.25 2.8125
          7 2.25 2.8125
          0 2.4375 2.8125
          0.21875 2.4375 2.8125
          0.4375 2.4375 2.8125
          0.65625 2.4375 2.8125
          0.875 2.4375 2.8125
          1.09375 2.4375 2.8125
          1.3125 2.4375 2.8125
          1.53125 2.4375 2.8125
          1.75 2.4375 2.8125
          1.96875 2.4375 2.8125
          2.1875 2.4375 2.8125
          2.40625 2.4375 2.8125
          2.625 2.4375 2.8125
          2.84375 2.4375 2.8125
          3.0625 2.4375 2.8125
          3.28125 2.4375 2.8125
          3.5 2.4375 2.8125
          3.71875 2.4375 2.8125
          3.9375 2.4375 2.8125
          4.15625 2.4375 2.8125
          4.375 2.4375 2.8125
          4.59375 2.4375 2.8125
          4.8125 2.4375 2.8125
          5.03125 2.4375 2.8125
          5.25 2.4375 2.8125
          5.46875 2.4375 2.8125
          5.6875 2.4375 2.8125
          5.90625 2.4375 2.8125
          6.125 2.4375 2.8125
          6.34375 2.4375 2.8125
          6.5625 2.4375 2.8125
          6.78125 2.4375 2.8125
          7 2.4375 2.8125
          0 2.625 2.8125
          0.21875 2.625 2.8125
          0.4375 2.625 2.8125
          0.65625 2.625 2.8125
          0.875 2.625 2.8125
          1.09375 2.625 2.8125
          1.3125 2.625 2.8125
          1.53125 2.625 2.8125
          1.75 2.625 2.8125
          1.96875 2.625 2.8125
          2.1875 2.625 2.8125
          2.40625 2.625 2.8125
          2.625 2.625 2.8125
          2.84375 2.625 2.8125
          3.0625 2.625 2.8125
          3.28125 2.625 2.8125
          3.5 2.625 2.8125
          3.71875 2.625 2.8125
          3.9375 2.625 2.8125
          4.15625 2.625 2.8125
          4.375 2.625 2.8125
          4.59375 2.625 2.8125
          4.8125 2.625 2.8125
          5.03125 2.625 2.8125
          5.25 2.625 2.8125
          5.46875 2.625 2.8125
          5.6875 2.625 2.8125
          5.90625 2.625 2.8125
          6.125 2.625 2.8125
          6.34375 2.625 2.8125
          6.5625 2.625 2.8125
          6.78125 2.625 2.8125
          7 2.625 2.8125
          0 2.8125 2.8125
          0.21875 2.8125 2.8125
          0.4375 2.8125 2.8125
          0.65625 2.8125 2.8125
          0.875 2.8125 2.8125
          1.09375 2.8125 2.8125
          1.3125 2.8125 2.8125
          1.53125 2.8125 2.8125
          1.75 2.8125 2.8125
          1.96875 2.8125 2.8125
          2.1875 2.8125 2.8125
          2.40625 2.8125 2.8125
          2.625 2.8125 2.8125
          2.84375 2.8125 2.8125
          3.0625 2.8125 2.8125
          3.28125 2.8125 2.8125
          3.5 2.8125 2.8125
          3.71875 2.8125 2.8125
          3.9375 2.8125 2.8125
          4.15625 2.8125 2.8125
          4.375 2.8125 2.8125
          4.59375 2.8125 2.8125
          4.8125 2.8125 2.8125
          5.03125 2.8125 2.8125
          5.25 2.8125 2.8125
          5.46875 2.8125 2.8125
          5.6875 2.8125 2.8125
          5.90625 2.8125 2.8125
          6.125 2.8125 2.8125
          6.34375 2.8125 2.8125
          6.5625 2.8125 2.8125
          6.78125 2.8125 2.8125
          7 2.8125 2.8125
          0 3 2.8125
          0.21875 3 2.8125
          0.4375 3 2.8125
          0.65625 3 2.8125
          0.875 3 2.8125
          1.09375 3 2.8125
          1.3125 3 2.8125
          1.53125 3 2.8125
          1.75 3 2.8125
          1.96875 3 2.8125
          2.1875 3 2.8125
          2.40625 3 2.8125
          2.625 3 2.8125
          2.84375 3 2.8125
          3.0625 3 2.8125
          3.28125 3 2.8125
          3.5 3 2.8125
          3.71875 3 2.8125
          3.9375 3 2.8125
          4.15625 3 2.8125
          4.375 3 2.8125
          4.59375 3 2.8125
          4.8125 3 2.8125
          5.03125 3 2.8125
          5.25 3 2.8125
          5.46875 3 2.8125
          5.6875 3 2.8125
          5.90625 3 2.8125
          6.125 3 2.8125
          6.34375 3 2.8125
          6.5625 3 2.8125
          6.78125 3 2.8125
          7 3 2.8125
          0 0 3
          0.21875 0 3
          0.4375 0 3
          0.65625 0 3
          0.875 0 3
          1.09375 0 3
          1.3125 0 3
          1.53125 0 3
          1.75 0 3
          1.96875 0 3
          2.1875 0 3
          2.40625 0 3
          2.625 0 3
          2.84375 0 3
          3.0625 0 3
          3.28125 0 3
          3.5 0 3
          3.71875 0 3
          3.9375 0 3
          4.15625 0 3
          4.375 0 3
          4.59375 0 3
          4.8125 0 3
          5.03125 0 3
          5.25 0 3
          5.46875 0 3
          5.6875 0 3
          5.90625 0 3
          6.125 0 3
          6.34375 0 3
          6.5625 0 3
          6.78125 0 3
          7 0 3
          0 0.1875 3
          0.21875 0.1875 3
          0.4375 0.1875 3
          0.65625 0.1875 3
          0.875 0.1875 3
          1.09375 0.1875 3
          1.3125 0.1875 3
          1.53125 0.1875 3
          1.75 0.1875 3
          1.96875 0.1875 3
          2.1875 0.1875 3
          2.40625 0.1875 3
          2.625 0.1875 3
          2.84375 0.1875 3
          3.0625 0.1875 3
          3.28125 0.1875 3
          3.5 0.1875 3
          3.71875 0.1875 3
          3.9375 0.1875 3
          4.15625 0.1875 3
          4.375 0.1875 3
          4.59375 0.1875 3
          4.8125 0.1875 3
          5.03125 0.1875 3
          5.25 0.1875 3
          5.46875 0.1875 3
          5.6875 0.1875 3
          5.90625 0.1875 3
          6.125 0.1875 3
          6.34375 0.1875 3
          6.5625 0.1875 3
          6.78125 0.1875 3
          7 0.1875 3
          0 0.375 3
          0.21875 0.375 3
          0.4375 0.375 3
          0.65625 0.375 3
          0.875 0.375 3
          1.09375 0.375 3
          1.3125 0.375 3
          1.53125 0.375 3
          1.75 0.375 3
          1.96875 0.375 3
          2.1875 0.375 3
          2.40625 0.375 3
          2.625 0.375 3
          2.84375 0.375 3
          3.0625 0.375 3
          3.28125 0.375 3
          3.5 0.375 3
          3.71875 0.375 3
          3.9375 0.375 3
          4.15625 0.375 3
          4.375 0.375 3
          4.59375 0.375 3
          4.8125 0.375 3
          5.03125 0.375 3
          5.25 0.375 3
          5.46875 0.375 3
          5.6875 0.375 3
          5.90625 0.375 3
          6.125 0.375 3
          6.34375 0.375 3
          6.5625 0.375 3
          6.78125 0.375 3
          7 0.375 3
          0 0.5625 3
          0.21875 0.5625 3
          0.4375 0.5625 3
          0.65625 0.5625 3
          0.875 0.5625 3
          1.09375 0.5625 3
          1.3125 0.5625 3
          1.53125 0.5625 3
          1.75 0.5625 3
          1.96875 0.5625 3
          2.1875 0.5625 3
          2.40625 0.5625 3
          2.625 0.5625 3
          2.84375 0.5625 3
          3.0625 0.5625 3
          3.28125 0.5625 3
          3.5 0.5625 3
          3.71875 0.5625 3
          3.9375 0.5625 3
          4.15625 0.5625 3
          4.375 0.5625 3
          4.59375 0.5625 3
          4.8125 0.5625 3
          5.03125 0.5625 3
          5.25 0.5625 3
          5.46875 0.5625 3
          5.6875 0.5625 3
          5.90625 0.5625 3
          6.125 0.5625 3
          6.34375 0.5625 3
          6.5625 0.5625 3
          6.78125 0.5625 3
          7 0.5625 3
          0 0.75 3
          0.21875 0.75 3
          0.4375 0.75 3
          0.65625 0.75 3
          0.875 0.75 3
          1.09375 0.75 3
          1.3125 0.75 3
          1.53125 0.75 3
          1.75 0.75 3
          1.96875 0.75 3
          2.1875 0.75 3
          2.40625 0.75 3
          2.625 0.75 3
          2.84375 0.75 3
          3.0625 0.75 3
          3.28125 0.75 3
          3.5 0.75 3
          3.71875 0.75 3
          3.9375 0.75 3
          4.15625 0.75 3
          4.375 0.75 3
          4.59375 0.75 3
          4.8125 0.75 3
          5.03125 0.75 3
          5.25 0.75 3
          5.46875 0.75 3
          5.6875 0.75 3
          5.90625 0.75 3
          6.125 0.75 3
          6.34375 0.75 3
          6.5625 0.75 3
          6.78125 0.75 3
          7 0.75 3
          0 0.9375 3
          0.21875 0.9375 3
          0.4375 0.9375 3
          0.65625 0.9375 3
          0.875 0.9375 3
          1.09375 0.9375 3
          1.3125 0.9375 3
          1.53125 0.9375 3
          1.75 0.9375 3
          1.96875 0.9375 3
          2.1875 0.9375 3
          2.40625 0.9375 3
          2.625 0.9375 3
          2.84375 0.9375 3
          3.0625 0.9375 3
          3.28125 0.9375 3
          3.5 0.9375 3
          3.71875 0.9375 3
          3.9375 0.9375 3
          4.15625 0.9375 3
          4.375 0.9375 3
          4.59375 0.9375 3
          4.8125 0.9375 3
          5.03125 0.9375 3
          5.25 0.9375 3
          5.46875 0.9375 3
          5.6875 0.9375 3
          5.90625 0.9375 3
          6.125 0.9375 3
          6.34375 0.9375 3
          6.5625 0.9375 3
          6.78125 0.9375 3
          7 0.9375 3
          0 1.125 3
          0.21875 1.125 3
          0.4375 1.125 3
          0.65625 1.125 3
          0.875 1.125 3
          1.09375 1.125 3
          1.3125 1.125 3
          1.53125 1.125 3
          1.75 1.125 3
          1.96875 1.125 3
          2.1875 1.125 3
          2.40625 1.125 3
          2.625 1.125 3
          2.84375 1.125 3
          3.0625 1.125 3
          3.28125 1.125 3
          3.5 1.125 3
          3.71875 1.125 3
          3.9375 1.125 3
          4.15625 1.125 3
          4.375 1.125 3
          4.59375 1.125 3
          4.8125 1.125 3
          5.03125 1.125 3
          5.25 1.125 3
          5.46875 1.125 3
          5.6875 1.125 3
          5.90625 1.125 3
          6.125 1.125 3
          6.34375 1.125 3
          6.5625 1.125 3
          6.78125 1.125 3
          7 1.125 3
          0 1.3125 3
          0.21875 1.3125 3
          0.4375 1.3125 3
          0.65625 1.3125 3
          0.875 1.3125 3
          1.09375 1.3125 3
          1.3125 1.3125 3
          1.53125 1.3125 3
          1.75 1.3125 3
          1.96875 1.3125 3
          2.1875 1.3125 3
          2.40625 1.3125 3
          2.625 1.3125 3
          2.84375 1.3125 3
          3.0625 1.3125 3
          3.28125 1.3125 3
          3.5 1.3125 3
          3.71875 1.3125 3
          3.9375 1.3125 3
          4.15625 1.3125 3
          4.375 1.3125 3
          4.59375 1.3125 3
          4.8125 1.3125 3
          5.03125 1.3125 3
          5.25 1.3125 3
          5.46875 1.3125 3
          5.6875 1.3125 3
          5.90625 1.3125 3
          6.125 1.3125 3
          6.34375 1.3125 3
          6.5625 1.3125 3
          6.78125 1.3125 3
          7 1.3125 3
          0 1.5 3
          0.21875 1.5 3
          0.4375 1.5 3
          0.65625 1.5 3
          0.875 1.5 3
          1.09375 1.5 3
          1.3125 1.5 3
          1.53125 1.5 3
          1.75 1.5 3
          1.96875 1.5 3
          2.1875 1.5 3
          2.40625 1.5 3
          2.625 1.5 3
          2.84375 1.5 3
          3.0625 1.5 3
          3.28125 1.5 3
          3.5 1.5 3
          3.71875 1.5 3
          3.9375 1.5 3
          4.15625 1.5 3
          4.375 1.5 3
          4.59375 1.5 3
          4.8125 1.5 3
          5.03125 1.5 3
          5.25 1.5 3
          5.46875 1.5 3
          5.6875 1.5 3
          5.90625 1.5 3
          6.125 1.5 3
          6.34375 1.5 3
          6.5625 1.5 3
          6.78125 1.5 3
          7 1.5 3
          0 1.6875 3
          0.21875 1.6875 3
          0.4375 1.6875 3
          0.65625 1.6875 3
          0.875 1.6875 3
          1.09375 1.6875 3
          1.3125 1.6875 3
          1.53125 1.6875 3
          1.75 1.6875 3
          1.96875 1.6875 3
          2.1875 1.6875 3
          2.40625 1.6875 3
          2.625 1.6875 3
          2.84375 1.6875 3
          3.0625 1.6875 3
          3.28125 1.6875 3
          3.5 1.6875 3
          3.71875 1.6875 3
          3.9375 1.6875 3
          4.15625 1.6875 3
          4.375 1.6875 3
          4.59375 1.6875 3
          4.8125 1.6875 3
          5.03125 1.6875 3
          5.25 1.6875 3
          5.46875 1.6875 3
          5.6875 1.6875 3
          5.90625 1.6875 3
          6.125 1.6875 3
          6.34375 1.6875 3
          6.5625 1.6875 3
          6.78125 1.6875 3
          7 1.6875 3
          0 1.875 3
          0.21875 1.875 3
          0.4375 1.875 3
          0.65625 1.875 3
          0.875 1.875 3
          1.09375 1.875 3
          1.3125 1.875 3
          1.53125 1.875 3
          1.75 1.875 3
          1.96875 1.875 3
          2.1875 1.875 3
          2.40625 1.875 3
          2.625 1.875 3
          2.84375 1.875 3
          3.0625 1.875 3
          3.28125 1.875 3
          3.5 1.875 3
          3.71875 1.875 3
          3.9375 1.875 3
          4.15625 1.875 3
          4.375 1.875 3
          4.59375 1.875 3
          4.8125 1.875 3
          5.03125 1.875 3
          5.25 1.875 3
          5.46875 1.875 3
          5.6875 1.875 3
          5.90625 1.875 3
          6.125 1.875 3
          6.34375 1.875 3
          6.5625 1.875 3
          6.78125 1.875 3
          7 1.875 3
          0 2.0625 3
          0.21875 2.0625 3
          0.4375 2.0625 3
          0.65625 2.0625 3
          0.875 2.0625 3
          1.09375 2.0625 3
          1.3125 2.0625 3
          1.53125 2.0625 3
          1.75 2.0625 3
          1.96875 2.0625 3
          2.1875 2.0625 3
          2.40625 2.0625 3
          2.625 2.0625 3
          2.84375 2.0625 3
          3.0625 2.0625 3
          3.28125 2.0625 3
          3.5 2.0625 3
          3.71875 2.0625 3
          3.9375 2.0625 3
          4.15625 2.0625 3
          4.375 2.0625 3
          4.59375 2.0625 3
          4.8125 2.0625 3
          5.03125 2.0625 3
          5.25 2.0625 3
          5.46875 2.0625 3
          5.6875 2.0625 3
          5.90625 2.0625 3
          6.125 2.0625 3
          6.34375 2.0625 3
          6.5625 2.0625 3
          6.78125 2.0625 3
          7 2.0625 3
          0 2.25 3
          0.21875 2.25 3
          0.4375 2.25 3
          0.65625 2.25 3
          0.875 2.25 3
          1.09375 2.25 3
          1.3125 2.25 3
          1.53125 2.25 3
          1.75 2.25 3
          1.96875 2.25 3
          2.1875 2.25 3
          2.40625 2.25 3
          2.625 2.25 3
          2.84375 2.25 3
          3.0625 2.25 3
          3.28125 2.25 3
          3.5 2.25 3
          3.71875 2.25 3
          3.9375 2.25 3
          4.15625 2.25 3
          4.375 2.25 3
          4.59375 2.25 3
          4.8125 2.25 3
          5.03125 2.25 3
          5.25 2.25 3
          5.46875 2.25 3
          5.6875 2.25 3
          5.90625 2.25 3
          6.125 2.25 3
          6.34375 2.25 3
          6.5625 2.25 3
          6.78125 2.25 3
          7 2.25 3
          0 2.4375 3
          0.21875 2.4375 3
          0.4375 2.4375 3
          0.65625 2.4375 3
          0.875 2.4375 3
          1.09375 2.4375 3
          1.3125 2.4375 3
          1.53125 2.4375 3
          1.75 2.4375 3
          1.96875 2.4375 3
          2.1875 2.4375 3
          2.40625 2.4375 3
          2.625 2.4375 3
          2.84375 2.4375 3
          3.0625 2.4375 3
          3.28125 2.4375 3
          3.5 2.4375 3
          3.71875 2.4375 3
          3.9375 2.4375 3
          4.15625 2.4375 3
          4.375 2.4375 3
          4.59375 2.4375 3
          4.8125 2.4375 3
          5.03125 2.4375 3
          5.25 2.4375 3
          5.46875 2.4375 3
          5.6875 2.4375 3
          5.90625 2.4375 3
          6.125 2.4375 3
          6.34375 2.4375 3
          6.5625 2.4375 3
          6.78125 2.4375 3
          7 2.4375 3
          0 2.625 3
          0.21875 2.625 3
          0.4375 2.625 3
          0.65625 2.625 3
          0.875 2.625 3
          1.09375 2.625 3
          1.3125 2.625 3
          1.53125 2.625 3
          1.75 2.625 3
          1.96875 2.625 3
          2.1875 2.625 3
          2.40625 2.625 3
          2.625 2.625 3
          2.84375 2.625 3
          3.0625 2.625 3
          3.28125 2.625 3
          3.5 2.625 3
          3.71875 2.625 3
          3.9375 2.625 3
          4.15625 2.625 3
          4.375 2.625 3
          4.59375 2.625 3
          4.8125 2.625 3
          5.03125 2.625 3
          5.25 2.625 3
          5.46875 2.625 3
          5.6875 2.625 3
          5.90625 2.625 3
          6.125 2.625 3
          6.34375 2.625 3
          6.5625 2.625 3
          6.78125 2.625 3
          7 2.625 3
          0 2.8125 3
          0.21875 2.8125 3
          0.4375 2.8125 3
          0.65625 2.8125 3
          0.875 2.8125 3
          1.09375 2.8125 3
          1.3125 2.8125 3
          1.53125 2.8125 3
          1.75 2.8125 3
          1.96875 2.8125 3
          2.1875 2.8125 3
          2.40625 2.8125 3
          2.625 2.8125 3
          2.84375 2.8125 3
          3.0625 2.8125 3
          3.28125 2.8125 3
          3.5 2.8125 3
          3.71875 2.8125 3
          3.9375 2.8125 3
          4.15625 2.8125 3
          4.375 2.8125 3
          4.59375 2.8125 3
          4.8125 2.8125 3
          5.03125 2.8125 3
          5.25 2.8125 3
          5.46875 2.8125 3
          5.6875 2.8125 3
          5.90625 2.8125 3
          6.125 2.8125 3
          6.34375 2.8125 3
          6.5625 2.8125 3
          6.78125 2.8125 3
          7 2.8125 3
          0 3 3
          0.21875 3 3
          0.4375 3 3
          0.65625 3 3
          0.875 3 3
          1.09375 3 3
          1.3125 3 3
          1.53125 3 3
          1.75 3 3
          1.96875 3 3
          2.1875 3 3
          2.40625 3 3
          2.625 3 3
          2.84375 3 3
          3.0625 3 3
          3.28125 3 3
          3.5 3 3
          3.71875 3 3
          3.9375 3 3
          4.15625 3 3
          4.375 3 3
          4.59375 3 3
          4.8125 3 3
          5.03125 3 3
          5.25 3 3
          5.46875 3 3
          5.6875 3 3
          5.90625 3 3
          6.125 3 3
          6.34375 3 3
          6.5625 3 3
          6.78125 3 3
          7 3 3
        </DataArray>
      </Points>
      <Cells>
        <DataArray type="Int64" Name="connectivity" format="ascii">
          0 8 272 264 4488 4496 4760 4752 1 2 3 4 5 6 7 41 74 107 140 173 206 239 265 266 267 268 269 270 271 33 66 99 132 165 198 231 4489 4490 4491 4492 4493 4494 4495 4529 4562 4595 4628 4661 4694 4727 4753 4754 4755 4756 4757 4758 4759 4521 4554 4587 4620 4653 4686 4719 561 1122 1683 2244 2805 3366 3927 569 1130 1691 2252 2813 3374 3935 825 1386 1947 2508 3069 3630 4191 833 1394 1955 2516 3077 3638 4199 594 627 660 693 726 759 792 1155 1188 1221 1254 1287 1320 1353 1716 1749 1782 1815 1848 1881 1914 2277 2310 2343 2376 2409 2442 2475 2838 2871 2904 2937 2970 3003 3036 3399 3432 3465 3498 3531 3564 3597 3960 3993 4026 4059 4092 4125 4158 602 635 668 701 734 767 800 1163 1196 1229 1262 1295 1328 1361 1724 1757 1790 1823 1856 1889 1922 2285 2318 2351 2384 2417 2450 2483 2846 2879 2912 2945 2978 3011 3044 3407 3440 3473 3506 3539 3572 3605 3968 4001 4034 4067 4100 4133 4166 562 563 564 565 566 567 568 1123 1124 1125 1126 1127 1128 1129 1684 1685 1686 1687 1688 1689 1690 2245 2246 2247 2248 2249 2250 2251 2806 2807 2808 2809 2810 2811 2812 3367 3368 3369 3370 3371 3372 3373 3928 3929 3930 3931 3932 3933 3934 826 827 828 829 830 831 832 1387 1388 1389 1390 1391 1392 1393 1948 1949 1950 1951 1952 1953 1954 2509 2510 2511 2512 2513 2514 2515 3070 3071 3072 3073 3074 3075 3076 3631 3632 3633 3634 3635 3636 3637 4192 4193 4194 4195 4196 4197 4198 34 35 36 37 38 39 40 67 68 69 70 71 72 73 100 101 102 103 104 105 106 133 134 135 136 137 138 139 166 167 168 169 170 171 172 199 200 201 202 203 204 205 232 233 234 235 236 237 238 4522 4523 4524 4525 4526 4527 4528 4555 4556 4557 4558 4559 4560 4561 4588 4589 4590 4591 4592 4593 4594 4621 4622 4623 4624 4625 4626 4627 4654 4655 4656 4657 4658 4659 4660 4687 4688 4689 4690 4691 4692 4693 4720 4721 4722 4723 4724 4725 4726 595 596 597 598 599 600 601 628 629 630 631 632 633 634 661 662 663 664 665 666 667 694 695 696 697 698 699 700 727 728 729 730 731 732 733 760 761 762 763 764 765 766 793 794 795 796 797 798 799 1156 1157 1158 1159 1160 1161 1162 1189 1190 1191 1192 1193 1194 1195 1222 1223 1224 1225 1226 1227 1228 1255 1256 1257 1258 1259 1260 1261 1288 1289 1290 1291 1292 1293 1294 1321 1322 1323 1324 1325 1326 1327 1354 1355 1356 1357 1358 1359 1360 1717 1718 1719 1720 1721 1722 1723 1750 1751 1752 1753 1754 1755 1756 1783 1784 1785 1786 1787 1788 1789 1816 1817 1818 1819 1820 1821 1822 1849 1850 1851 1852 1853 1854 1855 1882 1883 1884 1885 1886 1887 1888 1915 1916 1917 1918 1919 1920 1921 2278 2279 2280 2281 2282 2283 2284 2311 2312 2313 2314 2315 2316 2317 2344 2345 2346 2347 2348 2349 2350 2377 2378 2379 2380 2381 2382 2383 2410 2411 2412 2413 2414 2415 2416 2443 2444 2445 2446 2447 2448 2449 2476 2477 2478 2479 2480 2481 2482 2839 2840 2841 2842 2843 2844 2845 2872 2873 2874 2875 2876 2877 2878 2905 2906 2907 2908 2909 2910 2911 2938 2939 2940 2941 2942 2943 2944 2971 2972 2973 2974 2975 2976 2977 3004 3005 3006 3007 3008 3009 3010 3037 3038 3039 3040 3041 3042 3043 3400 3401 3402 3403 3404 3405 3406 3433 3434 3435 3436 3437 3438 3439 3466 3467 3468 3469 3470 3471 3472 3499 3500 3501 3502 3503 3504 3505 3532 3533 3534 3535 3536 3537 3538 3565 3566 3567 3568 3569 3570 3571 3598 3599 3600 3601 3602 3603 3604 3961 3962 3963 3964 3965 3966 3967 3994 3995 3996 3997 3998 3999 4000 4027 4028 4029 4030 4031 4032 4033 4060 4061 4062 4063 4064 4065 4066 4093 4094 4095 4096 4097 4098 4099 4126 4127 4128 4129 4130 4131 4132 4159 4160 4161 4162 4163 4164 4165
          8 16 280 272 4496 4504 4768 4760 9 10 11 12 13 14 15 49 82 115 148 181 214 247 273 274 275 276 277 278 279 41 74 107 140 173 206 239 4497 4498 4499 4500 4501 4502 4503 4537 4570 4603 4636 4669 4702 4735 4761 4762 4763 4764 4765 4766 4767 4529 4562 4595 4628 4661 4694 4727 569 1130 1691 2252 2813 3374 3935 577 1138 1699 2260 2821 3382 3943 833 1394 1955 2516 3077 3638 4199 841 1402 1963 2524 3085 3646 4207 602 635 668 701 734 767 800 1163 1196 1229 1262 1295 1328 1361 1724 1757 1790 1823 1856 1889 1922 2285 2318 2351 2384 2417 2450 2483 2846 2879 2912 2945 2978 3011 3044 3407 3440 3473 3506 3539 3572 3605 3968 4001 4034 4067 4100 4133 4166 610 643 676 709 742 775 808 1171 1204 1237 1270 1303 1336 1369 1732 1765 1798 1831 1864 1897 1930 2293 2326 2359 2392 2425 2458 2491 2854 2887 2920 2953 2986 3019 3052 3415 3448 3481 3514 3547 3580 3613 3976 4009 4042 4075 4108 4141 4174 570 571 572 573 574 575 576 1131 1132 1133 1134 1135 1136 1137 1692 1693 1694 1695 1696 1697 1698 2253 2254 2255 2256 2257 2258 2259 2814 2815 2816 2817 2818 2819 2820 3375 3376 3377 3378 3379 3380 3381 3936 3937 3938 3939 3940 3941 3942 834 835 836 837 838 839 840 1395 1396 1397 1398 1399 1400 1401 1956 1957 1958 1959 1960 1961 1962 2517 2518 2519 2520 2521 2522 2523 3078 3079 3080 3081 3082 3083 3084 3639 3640 3641 3642 3643 3644 3645 4200 4201 4202 4203 4204 4205 4206 42 43 44 45 46 47 48 75 76 77 78 79 80 81 108 109 110 111 112 113 114 141 142 143 144 145 146 147 174 175 176 177 178 179 180 207 208 209 210 211 212 213 240 241 242 243 244 245 246 4530 4531 4532 4533 4534 4535 4536 4563 4564 4565 4566 4567 4568 4569 4596 4597 4598 4599 4600 4601 4602 4629 4630 4631 4632 4633 4634 4635 4662 4663 4664 4665 4666 4667 4668 4695 4696 4697 4698 4699 4700 4701 4728 4729 4730 4731 4732 4733 4734 603 604 605 606 607 608 609 636 637 638 639 640 641 642 669 670 671 672 673 674 675 702 703 704 705 706 707 708 735 736 737 738 739 740 741 768 769 770 771 772 773 774 801 802 803 804 805 806 807 1164 1165 1166 1167 1168 1169 1170 1197 1198 1199 1200 1201 1202 1203 1230 1231 1232 1233 1234 1235 1236 1263 1264 1265 1266 1267 1268 1269 1296 1297 1298 1299 1300 1301 1302 1329 1330 1331 1332 1333 1334 1335 1362 1363 1364 1365 1366 1367 1368 1725 1726 1727 1728 1729 1730 1731 1758 1759 1760 1761 1762 1763 1764 1791 1792 1793 1794 1795 1796 1797 1824 1825 1826 1827 1828 1829 1830 1857 1858 1859 1860 1861 1862 1863 1890 1891 1892 1893 1894 1895 1896 1923 1924 1925 1926 1927 1928 1929 2286 2287 2288 2289 2290 2291 2292 2319 2320 2321 2322 2323 2324 2325 2352 2353 2354 2355 2356 2357 2358 2385 2386 2387 2388 2389 2390 2391 2418 2419 2420 2421 2422 2423 2424 2451 2452 2453 2454 2455 2456 2457 2484 2485 2486 2487 2488 2489 2490 2847 2848 2849 2850 2851 2852 2853 2880 2881 2882 2883 2884 2885 2886 2913 2914 2915 2916 2917 2918 2919 2946 2947 2948 2949 2950 2951 2952 2979 2980 2981 2982 2983 2984 2985 3012 3013 3014 3015 3016 3017 3018 3045 3046 3047 3048 3049 3050 3051 3408 3409 3410 3411 3412 3413 3414 3441 3442 3443 3444 3445 3446 3447 3474 3475 3476 3477 3478 3479 3480 3507 3508 3509 3510 3511 3512 3513 3540 3541 3542 3543 3544 3545 3546 3573 3574 3575 3576 3577 3578 3579 3606 3607 3608 3609 3610 3611 3612 3969 3970 3971 3972 3973 3974 3975 4002 4003 4004 4005 4006 4007 4008 4035 4036 4037 4038 4039 4040 4041 4068 4069 4070 4071 4072 4073 4074 4101 4102 4103 4104 4105 4106 4107 4134 4135 4136 4137 4138 4139 4140 4167 4168 4169 4170 4171 4172 4173
          16 24 288 280 4504 4512 4776 4768 17 18 19 20 21 22 23 57 90 123 156 189 222 255 281 282 283 284 285 286 287 49 82 115 148 181 214 247 4505 4506 4507 4508 4509 4510 4511 4545 4578 4611 4644 4677 4710 4743 4769 4770 4771 4772 4773 4774 4775 4537 4570 4603 4636 4669 4702 4735 577 1138 1699 2260 2821 3382 3943 585 1146 1707 2268 2829 3390 3951 841 1402 1963 2524 3085 3646 4207 849 1410 1971 2532 3093 3654 4215 610 643 676 709 742 775 808 1171 1204 1237 1270 1303 1336 1369 1732 1765 1798 1831 1864 1897 1930 2293 2326 2359 2392 2425 2458 2491 2854 2887 2920 2953 2986 3019 3052 3415 3448 3481 3514 3547 3580 3613 3976 4009 4042 4075 4108 4141 4174 618 651 684 717 750 783 816 1179 1212 1245 1278 1311 1344 1377 1740 1773 1806 1839 1872 1905 1938 2301 2334 2367 2400 2433 2466 2499 2862 2895 2928 2961 2994 3027 3060 3423 3456 3489 3522 3555 3588 3621 3984 4017 4050 4083 4116 4149 4182 578 579 580 581 582 583 584 1139 1140 1141 1142 1143 1144 1145 1700 1701 1702 1703 1704 1705 1706 2261 2262 2263 2264 2265 2266 2267 2822 2823 2824 2825 2826 2827 2828 3383 3384 3385 3386 3387 3388 3389 3944 3945 3946 3947 3948 3949 3950 842 843 844 845 846 847 848 1403 1404 1405 1406 1407 1408 1409 1964 1965 1966 1967 1968 1969 1970 2525 2526 2527 2528 2529 2530 2531 3086 3087 3088 3089 3090 3091 3092 3647 3648 3649 3650 3651 3652 3653 4208 4209 4210 4211 4212 4213 4214 50 51 52 53 54 55 56 83 84 85 86 87 88 89 116 117 118 119 120 121 122 149 150 151 152 153 154 155 182 183 184 185 186 187 188 215 216 217 218 219 220 221 248 249 250 251 252 253 254 4538 4539 4540 4541 4542 4543 4544 4571 4572 4573 4574 4575 4576 4577 4604 4605 4606 4607 4608 4609 4610 4637 4638 4639 4640 4641 4642 4643 4670 4671 4672 4673 4674 4675 4676 4703 4704 4705 4706 4707 4708 4709 4736 4737 4738 4739 4740 4741 4742 611 612 613 614 615 616 617 644 645 646 647 648 649 650 677 678 679 680 681 682 683 710 711 712 713 714 715 716 743 744 745 746 747 748 749 776 777 778 779 780 781 782 809 810 811 812 813 814 815 1172 1173 1174 1175 1176 1177 1178 1205 1206 1207 1208 1209 1210 1211 1238 1239 1240 1241 1242 1243 1244 1271 1272 1273 1274 1275 1276 1277 1304 1305 1306 1307 1308 1309 1310 1337 1338 1339 1340 1341 1342 1343 1370 1371 1372 1373 1374 1375 1376 1733 1734 1735 1736 1737 1738 1739 1766 1767 1768 1769 1770 1771 1772 1799 1800 1801 1802 1803 1804 1805 1832 1833 1834 1835 1836 1837 1838 1865 1866 1867 1868 1869 1870 1871 1898 1899 1900 1901 1902 1903 1904 1931 1932 1933 1934 1935 1936 1937 2294 2295 2296 2297 2298 2299 2300 2327 2328 2329 2330 2331 2332 2333 2360 2361 2362 2363 2364 2365 2366 2393 2394 2395 2396 2397 2398 2399 2426 2427 2428 2429 2430 2431 2432 2459 2460 2461 2462 2463 2464 2465 2492 2493 2494 2495 2496 2497 2498 2855 2856 2857 2858 2859 2860 2861 2888 2889 2890 2891 2892 2893 2894 2921 2922 2923 2924 2925 2926 2927 2954 2955 2956 2957 2958 2959 2960 2987 2988 2989 2990 2991 2992 2993 3020 3021 3022 3023 3024 3025 3026 3053 3054 3055 3056 3057 3058 3059 3416 3417 3418 3419 3420 3421 3422 3449 3450 3451 3452 3453 3454 3455 3482 3483 3484 3485 3486 3487 3488 3515 3516 3517 3518 3519 3520 3521 3548 3549 3550 3551 3552 3553 3554 3581 3582 3583 3584 3585 3586 3587 3614 3615 3616 3617 3618 3619 3620 3977 3978 3979 3980 3981 3982 3983 4010 4011 4012 4013 4014 4015 4016 4043 4044 4045 4046 4047 4048 4049 4076 4077 4078 4079 4080 4081 4082 4109 4110 4111 4112 4113 4114 4115 4142 4143 4144 4145 4146 4147 4148 4175 4176 4177 4178 4179 4180 4181
          24 32 296 288 4512 4520 4784 4776 25 26 27 28 29 30 31 65 98 131 164 197 230 263 289 290 291 292 293 294 295 57 90 123 156 189 222 255 4513 4514 4515 4516 4517 4518 4519 4553 4586 4619 4652 4685 4718 4751 4777 4778 4779 4780 4781 4782 4783 4545 4578 4611 4644 4677 4710 4743 585 1146 1707 2268 2829 3390 3951 593 1154 1715 2276 2837 3398 3959 849 1410 1971 2532 3093 3654 4215 857 1418 1979 2540 3101 3662 4223 618 651 684 717 750 783 816 1179 1212 1245 1278 1311 1344 1377 1740 1773 1806 1839 1872 1905 1938 2301 2334 2367 2400 2433 2466 2499 2862 2895 2928 2961 2994 3027 3060 3423 3456 3489 3522 3555 3588 3621 3984 4017 4050 4083 4116 4149 4182 626 659 692 725 758 791 824 1187 1220 1253 1286 1319 1352 1385 1748 1781 1814 1847 1880 1913 1946 2309 2342 2375 2408 2441 2474 2507 2870 2903 2936 2969 3002 3035 3068 3431 3464 3497 3530 3563 3596 3629 3992 4025 4058 4091 4124 4157 4190 586 587 588 589 590 591 592 1147 1148 1149 1150 1151 1152 1153 1708 1709 1710 1711 1712 1713 1714 2269 2270 2271 2272 2273 2274 2275 2830 2831 2832 2833 2834 2835 2836 3391 3392 3393 3394 3395 3396 3397 3952 3953 3954 3955 3956 3957 3958 850 851 852 853 854 855 856 1411 1412 1413 1414 1415 1416 1417 1972 1973 1974 1975 1976 1977 1978 2533 2534 2535 2536 2537 2538 2539 3094 3095 3096 3097 3098 3099 3100 3655 3656 3657 3658 3659 3660 3661 4216 4217 4218 4219 4220 4221 4222 58 59 60 61 62 63 64 91 92 93 94 95 96 97 124 125 126 127 128 129 130 157 158 159 160 161 162 163 190 191 192 193 194 195 196 223 224 225 226 227 228 229 256 257 258 259 260 261 262 4546 4547 4548 4549 4550 4551 4552 4579 4580 4581 4582 4583 4584 4585 4612 4613 4614 4615 4616 4617 4618 4645 4646 4647 4648 4649 4650 4651 4678 4679 4680 4681 4682 4683 4684 4711 4712 4713 4714 4715 4716 4717 4744 4745 4746 4747 4748 4749 4750 619 620 621 622 623 624 625 652 653 654 655 656 657 658 685 686 687 688 689 690 691 718 719 720 721 722 723 724 751 752 753 754 755 756 757 784 785 786 787 788 789 790 817 818 819 820 821 822 823 1180 1181 1182 1183 1184 1185 1186 1213 1214 1215 1216 1217 1218 1219 1246 1247 1248 1249 1250 1251 1252 1279 1280 1281 1282 1283 1284 1285 1312 1313 1314 1315 1316 1317 1318 1345 1346 1347 1348 1349 1350 1351 1378 1379 1380 1381 1382 1383 1384 1741 1742 1743 1744 1745 1746 1747 1774 1775 1776 1777 1778 1779 1780 1807 1808 1809 1810 1811 1812 1813 1840 1841 1842 1843 1844 1845 1846 1873 1874 1875 1876 1877 1878 1879 1906 1907 1908 1909 1910 1911 1912 1939 1940 1941 1942 1943 1944 1945 2302 2303 2304 2305 2306 2307 2308 2335 2336 2337 2338 2339 2340 2341 2368 2369 2370 2371 2372 2373 2374 2401 2402 2403 2404 2405 2406 2407 2434 2435 2436 2437 2438 2439 2440 2467 2468 2469 2470 2471 2472 2473 2500 2501 2502 2503 2504 2505 2506 2863 2864 2865 2866 2867 2868 2869 2896 2897 2898 2899 2900 2901 2902 2929 2930 2931 2932 2933 2934 2935 2962 2963 2964 2965 2966 2967 2968 2995 2996 2997 2998 2999 3000 3001 3028 3029 3030 3031 3032 3033 3034 3061 3062 3063 3064 3065 3066 3067 3424 3425 3426 3427 3428 3429 3430 3457 3458 3459 3460 3461 3462 3463 3490 3491 3492 3493 3494 3495 3496 3523 3524 3525 3526 3527 3528 3529 3556 3557 3558 3559 3560 3561 3562 3589 3590 3591 3592 3593 3594 3595 3622 3623 3624 3625 3626 3627 3628 3985 3986 3987 3988 3989 3990 3991 4018 4019 4020 4021 4022 4023 4024 4051 4052 4053 4054 4055 4056 4057 4084 4085 4086 4087 4088 4089 4090 4117 4118 4119 4120 4121 4122 4123 4150 4151 4152 4153 4154 4155 4156 4183 4184 4185 4186 4187 4188 4189
          264 272 536 528 4752 4760 5024 5016 265 266 267 268 269 270 271 305 338 371 404 437 470 503 529 530 531 532 533 534 535 297 330 363 396 429 462 495 4753 4754 4755 4756 4757 4758 4759 4793 4826 4859 4892 4925 4958 4991 5017 5018 5019 5020 5021 5022 5023 4785 4818 4851 4884 4917 4950 4983 825 1386 1947 2508 3069 3630 4191 833 1394 1955 2516 3077 3638 4199 1089 1650 2211 2772 3333 3894 4455 1097 1658 2219 2780 3341 3902 4463 858 891 924 957 990 1023 1056 1419 1452 1485 1518 1551 1584 1617 1980 2013 2046 2079 2112 2145 2178 2541 2574 2607 2640 2673 2706 2739 3102 3135 3168 3201 3234 3267 3300 3663 3696 3729 3762 3795 3828 3861 4224 4257 4290 4323 4356 4389 4422 866 899 932 965 998 1031 1064 1427 1460 1493 1526 1559 1592 1625 1988 2021 2054 2087 2120 2153 2186 2549 2582 2615 2648 2681 2714 2747 3110 3143 3176 3209 3242 3275 3308 3671 3704 3737 3770 3803 3836 3869 4232 4265 4298 4331 4364 4397 4430 826 827 828 829 830 831 832 1387 1388 1389 1390 1391 1392 1393 1948 1949 1950 1951 1952 1953 1954 2509 2510 2511 2512 2513 2514 2515 3070 3071 3072 3073 3074 3075 3076 3631 3632 3633 3634 3635 3636 3637 4192 4193 4194 4195 4196 4197 4198 1090 1091 1092 1093 1094 1095 1096 1651 1652 1653 1654 1655 1656 1657 2212 2213 2214 2215 2216 2217 2218 2773 2774 2775 2776 2777 2778 2779 3334 3335 3336 3337 3338 3339 3340 3895 3896 3897 3898 3899 3900 3901 4456 4457 4458 4459 4460 4461 4462 298 299 300 301 302 303 304 331 332 333 334 335 336 337 364 365 366 367 368 369 370 397 398 399 400 401 402 403 430 431 432 433 434 435 436 463 464 465 466 467 468 469 496 497 498 499 500 501 502 4786 4787 4788 4789 4790 4791 4792 4819 4820 4821 4822 4823 4824 4825 4852 4853 4854 4855 4856 4857 4858 4885 4886 4887 4888 4889 4890 4891 4918 4919 4920 4921 4922 4923 4924 4951 4952 4953 4954 4955 4956 4957 4984 4985 4986 4987 4988 4989 4990 859 860 861 862 863 864 865 892 893 894 895 896 897 898 925 926 927 928 929 930 931 958 959 960 961 962 963 964 991 992 993 994 995 996 997 1024 1025 1026 1027 1028 1029 1030 1057 1058 1059 1060 1061 1062 1063 1420 1421 1422 1423 1424 1425 1426 1453 1454 1455 1456 1457 1458 1459 1486 1487 1488 1489 1490 1491 1492 1519 1520 1521 1522 1523 1524 1525 1552 1553 1554 1555 1556 1557 1558 1585 1586 1587 1588 1589 1590 1591 1618 1619 1620 1621 1622 1623 1624 1981 1982 1983 1984 1985 1986 1987 2014 2015 2016 2017 2018 2019 2020 2047 2048 2049 2050 2051 2052 2053 2080 2081 2082 2083 2084 2085 2086 2113 2114 2115 2116 2117 2118 2119 2146 2147 2148 2149 2150 2151 2152 2179 2180 2181 2182 2183 2184 2185 2542 2543 2544 2545 2546 2547 2548 2575 2576 2577 2578 2579 2580 2581 2608 2609 2610 2611 2612 2613 2614 2641 2642 2643 2644 2645 2646 2647 2674 2675 2676 2677 2678 2679 2680 2707 2708 2709 2710 2711 2712 2713 2740 2741 2742 2743 2744 2745 2746 3103 3104 3105 3106 3107 3108 3109 3136 3137 3138 3139 3140 3141 3142 3169 3170 3171 3172 3173 3174 3175 3202 3203 3204 3205 3206 3207 3208 3235 3236 3237 3238 3239 3240 3241 3268 3269 3270 3271 3272 3273 3274 3301 3302 3303 3304 3305 3306 3307 3664 3665 3666 3667 3668 3669 3670 3697 3698 3699 3700 3701 3702 3703 3730 3731 3732 3733 3734 3735 3736 3763 3764 3765 3766 3767 3768 3769 3796 3797 3798 3799 3800 3801 3802 3829 3830 3831 3832 3833 3834 3835 3862 3863 3864 3865 3866 3867 3868 4225 4226 4227 4228 4229 4230 4231 4258 4259 4260 4261 4262 4263 4264 4291 4292 4293 4294 4295 4296 4297 4324 4325 4326 4327 4328 4329 4330 4357 4358 4359 4360 4361 4362 4363 4390 4391 4392 4393 4394 4395 4396 4423 4424 4425 4426 4427 4428 4429
          272 280 544 536 4760 4768 5032 5024 273 274 275 276 277 278 279 313 346 379 412 445 478 511 537 538 539 540 541 542 543 305 338 371 404 437 470 503 4761 4762 4763 4764 4765 4766 4767 4801 4834 4867 4900 4933 4966 4999 5025 5026 5027 5028 5029 5030 5031 4793 4826 4859 4892 4925 4958 4991 833 1394 1955 2516 3077 3638 4199 841 1402 1963 2524 3085 3646 4207 1097 1658 2219 2780 3341 3902 4463 1105 1666 2227 2788 3349 3910 4471 866 899 932 965 998 1031 1064 1427 1460 1493 1526 1559 1592 1625 1988 2021 2054 2087 2120 2153 2186 2549 2582 2615 2648 2681 2714 2747 3110 3143 3176 3209 3242 3275 3308 3671 3704 3737 3770 3803 3836 3869 4232 4265 4298 4331 4364 4397 4430 874 907 940 973 1006 1039 1072 1435 1468 1501 1534 1567 1600 1633 1996 2029 2062 2095 2128 2161 2194 2557 2590 2623 2656 2689 2722 2755 3118 3151 3184 3217 3250 3283 3316 3679 3712 3745 3778 3811 3844 3877 4240 4273 4306 4339 4372 4405 4438 834 835 836 837 838 839 840 1395 1396 1397 1398 1399 1400 1401 1956 1957 1958 1959 1960 1961 1962 2517 2518 2519 2520 2521 2522 2523 3078 3079 3080 3081 3082 3083 3084 3639 3640 3641 3642 3643 3644 3645 4200 4201 4202 4203 4204 4205 4206 1098 1099 1100 1101 1102 1103 1104 1659 1660 1661 1662 1663 1664 1665 2220 2221 2222 2223 2224 2225 2226 2781 2782 2783 2784 2785 2786 2787 3342 3343 3344 3345 3346 3347 3348 3903 3904 3905 3906 3907 3908 3909 4464 4465 4466 4467 4468 4469 4470 306 307 308 309 310 311 312 339 340 341 342 343 344 345 372 373 374 375 376 377 378 405 406 407 408 409 410 411 438 439 440 441 442 443 444 471 472 473 474 475 476 477 504 505 506 507 508 509 510 4794 4795 4796 4797 4798 4799 4800 4827 4828 4829 4830 4831 4832 4833 4860 4861 4862 4863 4864 4865 4866 4893 4894 4895 4896 4897 4898 4899 4926 4927 4928 4929 4930 4931 4932 4959 4960 4961 4962 4963 4964 4965 4992 4993 4994 4995 4996 4997 4998 867 868 869 870 871 872 873 900 901 902 903 904 905 906 933 934 935 936 937 938 939 966 967 968 969 970 971 972 999 1000 1001 1002 1003 1004 1005 1032 1033 1034 1035 1036 1037 1038 1065 1066 1067 1068 1069 1070 1071 1428 1429 1430 1431 1432 1433 1434 1461 1462 1463 1464 1465 1466 1467 1494 1495 1496 1497 1498 1499 1500 1527 1528 1529 1530 1531 1532 1533 1560 1561 1562 1563 1564 1565 1566 1593 1594 1595 1596 1597 1598 1599 1626 1627 1628 1629 1630 1631 1632 1989 1990 1991 1992 1993 1994 1995 2022 2023 2024 2025 2026 2027 2028 2055 2056 2057 2058 2059 2060 2061 2088 2089 2090 2091 2092 2093 2094 2121 2122 2123 2124 2125 2126 2127 2154 2155 2156 2157 2158 2159 2160 2187 2188 2189 2190 2191 2192 2193 2550 2551 2552 2553 2554 2555 2556 2583 2584 2585 2586 2587 2588 2589 2616 2617 2618 2619 2620 2621 2622 2649 2650 2651 2652 2653 2654 2655 2682 2683 2684 2685 2686 2687 2688 2715 2716 2717 2718 2719 2720 2721 2748 2749 2750 2751 2752 2753 2754 3111 3112 3113 3114 3115 3116 3117 3144 3145 3146 3147 3148 3149 3150 3177 3178 3179 3180 3181 3182 3183 3210 3211 3212 3213 3214 3215 3216 3243 3244 3245 3246 3247 3248 3249 3276 3277 3278 3279 3280 3281 3282 3309 3310 3311 3312 3313 3314 3315 3672 3673 3674 3675 3676 3677 3678 3705 3706 3707 3708 3709 3710 3711 3738 3739 3740 3741 3742 3743 3744 3771 3772 3773 3774 3775 3776 3777 3804 3805 3806 3807 3808 3809 3810 3837 3838 3839 3840 3841 3842 3843 3870 3871 3872 3873 3874 3875 3876 4233 4234 4235 4236 4237 4238 4239 4266 4267 4268 4269 4270 4271 4272 4299 4300 4301 4302 4303 4304 4305 4332 4333 4334 4335 4336 4337 4338 4365 4366 4367 4368 4369 4370 4371 4398 4399 4400 4401 4402 4403 4404 4431 4432 4433 4434 4435 4436 4437
          280 288 552 544 4768 4776 5040 5032 281 282 283 284 285 286 287 321 354 387 420 453 486 519 545 546 547 548 549 550 551 313 346 379 412 445 478 511 4769 4770 4771 4772 4773 4774 4775 4809 4842 4875 4908 4941 4974 5007 5033 5034 5035 5036 5037 5038 5039 4801 4834 4867 4900 4933 4966 4999 841 1402 1963 2524 3085 3646 4207 849 1410 1971 2532 3093 3654 4215 1105 1666 2227 2788 3349 3910 4471 1113 1674 2235 2796 3357 3918 4479 874 907 940 973 1006 1039 1072 1435 1468 1501 1534 1567 1600 1633 1996 2029 2062 2095 2128 2161 2194 2557 2590 2623 2656 2689 2722 2755 3118 3151 3184 3217 3250 3283 3316 3679 3712 3745 3778 3811 3844 3877 4240 4273 4306 4339 4372 4405 4438 882 915 948 981 1014 1047 1080 1443 1476 1509 1542 1575 1608 1641 2004 2037 2070 2103 2136 2169 2202 2565 2598 2631 2664 2697 2730 2763 3126 3159 3192 3225 3258 3291 3324 3687 3720 3753 3786 3819 3852 3885 4248 4281 4314 4347 4380 4413 4446 842 843 844 845 846 847 848 1403 1404 1405 1406 1407 1408 1409 1964 1965 1966 1967 1968 1969 1970 2525 2526 2527 2528 2529 2530 2531 3086 3087 3088 3089 3090 3091 3092 3647 3648 3649 3650 3651 3652 3653 4208 4209 4210 4211 4212 4213 4214 1106 1107 1108 1109 1110 1111 1112 1667 1668 1669 1670 1671 1672 1673 2228 2229 2230 2231 2232 2233 2234 2789 2790 2791 2792 2793 2794 2795 3350 3351 3352 3353 3354 3355 3356 3911 3912 3913 3914 3915 3916 3917 4472 4473 4474 4475 4476 4477 4478 314 315 316 317 318 319 320 347 348 349 350 351 352 353 380 381 382 383 384 385 386 413 414 415 416 417 418 419 446 447 448 449 450 451 452 479 480 481 482 483 484 485 512 513 514 515 516 517 518 4802 4803 4804 4805 4806 4807 4808 4835 4836 4837 4838 4839 4840 4841 4868 4869 4870 4871 4872 4873 4874 4901 4902 4903 4904 4905 4906 4907 4934 4935 4936 4937 4938 4939 4940 4967 4968 4969 4970 4971 4972 4973 5000 5001 5002 5003 5004 5005 5006 875 876 877 878 879 880 881 908 909 910 911 912 913 914 941 942 943 944 945 946 947 974 975 976 977 978 979 980 1007 1008 1009 1010 1011 1012 1013 1040 1041 1042 1043 1044 1045 1046 1073 1074 1075 1076 1077 1078 1079 1436 1437 1438 1439 1440 1441 1442 1469 1470 1471 1472 1473 1474 1475 1502 1503 1504 1505 1506 1507 1508 1535 1536 1537 1538 1539 1540 1541 1568 1569 1570 1571 1572 1573 1574 1601 1602 1603 1604 1605 1606 1607 1634 1635 1636 1637 1638 1639 1640 1997 1998 1999 2000 2001 2002 2003 2030 2031 2032 2033 2034 2035 2036 2063 2064 2065 2066 2067 2068 2069 2096 2097 2098 2099 2100 2101 2102 2129 2130 2131 2132 2133 2134 2135 2162 2163 2164 2165 2166 2167 2168 2195 2196 2197 2198 2199 2200 2201 2558 2559 2560 2561 2562 2563 2564 2591 2592 2593 2594 2595 2596 2597 2624 2625 2626 2627 2628 2629 2630 2657 2658 2659 2660 2661 2662 2663 2690 2691 2692 2693 2694 2695 2696 2723 2724 2725 2726 2727 2728 2729 2756 2757 2758 2759 2760 2761 2762 3119 3120 3121 3122 3123 3124 3125 3152 3153 3154 3155 3156 3157 3158 3185 3186 3187 3188 3189 3190 3191 3218 3219 3220 3221 3222 3223 3224 3251 3252 3253 3254 3255 3256 3257 3284 3285 3286 3287 3288 3289 3290 3317 3318 3319 3320 3321 3322 3323 3680 3681 3682 3683 3684 3685 3686 3713 3714 3715 3716 3717 3718 3719 3746 3747 3748 3749 3750 3751 3752 3779 3780 3781 3782 3783 3784 3785 3812 3813 3814 3815 3816 3817 3818 3845 3846 3847 3848 3849 3850 3851 3878 3879 3880 3881 3882 3883 3884 4241 4242 4243 4244 4245 4246 4247 4274 4275 4276 4277 4278 4279 4280 4307 4308 4309 4310 4311 4312 4313 4340 4341 4342 4343 4344 4345 4346 4373 4374 4375 4376 4377 4378 4379 4406 4407 4408 4409 4410 4411 4412 4439 4440 4441 4442 4443 4444 4445
          288 296 560 552 4776 4784 5048 5040 289 290 291 292 293 294 295 329 362 395 428 461 494 527 553 554 555 556 557 558 559 321 354 387 420 453 486 519 4777 4778 4779 4780 4781 4782 4783 4817 4850 4883 4916 4949 4982 5015 5041 5042 5043 5044 5045 5046 5047 4809 4842 4875 4908 4941 4974 5007 849 1410 1971 2532 3093 3654 4215 857 1418 1979 2540 3101 3662 4223 1113 1674 2235 2796 3357 3918 4479 1121 1682 2243 2804 3365 3926 4487 882 915 948 981 1014 1047 1080 1443 1476 1509 1542 1575 1608 1641 2004 2037 2070 2103 2136 2169 2202 2565 2598 2631 2664 2697 2730 2763 3126 3159 3192 3225 3258 3291 3324 3687 3720 3753 3786 3819 3852 3885 4248 4281 4314 4347 4380 4413 4446 890 923 956 989 1022 1055 1088 1451 1484 1517 1550 1583 1616 1649 2012 2045 2078 2111 2144 2177 2210 2573 2606 2639 2672 2705 2738 2771 3134 3167 3200 3233 3266 3299 3332 3695 3728 3761 3794 3827 3860 3893 4256 4289 4322 4355 4388 4421 4454 850 851 852 853 854 855 856 1411 1412 1413 1414 1415 1416 1417 1972 1973 1974 1975 1976 1977 1978 2533 2534 2535 2536 2537 2538 2539 3094 3095 3096 3097 3098 3099 3100 3655 3656 3657 3658 3659 3660 3661 4216 4217 4218 4219 4220 4221 4222 1114 1115 1116 1117 1118 1119 1120 1675 1676 1677 1678 1679 1680 1681 2236 2237 2238 2239 2240 2241 2242 2797 2798 2799 2800 2801 2802 2803 3358 3359 3360 3361 3362 3363 3364 3919 3920 3921 3922 3923 3924 3925 4480 4481 4482 4483 4484 4485 4486 322 323 324 325 326 327 328 355 356 357 358 359 360 361 388 389 390 391 392 393 394 421 422 423 424 425 426 427 454 455 456 457 458 459 460 487 488 489 490 491 492 493 520 521 522 523 524 525 526 4810 4811 4812 4813 4814 4815 4816 4843 4844 4845 4846 4847 4848 4849 4876 4877 4878 4879 4880 4881 4882 4909 4910 4911 4912 4913 4914 4915 4942 4943 4944 4945 4946 4947 4948 4975 4976 4977 4978 4979 4980 4981 5008 5009 5010 5011 5012 5013 5014 883 884 885 886 887 888 889 916 917 918 919 920 921 922 949 950 951 952 953 954 955 982 983 984 985 986 987 988 1015 1016 1017 1018 1019 1020 1021 1048 1049 1050 1051 1052 1053 1054 1081 1082 1083 1084 1085 1086 1087 1444 1445 1446 1447 1448 1449 1450 1477 1478 1479 1480 1481 1482 1483 1510 1511 1512 1513 1514 1515 1516 1543 1544 1545 1546 1547 1548 1549 1576 1577 1578 1579 1580 1581 1582 1609 1610 1611 1612 1613 1614 1615 1642 1643 1644 1645 1646 1647 1648 2005 2006 2007 2008 2009 2010 2011 2038 2039 2040 2041 2042 2043 2044 2071 2072 2073 2074 2075 2076 2077 2104 2105 2106 2107 2108 2109 2110 2137 2138 2139 2140 2141 2142 2143 2170 2171 2172 2173 2174 2175 2176 2203 2204 2205 2206 2207 2208 2209 2566 2567 2568 2569 2570 2571 2572 2599 2600 2601 2602 2603 2604 2605 2632 2633 2634 2635 2636 2637 2638 2665 2666 2667 2668 2669 2670 2671 2698 2699 2700 2701 2702 2703 2704 2731 2732 2733 2734 2735 2736 2737 2764 2765 2766 2767 2768 2769 2770 3127 3128 3129 3130 3131 3132 3133 3160 3161 3162 3163 3164 3165 3166 3193 3194 3195 3196 3197 3198 3199 3226 3227 3228 3229 3230 3231 3232 3259 3260 3261 3262 3263 3264 3265 3292 3293 3294 3295 3296 3297 3298 3325 3326 3327 3328 3329 3330 3331 3688 3689 3690 3691 3692 3693 3694 3721 3722 3723 3724 3725 3726 3727 3754 3755 3756 3757 3758 3759 3760 3787 3788 3789 3790 3791 3792 3793 3820 3821 3822 3823 3824 3825 3826 3853 3854 3855 3856 3857 3858 3859 3886 3887 3888 3889 3890 3891 3892 4249 4250 4251 4252 4253 4254 4255 4282 4283 4284 4285 4286 4287 4288 4315 4316 4317 4318 4319 4320 4321 4348 4349 4350 4351 4352 4353 4354 4381 4382 4383 4384 4385 4386 4387 4414 4415 4416 4417 4418 4419 4420 4447 4448 4449 4450 4451 4452 4453
          4488 4496 4760 4752 8976 8984 9248 9240 4489 4490 4491 4492 4493 4494 4495 4529 4562 4595 4628 4661 4694 4727 4753 4754 4755 4756 4757 4758 4759 4521 4554 4587 4620 4653 4686 4719 8977 8978 8979 8980 8981 8982 8983 9017 9050 9083 9116 9149 9182 9215 9241 9242 9243 9244 9245 9246 9247 9009 9042 9075 9108 9141 9174 9207 5049 5610 6171 6732 7293 7854 8415 5057 5618 6179 6740 7301 7862 8423 5313 5874 6435 6996 7557 8118 8679 5321 5882 6443 7004 7565 8126 8687 5082 5115 5148 5181 5214 5247 5280 5643 5676 5709 5742 5775 5808 5841 6204 6237 6270 6303 6336 6369 6402 6765 6798 6831 6864 6897 6930 6963 7326 7359 7392 7425 7458 7491 7524 7887 7920 7953 7986 8019 8052 8085 8448 8481 8514 8547 8580 8613 8646 5090 5123 5156 5189 5222 5255 5288 5651 5684 5717 5750 5783 5816 5849 6212 6245 6278 6311 6344 6377 6410 6773 6806 6839 6872 6905 6938 6971 7334 7367 7400 7433 7466 7499 7532 7895 7928 7961 7994 8027 8060 8093 8456 8489 8522 8555 8588 8621 8654 5050 5051 5052 5053 5054 5055 5056 5611 5612 5613 5614 5615 5616 5617 6172 6173 6174 6175 6176 6177 6178 6733 6734 6735 6736 6737 6738 6739 7294 7295 7296 7297 7298 7299 7300 7855 7856 7857 7858 7859 7860 7861 8416 8417 8418 8419 8420 8421 8422 5314 5315 5316 5317 5318 5319 5320 5875 5876 5877 5878 5879 5880 5881 6436 6437 6438 6439 6440 6441 6442 6997 6998 6999 7000 7001 7002 7003 7558 7559 7560 7561 7562 7563 7564 8119 8120 8121 8122 8123 8124 8125 8680 8681 8682 8683 8684 8685 8686 4522 4523 4524 4525 4526 4527 4528 4555 4556 4557 4558 4559 4560 4561 4588 4589 4590 4591 4592 4593 4594 4621 4622 4623 4624 4625 4626 4627 4654 4655 4656 4657 4658 4659 4660 4687 4688 4689 4690 4691 4692 4693 4720 4721 4722 4723 4724 4725 4726 9010 9011 9012 9013 9014 9015 9016 9043 9044 9045 9046 9047 9048 9049 9076 9077 9078 9079 9080 9081 9082 9109 9110 9111 9112 9113 9114 9115 9142 9143 9144 9145 9146 9147 9148 9175 9176 9177 9178 9179 9180 9181 9208 9209 9210 9211 9212 9213 9214 5083 5084 5085 5086 5087 5088 5089 5116 5117 5118 5119 5120 5121 5122 5149 5150 5151 5152 5153 5154 5155 5182 5183 5184 5185 5186 5187 5188 5215 5216 5217 5218 5219 5220 5221 5248 5249 5250 5251 5252 5253 5254 5281 5282 5283 5284 5285 5286 5287 5644 5645 5646 5647 5648 5649 5650 5677 5678 5679 5680 5681 5682 5683 5710 5711 5712 5713 5714 5715 5716 5743 5744 5745 5746 5747 5748 5749 5776 5777 5778 5779 5780 5781 5782 5809 5810 5811 5812 5813 5814 5815 5842 5843 5844 5845 5846 5847 5848 6205 6206 6207 6208 6209 6210 6211 6238 6239 6240 6241 6242 6243 6244 6271 6272 6273 6274 6275 6276 6277 6304 6305 6306 6307 6308 6309 6310 6337 6338 6339 6340 6341 6342 6343 6370 6371 6372 6373 6374 6375 6376 6403 6404 6405 6406 6407 6408 6409 6766 6767 6768 6769 6770 6771 6772 6799 6800 6801 6802 6803 6804 6805 6832 6833 6834 6835 6836 6837 6838 6865 6866 6867 6868 6869 6870 6871 6898 6899 6900 6901 6902 6903 6904 6931 6932 6933 6934 6935 6936 6937 6964 6965 6966 6967 6968 6969 6970 7327 7328 7329 7330 7331 7332 7333 7360 7361 7362 7363 7364 7365 7366 7393 7394 7395 7396 7397 7398 7399 7426 7427 7428 7429 7430 7431 7432 7459 7460 7461 7462 7463 7464 7465 7492 7493 7494 7495 7496 7497 7498 7525 7526 7527 7528 7529 7530 7531 7888 7889 7890 7891 7892 7893 7894 7921 7922 7923 7924 7925 7926 7927 7954 7955 7956 7957 7958 7959 7960 7987 7988 7989 7990 7991 7992 7993 8020 8021 8022 8023 8024 8025 8026 8053 8054 8055 8056 8057 8058 8059 8086 8087 8088 8089 8090 8091 8092 8449 8450 8451 8452 8453 8454 8455 8482 8483 8484 8485 8486 8487 8488 8515 8516 8517 8518 8519 8520 8521 8548 8549 8550 8551 8552 8553 8554 8581 8582 8583 8584 8585 8586 8587 8614 8615 8616 8617 8618 8619 8620 8647 8648 8649 8650 8651 8652 8653
          4496 4504 4768 4760 8984 8992 9256 9248 4497 4498 4499 4500 4501 4502 4503 4537 4570 4603 4636 4669 4702 4735 4761 4762 4763 4764 4765 4766 4767 4529 4562 4595 4628 4661 4694 4727 8985 8986 8987 8988 8989 8990 8991 9025 9058 9091 9124 9157 9190 9223 9249 9250 9251 9252 9253 9254 9255 9017 9050 9083 9116 9149 9182 9215 5057 5618 6179 6740 7301 7862 8423 5065 5626 6187 6748 7309 7870 8431 5321 5882 6443 7004 7565 8126 8687 5329 5890 6451 7012 7573 8134 8695 5090 5123 5156 5189 5222 5255 5288 5651 5684 5717 5750 5783 5816 5849 6212 6245 6278 6311 6344 6377 6410 6773 6806 6839 6872 6905 6938 6971 7334 7367 7400 7433 7466 7499 7532 7895 7928 7961 7994 8027 8060 8093 8456 8489 8522 8555 8588 8621 8654 5098 5131 5164 5197 5230 5263 5296 5659 5692 5725 5758 5791 5824 5857 6220 6253 6286 6319 6352 6385 6418 6781 6814 6847 6880 6913 6946 6979 7342 7375 7408 7441 7474 7507 7540 7903 7936 7969 8002 8035 8068 8101 8464 8497 8530 8563 8596 8629 8662 5058 5059 5060 5061 5062 5063 5064 5619 5620 5621 5622 5623 5624 5625 6180 6181 6182 6183 6184 6185 6186 6741 6742 6743 6744 6745 6746 6747 7302 7303 7304 7305 7306 7307 7308 7863 7864 7865 7866 7867 7868 7869 8424 8425 8426 8427 8428 8429 8430 5322 5323 5324 5325 5326 5327 5328 5883 5884 5885 5886 5887 5888 5889 6444 6445 6446 6447 6448 6449 6450 7005 7006 7007 7008 7009 7010 7011 7566 7567 7568 7569 7570 7571 7572 8127 8128 8129 8130 8131 8132 8133 8688 8689 8690 8691 8692 8693 8694 4530 4531 4532 4533 4534 4535 4536 4563 4564 4565 4566 4567 4568 4569 4596 4597 4598 4599 4600 4601 4602 4629 4630 4631 4632 4633 4634 4635 4662 4663 4664 4665 4666 4667 4668 4695 4696 4697 4698 4699 4700 4701 4728 4729 4730 4731 4732 4733 4734 9018 9019 9020 9021 9022 9023 9024 9051 9052 9053 9054 9055 9056 9057 9084 9085 9086 9087 9088 9089 9090 9117 9118 9119 9120 9121 9122 9123 9150 9151 9152 9153 9154 9155 9156 9183 9184 9185 9186 9187 9188 9189 9216 9217 9218 9219 9220 9221 9222 5091 5092 5093 5094 5095 5096 5097 5124 5125 5126 5127 5128 5129 5130 5157 5158 5159 5160 5161 5162 5163 5190 5191 5192 5193 5194 5195 5196 5223 5224 5225 5226 5227 5228 5229 5256 5257 5258 5259 5260 5261 5262 5289 5290 5291 5292 5293 5294 5295 5652 5653 5654 5655 5656 5657 5658 5685 5686 5687 5688 5689 5690 5691 5718 5719 5720 5721 5722 5723 5724 5751 5752 5753 5754 5755 5756 5757 5784 5785 5786 5787 5788 5789 5790 5817 5818 5819 5820 5821 5822 5823 5850 5851 5852 5853 5854 5855 5856 6213 6214 6215 6216 6217 6218 6219 6246 6247 6248 6249 6250 6251 6252 6279 6280 6281 6282 6283 6284 6285 6312 6313 6314 6315 6316 6317 6318 6345 6346 6347 6348 6349 6350 6351 6378 6379 6380 6381 6382 6383 6384 6411 6412 6413 6414 6415 6416 6417 6774 6775 6776 6777 6778 6779 6780 6807 6808 6809 6810 6811 6812 6813 6840 6841 6842 6843 6844 6845 6846 6873 6874 6875 6876 6877 6878 6879 6906 6907 6908 6909 6910 6911 6912 6939 6940 6941 6942 6943 6944 6945 6972 6973 6974 6975 6976 6977 6978 7335 7336 7337 7338 7339 7340 7341 7368 7369 7370 7371 7372 7373 7374 7401 7402 7403 7404 7405 7406 7407 7434 7435 7436 7437 7438 7439 7440 7467 7468 7469 7470 7471 7472 7473 7500 7501 7502 7503 7504 7505 7506 7533 7534 7535 7536 7537 7538 7539 7896 7897 7898 7899 7900 7901 7902 7929 7930 7931 7932 7933 7934 7935 7962 7963 7964 7965 7966 7967 7968 7995 7996 7997 7998 7999 8000 8001 8028 8029 8030 8031 8032 8033 8034 8061 8062 8063 8064 8065 8066 8067 8094 8095 8096 8097 8098 8099 8100 8457 8458 8459 8460 8461 8462 8463 8490 8491 8492 8493 8494 8495 8496 8523 8524 8525 8526 8527 8528 8529 8556 8557 8558 8559 8560 8561 8562 8589 8590 8591 8592 8593 8594 8595 8622 8623 8624 8625 8626 8627 8628 8655 8656 8657 8658 8659 8660 8661
          4504 4512 4776 4768 8992 9000 9264 9256 4505 4506 4507 4508 4509 4510 4511 4545 4578 4611 4644 4677 4710 4743 4769 4770 4771 4772 4773 4774 4775 4537 4570 4603 4636 4669 4702 4735 8993 8994 8995 8996 8997 8998 8999 9033 9066 9099 9132 9165 9198 9231 9257 9258 9259 9260 9261 9262 9263 9025 9058 9091 9124 9157 9190 9223 5065 5626 6187 6748 7309 7870 8431 5073 5634 6195 6756 7317 7878 8439 5329 5890 6451 7012 7573 8134 8695 5337 5898 6459 7020 7581 8142 8703 5098 5131 5164 5197 5230 5263 5296 5659 5692 5725 5758 5791 5824 5857 6220 6253 6286 6319 6352 6385 6418 6781 6814 6847 6880 6913 6946 6979 7342 7375 7408 7441 7474 7507 7540 7903 7936 7969 8002 8035 8068 8101 8464 8497 8530 8563 8596 8629 8662 5106 5139 5172 5205 5238 5271 5304 5667 5700 5733 5766 5799 5832 5865 6228 6261 6294 6327 6360 6393 6426 6789 6822 6855 6888 6921 6954 6987 7350 7383 7416 7449 7482 7515 7548 7911 7944 7977 8010 8043 8076 8109 8472 8505 8538 8571 8604 8637 8670 5066 5067 5068 5069 5070 5071 5072 5627 5628 5629 5630 5631 5632 5633 6188 6189 6190 6191 6192 6193 6194 6749 6750 6751 6752 6753 6754 6755 7310 7311 7312 7313 7314 7315 7316 7871 7872 7873 7874 7875 7876 7877 8432 8433 8434 8435 8436 8437 8438 5330 5331 5332 5333 5334 5335 5336 5891 5892 5893 5894 5895 5896 5897 6452 6453 6454 6455 6456 6457 6458 7013 7014 7015 7016 7017 7018 7019 7574 7575 7576 7577 7578 7579 7580 8135 8136 8137 8138 8139 8140 8141 8696 8697 8698 8699 8700 8701 8702 4538 4539 4540 4541 4542 4543 4544 4571 4572 4573 4574 4575 4576 4577 4604 4605 4606 4607 4608 4609 4610 4637 4638 4639 4640 4641 4642 4643 4670 4671 4672 4673 4674 4675 4676 4703 4704 4705 4706 4707 4708 4709 4736 4737 4738 4739 4740 4741 4742 9026 9027 9028 9029 9030 9031 9032 9059 9060 9061 9062 9063 9064 9065 9092 9093 9094 9095 9096 9097 9098 9125 9126 9127 9128 9129 9130 9131 9158 9159 9160 9161 9162 9163 9164 9191 9192 9193 9194 9195 9196 9197 9224 9225 9226 9227 9228 9229 9230 5099 5100 5101 5102 5103 5104 5105 5132 5133 5134 5135 5136 5137 5138 5165 5166 5167 5168 5169 5170 5171 5198 5199 5200 5201 5202 5203 5204 5231 5232 5233 5234 5235 5236 5237 5264 5265 5266 5267 5268 5269 5270 5297 5298 5299 5300 5301 5302 5303 5660 5661 5662 5663 5664 5665 5666 5693 5694 5695 5696 5697 5698 5699 5726 5727 5728 5729 5730 5731 5732 5759 5760 5761 5762 5763 5764 5765 5792 5793 5794 5795 5796 5797 5798 5825 5826 5827 5828 5829 5830 5831 5858 5859 5860 5861 5862 5863 5864 6221 6222 6223 6224 6225 6226 6227 6254 6255 6256 6257 6258 6259 6260 6287 6288 6289 6290 6291 6292 6293 6320 6321 6322 6323 6324 6325 6326 6353 6354 6355 6356 6357 6358 6359 6386 6387 6388 6389 6390 6391 6392 6419 6420 6421 6422 6423 6424 6425 6782 6783 6784 6785 6786 6787 6788 6815 6816 6817 6818 6819 6820 6821 6848 6849 6850 6851 6852 6853 6854 6881 6882 6883 6884 6885 6886 6887 6914 6915 6916 6917 6918 6919 6920 6947 6948 6949 6950 6951 6952 6953 6980 6981 6982 6983 6984 6985 6986 7343 7344 7345 7346 7347 7348 7349 7376 7377 7378 7379 7380 7381 7382 7409 7410 7411 7412 7413 7414 7415 7442 7443 7444 7445 7446 7447 7448 7475 7476 7477 7478 7479 7480 7481 7508 7509 7510 7511 7512 7513 7514 7541 7542 7543 7544 7545 7546 7547 7904 7905 7906 7907 7908 7909 7910 7937 7938 7939 7940 7941 7942 7943 7970 7971 7972 7973 7974 7975 7976 8003 8004 8005 8006 8007 8008 8009 8036 8037 8038 8039 8040 8041 8042 8069 8070 8071 8072 8073 8074 8075 8102 8103 8104 8105 8106 8107 8108 8465 8466 8467 8468 8469 8470 8471 8498 8499 8500 8501 8502 8503 8504 8531 8532 8533 8534 8535 8536 8537 8564 8565 8566 8567 8568 8569 8570 8597 8598 8599 8600 8601 8602 8603 8630 8631 8632 8633 8634 8635 8636 8663 8664 8665 8666 8667 8668 8669
          4512 4520 4784 4776 9000 9008 9272 9264 4513 4514 4515 4516 4517 4518 4519 4553 4586 4619 4652 4685 4718 4751 4777 4778 4779 4780 4781 4782 4783 4545 4578 4611 4644 4677 4710 4743 9001 9002 9003 9004 9005 9006 9007 9041 9074 9107 9140 9173 9206 9239 9265 9266 9267 9268 9269 9270 9271 9033 9066 9099 9132 9165 9198 9231 5073 5634 6195 6756 7317 7878 8439 5081 5642 6203 6764 7325 7886 8447 5337 5898 6459 7020 7581 8142 8703 5345 5906 6467 7028 7589 8150 8711 5106 5139 5172 5205 5238 5271 5304 5667 5700 5733 5766 5799 5832 5865 6228 6261 6294 6327 6360 6393 6426 6789 6822 6855 6888 6921 6954 6987 7350 7383 7416 7449 7482 7515 7548 7911 7944 7977 8010 8043 8076 8109 8472 8505 8538 8571 8604 8637 8670 5114 5147 5180 5213 5246 5279 5312 5675 5708 5741 5774 5807 5840 5873 6236 6269 6302 6335 6368 6401 6434 6797 6830 6863 6896 6929 6962 6995 7358 7391 7424 7457 7490 7523 7556 7919 7952 7985 8018 8051 8084 8117 8480 8513 8546 8579 8612 8645 8678 5074 5075 5076 5077 5078 5079 5080 5635 5636 5637 5638 5639 5640 5641 6196 6197 6198 6199 6200 6201 6202 6757 6758 6759 6760 6761 6762 6763 7318 7319 7320 7321 7322 7323 7324 7879 7880 7881 7882 7883 7884 7885 8440 8441 8442 8443 8444 8445 8446 5338 5339 5340 5341 5342 5343 5344 5899 5900 5901 5902 5903 5904 5905 6460 6461 6462 6463 6464 6465 6466 7021 7022 7023 7024 7025 7026 7027 7582 7583 7584 7585 7586 7587 7588 8143 8144 8145 8146 8147 8148 8149 8704 8705 8706 8707 8708 8709 8710 4546 4547 4548 4549 4550 4551 4552 4579 4580 4581 4582 4583 4584 4585 4612 4613 4614 4615 4616 4617 4618 4645 4646 4647 4648 4649 4650 4651 4678 4679 4680 4681 4682 4683 4684 4711 4712 4713 4714 4715 4716 4717 4744 4745 4746 4747 4748 4749 4750 9034 9035 9036 9037 9038 9039 9040 9067 9068 9069 9070 9071 9072 9073 9100 9101 9102 9103 9104 9105 9106 9133 9134 9135 9136 9137 9138 9139 9166 9167 9168 9169 9170 9171 9172 9199 9200 9201 9202 9203 9204 9205 9232 9233 9234 9235 9236 9237 9238 5107 5108 5109 5110 5111 5112 5113 5140 5141 5142 5143 5144 5145 5146 5173 5174 5175 5176 5177 5178 5179 5206 5207 5208 5209 5210 5211 5212 5239 5240 5241 5242 5243 5244 5245 5272 5273 5274 5275 5276 5277 5278 5305 5306 5307 5308 5309 5310 5311 5668 5669 5670 5671 5672 5673 5674 5701 5702 5703 5704 5705 5706 5707 5734 5735 5736 5737 5738 5739 5740 5767 5768 5769 5770 5771 5772 5773 5800 5801 5802 5803 5804 5805 5806 5833 5834 5835 5836 5837 5838 5839 5866 5867 5868 5869 5870 5871 5872 6229 6230 6231 6232 6233 6234 6235 6262 6263 6264 6265 6266 6267 6268 6295 6296 6297 6298 6299 6300 6301 6328 6329 6330 6331 6332 6333 6334 6361 6362 6363 6364 6365 6366 6367 6394 6395 6396 6397 6398 6399 6400 6427 6428 6429 6430 6431 6432 6433 6790 6791 6792 6793 6794 6795 6796 6823 6824 6825 6826 6827 6828 6829 6856 6857 6858 6859 6860 6861 6862 6889 6890 6891 6892 6893 6894 6895 6922 6923 6924 6925 6926 6927 6928 6955 6956 6957 6958 6959 6960 6961 6988 6989 6990 6991 6992 6993 6994 7351 7352 7353 7354 7355 7356 7357 7384 7385 7386 7387 7388 7389 7390 7417 7418 7419 7420 7421 7422 7423 7450 7451 7452 7453 7454 7455 7456 7483 7484 7485 7486 7487 7488 7489 7516 7517 7518 7519 7520 7521 7522 7549 7550 7551 7552 7553 7554 7555 7912 7913 7914 7915 7916 7917 7918 7945 7946 7947 7948 7949 7950 7951 7978 7979 7980 7981 7982 7983 7984 8011 8012 8013 8014 8015 8016 8017 8044 8045 8046 8047 8048 8049 8050 8077 8078 8079 8080 8081 8082 8083 8110 8111 8112 8113 8114 8115 8116 8473 8474 8475 8476 8477 8478 8479 8506 8507 8508 8509 8510 8511 8512 8539 8540 8541 8542 8543 8544 8545 8572 8573 8574 8575 8576 8577 8578 8605 8606 8607 8608 8609 8610 8611 8638 8639 8640 8641 8642 8643 8644 8671 8672 8673 8674 8675 8676 8677
          4752 4760 5024 5016 9240 9248 9512 9504 4753 4754 4755 4756 4757 4758 4759 4793 4826 4859 4892 4925 4958 4991 5017 5018 5019 5020 5021 5022 5023 4785 4818 4851 4884 4917 4950 4983 9241 9242 9243 9244 9245 9246 9247 9281 9314 9347 9380 9413 9446 9479 9505 9506 9507 9508 9509 9510 9511 9273 9306 9339 9372 9405 9438 9471 5313 5874 6435 6996 7557 8118 8679 5321 5882 6443 7004 7565 8126 8687 5577 6138 6699 7260 7821 8382 8943 5585 6146 6707 7268 7829 8390 8951 5346 5379 5412 5445 5478 5511 5544 5907 5940 5973 6006 6039 6072 6105 6468 6501 6534 6567 6600 6633 6666 7029 7062 7095 7128 7161 7194 7227 7590 7623 7656 7689 7722 7755 7788 8151 8184 8217 8250 8283 8316 8349 8712 8745 8778 8811 8844 8877 8910 5354 5387 5420 5453 5486 5519 5552 5915 5948 5981 6014 6047 6080 6113 6476 6509 6542 6575 6608 6641 6674 7037 7070 7103 7136 7169 7202 7235 7598 7631 7664 7697 7730 7763 7796 8159 8192 8225 8258 8291 8324 8357 8720 8753 8786 8819 8852 8885 8918 5314 5315 5316 5317 5318 5319 5320 5875 5876 5877 5878 5879 5880 5881 6436 6437 6438 6439 6440 6441 6442 6997 6998 6999 7000 7001 7002 7003 7558 7559 7560 7561 7562 7563 7564 8119 8120 8121 8122 8123 8124 8125 8680 8681 8682 8683 8684 8685 8686 5578 5579 5580 5581 5582 5583 5584 6139 6140 6141 6142 6143 6144 6145 6700 6701 6702 6703 6704 6705 6706 7261 7262 7263 7264 7265 7266 7267 7822 7823 7824 7825 7826 7827 7828 8383 8384 8385 8386 8387 8388 8389 8944 8945 8946 8947 8948 8949 8950 4786 4787 4788 4789 4790 4791 4792 4819 4820 4821 4822 4823 4824 4825 4852 4853 4854 4855 4856 4857 4858 4885 4886 4887 4888 4889 4890 4891 4918 4919 4920 4921 4922 4923 4924 4951 4952 4953 4954 4955 4956 4957 4984 4985 4986 4987 4988 4989 4990 9274 9275 9276 9277 9278 9279 9280 9307 9308 9309 9310 9311 9312 9313 9340 9341 9342 9343 9344 9345 9346 9373 9374 9375 9376 9377 9378 9379 9406 9407 9408 9409 9410 9411 9412 9439 9440 9441 9442 9443 9444 9445 9472 9473 9474 9475 9476 9477 9478 5347 5348 5349 5350 5351 5352 5353 5380 5381 5382 5383 5384 5385 5386 5413 5414 5415 5416 5417 5418 5419 5446 5447 5448 5449 5450 5451 5452 5479 5480 5481 5482 5483 5484 5485 5512 5513 5514 5515 5516 5517 5518 5545 5546 5547 5548 5549 5550 5551 5908 5909 5910 5911 5912 5913 5914 5941 5942 5943 5944 5945 5946 5947 5974 5975 5976 5977 5978 5979 5980 6007 6008 6009 6010 6011 6012 6013 6040 6041 6042 6043 6044 6045 6046 6073 6074 6075 6076 6077 6078 6079 6106 6107 6108 6109 6110 6111 6112 6469 6470 6471 6472 6473 6474 6475 6502 6503 6504 6505 6506 6507 6508 6535 6536 6537 6538 6539 6540 6541 6568 6569 6570 6571 6572 6573 6574 6601 6602 6603 6604 6605 6606 6607 6634 6635 6636 6637 6638 6639 6640 6667 6668 6669 6670 6671 6672 6673 7030 7031 7032 7033 7034 7035 7036 7063 7064 7065 7066 7067 7068 7069 7096 7097 7098 7099 7100 7101 7102 7129 7130 7131 7132 7133 7134 7135 7162 7163 7164 7165 7166 7167 7168 7195 7196 7197 7198 7199 7200 7201 7228 7229 7230 7231 7232 7233 7234 7591 7592 7593 7594 7595 7596 7597 7624 7625 7626 7627 7628 7629 7630 7657 7658 7659 7660 7661 7662 7663 7690 7691 7692 7693 7694 7695 7696 7723 7724 7725 7726 7727 7728 7729 7756 7757 7758 7759 7760 7761 7762 7789 7790 7791 7792 7793 7794 7795 8152 8153 8154 8155 8156 8157 8158 8185 8186 8187 8188 8189 8190 8191 8218 8219 8220 8221 8222 8223 8224 8251 8252 8253 8254 8255 8256 8257 8284 8285 8286 8287 8288 8289 8290 8317 8318 8319 8320 8321 8322 8323 8350 8351 8352 8353 8354 8355 8356 8713 8714 8715 8716 8717 8718 8719 8746 8747 8748 8749 8750 8751 8752 8779 8780 8781 8782 8783 8784 8785 8812 8813 8814 8815 8816 8817 8818 8845 8846 8847 8848 8849 8850 8851 8878 8879 8880 8881 8882 8883 8884 8911 8912 8913 8914 8915 8916 8917
          4760 4768 5032 5024 9248 9256 9520 9512 4761 4762 4763 4764 4765 4766 4767 4801 4834 4867 4900 4933 4966 4999 5025 5026 5027 5028 5029 5030 5031 4793 4826 4859 4892 4925 4958 4991 9249 9250 9251 9252 9253 9254 9255 9289 9322 9355 9388 9421 9454 9487 9513 9514 9515 9516 9517 9518 9519 9281 9314 9347 9380 9413 9446 9479 5321 5882 6443 7004 7565 8126 8687 5329 5890 6451 7012 7573 8134 8695 5585 6146 6707 7268 7829 8390 8951 5593 6154 6715 7276 7837 8398 8959 5354 5387 5420 5453 5486 5519 5552 5915 5948 5981 6014 6047 6080 6113 6476 6509 6542 6575 6608 6641 6674 7037 7070 7103 7136 7169 7202 7235 7598 7631 7664 7697 7730 7763 7796 8159 8192 8225 8258 8291 8324 8357 8720 8753 8786 8819 8852 8885 8918 5362 5395 5428 5461 5494 5527 5560 5923 5956 5989 6022 6055 6088 6121 6484 6517 6550 6583 6616 6649 6682 7045 7078 7111 7144 7177 7210 7243 7606 7639 7672 7705 7738 7771 7804 8167 8200 8233 8266 8299 8332 8365 8728 8761 8794 8827 8860 8893 8926 5322 5323 5324 5325 5326 5327 5328 5883 5884 5885 5886 5887 5888 5889 6444 6445 6446 6447 6448 6449 6450 7005 7006 7007 7008 7009 7010 7011 7566 7567 7568 7569 7570 7571 7572 8127 8128 8129 8130 8131 8132 8133 8688 8689 8690 8691 8692 8693 8694 5586 5587 5588 5589 5590 5591 5592 6147 6148 6149 6150 6151 6152 6153 6708 6709 6710 6711 6712 6713 6714 7269 7270 7271 7272 7273 7274 7275 7830 7831 7832 7833 7834 7835 7836 8391 8392 8393 8394 8395 8396 8397 8952 8953 8954 8955 8956 8957 8958 4794 4795 4796 4797 4798 4799 4800 4827 4828 4829 4830 4831 4832 4833 4860 4861 4862 4863 4864 4865 4866 4893 4894 4895 4896 4897 4898 4899 4926 4927 4928 4929 4930 4931 4932 4959 4960 4961 4962 4963 4964 4965 4992 4993 4994 4995 4996 4997 4998 9282 9283 9284 9285 9286 9287 9288 9315 9316 9317 9318 9319 9320 9321 9348 9349 9350 9351 9352 9353 9354 9381 9382 9383 9384 9385 9386 9387 9414 9415 9416 9417 9418 9419 9420 9447 9448 9449 9450 9451 9452 9453 9480 9481 9482 9483 9484 9485 9486 5355 5356 5357 5358 5359 5360 5361 5388 5389 5390 5391 5392 5393 5394 5421 5422 5423 5424 5425 5426 5427 5454 5455 5456 5457 5458 5459 5460 5487 5488 5489 5490 5491 5492 5493 5520 5521 5522 5523 5524 5525 5526 5553 5554 5555 5556 5557 5558 5559 5916 5917 5918 5919 5920 5921 5922 5949 5950 5951 5952 5953 5954 5955 5982 5983 5984 5985 5986 5987 5988 6015 6016 6017 6018 6019 6020 6021 6048 6049 6050 6051 6052 6053 6054 6081 6082 6083 6084 6085 6086 6087 6114 6115 6116 6117 6118 6119 6120 6477 6478 6479 6480 6481 6482 6483 6510 6511 6512 6513 6514 6515 6516 6543 6544 6545 6546 6547 6548 6549 6576 6577 6578 6579 6580 6581 6582 6609 6610 6611 6612 6613 6614 6615 6642 6643 6644 6645 6646 6647 6648 6675 6676 6677 6678 6679 6680 6681 7038 7039 7040 7041 7042 7043 7044 7071 7072 7073 7074 7075 7076 7077 7104 7105 7106 7107 7108 7109 7110 7137 7138 7139 7140 7141 7142 7143 7170 7171 7172 7173 7174 7175 7176 7203 7204 7205 7206 7207 7208 7209 7236 7237 7238 7239 7240 7241 7242 7599 7600 7601 7602 7603 7604 7605 7632 7633 7634 7635 7636 7637 7638 7665 7666 7667 7668 7669 7670 7671 7698 7699 7700 7701 7702 7703 7704 7731 7732 7733 7734 7735 7736 7737 7764 7765 7766 7767 7768 7769 7770 7797 7798 7799 7800 7801 7802 7803 8160 8161 8162 8163 8164 8165 8166 8193 8194 8195 8196 8197 8198 8199 8226 8227 8228 8229 8230 8231 8232 8259 8260 8261 8262 8263 8264 8265 8292 8293 8294 8295 8296 8297 8298 8325 8326 8327 8328 8329 8330 8331 8358 8359 8360 8361 8362 8363 8364 8721 8722 8723 8724 8725 8726 8727 8754 8755 8756 8757 8758 8759 8760 8787 8788 8789 8790 8791 8792 8793 8820 8821 8822 8823 8824 8825 8826 8853 8854 8855 8856 8857 8858 8859 8886 8887 8888 8889 8890 8891 8892 8919 8920 8921 8922 8923 8924 8925
          4768 4776 5040 5032 9256 9264 9528 9520 4769 4770 4771 4772 4773 4774 4775 4809 4842 4875 4908 4941 4974 5007 5033 5034 5035 5036 5037 5038 5039 4801 4834 4867 4900 4933 4966 4999 9257 9258 9259 9260 9261 9262 9263 9297 9330 9363 9396 9429 9462 9495 9521 9522 9523 9524 9525 9526 9527 9289 9322 9355 9388 9421 9454 9487 5329 5890 6451 7012 7573 8134 8695 5337 5898 6459 7020 7581 8142 8703 5593 6154 6715 7276 7837 8398 8959 5601 6162 6723 7284 7845 8406 8967 5362 5395 5428 5461 5494 5527 5560 5923 5956 5989 6022 6055 6088 6121 6484 6517 6550 6583 6616 6649 6682 7045 7078 7111 7144 7177 7210 7243 7606 7639 7672 7705 7738 7771 7804 8167 8200 8233 8266 8299 8332 8365 8728 8761 8794 8827 8860 8893 8926 5370 5403 5436 5469 5502 5535 5568 5931 5964 5997 6030 6063 6096 6129 6492 6525 6558 6591 6624 6657 6690 7053 7086 7119 7152 7185 7218 7251 7614 7647 7680 7713 7746 7779 7812 8175 8208 8241 8274 8307 8340 8373 8736 8769 8802 8835 8868 8901 8934 5330 5331 5332 5333 5334 5335 5336 5891 5892 5893 5894 5895 5896 5897 6452 6453 6454 6455 6456 6457 6458 7013 7014 7015 7016 7017 7018 7019 7574 7575 7576 7577 7578 7579 7580 8135 8136 8137 8138 8139 8140 8141 8696 8697 8698 8699 8700 8701 8702 5594 5595 5596 5597 5598 5599 5600 6155 6156 6157 6158 6159 6160 6161 6716 6717 6718 6719 6720 6721 6722 7277 7278 7279 7280 7281 7282 7283 7838 7839 7840 7841 7842 7843 7844 8399 8400 8401 8402 8403 8404 8405 8960 8961 8962 8963 8964 8965 8966 4802 4803 4804 4805 4806 4807 4808 4835 4836 4837 4838 4839 4840 4841 4868 4869 4870 4871 4872 4873 4874 4901 4902 4903 4904 4905 4906 4907 4934 4935 4936 4937 4938 4939 4940 4967 4968 4969 4970 4971 4972 4973 5000 5001 5002 5003 5004 5005 5006 9290 9291 9292 9293 9294 9295 9296 9323 9324 9325 9326 9327 9328 9329 9356 9357 9358 9359 9360 9361 9362 9389 9390 9391 9392 9393 9394 9395 9422 9423 9424 9425 9426 9427 9428 9455 9456 9457 9458 9459 9460 9461 9488 9489 9490 9491 9492 9493 9494 5363 5364 5365 5366 5367 5368 5369 5396 5397 5398 5399 5400 5401 5402 5429 5430 5431 5432 5433 5434 5435 5462 5463 5464 5465 5466 5467 5468 5495 5496 5497 5498 5499 5500 5501 5528 5529 5530 5531 5532 5533 5534 5561 5562 5563 5564 5565 5566 5567 5924 5925 5926 5927 5928 5929 5930 5957 5958 5959 5960 5961 5962 5963 5990 5991 5992 5993 5994 5995 5996 6023 6024 6025 6026 6027 6028 6029 6056 6057 6058 6059 6060 6061 6062 6089 6090 6091 6092 6093 6094 6095 6122 6123 6124 6125 6126 6127 6128 6485 6486 6487 6488 6489 6490 6491 6518 6519 6520 6521 6522 6523 6524 6551 6552 6553 6554 6555 6556 6557 6584 6585 6586 6587 6588 6589 6590 6617 6618 6619 6620 6621 6622 6623 6650 6651 6652 6653 6654 6655 6656 6683 6684 6685 6686 6687 6688 6689 7046 7047 7048 7049 7050 7051 7052 7079 7080 7081 7082 7083 7084 7085 7112 7113 7114 7115 7116 7117 7118 7145 7146 7147 7148 7149 7150 7151 7178 7179 7180 7181 7182 7183 7184 7211 7212 7213 7214 7215 7216 7217 7244 7245 7246 7247 7248 7249 7250 7607 7608 7609 7610 7611 7612 7613 7640 7641 7642 7643 7644 7645 7646 7673 7674 7675 7676 7677 7678 7679 7706 7707 7708 7709 7710 7711 7712 7739 7740 7741 7742 7743 7744 7745 7772 7773 7774 7775 7776 7777 7778 7805 7806 7807 7808 7809 7810 7811 8168 8169 8170 8171 8172 8173 8174 8201 8202 8203 8204 8205 8206 8207 8234 8235 8236 8237 8238 8239 8240 8267 8268 8269 8270 8271 8272 8273 8300 8301 8302 8303 8304 8305 8306 8333 8334 8335 8336 8337 8338 8339 8366 8367 8368 8369 8370 8371 8372 8729 8730 8731 8732 8733 8734 8735 8762 8763 8764 8765 8766 8767 8768 8795 8796 8797 8798 8799 8800 8801 8828 8829 8830 8831 8832 8833 8834 8861 8862 8863 8864 8865 8866 8867 8894 8895 8896 8897 8898 8899 8900 8927 8928 8929 8930 8931 8932 8933
          4776 4784 5048 5040 9264 9272 9536 9528 4777 4778 4779 4780 4781 4782 4783 4817 4850 4883 4916 4949 4982 5015 5041 5042 5043 5044 5045 5046 5047 4809 4842 4875 4908 4941 4974 5007 9265 9266 9267 9268 9269 9270 9271 9305 9338 9371 9404 9437 9470 9503 9529 9530 9531 9532 9533 9534 9535 9297 9330 9363 9396 9429 9462 9495 5337 5898 6459 7020 7581 8142 8703 5345 5906 6467 7028 7589 8150 8711 5601 6162 6723 7284 7845 8406 8967 5609 6170 6731 7292 7853 8414 8975 5370 5403 5436 5469 5502 5535 5568 5931 5964 5997 6030 6063 6096 6129 6492 6525 6558 6591 6624 6657 6690 7053 7086 7119 7152 7185 7218 7251 7614 7647 7680 7713 7746 7779 7812 8175 8208 8241 8274 8307 8340 8373 8736 8769 8802 8835 8868 8901 8934 5378 5411 5444 5477 5510 5543 5576 5939 5972 6005 6038 6071 6104 6137 6500 6533 6566 6599 6632 6665 6698 7061 7094 7127 7160 7193 7226 7259 7622 7655 7688 7721 7754 7787 7820 8183 8216 8249 8282 8315 8348 8381 8744 8777 8810 8843 8876 8909 8942 5338 5339 5340 5341 5342 5343 5344 5899 5900 5901 5902 5903 5904 5905 6460 6461 6462 6463 6464 6465 6466 7021 7022 7023 7024 7025 7026 7027 7582 7583 7584 7585 7586 7587 7588 8143 8144 8145 8146 8147 8148 8149 8704 8705 8706 8707 8708 8709 8710 5602 5603 5604 5605 5606 5607 5608 6163 6164 6165 6166 6167 6168 6169 6724 6725 6726 6727 6728 6729 6730 7285 7286 7287 7288 7289 7290 7291 7846 7847 7848 7849 7850 7851 7852 8407 8408 8409 8410 8411 8412 8413 8968 8969 8970 8971 8972 8973 8974 4810 4811 4812 4813 4814 4815 4816 4843 4844 4845 4846 4847 4848 4849 4876 4877 4878 4879 4880 4881 4882 4909 4910 4911 4912 4913 4914 4915 4942 4943 4944 4945 4946 4947 4948 4975 4976 4977 4978 4979 4980 4981 5008 5009 5010 5011 5012 5013 5014 9298 9299 9300 9301 9302 9303 9304 9331 9332 9333 9334 9335 9336 9337 9364 9365 9366 9367 9368 9369 9370 9397 9398 9399 9400 9401 9402 9403 9430 9431 9432 9433 9434 9435 9436 9463 9464 9465 9466 9467 9468 9469 9496 9497 9498 9499 9500 9501 9502 5371 5372 5373 5374 5375 5376 5377 5404 5405 5406 5407 5408 5409 5410 5437 5438 5439 5440 5441 5442 5443 5470 5471 5472 5473 5474 5475 5476 5503 5504 5505 5506 5507 5508 5509 5536 5537 5538 5539 5540 5541 5542 5569 5570 5571 5572 5573 5574 5575 5932 5933 5934 5935 5936 5937 5938 5965 5966 5967 5968 5969 5970 5971 5998 5999 6000 6001 6002 6003 6004 6031 6032 6033 6034 6035 6036 6037 6064 6065 6066 6067 6068 6069 6070 6097 6098 6099 6100 6101 6102 6103 6130 6131 6132 6133 6134 6135 6136 6493 6494 6495 6496 6497 6498 6499 6526 6527 6528 6529 6530 6531 6532 6559 6560 6561 6562 6563 6564 6565 6592 6593 6594 6595 6596 6597 6598 6625 6626 6627 6628 6629 6630 6631 6658 6659 6660 6661 6662 6663 6664 6691 6692 6693 6694 6695 6696 6697 7054 7055 7056 7057 7058 7059 7060 7087 7088 7089 7090 7091 7092 7093 7120 7121 7122 7123 7124 7125 7126 7153 7154 7155 7156 7157 7158 7159 7186 7187 7188 7189 7190 7191 7192 7219 7220 7221 7222 7223 7224 7225 7252 7253 7254 7255 7256 7257 7258 7615 7616 7617 7618 7619 7620 7621 7648 7649 7650 7651 7652 7653 7654 7681 7682 7683 7684 7685 7686 7687 7714 7715 7716 7717 7718 7719 7720 7747 7748 7749 7750 7751 7752 7753 7780 7781 7782 7783 7784 7785 7786 7813 7814 7815 7816 7817 7818 7819 8176 8177 8178 8179 8180 8181 8182 8209 8210 8211 8212 8213 8214 8215 8242 8243 8244 8245 8246 8247 8248 8275 8276 8277 8278 8279 8280 8281 8308 8309 8310 8311 8312 8313 8314 8341 8342 8343 8344 8345 8346 8347 8374 8375 8376 8377 8378 8379 8380 8737 8738 8739 8740 8741 8742 8743 8770 8771 8772 8773 8774 8775 8776 8803 8804 8805 8806 8807 8808 8809 8836 8837 8838 8839 8840 8841 8842 8869 8870 8871 8872 8873 8874 8875 8902 8903 8904 8905 8906 8907 8908 8935 8936 8937 8938 8939 8940 8941
        </DataArray>
        <DataArray type="Int64" Name="offsets" format="ascii">
          729
          1458
          2187
          2916
          3645
          4374
          5103
          5832
          6561
          7290
          8019
          8748
          9477
          10206
          10935
          11664
        </DataArray>
        <DataArray type="UInt8" Name="types" format="ascii">
          72
          72
          72
          72
          72
          72
          72
          72
          72
          72
          72
          72
          72
          72
          72
          72
        </DataArray>
      </Cells>
    </Piece>
  </UnstructuredGrid>
</VTKFile>
