<?xml version="1.0"?>
<VTKFile type="UnstructuredGrid" version="1.0" byte_order="LittleEndian">
  <UnstructuredGrid>
    <Piece NumberOfPoints="16611" NumberOfCells="1344">
      <CellData>
        <DataArray type="Int32" Name="ObjectId" format="ascii">
          0
          0
          0
          0
          0
          0
          0
          0
          0
          0
          0
          0
          0
          0
          0
          0
          0
          0
          0
          0
          0
          0
          0
          0
          0
          0
          0
          0
          0
          0
          0
          0
          0
          0
          0
          0
          0
          0
          0
          0
          0
          0
          0
          0
          0
          0
          0
          0
          0
          0
          0
          0
          0
          0
          0
          0
          0
          0
          0
          0
          0
          0
          0
          0
          0
          0
          0
          0
          0
          0
          0
          0
          0
          0
          0
          0
          0
          0
          0
          0
          0
          0
          0
          0
          0
          0
          0
          0
          0
          0
          0
          0
          0
          0
          0
          0
          0
          0
          0
          0
          0
          0
          0
          0
          0
          0
          0
          0
          0
          0
          0
          0
          0
          0
          0
          0
          0
          0
          0
          0
          0
          0
          0
          0
          0
          0
          0
          0
          0
          0
          0
          0
          0
          0
          0
          0
          0
          0
          0
          0
          0
          0
          0
          0
          0
          0
          0
          0
          0
          0
          0
          0
          0
          0
          0
          0
          0
          0
          0
          0
          0
          0
          0
          0
          0
          0
          0
          0
          0
          0
          0
          0
          0
          0
          0
          0
          0
          0
          0
          0
          0
          0
          0
          0
          0
          0
          0
          0
          0
          0
          0
          0
          0
          0
          0
          0
          0
          0
          0
          0
          0
          0
          0
          0
          0
          0
          0
          0
          0
          0
          0
          0
          0
          0
          0
          0
          0
          0
          0
          0
          0
          0
          0
          0
          0
          0
          0
          0
          0
          0
          0
          0
          0
          0
          0
          0
          0
          0
          0
          0
          0
          0
          0
          0
          0
          0
          0
          0
          0
          0
          0
          0
          0
          0
          0
          0
          0
          0
          0
          0
          0
          0
          0
          0
          0
          0
          0
          0
          0
          0
          0
          0
          0
          0
          0
          0
          0
          0
          0
          0
          0
          0
          0
          0
          0
          0
          0
          0
          0
          0
          0
          0
          0
          0
          0
          0
          0
          0
          0
          0
          0
          0
          0
          0
          0
          0
          0
          0
          0
          0
          0
          0
          0
          0
          0
          0
          0
          0
          0
          0
          0
          0
          0
          0
          0
          0
          0
          0
          0
          0
          0
          0
          0
          0
          0
          0
          0
          0
          0
          0
          0
          0
          0
          0
          0
          0
          0
          0
          0
          0
          0
          0
          0
          0
          0
          0
          0
          0
          0
          0
          0
          0
          0
          0
          0
          0
          0
          0
          0
          0
          0
          0
          0
          0
          0
          0
          0
          0
          0
          0
          0
          0
          0
          0
          0
          0
          0
          0
          0
          0
          0
          0
          0
          0
          0
          0
          0
          0
          0
          0
          0
          0
          0
          0
          0
          0
          0
          0
          0
          0
          0
          0
          0
          0
          0
          0
          0
          0
          0
          0
          0
          0
          0
          0
          0
          0
          0
          0
          0
          0
          0
          0
          0
          0
          0
          0
          0
          0
          0
          0
          0
          0
          0
          0
          0
          0
          0
          0
          0
          0
          0
          0
          0
          0
          0
          0
          0
          0
          0
          0
          0
          0
          0
          0
          0
          0
          0
          0
          0
          0
          0
          0
          0
          0
          0
          0
          0
          0
          0
          0
          0
          0
          0
          0
          0
          0
          0
          0
          0
          0
          0
          0
          0
          0
          0
          0
          0
          0
          0
          0
          0
          0
          0
          0
          0
          0
          0
          0
          0
          0
          0
          0
          0
          0
          0
          0
          0
          0
          0
          0
          0
          0
          0
          0
          0
          0
          0
          0
          0
          0
          0
          0
          0
          0
          0
          0
          0
          0
          0
          0
          0
          0
          0
          0
          0
          0
          0
          0
          0
          0
          0
          0
          0
          0
          0
          0
          0
          0
          0
          0
          0
          0
          0
          0
          0
          0
          0
          0
          0
          0
          0
          0
          0
          0
          0
          0
          0
          0
          0
          0
          0
          0
          0
          0
          0
          0
          0
          0
          0
          0
          0
          0
          0
          0
          0
          0
          0
          0
          0
          0
          0
          0
          0
          0
          0
          0
          0
          0
          0
          0
          0
          0
          0
          0
          0
          0
          0
          0
          0
          0
          0
          0
          0
          0
          0
          0
          0
          0
          0
          0
          0
          0
          0
          0
          0
          0
          0
          0
          0
          0
          0
          0
          0
          0
          0
          0
          0
          0
          0
          0
          0
          0
          0
          0
          0
          0
          0
          0
          0
          0
          0
          0
          0
          0
          0
          0
          0
          0
          0
          0
          0
          0
          0
          0
          0
          0
          0
          0
          0
          0
          0
          0
          0
          0
          0
          0
          0
          0
          0
          0
          0
          0
          0
          0
          0
          0
          0
          0
          0
          0
          0
          0
          0
          0
          0
          0
          0
          0
          0
          0
          0
          0
          0
          0
          0
          0
          0
          0
          0
          0
          0
          0
          0
          0
          0
          0
          0
          0
          0
          0
          0
          0
          0
          0
          0
          0
          0
          0
          0
          0
          0
          0
          0
          0
          0
          0
          0
          0
          0
          0
          0
          0
          0
          0
          0
          0
          0
          0
          0
          0
          0
          0
          0
          0
          0
          0
          0
          0
          0
          0
          0
          0
          0
          0
          0
          0
          0
          0
          0
          0
          0
          0
          0
          0
          0
          0
          0
          0
          0
          0
          0
          0
          0
          0
          0
          0
          0
          0
          0
          0
          0
          0
          0
          0
          0
          0
          0
          0
          0
          0
          0
          0
          0
          0
          0
          0
          0
          0
          0
          0
          0
          0
          0
          0
          0
          0
          0
          0
          0
          0
          0
          0
          0
          0
          0
          0
          0
          0
          0
          0
          0
          0
          0
          0
          0
          0
          0
          0
          0
          0
          0
          0
          0
          0
          0
          0
          0
          0
          0
          0
          0
          0
          0
          0
          0
          0
          0
          0
          0
          0
          0
          0
          0
          0
          0
          0
          0
          0
          0
          0
          0
          0
          0
          0
          0
          0
          0
          0
          0
          0
          0
          0
          0
          0
          0
          0
          0
          0
          0
          0
          0
          0
          0
          0
          0
          0
          0
          0
          0
          0
          0
          0
          0
          0
          0
          0
          0
          0
          0
          0
          0
          0
          0
          0
          0
          0
          0
          0
          0
          0
          0
          0
          0
          0
          0
          0
          0
          0
          0
          0
          0
          0
          0
          0
          0
          0
          0
          0
          0
          0
          0
          0
          0
          0
          0
          0
          0
          0
          0
          0
          0
          0
          0
          0
          0
          0
          0
          0
          0
          0
          0
          0
          0
          0
          0
          0
          0
          0
          0
          0
          0
          0
          0
          0
          0
          0
          0
          0
          0
          0
          0
          0
          0
          0
          0
          0
          0
          0
          0
          0
          0
          0
          0
          0
          0
          0
          0
          0
          0
          0
          0
          0
          0
          0
          0
          0
          0
          0
          0
          0
          0
          0
          0
          0
          0
          0
          0
          0
          0
          0
          0
          0
          0
          0
          0
          0
          0
          0
          0
          0
          0
          0
          0
          0
          0
          0
          0
          0
          0
          0
          0
          0
          0
          0
          0
          0
          0
          0
          0
          0
          0
          0
          0
          0
          0
          0
          0
          0
          0
          0
          0
          0
          0
          0
          0
          0
          0
          0
          0
          0
          0
          0
          0
          0
          0
          0
          0
          0
          0
          0
          0
          0
          0
          0
          0
          0
          0
          0
          0
          0
          0
          0
          0
          0
          0
          0
          0
          0
          0
          0
          0
          0
          0
          0
          0
          0
          0
          0
          0
          0
          0
          0
          0
          0
          0
          0
          0
          0
          0
          0
          0
          0
          0
          0
          0
          0
          0
          0
          0
          0
          0
          0
          0
          0
          0
          0
          0
          0
          0
          0
          0
          0
          0
          0
          0
          0
          0
          0
          0
          0
          0
          0
          0
          0
          0
          0
          0
          0
          0
          0
          0
          0
          0
          0
          0
          0
          0
          0
          0
          0
          0
          0
          0
          0
          0
          0
          0
          0
          0
          0
          0
          0
          0
          0
          0
          0
          0
          0
          0
          0
          0
          0
          0
          0
          0
          0
          0
          0
          0
          0
          0
          0
          0
          0
          0
          0
          0
          0
          0
          0
          0
          0
          0
          0
          0
          0
          0
          0
          0
          0
          0
          0
          0
          0
          0
          0
          0
          0
          0
          0
          0
          0
          0
          0
          0
          0
          0
          0
          0
          0
          0
          0
          0
          0
          0
          0
          0
          0
          0
          0
          0
          0
          0
          0
          0
          0
          0
          0
          0
          0
          0
          0
          0
          0
          0
          0
          0
          0
          0
          0
          0
          0
          0
          0
          0
          0
          0
          0
          0
          0
          0
          0
          0
          0
          0
          0
          0
          0
          0
          0
          0
          0
          0
          0
          0
          0
          0
          0
          0
          0
          0
          0
          0
          0
          0
          0
          0
          0
          0
          0
          0
          0
          0
          0
          0
          0
          0
          0
          0
          0
          0
          0
          0
          0
          0
          0
          0
          0
          0
          0
          0
          0
          0
          0
        </DataArray>
      </CellData>
      <Points>
        <DataArray type="Float64" NumberOfComponents="3" Name="Points" format="ascii">
          0 0 0
          0.0625 0 0
          0.125 0 0
          0.1875 0 0
          0.25 0 0
          0.3125 0 0
          0.375 0 0
          0.4375 0 0
          0.5 0 0
          0.5625 0 0
          0.625 0 0
          0.6875 0 0
          0.75 0 0
          0.8125 0 0
          0.875 0 0
          0.9375 0 0
          1 0 0
          1.0625 0 0
          1.125 0 0
          1.1875 0 0
          1.25 0 0
          1.3125 0 0
          1.375 0 0
          1.4375 0 0
          1.5 0 0
          1.5625 0 0
          1.625 0 0
          1.6875 0 0
          1.75 0 0
          1.8125 0 0
          1.875 0 0
          1.9375 0 0
          2 0 0
          2.0625 0 0
          2.125 0 0
          2.1875 0 0
          2.25 0 0
          2.3125 0 0
          2.375 0 0
          2.4375 0 0
          2.5 0 0
          2.5625 0 0
          2.625 0 0
          2.6875 0 0
          2.75 0 0
          2.8125 0 0
          2.875 0 0
          2.9375 0 0
          3 0 0
          3.0625 0 0
          3.125 0 0
          3.1875 0 0
          3.25 0 0
          3.3125 0 0
          3.375 0 0
          3.4375 0 0
          3.5 0 0
          3.5625 0 0
          3.625 0 0
          3.6875 0 0
          3.75 0 0
          3.8125 0 0
          3.875 0 0
          3.9375 0 0
          4 0 0
          4.0625 0 0
          4.125 0 0
          4.1875 0 0
          4.25 0 0
          4.3125 0 0
          4.375 0 0
          4.4375 0 0
          4.5 0 0
          4.5625 0 0
          4.625 0 0
          4.6875 0 0
          4.75 0 0
          4.8125 0 0
          4.875 0 0
          4.9375 0 0
          5 0 0
          5.0625 0 0
          5.125 0 0
          5.1875 0 0
          5.25 0 0
          5.3125 0 0
          5.375 0 0
          5.4375 0 0
          5.5 0 0
          5.5625 0 0
          5.625 0 0
          5.6875 0 0
          5.75 0 0
          5.8125 0 0
          5.875 0 0
          5.9375 0 0
          6 0 0
          6.0625 0 0
          6.125 0 0
          6.1875 0 0
          6.25 0 0
          6.3125 0 0
          6.375 0 0
          6.4375 0 0
          6.5 0 0
          6.5625 0 0
          6.625 0 0
          6.6875 0 0
          6.75 0 0
          6.8125 0 0
          6.875 0 0
          6.9375 0 0
          7 0 0
          0 0.0625 0
          0.0625 0.0625 0
          0.125 0.0625 0
          0.1875 0.0625 0
          0.25 0.0625 0
          0.3125 0.0625 0
          0.375 0.0625 0
          0.4375 0.0625 0
          0.5 0.0625 0
          0.5625 0.0625 0
          0.625 0.0625 0
          0.6875 0.0625 0
          0.75 0.0625 0
          0.8125 0.0625 0
          0.875 0.0625 0
          0.9375 0.0625 0
          1 0.0625 0
          1.0625 0.0625 0
          1.125 0.0625 0
          1.1875 0.0625 0
          1.25 0.0625 0
          1.3125 0.0625 0
          1.375 0.0625 0
          1.4375 0.0625 0
          1.5 0.0625 0
          1.5625 0.0625 0
          1.625 0.0625 0
          1.6875 0.0625 0
          1.75 0.0625 0
          1.8125 0.0625 0
          1.875 0.0625 0
          1.9375 0.0625 0
          2 0.0625 0
          2.0625 0.0625 0
          2.125 0.0625 0
          2.1875 0.0625 0
          2.25 0.0625 0
          2.3125 0.0625 0
          2.375 0.0625 0
          2.4375 0.0625 0
          2.5 0.0625 0
          2.5625 0.0625 0
          2.625 0.0625 0
          2.6875 0.0625 0
          2.75 0.0625 0
          2.8125 0.0625 0
          2.875 0.0625 0
          2.9375 0.0625 0
          3 0.0625 0
          3.0625 0.0625 0
          3.125 0.0625 0
          3.1875 0.0625 0
          3.25 0.0625 0
          3.3125 0.0625 0
          3.375 0.0625 0
          3.4375 0.0625 0
          3.5 0.0625 0
          3.5625 0.0625 0
          3.625 0.0625 0
          3.6875 0.0625 0
          3.75 0.0625 0
          3.8125 0.0625 0
          3.875 0.0625 0
          3.9375 0.0625 0
          4 0.0625 0
          4.0625 0.0625 0
          4.125 0.0625 0
          4.1875 0.0625 0
          4.25 0.0625 0
          4.3125 0.0625 0
          4.375 0.0625 0
          4.4375 0.0625 0
          4.5 0.0625 0
          4.5625 0.0625 0
          4.625 0.0625 0
          4.6875 0.0625 0
          4.75 0.0625 0
          4.8125 0.0625 0
          4.875 0.0625 0
          4.9375 0.0625 0
          5 0.0625 0
          5.0625 0.0625 0
          5.125 0.0625 0
          5.1875 0.0625 0
          5.25 0.0625 0
          5.3125 0.0625 0
          5.375 0.0625 0
          5.4375 0.0625 0
          5.5 0.0625 0
          5.5625 0.0625 0
          5.625 0.0625 0
          5.6875 0.0625 0
          5.75 0.0625 0
          5.8125 0.0625 0
          5.875 0.0625 0
          5.9375 0.0625 0
          6 0.0625 0
          6.0625 0.0625 0
          6.125 0.0625 0
          6.1875 0.0625 0
          6.25 0.0625 0
          6.3125 0.0625 0
          6.375 0.0625 0
          6.4375 0.0625 0
          6.5 0.0625 0
          6.5625 0.0625 0
          6.625 0.0625 0
          6.6875 0.0625 0
          6.75 0.0625 0
          6.8125 0.0625 0
          6.875 0.0625 0
          6.9375 0.0625 0
          7 0.0625 0
          0 0.125 0
          0.0625 0.125 0
          0.125 0.125 0
          0.1875 0.125 0
          0.25 0.125 0
          0.3125 0.125 0
          0.375 0.125 0
          0.4375 0.125 0
          0.5 0.125 0
          0.5625 0.125 0
          0.625 0.125 0
          0.6875 0.125 0
          0.75 0.125 0
          0.8125 0.125 0
          0.875 0.125 0
          0.9375 0.125 0
          1 0.125 0
          1.0625 0.125 0
          1.125 0.125 0
          1.1875 0.125 0
          1.25 0.125 0
          1.3125 0.125 0
          1.375 0.125 0
          1.4375 0.125 0
          1.5 0.125 0
          1.5625 0.125 0
          1.625 0.125 0
          1.6875 0.125 0
          1.75 0.125 0
          1.8125 0.125 0
          1.875 0.125 0
          1.9375 0.125 0
          2 0.125 0
          2.0625 0.125 0
          2.125 0.125 0
          2.1875 0.125 0
          2.25 0.125 0
          2.3125 0.125 0
          2.375 0.125 0
          2.4375 0.125 0
          2.5 0.125 0
          2.5625 0.125 0
          2.625 0.125 0
          2.6875 0.125 0
          2.75 0.125 0
          2.8125 0.125 0
          2.875 0.125 0
          2.9375 0.125 0
          3 0.125 0
          3.0625 0.125 0
          3.125 0.125 0
          3.1875 0.125 0
          3.25 0.125 0
          3.3125 0.125 0
          3.375 0.125 0
          3.4375 0.125 0
          3.5 0.125 0
          3.5625 0.125 0
          3.625 0.125 0
          3.6875 0.125 0
          3.75 0.125 0
          3.8125 0.125 0
          3.875 0.125 0
          3.9375 0.125 0
          4 0.125 0
          4.0625 0.125 0
          4.125 0.125 0
          4.1875 0.125 0
          4.25 0.125 0
          4.3125 0.125 0
          4.375 0.125 0
          4.4375 0.125 0
          4.5 0.125 0
          4.5625 0.125 0
          4.625 0.125 0
          4.6875 0.125 0
          4.75 0.125 0
          4.8125 0.125 0
          4.875 0.125 0
          4.9375 0.125 0
          5 0.125 0
          5.0625 0.125 0
          5.125 0.125 0
          5.1875 0.125 0
          5.25 0.125 0
          5.3125 0.125 0
          5.375 0.125 0
          5.4375 0.125 0
          5.5 0.125 0
          5.5625 0.125 0
          5.625 0.125 0
          5.6875 0.125 0
          5.75 0.125 0
          5.8125 0.125 0
          5.875 0.125 0
          5.9375 0.125 0
          6 0.125 0
          6.0625 0.125 0
          6.125 0.125 0
          6.1875 0.125 0
          6.25 0.125 0
          6.3125 0.125 0
          6.375 0.125 0
          6.4375 0.125 0
          6.5 0.125 0
          6.5625 0.125 0
          6.625 0.125 0
          6.6875 0.125 0
          6.75 0.125 0
          6.8125 0.125 0
          6.875 0.125 0
          6.9375 0.125 0
          7 0.125 0
          0 0.1875 0
          0.0625 0.1875 0
          0.125 0.1875 0
          0.1875 0.1875 0
          0.25 0.1875 0
          0.3125 0.1875 0
          0.375 0.1875 0
          0.4375 0.1875 0
          0.5 0.1875 0
          0.5625 0.1875 0
          0.625 0.1875 0
          0.6875 0.1875 0
          0.75 0.1875 0
          0.8125 0.1875 0
          0.875 0.1875 0
          0.9375 0.1875 0
          1 0.1875 0
          1.0625 0.1875 0
          1.125 0.1875 0
          1.1875 0.1875 0
          1.25 0.1875 0
          1.3125 0.1875 0
          1.375 0.1875 0
          1.4375 0.1875 0
          1.5 0.1875 0
          1.5625 0.1875 0
          1.625 0.1875 0
          1.6875 0.1875 0
          1.75 0.1875 0
          1.8125 0.1875 0
          1.875 0.1875 0
          1.9375 0.1875 0
          2 0.1875 0
          2.0625 0.1875 0
          2.125 0.1875 0
          2.1875 0.1875 0
          2.25 0.1875 0
          2.3125 0.1875 0
          2.375 0.1875 0
          2.4375 0.1875 0
          2.5 0.1875 0
          2.5625 0.1875 0
          2.625 0.1875 0
          2.6875 0.1875 0
          2.75 0.1875 0
          2.8125 0.1875 0
          2.875 0.1875 0
          2.9375 0.1875 0
          3 0.1875 0
          3.0625 0.1875 0
          3.125 0.1875 0
          3.1875 0.1875 0
          3.25 0.1875 0
          3.3125 0.1875 0
          3.375 0.1875 0
          3.4375 0.1875 0
          3.5 0.1875 0
          3.5625 0.1875 0
          3.625 0.1875 0
          3.6875 0.1875 0
          3.75 0.1875 0
          3.8125 0.1875 0
          3.875 0.1875 0
          3.9375 0.1875 0
          4 0.1875 0
          4.0625 0.1875 0
          4.125 0.1875 0
          4.1875 0.1875 0
          4.25 0.1875 0
          4.3125 0.1875 0
          4.375 0.1875 0
          4.4375 0.1875 0
          4.5 0.1875 0
          4.5625 0.1875 0
          4.625 0.1875 0
          4.6875 0.1875 0
          4.75 0.1875 0
          4.8125 0.1875 0
          4.875 0.1875 0
          4.9375 0.1875 0
          5 0.1875 0
          5.0625 0.1875 0
          5.125 0.1875 0
          5.1875 0.1875 0
          5.25 0.1875 0
          5.3125 0.1875 0
          5.375 0.1875 0
          5.4375 0.1875 0
          5.5 0.1875 0
          5.5625 0.1875 0
          5.625 0.1875 0
          5.6875 0.1875 0
          5.75 0.1875 0
          5.8125 0.1875 0
          5.875 0.1875 0
          5.9375 0.1875 0
          6 0.1875 0
          6.0625 0.1875 0
          6.125 0.1875 0
          6.1875 0.1875 0
          6.25 0.1875 0
          6.3125 0.1875 0
          6.375 0.1875 0
          6.4375 0.1875 0
          6.5 0.1875 0
          6.5625 0.1875 0
          6.625 0.1875 0
          6.6875 0.1875 0
          6.75 0.1875 0
          6.8125 0.1875 0
          6.875 0.1875 0
          6.9375 0.1875 0
          7 0.1875 0
          0 0.25 0
          0.0625 0.25 0
          0.125 0.25 0
          0.1875 0.25 0
          0.25 0.25 0
          0.3125 0.25 0
          0.375 0.25 0
          0.4375 0.25 0
          0.5 0.25 0
          0.5625 0.25 0
          0.625 0.25 0
          0.6875 0.25 0
          0.75 0.25 0
          0.8125 0.25 0
          0.875 0.25 0
          0.9375 0.25 0
          1 0.25 0
          1.0625 0.25 0
          1.125 0.25 0
          1.1875 0.25 0
          1.25 0.25 0
          1.3125 0.25 0
          1.375 0.25 0
          1.4375 0.25 0
          1.5 0.25 0
          1.5625 0.25 0
          1.625 0.25 0
          1.6875 0.25 0
          1.75 0.25 0
          1.8125 0.25 0
          1.875 0.25 0
          1.9375 0.25 0
          2 0.25 0
          2.0625 0.25 0
          2.125 0.25 0
          2.1875 0.25 0
          2.25 0.25 0
          2.3125 0.25 0
          2.375 0.25 0
          2.4375 0.25 0
          2.5 0.25 0
          2.5625 0.25 0
          2.625 0.25 0
          2.6875 0.25 0
          2.75 0.25 0
          2.8125 0.25 0
          2.875 0.25 0
          2.9375 0.25 0
          3 0.25 0
          3.0625 0.25 0
          3.125 0.25 0
          3.1875 0.25 0
          3.25 0.25 0
          3.3125 0.25 0
          3.375 0.25 0
          3.4375 0.25 0
          3.5 0.25 0
          3.5625 0.25 0
          3.625 0.25 0
          3.6875 0.25 0
          3.75 0.25 0
          3.8125 0.25 0
          3.875 0.25 0
          3.9375 0.25 0
          4 0.25 0
          4.0625 0.25 0
          4.125 0.25 0
          4.1875 0.25 0
          4.25 0.25 0
          4.3125 0.25 0
          4.375 0.25 0
          4.4375 0.25 0
          4.5 0.25 0
          4.5625 0.25 0
          4.625 0.25 0
          4.6875 0.25 0
          4.75 0.25 0
          4.8125 0.25 0
          4.875 0.25 0
          4.9375 0.25 0
          5 0.25 0
          5.0625 0.25 0
          5.125 0.25 0
          5.1875 0.25 0
          5.25 0.25 0
          5.3125 0.25 0
          5.375 0.25 0
          5.4375 0.25 0
          5.5 0.25 0
          5.5625 0.25 0
          5.625 0.25 0
          5.6875 0.25 0
          5.75 0.25 0
          5.8125 0.25 0
          5.875 0.25 0
          5.9375 0.25 0
          6 0.25 0
          6.0625 0.25 0
          6.125 0.25 0
          6.1875 0.25 0
          6.25 0.25 0
          6.3125 0.25 0
          6.375 0.25 0
          6.4375 0.25 0
          6.5 0.25 0
          6.5625 0.25 0
          6.625 0.25 0
          6.6875 0.25 0
          6.75 0.25 0
          6.8125 0.25 0
          6.875 0.25 0
          6.9375 0.25 0
          7 0.25 0
          0 0.3125 0
          0.0625 0.3125 0
          0.125 0.3125 0
          0.1875 0.3125 0
          0.25 0.3125 0
          0.3125 0.3125 0
          0.375 0.3125 0
          0.4375 0.3125 0
          0.5 0.3125 0
          0.5625 0.3125 0
          0.625 0.3125 0
          0.6875 0.3125 0
          0.75 0.3125 0
          0.8125 0.3125 0
          0.875 0.3125 0
          0.9375 0.3125 0
          1 0.3125 0
          1.0625 0.3125 0
          1.125 0.3125 0
          1.1875 0.3125 0
          1.25 0.3125 0
          1.3125 0.3125 0
          1.375 0.3125 0
          1.4375 0.3125 0
          1.5 0.3125 0
          1.5625 0.3125 0
          1.625 0.3125 0
          1.6875 0.3125 0
          1.75 0.3125 0
          1.8125 0.3125 0
          1.875 0.3125 0
          1.9375 0.3125 0
          2 0.3125 0
          2.0625 0.3125 0
          2.125 0.3125 0
          2.1875 0.3125 0
          2.25 0.3125 0
          2.3125 0.3125 0
          2.375 0.3125 0
          2.4375 0.3125 0
          2.5 0.3125 0
          2.5625 0.3125 0
          2.625 0.3125 0
          2.6875 0.3125 0
          2.75 0.3125 0
          2.8125 0.3125 0
          2.875 0.3125 0
          2.9375 0.3125 0
          3 0.3125 0
          3.0625 0.3125 0
          3.125 0.3125 0
          3.1875 0.3125 0
          3.25 0.3125 0
          3.3125 0.3125 0
          3.375 0.3125 0
          3.4375 0.3125 0
          3.5 0.3125 0
          3.5625 0.3125 0
          3.625 0.3125 0
          3.6875 0.3125 0
          3.75 0.3125 0
          3.8125 0.3125 0
          3.875 0.3125 0
          3.9375 0.3125 0
          4 0.3125 0
          4.0625 0.3125 0
          4.125 0.3125 0
          4.1875 0.3125 0
          4.25 0.3125 0
          4.3125 0.3125 0
          4.375 0.3125 0
          4.4375 0.3125 0
          4.5 0.3125 0
          4.5625 0.3125 0
          4.625 0.3125 0
          4.6875 0.3125 0
          4.75 0.3125 0
          4.8125 0.3125 0
          4.875 0.3125 0
          4.9375 0.3125 0
          5 0.3125 0
          5.0625 0.3125 0
          5.125 0.3125 0
          5.1875 0.3125 0
          5.25 0.3125 0
          5.3125 0.3125 0
          5.375 0.3125 0
          5.4375 0.3125 0
          5.5 0.3125 0
          5.5625 0.3125 0
          5.625 0.3125 0
          5.6875 0.3125 0
          5.75 0.3125 0
          5.8125 0.3125 0
          5.875 0.3125 0
          5.9375 0.3125 0
          6 0.3125 0
          6.0625 0.3125 0
          6.125 0.3125 0
          6.1875 0.3125 0
          6.25 0.3125 0
          6.3125 0.3125 0
          6.375 0.3125 0
          6.4375 0.3125 0
          6.5 0.3125 0
          6.5625 0.3125 0
          6.625 0.3125 0
          6.6875 0.3125 0
          6.75 0.3125 0
          6.8125 0.3125 0
          6.875 0.3125 0
          6.9375 0.3125 0
          7 0.3125 0
          0 0.375 0
          0.0625 0.375 0
          0.125 0.375 0
          0.1875 0.375 0
          0.25 0.375 0
          0.3125 0.375 0
          0.375 0.375 0
          0.4375 0.375 0
          0.5 0.375 0
          0.5625 0.375 0
          0.625 0.375 0
          0.6875 0.375 0
          0.75 0.375 0
          0.8125 0.375 0
          0.875 0.375 0
          0.9375 0.375 0
          1 0.375 0
          1.0625 0.375 0
          1.125 0.375 0
          1.1875 0.375 0
          1.25 0.375 0
          1.3125 0.375 0
          1.375 0.375 0
          1.4375 0.375 0
          1.5 0.375 0
          1.5625 0.375 0
          1.625 0.375 0
          1.6875 0.375 0
          1.75 0.375 0
          1.8125 0.375 0
          1.875 0.375 0
          1.9375 0.375 0
          2 0.375 0
          2.0625 0.375 0
          2.125 0.375 0
          2.1875 0.375 0
          2.25 0.375 0
          2.3125 0.375 0
          2.375 0.375 0
          2.4375 0.375 0
          2.5 0.375 0
          2.5625 0.375 0
          2.625 0.375 0
          2.6875 0.375 0
          2.75 0.375 0
          2.8125 0.375 0
          2.875 0.375 0
          2.9375 0.375 0
          3 0.375 0
          3.0625 0.375 0
          3.125 0.375 0
          3.1875 0.375 0
          3.25 0.375 0
          3.3125 0.375 0
          3.375 0.375 0
          3.4375 0.375 0
          3.5 0.375 0
          3.5625 0.375 0
          3.625 0.375 0
          3.6875 0.375 0
          3.75 0.375 0
          3.8125 0.375 0
          3.875 0.375 0
          3.9375 0.375 0
          4 0.375 0
          4.0625 0.375 0
          4.125 0.375 0
          4.1875 0.375 0
          4.25 0.375 0
          4.3125 0.375 0
          4.375 0.375 0
          4.4375 0.375 0
          4.5 0.375 0
          4.5625 0.375 0
          4.625 0.375 0
          4.6875 0.375 0
          4.75 0.375 0
          4.8125 0.375 0
          4.875 0.375 0
          4.9375 0.375 0
          5 0.375 0
          5.0625 0.375 0
          5.125 0.375 0
          5.1875 0.375 0
          5.25 0.375 0
          5.3125 0.375 0
          5.375 0.375 0
          5.4375 0.375 0
          5.5 0.375 0
          5.5625 0.375 0
          5.625 0.375 0
          5.6875 0.375 0
          5.75 0.375 0
          5.8125 0.375 0
          5.875 0.375 0
          5.9375 0.375 0
          6 0.375 0
          6.0625 0.375 0
          6.125 0.375 0
          6.1875 0.375 0
          6.25 0.375 0
          6.3125 0.375 0
          6.375 0.375 0
          6.4375 0.375 0
          6.5 0.375 0
          6.5625 0.375 0
          6.625 0.375 0
          6.6875 0.375 0
          6.75 0.375 0
          6.8125 0.375 0
          6.875 0.375 0
          6.9375 0.375 0
          7 0.375 0
          0 0.4375 0
          0.0625 0.4375 0
          0.125 0.4375 0
          0.1875 0.4375 0
          0.25 0.4375 0
          0.3125 0.4375 0
          0.375 0.4375 0
          0.4375 0.4375 0
          0.5 0.4375 0
          0.5625 0.4375 0
          0.625 0.4375 0
          0.6875 0.4375 0
          0.75 0.4375 0
          0.8125 0.4375 0
          0.875 0.4375 0
          0.9375 0.4375 0
          1 0.4375 0
          1.0625 0.4375 0
          1.125 0.4375 0
          1.1875 0.4375 0
          1.25 0.4375 0
          1.3125 0.4375 0
          1.375 0.4375 0
          1.4375 0.4375 0
          1.5 0.4375 0
          1.5625 0.4375 0
          1.625 0.4375 0
          1.6875 0.4375 0
          1.75 0.4375 0
          1.8125 0.4375 0
          1.875 0.4375 0
          1.9375 0.4375 0
          2 0.4375 0
          2.0625 0.4375 0
          2.125 0.4375 0
          2.1875 0.4375 0
          2.25 0.4375 0
          2.3125 0.4375 0
          2.375 0.4375 0
          2.4375 0.4375 0
          2.5 0.4375 0
          2.5625 0.4375 0
          2.625 0.4375 0
          2.6875 0.4375 0
          2.75 0.4375 0
          2.8125 0.4375 0
          2.875 0.4375 0
          2.9375 0.4375 0
          3 0.4375 0
          3.0625 0.4375 0
          3.125 0.4375 0
          3.1875 0.4375 0
          3.25 0.4375 0
          3.3125 0.4375 0
          3.375 0.4375 0
          3.4375 0.4375 0
          3.5 0.4375 0
          3.5625 0.4375 0
          3.625 0.4375 0
          3.6875 0.4375 0
          3.75 0.4375 0
          3.8125 0.4375 0
          3.875 0.4375 0
          3.9375 0.4375 0
          4 0.4375 0
          4.0625 0.4375 0
          4.125 0.4375 0
          4.1875 0.4375 0
          4.25 0.4375 0
          4.3125 0.4375 0
          4.375 0.4375 0
          4.4375 0.4375 0
          4.5 0.4375 0
          4.5625 0.4375 0
          4.625 0.4375 0
          4.6875 0.4375 0
          4.75 0.4375 0
          4.8125 0.4375 0
          4.875 0.4375 0
          4.9375 0.4375 0
          5 0.4375 0
          5.0625 0.4375 0
          5.125 0.4375 0
          5.1875 0.4375 0
          5.25 0.4375 0
          5.3125 0.4375 0
          5.375 0.4375 0
          5.4375 0.4375 0
          5.5 0.4375 0
          5.5625 0.4375 0
          5.625 0.4375 0
          5.6875 0.4375 0
          5.75 0.4375 0
          5.8125 0.4375 0
          5.875 0.4375 0
          5.9375 0.4375 0
          6 0.4375 0
          6.0625 0.4375 0
          6.125 0.4375 0
          6.1875 0.4375 0
          6.25 0.4375 0
          6.3125 0.4375 0
          6.375 0.4375 0
          6.4375 0.4375 0
          6.5 0.4375 0
          6.5625 0.4375 0
          6.625 0.4375 0
          6.6875 0.4375 0
          6.75 0.4375 0
          6.8125 0.4375 0
          6.875 0.4375 0
          6.9375 0.4375 0
          7 0.4375 0
          0 0.5 0
          0.0625 0.5 0
          0.125 0.5 0
          0.1875 0.5 0
          0.25 0.5 0
          0.3125 0.5 0
          0.375 0.5 0
          0.4375 0.5 0
          0.5 0.5 0
          0.5625 0.5 0
          0.625 0.5 0
          0.6875 0.5 0
          0.75 0.5 0
          0.8125 0.5 0
          0.875 0.5 0
          0.9375 0.5 0
          1 0.5 0
          1.0625 0.5 0
          1.125 0.5 0
          1.1875 0.5 0
          1.25 0.5 0
          1.3125 0.5 0
          1.375 0.5 0
          1.4375 0.5 0
          1.5 0.5 0
          1.5625 0.5 0
          1.625 0.5 0
          1.6875 0.5 0
          1.75 0.5 0
          1.8125 0.5 0
          1.875 0.5 0
          1.9375 0.5 0
          2 0.5 0
          2.0625 0.5 0
          2.125 0.5 0
          2.1875 0.5 0
          2.25 0.5 0
          2.3125 0.5 0
          2.375 0.5 0
          2.4375 0.5 0
          2.5 0.5 0
          2.5625 0.5 0
          2.625 0.5 0
          2.6875 0.5 0
          2.75 0.5 0
          2.8125 0.5 0
          2.875 0.5 0
          2.9375 0.5 0
          3 0.5 0
          3.0625 0.5 0
          3.125 0.5 0
          3.1875 0.5 0
          3.25 0.5 0
          3.3125 0.5 0
          3.375 0.5 0
          3.4375 0.5 0
          3.5 0.5 0
          3.5625 0.5 0
          3.625 0.5 0
          3.6875 0.5 0
          3.75 0.5 0
          3.8125 0.5 0
          3.875 0.5 0
          3.9375 0.5 0
          4 0.5 0
          4.0625 0.5 0
          4.125 0.5 0
          4.1875 0.5 0
          4.25 0.5 0
          4.3125 0.5 0
          4.375 0.5 0
          4.4375 0.5 0
          4.5 0.5 0
          4.5625 0.5 0
          4.625 0.5 0
          4.6875 0.5 0
          4.75 0.5 0
          4.8125 0.5 0
          4.875 0.5 0
          4.9375 0.5 0
          5 0.5 0
          5.0625 0.5 0
          5.125 0.5 0
          5.1875 0.5 0
          5.25 0.5 0
          5.3125 0.5 0
          5.375 0.5 0
          5.4375 0.5 0
          5.5 0.5 0
          5.5625 0.5 0
          5.625 0.5 0
          5.6875 0.5 0
          5.75 0.5 0
          5.8125 0.5 0
          5.875 0.5 0
          5.9375 0.5 0
          6 0.5 0
          6.0625 0.5 0
          6.125 0.5 0
          6.1875 0.5 0
          6.25 0.5 0
          6.3125 0.5 0
          6.375 0.5 0
          6.4375 0.5 0
          6.5 0.5 0
          6.5625 0.5 0
          6.625 0.5 0
          6.6875 0.5 0
          6.75 0.5 0
          6.8125 0.5 0
          6.875 0.5 0
          6.9375 0.5 0
          7 0.5 0
          0 0.5625 0
          0.0625 0.5625 0
          0.125 0.5625 0
          0.1875 0.5625 0
          0.25 0.5625 0
          0.3125 0.5625 0
          0.375 0.5625 0
          0.4375 0.5625 0
          0.5 0.5625 0
          0.5625 0.5625 0
          0.625 0.5625 0
          0.6875 0.5625 0
          0.75 0.5625 0
          0.8125 0.5625 0
          0.875 0.5625 0
          0.9375 0.5625 0
          1 0.5625 0
          1.0625 0.5625 0
          1.125 0.5625 0
          1.1875 0.5625 0
          1.25 0.5625 0
          1.3125 0.5625 0
          1.375 0.5625 0
          1.4375 0.5625 0
          1.5 0.5625 0
          1.5625 0.5625 0
          1.625 0.5625 0
          1.6875 0.5625 0
          1.75 0.5625 0
          1.8125 0.5625 0
          1.875 0.5625 0
          1.9375 0.5625 0
          2 0.5625 0
          2.0625 0.5625 0
          2.125 0.5625 0
          2.1875 0.5625 0
          2.25 0.5625 0
          2.3125 0.5625 0
          2.375 0.5625 0
          2.4375 0.5625 0
          2.5 0.5625 0
          2.5625 0.5625 0
          2.625 0.5625 0
          2.6875 0.5625 0
          2.75 0.5625 0
          2.8125 0.5625 0
          2.875 0.5625 0
          2.9375 0.5625 0
          3 0.5625 0
          3.0625 0.5625 0
          3.125 0.5625 0
          3.1875 0.5625 0
          3.25 0.5625 0
          3.3125 0.5625 0
          3.375 0.5625 0
          3.4375 0.5625 0
          3.5 0.5625 0
          3.5625 0.5625 0
          3.625 0.5625 0
          3.6875 0.5625 0
          3.75 0.5625 0
          3.8125 0.5625 0
          3.875 0.5625 0
          3.9375 0.5625 0
          4 0.5625 0
          4.0625 0.5625 0
          4.125 0.5625 0
          4.1875 0.5625 0
          4.25 0.5625 0
          4.3125 0.5625 0
          4.375 0.5625 0
          4.4375 0.5625 0
          4.5 0.5625 0
          4.5625 0.5625 0
          4.625 0.5625 0
          4.6875 0.5625 0
          4.75 0.5625 0
          4.8125 0.5625 0
          4.875 0.5625 0
          4.9375 0.5625 0
          5 0.5625 0
          5.0625 0.5625 0
          5.125 0.5625 0
          5.1875 0.5625 0
          5.25 0.5625 0
          5.3125 0.5625 0
          5.375 0.5625 0
          5.4375 0.5625 0
          5.5 0.5625 0
          5.5625 0.5625 0
          5.625 0.5625 0
          5.6875 0.5625 0
          5.75 0.5625 0
          5.8125 0.5625 0
          5.875 0.5625 0
          5.9375 0.5625 0
          6 0.5625 0
          6.0625 0.5625 0
          6.125 0.5625 0
          6.1875 0.5625 0
          6.25 0.5625 0
          6.3125 0.5625 0
          6.375 0.5625 0
          6.4375 0.5625 0
          6.5 0.5625 0
          6.5625 0.5625 0
          6.625 0.5625 0
          6.6875 0.5625 0
          6.75 0.5625 0
          6.8125 0.5625 0
          6.875 0.5625 0
          6.9375 0.5625 0
          7 0.5625 0
          0 0.625 0
          0.0625 0.625 0
          0.125 0.625 0
          0.1875 0.625 0
          0.25 0.625 0
          0.3125 0.625 0
          0.375 0.625 0
          0.4375 0.625 0
          0.5 0.625 0
          0.5625 0.625 0
          0.625 0.625 0
          0.6875 0.625 0
          0.75 0.625 0
          0.8125 0.625 0
          0.875 0.625 0
          0.9375 0.625 0
          1 0.625 0
          1.0625 0.625 0
          1.125 0.625 0
          1.1875 0.625 0
          1.25 0.625 0
          1.3125 0.625 0
          1.375 0.625 0
          1.4375 0.625 0
          1.5 0.625 0
          1.5625 0.625 0
          1.625 0.625 0
          1.6875 0.625 0
          1.75 0.625 0
          1.8125 0.625 0
          1.875 0.625 0
          1.9375 0.625 0
          2 0.625 0
          2.0625 0.625 0
          2.125 0.625 0
          2.1875 0.625 0
          2.25 0.625 0
          2.3125 0.625 0
          2.375 0.625 0
          2.4375 0.625 0
          2.5 0.625 0
          2.5625 0.625 0
          2.625 0.625 0
          2.6875 0.625 0
          2.75 0.625 0
          2.8125 0.625 0
          2.875 0.625 0
          2.9375 0.625 0
          3 0.625 0
          3.0625 0.625 0
          3.125 0.625 0
          3.1875 0.625 0
          3.25 0.625 0
          3.3125 0.625 0
          3.375 0.625 0
          3.4375 0.625 0
          3.5 0.625 0
          3.5625 0.625 0
          3.625 0.625 0
          3.6875 0.625 0
          3.75 0.625 0
          3.8125 0.625 0
          3.875 0.625 0
          3.9375 0.625 0
          4 0.625 0
          4.0625 0.625 0
          4.125 0.625 0
          4.1875 0.625 0
          4.25 0.625 0
          4.3125 0.625 0
          4.375 0.625 0
          4.4375 0.625 0
          4.5 0.625 0
          4.5625 0.625 0
          4.625 0.625 0
          4.6875 0.625 0
          4.75 0.625 0
          4.8125 0.625 0
          4.875 0.625 0
          4.9375 0.625 0
          5 0.625 0
          5.0625 0.625 0
          5.125 0.625 0
          5.1875 0.625 0
          5.25 0.625 0
          5.3125 0.625 0
          5.375 0.625 0
          5.4375 0.625 0
          5.5 0.625 0
          5.5625 0.625 0
          5.625 0.625 0
          5.6875 0.625 0
          5.75 0.625 0
          5.8125 0.625 0
          5.875 0.625 0
          5.9375 0.625 0
          6 0.625 0
          6.0625 0.625 0
          6.125 0.625 0
          6.1875 0.625 0
          6.25 0.625 0
          6.3125 0.625 0
          6.375 0.625 0
          6.4375 0.625 0
          6.5 0.625 0
          6.5625 0.625 0
          6.625 0.625 0
          6.6875 0.625 0
          6.75 0.625 0
          6.8125 0.625 0
          6.875 0.625 0
          6.9375 0.625 0
          7 0.625 0
          0 0.6875 0
          0.0625 0.6875 0
          0.125 0.6875 0
          0.1875 0.6875 0
          0.25 0.6875 0
          0.3125 0.6875 0
          0.375 0.6875 0
          0.4375 0.6875 0
          0.5 0.6875 0
          0.5625 0.6875 0
          0.625 0.6875 0
          0.6875 0.6875 0
          0.75 0.6875 0
          0.8125 0.6875 0
          0.875 0.6875 0
          0.9375 0.6875 0
          1 0.6875 0
          1.0625 0.6875 0
          1.125 0.6875 0
          1.1875 0.6875 0
          1.25 0.6875 0
          1.3125 0.6875 0
          1.375 0.6875 0
          1.4375 0.6875 0
          1.5 0.6875 0
          1.5625 0.6875 0
          1.625 0.6875 0
          1.6875 0.6875 0
          1.75 0.6875 0
          1.8125 0.6875 0
          1.875 0.6875 0
          1.9375 0.6875 0
          2 0.6875 0
          2.0625 0.6875 0
          2.125 0.6875 0
          2.1875 0.6875 0
          2.25 0.6875 0
          2.3125 0.6875 0
          2.375 0.6875 0
          2.4375 0.6875 0
          2.5 0.6875 0
          2.5625 0.6875 0
          2.625 0.6875 0
          2.6875 0.6875 0
          2.75 0.6875 0
          2.8125 0.6875 0
          2.875 0.6875 0
          2.9375 0.6875 0
          3 0.6875 0
          3.0625 0.6875 0
          3.125 0.6875 0
          3.1875 0.6875 0
          3.25 0.6875 0
          3.3125 0.6875 0
          3.375 0.6875 0
          3.4375 0.6875 0
          3.5 0.6875 0
          3.5625 0.6875 0
          3.625 0.6875 0
          3.6875 0.6875 0
          3.75 0.6875 0
          3.8125 0.6875 0
          3.875 0.6875 0
          3.9375 0.6875 0
          4 0.6875 0
          4.0625 0.6875 0
          4.125 0.6875 0
          4.1875 0.6875 0
          4.25 0.6875 0
          4.3125 0.6875 0
          4.375 0.6875 0
          4.4375 0.6875 0
          4.5 0.6875 0
          4.5625 0.6875 0
          4.625 0.6875 0
          4.6875 0.6875 0
          4.75 0.6875 0
          4.8125 0.6875 0
          4.875 0.6875 0
          4.9375 0.6875 0
          5 0.6875 0
          5.0625 0.6875 0
          5.125 0.6875 0
          5.1875 0.6875 0
          5.25 0.6875 0
          5.3125 0.6875 0
          5.375 0.6875 0
          5.4375 0.6875 0
          5.5 0.6875 0
          5.5625 0.6875 0
          5.625 0.6875 0
          5.6875 0.6875 0
          5.75 0.6875 0
          5.8125 0.6875 0
          5.875 0.6875 0
          5.9375 0.6875 0
          6 0.6875 0
          6.0625 0.6875 0
          6.125 0.6875 0
          6.1875 0.6875 0
          6.25 0.6875 0
          6.3125 0.6875 0
          6.375 0.6875 0
          6.4375 0.6875 0
          6.5 0.6875 0
          6.5625 0.6875 0
          6.625 0.6875 0
          6.6875 0.6875 0
          6.75 0.6875 0
          6.8125 0.6875 0
          6.875 0.6875 0
          6.9375 0.6875 0
          7 0.6875 0
          0 0.75 0
          0.0625 0.75 0
          0.125 0.75 0
          0.1875 0.75 0
          0.25 0.75 0
          0.3125 0.75 0
          0.375 0.75 0
          0.4375 0.75 0
          0.5 0.75 0
          0.5625 0.75 0
          0.625 0.75 0
          0.6875 0.75 0
          0.75 0.75 0
          0.8125 0.75 0
          0.875 0.75 0
          0.9375 0.75 0
          1 0.75 0
          1.0625 0.75 0
          1.125 0.75 0
          1.1875 0.75 0
          1.25 0.75 0
          1.3125 0.75 0
          1.375 0.75 0
          1.4375 0.75 0
          1.5 0.75 0
          1.5625 0.75 0
          1.625 0.75 0
          1.6875 0.75 0
          1.75 0.75 0
          1.8125 0.75 0
          1.875 0.75 0
          1.9375 0.75 0
          2 0.75 0
          2.0625 0.75 0
          2.125 0.75 0
          2.1875 0.75 0
          2.25 0.75 0
          2.3125 0.75 0
          2.375 0.75 0
          2.4375 0.75 0
          2.5 0.75 0
          2.5625 0.75 0
          2.625 0.75 0
          2.6875 0.75 0
          2.75 0.75 0
          2.8125 0.75 0
          2.875 0.75 0
          2.9375 0.75 0
          3 0.75 0
          3.0625 0.75 0
          3.125 0.75 0
          3.1875 0.75 0
          3.25 0.75 0
          3.3125 0.75 0
          3.375 0.75 0
          3.4375 0.75 0
          3.5 0.75 0
          3.5625 0.75 0
          3.625 0.75 0
          3.6875 0.75 0
          3.75 0.75 0
          3.8125 0.75 0
          3.875 0.75 0
          3.9375 0.75 0
          4 0.75 0
          4.0625 0.75 0
          4.125 0.75 0
          4.1875 0.75 0
          4.25 0.75 0
          4.3125 0.75 0
          4.375 0.75 0
          4.4375 0.75 0
          4.5 0.75 0
          4.5625 0.75 0
          4.625 0.75 0
          4.6875 0.75 0
          4.75 0.75 0
          4.8125 0.75 0
          4.875 0.75 0
          4.9375 0.75 0
          5 0.75 0
          5.0625 0.75 0
          5.125 0.75 0
          5.1875 0.75 0
          5.25 0.75 0
          5.3125 0.75 0
          5.375 0.75 0
          5.4375 0.75 0
          5.5 0.75 0
          5.5625 0.75 0
          5.625 0.75 0
          5.6875 0.75 0
          5.75 0.75 0
          5.8125 0.75 0
          5.875 0.75 0
          5.9375 0.75 0
          6 0.75 0
          6.0625 0.75 0
          6.125 0.75 0
          6.1875 0.75 0
          6.25 0.75 0
          6.3125 0.75 0
          6.375 0.75 0
          6.4375 0.75 0
          6.5 0.75 0
          6.5625 0.75 0
          6.625 0.75 0
          6.6875 0.75 0
          6.75 0.75 0
          6.8125 0.75 0
          6.875 0.75 0
          6.9375 0.75 0
          7 0.75 0
          0 0.8125 0
          0.0625 0.8125 0
          0.125 0.8125 0
          0.1875 0.8125 0
          0.25 0.8125 0
          0.3125 0.8125 0
          0.375 0.8125 0
          0.4375 0.8125 0
          0.5 0.8125 0
          0.5625 0.8125 0
          0.625 0.8125 0
          0.6875 0.8125 0
          0.75 0.8125 0
          0.8125 0.8125 0
          0.875 0.8125 0
          0.9375 0.8125 0
          1 0.8125 0
          1.0625 0.8125 0
          1.125 0.8125 0
          1.1875 0.8125 0
          1.25 0.8125 0
          1.3125 0.8125 0
          1.375 0.8125 0
          1.4375 0.8125 0
          1.5 0.8125 0
          1.5625 0.8125 0
          1.625 0.8125 0
          1.6875 0.8125 0
          1.75 0.8125 0
          1.8125 0.8125 0
          1.875 0.8125 0
          1.9375 0.8125 0
          2 0.8125 0
          2.0625 0.8125 0
          2.125 0.8125 0
          2.1875 0.8125 0
          2.25 0.8125 0
          2.3125 0.8125 0
          2.375 0.8125 0
          2.4375 0.8125 0
          2.5 0.8125 0
          2.5625 0.8125 0
          2.625 0.8125 0
          2.6875 0.8125 0
          2.75 0.8125 0
          2.8125 0.8125 0
          2.875 0.8125 0
          2.9375 0.8125 0
          3 0.8125 0
          3.0625 0.8125 0
          3.125 0.8125 0
          3.1875 0.8125 0
          3.25 0.8125 0
          3.3125 0.8125 0
          3.375 0.8125 0
          3.4375 0.8125 0
          3.5 0.8125 0
          3.5625 0.8125 0
          3.625 0.8125 0
          3.6875 0.8125 0
          3.75 0.8125 0
          3.8125 0.8125 0
          3.875 0.8125 0
          3.9375 0.8125 0
          4 0.8125 0
          4.0625 0.8125 0
          4.125 0.8125 0
          4.1875 0.8125 0
          4.25 0.8125 0
          4.3125 0.8125 0
          4.375 0.8125 0
          4.4375 0.8125 0
          4.5 0.8125 0
          4.5625 0.8125 0
          4.625 0.8125 0
          4.6875 0.8125 0
          4.75 0.8125 0
          4.8125 0.8125 0
          4.875 0.8125 0
          4.9375 0.8125 0
          5 0.8125 0
          5.0625 0.8125 0
          5.125 0.8125 0
          5.1875 0.8125 0
          5.25 0.8125 0
          5.3125 0.8125 0
          5.375 0.8125 0
          5.4375 0.8125 0
          5.5 0.8125 0
          5.5625 0.8125 0
          5.625 0.8125 0
          5.6875 0.8125 0
          5.75 0.8125 0
          5.8125 0.8125 0
          5.875 0.8125 0
          5.9375 0.8125 0
          6 0.8125 0
          6.0625 0.8125 0
          6.125 0.8125 0
          6.1875 0.8125 0
          6.25 0.8125 0
          6.3125 0.8125 0
          6.375 0.8125 0
          6.4375 0.8125 0
          6.5 0.8125 0
          6.5625 0.8125 0
          6.625 0.8125 0
          6.6875 0.8125 0
          6.75 0.8125 0
          6.8125 0.8125 0
          6.875 0.8125 0
          6.9375 0.8125 0
          7 0.8125 0
          0 0.875 0
          0.0625 0.875 0
          0.125 0.875 0
          0.1875 0.875 0
          0.25 0.875 0
          0.3125 0.875 0
          0.375 0.875 0
          0.4375 0.875 0
          0.5 0.875 0
          0.5625 0.875 0
          0.625 0.875 0
          0.6875 0.875 0
          0.75 0.875 0
          0.8125 0.875 0
          0.875 0.875 0
          0.9375 0.875 0
          1 0.875 0
          1.0625 0.875 0
          1.125 0.875 0
          1.1875 0.875 0
          1.25 0.875 0
          1.3125 0.875 0
          1.375 0.875 0
          1.4375 0.875 0
          1.5 0.875 0
          1.5625 0.875 0
          1.625 0.875 0
          1.6875 0.875 0
          1.75 0.875 0
          1.8125 0.875 0
          1.875 0.875 0
          1.9375 0.875 0
          2 0.875 0
          2.0625 0.875 0
          2.125 0.875 0
          2.1875 0.875 0
          2.25 0.875 0
          2.3125 0.875 0
          2.375 0.875 0
          2.4375 0.875 0
          2.5 0.875 0
          2.5625 0.875 0
          2.625 0.875 0
          2.6875 0.875 0
          2.75 0.875 0
          2.8125 0.875 0
          2.875 0.875 0
          2.9375 0.875 0
          3 0.875 0
          3.0625 0.875 0
          3.125 0.875 0
          3.1875 0.875 0
          3.25 0.875 0
          3.3125 0.875 0
          3.375 0.875 0
          3.4375 0.875 0
          3.5 0.875 0
          3.5625 0.875 0
          3.625 0.875 0
          3.6875 0.875 0
          3.75 0.875 0
          3.8125 0.875 0
          3.875 0.875 0
          3.9375 0.875 0
          4 0.875 0
          4.0625 0.875 0
          4.125 0.875 0
          4.1875 0.875 0
          4.25 0.875 0
          4.3125 0.875 0
          4.375 0.875 0
          4.4375 0.875 0
          4.5 0.875 0
          4.5625 0.875 0
          4.625 0.875 0
          4.6875 0.875 0
          4.75 0.875 0
          4.8125 0.875 0
          4.875 0.875 0
          4.9375 0.875 0
          5 0.875 0
          5.0625 0.875 0
          5.125 0.875 0
          5.1875 0.875 0
          5.25 0.875 0
          5.3125 0.875 0
          5.375 0.875 0
          5.4375 0.875 0
          5.5 0.875 0
          5.5625 0.875 0
          5.625 0.875 0
          5.6875 0.875 0
          5.75 0.875 0
          5.8125 0.875 0
          5.875 0.875 0
          5.9375 0.875 0
          6 0.875 0
          6.0625 0.875 0
          6.125 0.875 0
          6.1875 0.875 0
          6.25 0.875 0
          6.3125 0.875 0
          6.375 0.875 0
          6.4375 0.875 0
          6.5 0.875 0
          6.5625 0.875 0
          6.625 0.875 0
          6.6875 0.875 0
          6.75 0.875 0
          6.8125 0.875 0
          6.875 0.875 0
          6.9375 0.875 0
          7 0.875 0
          0 0.9375 0
          0.0625 0.9375 0
          0.125 0.9375 0
          0.1875 0.9375 0
          0.25 0.9375 0
          0.3125 0.9375 0
          0.375 0.9375 0
          0.4375 0.9375 0
          0.5 0.9375 0
          0.5625 0.9375 0
          0.625 0.9375 0
          0.6875 0.9375 0
          0.75 0.9375 0
          0.8125 0.9375 0
          0.875 0.9375 0
          0.9375 0.9375 0
          1 0.9375 0
          1.0625 0.9375 0
          1.125 0.9375 0
          1.1875 0.9375 0
          1.25 0.9375 0
          1.3125 0.9375 0
          1.375 0.9375 0
          1.4375 0.9375 0
          1.5 0.9375 0
          1.5625 0.9375 0
          1.625 0.9375 0
          1.6875 0.9375 0
          1.75 0.9375 0
          1.8125 0.9375 0
          1.875 0.9375 0
          1.9375 0.9375 0
          2 0.9375 0
          2.0625 0.9375 0
          2.125 0.9375 0
          2.1875 0.9375 0
          2.25 0.9375 0
          2.3125 0.9375 0
          2.375 0.9375 0
          2.4375 0.9375 0
          2.5 0.9375 0
          2.5625 0.9375 0
          2.625 0.9375 0
          2.6875 0.9375 0
          2.75 0.9375 0
          2.8125 0.9375 0
          2.875 0.9375 0
          2.9375 0.9375 0
          3 0.9375 0
          3.0625 0.9375 0
          3.125 0.9375 0
          3.1875 0.9375 0
          3.25 0.9375 0
          3.3125 0.9375 0
          3.375 0.9375 0
          3.4375 0.9375 0
          3.5 0.9375 0
          3.5625 0.9375 0
          3.625 0.9375 0
          3.6875 0.9375 0
          3.75 0.9375 0
          3.8125 0.9375 0
          3.875 0.9375 0
          3.9375 0.9375 0
          4 0.9375 0
          4.0625 0.9375 0
          4.125 0.9375 0
          4.1875 0.9375 0
          4.25 0.9375 0
          4.3125 0.9375 0
          4.375 0.9375 0
          4.4375 0.9375 0
          4.5 0.9375 0
          4.5625 0.9375 0
          4.625 0.9375 0
          4.6875 0.9375 0
          4.75 0.9375 0
          4.8125 0.9375 0
          4.875 0.9375 0
          4.9375 0.9375 0
          5 0.9375 0
          5.0625 0.9375 0
          5.125 0.9375 0
          5.1875 0.9375 0
          5.25 0.9375 0
          5.3125 0.9375 0
          5.375 0.9375 0
          5.4375 0.9375 0
          5.5 0.9375 0
          5.5625 0.9375 0
          5.625 0.9375 0
          5.6875 0.9375 0
          5.75 0.9375 0
          5.8125 0.9375 0
          5.875 0.9375 0
          5.9375 0.9375 0
          6 0.9375 0
          6.0625 0.9375 0
          6.125 0.9375 0
          6.1875 0.9375 0
          6.25 0.9375 0
          6.3125 0.9375 0
          6.375 0.9375 0
          6.4375 0.9375 0
          6.5 0.9375 0
          6.5625 0.9375 0
          6.625 0.9375 0
          6.6875 0.9375 0
          6.75 0.9375 0
          6.8125 0.9375 0
          6.875 0.9375 0
          6.9375 0.9375 0
          7 0.9375 0
          0 1 0
          0.0625 1 0
          0.125 1 0
          0.1875 1 0
          0.25 1 0
          0.3125 1 0
          0.375 1 0
          0.4375 1 0
          0.5 1 0
          0.5625 1 0
          0.625 1 0
          0.6875 1 0
          0.75 1 0
          0.8125 1 0
          0.875 1 0
          0.9375 1 0
          1 1 0
          1.0625 1 0
          1.125 1 0
          1.1875 1 0
          1.25 1 0
          1.3125 1 0
          1.375 1 0
          1.4375 1 0
          1.5 1 0
          1.5625 1 0
          1.625 1 0
          1.6875 1 0
          1.75 1 0
          1.8125 1 0
          1.875 1 0
          1.9375 1 0
          2 1 0
          2.0625 1 0
          2.125 1 0
          2.1875 1 0
          2.25 1 0
          2.3125 1 0
          2.375 1 0
          2.4375 1 0
          2.5 1 0
          2.5625 1 0
          2.625 1 0
          2.6875 1 0
          2.75 1 0
          2.8125 1 0
          2.875 1 0
          2.9375 1 0
          3 1 0
          3.0625 1 0
          3.125 1 0
          3.1875 1 0
          3.25 1 0
          3.3125 1 0
          3.375 1 0
          3.4375 1 0
          3.5 1 0
          3.5625 1 0
          3.625 1 0
          3.6875 1 0
          3.75 1 0
          3.8125 1 0
          3.875 1 0
          3.9375 1 0
          4 1 0
          4.0625 1 0
          4.125 1 0
          4.1875 1 0
          4.25 1 0
          4.3125 1 0
          4.375 1 0
          4.4375 1 0
          4.5 1 0
          4.5625 1 0
          4.625 1 0
          4.6875 1 0
          4.75 1 0
          4.8125 1 0
          4.875 1 0
          4.9375 1 0
          5 1 0
          5.0625 1 0
          5.125 1 0
          5.1875 1 0
          5.25 1 0
          5.3125 1 0
          5.375 1 0
          5.4375 1 0
          5.5 1 0
          5.5625 1 0
          5.625 1 0
          5.6875 1 0
          5.75 1 0
          5.8125 1 0
          5.875 1 0
          5.9375 1 0
          6 1 0
          6.0625 1 0
          6.125 1 0
          6.1875 1 0
          6.25 1 0
          6.3125 1 0
          6.375 1 0
          6.4375 1 0
          6.5 1 0
          6.5625 1 0
          6.625 1 0
          6.6875 1 0
          6.75 1 0
          6.8125 1 0
          6.875 1 0
          6.9375 1 0
          7 1 0
          0 1.0625 0
          0.0625 1.0625 0
          0.125 1.0625 0
          0.1875 1.0625 0
          0.25 1.0625 0
          0.3125 1.0625 0
          0.375 1.0625 0
          0.4375 1.0625 0
          0.5 1.0625 0
          0.5625 1.0625 0
          0.625 1.0625 0
          0.6875 1.0625 0
          0.75 1.0625 0
          0.8125 1.0625 0
          0.875 1.0625 0
          0.9375 1.0625 0
          1 1.0625 0
          1.0625 1.0625 0
          1.125 1.0625 0
          1.1875 1.0625 0
          1.25 1.0625 0
          1.3125 1.0625 0
          1.375 1.0625 0
          1.4375 1.0625 0
          1.5 1.0625 0
          1.5625 1.0625 0
          1.625 1.0625 0
          1.6875 1.0625 0
          1.75 1.0625 0
          1.8125 1.0625 0
          1.875 1.0625 0
          1.9375 1.0625 0
          2 1.0625 0
          2.0625 1.0625 0
          2.125 1.0625 0
          2.1875 1.0625 0
          2.25 1.0625 0
          2.3125 1.0625 0
          2.375 1.0625 0
          2.4375 1.0625 0
          2.5 1.0625 0
          2.5625 1.0625 0
          2.625 1.0625 0
          2.6875 1.0625 0
          2.75 1.0625 0
          2.8125 1.0625 0
          2.875 1.0625 0
          2.9375 1.0625 0
          3 1.0625 0
          3.0625 1.0625 0
          3.125 1.0625 0
          3.1875 1.0625 0
          3.25 1.0625 0
          3.3125 1.0625 0
          3.375 1.0625 0
          3.4375 1.0625 0
          3.5 1.0625 0
          3.5625 1.0625 0
          3.625 1.0625 0
          3.6875 1.0625 0
          3.75 1.0625 0
          3.8125 1.0625 0
          3.875 1.0625 0
          3.9375 1.0625 0
          4 1.0625 0
          4.0625 1.0625 0
          4.125 1.0625 0
          4.1875 1.0625 0
          4.25 1.0625 0
          4.3125 1.0625 0
          4.375 1.0625 0
          4.4375 1.0625 0
          4.5 1.0625 0
          4.5625 1.0625 0
          4.625 1.0625 0
          4.6875 1.0625 0
          4.75 1.0625 0
          4.8125 1.0625 0
          4.875 1.0625 0
          4.9375 1.0625 0
          5 1.0625 0
          5.0625 1.0625 0
          5.125 1.0625 0
          5.1875 1.0625 0
          5.25 1.0625 0
          5.3125 1.0625 0
          5.375 1.0625 0
          5.4375 1.0625 0
          5.5 1.0625 0
          5.5625 1.0625 0
          5.625 1.0625 0
          5.6875 1.0625 0
          5.75 1.0625 0
          5.8125 1.0625 0
          5.875 1.0625 0
          5.9375 1.0625 0
          6 1.0625 0
          6.0625 1.0625 0
          6.125 1.0625 0
          6.1875 1.0625 0
          6.25 1.0625 0
          6.3125 1.0625 0
          6.375 1.0625 0
          6.4375 1.0625 0
          6.5 1.0625 0
          6.5625 1.0625 0
          6.625 1.0625 0
          6.6875 1.0625 0
          6.75 1.0625 0
          6.8125 1.0625 0
          6.875 1.0625 0
          6.9375 1.0625 0
          7 1.0625 0
          0 1.125 0
          0.0625 1.125 0
          0.125 1.125 0
          0.1875 1.125 0
          0.25 1.125 0
          0.3125 1.125 0
          0.375 1.125 0
          0.4375 1.125 0
          0.5 1.125 0
          0.5625 1.125 0
          0.625 1.125 0
          0.6875 1.125 0
          0.75 1.125 0
          0.8125 1.125 0
          0.875 1.125 0
          0.9375 1.125 0
          1 1.125 0
          1.0625 1.125 0
          1.125 1.125 0
          1.1875 1.125 0
          1.25 1.125 0
          1.3125 1.125 0
          1.375 1.125 0
          1.4375 1.125 0
          1.5 1.125 0
          1.5625 1.125 0
          1.625 1.125 0
          1.6875 1.125 0
          1.75 1.125 0
          1.8125 1.125 0
          1.875 1.125 0
          1.9375 1.125 0
          2 1.125 0
          2.0625 1.125 0
          2.125 1.125 0
          2.1875 1.125 0
          2.25 1.125 0
          2.3125 1.125 0
          2.375 1.125 0
          2.4375 1.125 0
          2.5 1.125 0
          2.5625 1.125 0
          2.625 1.125 0
          2.6875 1.125 0
          2.75 1.125 0
          2.8125 1.125 0
          2.875 1.125 0
          2.9375 1.125 0
          3 1.125 0
          3.0625 1.125 0
          3.125 1.125 0
          3.1875 1.125 0
          3.25 1.125 0
          3.3125 1.125 0
          3.375 1.125 0
          3.4375 1.125 0
          3.5 1.125 0
          3.5625 1.125 0
          3.625 1.125 0
          3.6875 1.125 0
          3.75 1.125 0
          3.8125 1.125 0
          3.875 1.125 0
          3.9375 1.125 0
          4 1.125 0
          4.0625 1.125 0
          4.125 1.125 0
          4.1875 1.125 0
          4.25 1.125 0
          4.3125 1.125 0
          4.375 1.125 0
          4.4375 1.125 0
          4.5 1.125 0
          4.5625 1.125 0
          4.625 1.125 0
          4.6875 1.125 0
          4.75 1.125 0
          4.8125 1.125 0
          4.875 1.125 0
          4.9375 1.125 0
          5 1.125 0
          5.0625 1.125 0
          5.125 1.125 0
          5.1875 1.125 0
          5.25 1.125 0
          5.3125 1.125 0
          5.375 1.125 0
          5.4375 1.125 0
          5.5 1.125 0
          5.5625 1.125 0
          5.625 1.125 0
          5.6875 1.125 0
          5.75 1.125 0
          5.8125 1.125 0
          5.875 1.125 0
          5.9375 1.125 0
          6 1.125 0
          6.0625 1.125 0
          6.125 1.125 0
          6.1875 1.125 0
          6.25 1.125 0
          6.3125 1.125 0
          6.375 1.125 0
          6.4375 1.125 0
          6.5 1.125 0
          6.5625 1.125 0
          6.625 1.125 0
          6.6875 1.125 0
          6.75 1.125 0
          6.8125 1.125 0
          6.875 1.125 0
          6.9375 1.125 0
          7 1.125 0
          0 1.1875 0
          0.0625 1.1875 0
          0.125 1.1875 0
          0.1875 1.1875 0
          0.25 1.1875 0
          0.3125 1.1875 0
          0.375 1.1875 0
          0.4375 1.1875 0
          0.5 1.1875 0
          0.5625 1.1875 0
          0.625 1.1875 0
          0.6875 1.1875 0
          0.75 1.1875 0
          0.8125 1.1875 0
          0.875 1.1875 0
          0.9375 1.1875 0
          1 1.1875 0
          1.0625 1.1875 0
          1.125 1.1875 0
          1.1875 1.1875 0
          1.25 1.1875 0
          1.3125 1.1875 0
          1.375 1.1875 0
          1.4375 1.1875 0
          1.5 1.1875 0
          1.5625 1.1875 0
          1.625 1.1875 0
          1.6875 1.1875 0
          1.75 1.1875 0
          1.8125 1.1875 0
          1.875 1.1875 0
          1.9375 1.1875 0
          2 1.1875 0
          2.0625 1.1875 0
          2.125 1.1875 0
          2.1875 1.1875 0
          2.25 1.1875 0
          2.3125 1.1875 0
          2.375 1.1875 0
          2.4375 1.1875 0
          2.5 1.1875 0
          2.5625 1.1875 0
          2.625 1.1875 0
          2.6875 1.1875 0
          2.75 1.1875 0
          2.8125 1.1875 0
          2.875 1.1875 0
          2.9375 1.1875 0
          3 1.1875 0
          3.0625 1.1875 0
          3.125 1.1875 0
          3.1875 1.1875 0
          3.25 1.1875 0
          3.3125 1.1875 0
          3.375 1.1875 0
          3.4375 1.1875 0
          3.5 1.1875 0
          3.5625 1.1875 0
          3.625 1.1875 0
          3.6875 1.1875 0
          3.75 1.1875 0
          3.8125 1.1875 0
          3.875 1.1875 0
          3.9375 1.1875 0
          4 1.1875 0
          4.0625 1.1875 0
          4.125 1.1875 0
          4.1875 1.1875 0
          4.25 1.1875 0
          4.3125 1.1875 0
          4.375 1.1875 0
          4.4375 1.1875 0
          4.5 1.1875 0
          4.5625 1.1875 0
          4.625 1.1875 0
          4.6875 1.1875 0
          4.75 1.1875 0
          4.8125 1.1875 0
          4.875 1.1875 0
          4.9375 1.1875 0
          5 1.1875 0
          5.0625 1.1875 0
          5.125 1.1875 0
          5.1875 1.1875 0
          5.25 1.1875 0
          5.3125 1.1875 0
          5.375 1.1875 0
          5.4375 1.1875 0
          5.5 1.1875 0
          5.5625 1.1875 0
          5.625 1.1875 0
          5.6875 1.1875 0
          5.75 1.1875 0
          5.8125 1.1875 0
          5.875 1.1875 0
          5.9375 1.1875 0
          6 1.1875 0
          6.0625 1.1875 0
          6.125 1.1875 0
          6.1875 1.1875 0
          6.25 1.1875 0
          6.3125 1.1875 0
          6.375 1.1875 0
          6.4375 1.1875 0
          6.5 1.1875 0
          6.5625 1.1875 0
          6.625 1.1875 0
          6.6875 1.1875 0
          6.75 1.1875 0
          6.8125 1.1875 0
          6.875 1.1875 0
          6.9375 1.1875 0
          7 1.1875 0
          0 1.25 0
          0.0625 1.25 0
          0.125 1.25 0
          0.1875 1.25 0
          0.25 1.25 0
          0.3125 1.25 0
          0.375 1.25 0
          0.4375 1.25 0
          0.5 1.25 0
          0.5625 1.25 0
          0.625 1.25 0
          0.6875 1.25 0
          0.75 1.25 0
          0.8125 1.25 0
          0.875 1.25 0
          0.9375 1.25 0
          1 1.25 0
          1.0625 1.25 0
          1.125 1.25 0
          1.1875 1.25 0
          1.25 1.25 0
          1.3125 1.25 0
          1.375 1.25 0
          1.4375 1.25 0
          1.5 1.25 0
          1.5625 1.25 0
          1.625 1.25 0
          1.6875 1.25 0
          1.75 1.25 0
          1.8125 1.25 0
          1.875 1.25 0
          1.9375 1.25 0
          2 1.25 0
          2.0625 1.25 0
          2.125 1.25 0
          2.1875 1.25 0
          2.25 1.25 0
          2.3125 1.25 0
          2.375 1.25 0
          2.4375 1.25 0
          2.5 1.25 0
          2.5625 1.25 0
          2.625 1.25 0
          2.6875 1.25 0
          2.75 1.25 0
          2.8125 1.25 0
          2.875 1.25 0
          2.9375 1.25 0
          3 1.25 0
          3.0625 1.25 0
          3.125 1.25 0
          3.1875 1.25 0
          3.25 1.25 0
          3.3125 1.25 0
          3.375 1.25 0
          3.4375 1.25 0
          3.5 1.25 0
          3.5625 1.25 0
          3.625 1.25 0
          3.6875 1.25 0
          3.75 1.25 0
          3.8125 1.25 0
          3.875 1.25 0
          3.9375 1.25 0
          4 1.25 0
          4.0625 1.25 0
          4.125 1.25 0
          4.1875 1.25 0
          4.25 1.25 0
          4.3125 1.25 0
          4.375 1.25 0
          4.4375 1.25 0
          4.5 1.25 0
          4.5625 1.25 0
          4.625 1.25 0
          4.6875 1.25 0
          4.75 1.25 0
          4.8125 1.25 0
          4.875 1.25 0
          4.9375 1.25 0
          5 1.25 0
          5.0625 1.25 0
          5.125 1.25 0
          5.1875 1.25 0
          5.25 1.25 0
          5.3125 1.25 0
          5.375 1.25 0
          5.4375 1.25 0
          5.5 1.25 0
          5.5625 1.25 0
          5.625 1.25 0
          5.6875 1.25 0
          5.75 1.25 0
          5.8125 1.25 0
          5.875 1.25 0
          5.9375 1.25 0
          6 1.25 0
          6.0625 1.25 0
          6.125 1.25 0
          6.1875 1.25 0
          6.25 1.25 0
          6.3125 1.25 0
          6.375 1.25 0
          6.4375 1.25 0
          6.5 1.25 0
          6.5625 1.25 0
          6.625 1.25 0
          6.6875 1.25 0
          6.75 1.25 0
          6.8125 1.25 0
          6.875 1.25 0
          6.9375 1.25 0
          7 1.25 0
          0 1.3125 0
          0.0625 1.3125 0
          0.125 1.3125 0
          0.1875 1.3125 0
          0.25 1.3125 0
          0.3125 1.3125 0
          0.375 1.3125 0
          0.4375 1.3125 0
          0.5 1.3125 0
          0.5625 1.3125 0
          0.625 1.3125 0
          0.6875 1.3125 0
          0.75 1.3125 0
          0.8125 1.3125 0
          0.875 1.3125 0
          0.9375 1.3125 0
          1 1.3125 0
          1.0625 1.3125 0
          1.125 1.3125 0
          1.1875 1.3125 0
          1.25 1.3125 0
          1.3125 1.3125 0
          1.375 1.3125 0
          1.4375 1.3125 0
          1.5 1.3125 0
          1.5625 1.3125 0
          1.625 1.3125 0
          1.6875 1.3125 0
          1.75 1.3125 0
          1.8125 1.3125 0
          1.875 1.3125 0
          1.9375 1.3125 0
          2 1.3125 0
          2.0625 1.3125 0
          2.125 1.3125 0
          2.1875 1.3125 0
          2.25 1.3125 0
          2.3125 1.3125 0
          2.375 1.3125 0
          2.4375 1.3125 0
          2.5 1.3125 0
          2.5625 1.3125 0
          2.625 1.3125 0
          2.6875 1.3125 0
          2.75 1.3125 0
          2.8125 1.3125 0
          2.875 1.3125 0
          2.9375 1.3125 0
          3 1.3125 0
          3.0625 1.3125 0
          3.125 1.3125 0
          3.1875 1.3125 0
          3.25 1.3125 0
          3.3125 1.3125 0
          3.375 1.3125 0
          3.4375 1.3125 0
          3.5 1.3125 0
          3.5625 1.3125 0
          3.625 1.3125 0
          3.6875 1.3125 0
          3.75 1.3125 0
          3.8125 1.3125 0
          3.875 1.3125 0
          3.9375 1.3125 0
          4 1.3125 0
          4.0625 1.3125 0
          4.125 1.3125 0
          4.1875 1.3125 0
          4.25 1.3125 0
          4.3125 1.3125 0
          4.375 1.3125 0
          4.4375 1.3125 0
          4.5 1.3125 0
          4.5625 1.3125 0
          4.625 1.3125 0
          4.6875 1.3125 0
          4.75 1.3125 0
          4.8125 1.3125 0
          4.875 1.3125 0
          4.9375 1.3125 0
          5 1.3125 0
          5.0625 1.3125 0
          5.125 1.3125 0
          5.1875 1.3125 0
          5.25 1.3125 0
          5.3125 1.3125 0
          5.375 1.3125 0
          5.4375 1.3125 0
          5.5 1.3125 0
          5.5625 1.3125 0
          5.625 1.3125 0
          5.6875 1.3125 0
          5.75 1.3125 0
          5.8125 1.3125 0
          5.875 1.3125 0
          5.9375 1.3125 0
          6 1.3125 0
          6.0625 1.3125 0
          6.125 1.3125 0
          6.1875 1.3125 0
          6.25 1.3125 0
          6.3125 1.3125 0
          6.375 1.3125 0
          6.4375 1.3125 0
          6.5 1.3125 0
          6.5625 1.3125 0
          6.625 1.3125 0
          6.6875 1.3125 0
          6.75 1.3125 0
          6.8125 1.3125 0
          6.875 1.3125 0
          6.9375 1.3125 0
          7 1.3125 0
          0 1.375 0
          0.0625 1.375 0
          0.125 1.375 0
          0.1875 1.375 0
          0.25 1.375 0
          0.3125 1.375 0
          0.375 1.375 0
          0.4375 1.375 0
          0.5 1.375 0
          0.5625 1.375 0
          0.625 1.375 0
          0.6875 1.375 0
          0.75 1.375 0
          0.8125 1.375 0
          0.875 1.375 0
          0.9375 1.375 0
          1 1.375 0
          1.0625 1.375 0
          1.125 1.375 0
          1.1875 1.375 0
          1.25 1.375 0
          1.3125 1.375 0
          1.375 1.375 0
          1.4375 1.375 0
          1.5 1.375 0
          1.5625 1.375 0
          1.625 1.375 0
          1.6875 1.375 0
          1.75 1.375 0
          1.8125 1.375 0
          1.875 1.375 0
          1.9375 1.375 0
          2 1.375 0
          2.0625 1.375 0
          2.125 1.375 0
          2.1875 1.375 0
          2.25 1.375 0
          2.3125 1.375 0
          2.375 1.375 0
          2.4375 1.375 0
          2.5 1.375 0
          2.5625 1.375 0
          2.625 1.375 0
          2.6875 1.375 0
          2.75 1.375 0
          2.8125 1.375 0
          2.875 1.375 0
          2.9375 1.375 0
          3 1.375 0
          3.0625 1.375 0
          3.125 1.375 0
          3.1875 1.375 0
          3.25 1.375 0
          3.3125 1.375 0
          3.375 1.375 0
          3.4375 1.375 0
          3.5 1.375 0
          3.5625 1.375 0
          3.625 1.375 0
          3.6875 1.375 0
          3.75 1.375 0
          3.8125 1.375 0
          3.875 1.375 0
          3.9375 1.375 0
          4 1.375 0
          4.0625 1.375 0
          4.125 1.375 0
          4.1875 1.375 0
          4.25 1.375 0
          4.3125 1.375 0
          4.375 1.375 0
          4.4375 1.375 0
          4.5 1.375 0
          4.5625 1.375 0
          4.625 1.375 0
          4.6875 1.375 0
          4.75 1.375 0
          4.8125 1.375 0
          4.875 1.375 0
          4.9375 1.375 0
          5 1.375 0
          5.0625 1.375 0
          5.125 1.375 0
          5.1875 1.375 0
          5.25 1.375 0
          5.3125 1.375 0
          5.375 1.375 0
          5.4375 1.375 0
          5.5 1.375 0
          5.5625 1.375 0
          5.625 1.375 0
          5.6875 1.375 0
          5.75 1.375 0
          5.8125 1.375 0
          5.875 1.375 0
          5.9375 1.375 0
          6 1.375 0
          6.0625 1.375 0
          6.125 1.375 0
          6.1875 1.375 0
          6.25 1.375 0
          6.3125 1.375 0
          6.375 1.375 0
          6.4375 1.375 0
          6.5 1.375 0
          6.5625 1.375 0
          6.625 1.375 0
          6.6875 1.375 0
          6.75 1.375 0
          6.8125 1.375 0
          6.875 1.375 0
          6.9375 1.375 0
          7 1.375 0
          0 1.4375 0
          0.0625 1.4375 0
          0.125 1.4375 0
          0.1875 1.4375 0
          0.25 1.4375 0
          0.3125 1.4375 0
          0.375 1.4375 0
          0.4375 1.4375 0
          0.5 1.4375 0
          0.5625 1.4375 0
          0.625 1.4375 0
          0.6875 1.4375 0
          0.75 1.4375 0
          0.8125 1.4375 0
          0.875 1.4375 0
          0.9375 1.4375 0
          1 1.4375 0
          1.0625 1.4375 0
          1.125 1.4375 0
          1.1875 1.4375 0
          1.25 1.4375 0
          1.3125 1.4375 0
          1.375 1.4375 0
          1.4375 1.4375 0
          1.5 1.4375 0
          1.5625 1.4375 0
          1.625 1.4375 0
          1.6875 1.4375 0
          1.75 1.4375 0
          1.8125 1.4375 0
          1.875 1.4375 0
          1.9375 1.4375 0
          2 1.4375 0
          2.0625 1.4375 0
          2.125 1.4375 0
          2.1875 1.4375 0
          2.25 1.4375 0
          2.3125 1.4375 0
          2.375 1.4375 0
          2.4375 1.4375 0
          2.5 1.4375 0
          2.5625 1.4375 0
          2.625 1.4375 0
          2.6875 1.4375 0
          2.75 1.4375 0
          2.8125 1.4375 0
          2.875 1.4375 0
          2.9375 1.4375 0
          3 1.4375 0
          3.0625 1.4375 0
          3.125 1.4375 0
          3.1875 1.4375 0
          3.25 1.4375 0
          3.3125 1.4375 0
          3.375 1.4375 0
          3.4375 1.4375 0
          3.5 1.4375 0
          3.5625 1.4375 0
          3.625 1.4375 0
          3.6875 1.4375 0
          3.75 1.4375 0
          3.8125 1.4375 0
          3.875 1.4375 0
          3.9375 1.4375 0
          4 1.4375 0
          4.0625 1.4375 0
          4.125 1.4375 0
          4.1875 1.4375 0
          4.25 1.4375 0
          4.3125 1.4375 0
          4.375 1.4375 0
          4.4375 1.4375 0
          4.5 1.4375 0
          4.5625 1.4375 0
          4.625 1.4375 0
          4.6875 1.4375 0
          4.75 1.4375 0
          4.8125 1.4375 0
          4.875 1.4375 0
          4.9375 1.4375 0
          5 1.4375 0
          5.0625 1.4375 0
          5.125 1.4375 0
          5.1875 1.4375 0
          5.25 1.4375 0
          5.3125 1.4375 0
          5.375 1.4375 0
          5.4375 1.4375 0
          5.5 1.4375 0
          5.5625 1.4375 0
          5.625 1.4375 0
          5.6875 1.4375 0
          5.75 1.4375 0
          5.8125 1.4375 0
          5.875 1.4375 0
          5.9375 1.4375 0
          6 1.4375 0
          6.0625 1.4375 0
          6.125 1.4375 0
          6.1875 1.4375 0
          6.25 1.4375 0
          6.3125 1.4375 0
          6.375 1.4375 0
          6.4375 1.4375 0
          6.5 1.4375 0
          6.5625 1.4375 0
          6.625 1.4375 0
          6.6875 1.4375 0
          6.75 1.4375 0
          6.8125 1.4375 0
          6.875 1.4375 0
          6.9375 1.4375 0
          7 1.4375 0
          0 1.5 0
          0.0625 1.5 0
          0.125 1.5 0
          0.1875 1.5 0
          0.25 1.5 0
          0.3125 1.5 0
          0.375 1.5 0
          0.4375 1.5 0
          0.5 1.5 0
          0.5625 1.5 0
          0.625 1.5 0
          0.6875 1.5 0
          0.75 1.5 0
          0.8125 1.5 0
          0.875 1.5 0
          0.9375 1.5 0
          1 1.5 0
          1.0625 1.5 0
          1.125 1.5 0
          1.1875 1.5 0
          1.25 1.5 0
          1.3125 1.5 0
          1.375 1.5 0
          1.4375 1.5 0
          1.5 1.5 0
          1.5625 1.5 0
          1.625 1.5 0
          1.6875 1.5 0
          1.75 1.5 0
          1.8125 1.5 0
          1.875 1.5 0
          1.9375 1.5 0
          2 1.5 0
          2.0625 1.5 0
          2.125 1.5 0
          2.1875 1.5 0
          2.25 1.5 0
          2.3125 1.5 0
          2.375 1.5 0
          2.4375 1.5 0
          2.5 1.5 0
          2.5625 1.5 0
          2.625 1.5 0
          2.6875 1.5 0
          2.75 1.5 0
          2.8125 1.5 0
          2.875 1.5 0
          2.9375 1.5 0
          3 1.5 0
          3.0625 1.5 0
          3.125 1.5 0
          3.1875 1.5 0
          3.25 1.5 0
          3.3125 1.5 0
          3.375 1.5 0
          3.4375 1.5 0
          3.5 1.5 0
          3.5625 1.5 0
          3.625 1.5 0
          3.6875 1.5 0
          3.75 1.5 0
          3.8125 1.5 0
          3.875 1.5 0
          3.9375 1.5 0
          4 1.5 0
          4.0625 1.5 0
          4.125 1.5 0
          4.1875 1.5 0
          4.25 1.5 0
          4.3125 1.5 0
          4.375 1.5 0
          4.4375 1.5 0
          4.5 1.5 0
          4.5625 1.5 0
          4.625 1.5 0
          4.6875 1.5 0
          4.75 1.5 0
          4.8125 1.5 0
          4.875 1.5 0
          4.9375 1.5 0
          5 1.5 0
          5.0625 1.5 0
          5.125 1.5 0
          5.1875 1.5 0
          5.25 1.5 0
          5.3125 1.5 0
          5.375 1.5 0
          5.4375 1.5 0
          5.5 1.5 0
          5.5625 1.5 0
          5.625 1.5 0
          5.6875 1.5 0
          5.75 1.5 0
          5.8125 1.5 0
          5.875 1.5 0
          5.9375 1.5 0
          6 1.5 0
          6.0625 1.5 0
          6.125 1.5 0
          6.1875 1.5 0
          6.25 1.5 0
          6.3125 1.5 0
          6.375 1.5 0
          6.4375 1.5 0
          6.5 1.5 0
          6.5625 1.5 0
          6.625 1.5 0
          6.6875 1.5 0
          6.75 1.5 0
          6.8125 1.5 0
          6.875 1.5 0
          6.9375 1.5 0
          7 1.5 0
          0 1.5625 0
          0.0625 1.5625 0
          0.125 1.5625 0
          0.1875 1.5625 0
          0.25 1.5625 0
          0.3125 1.5625 0
          0.375 1.5625 0
          0.4375 1.5625 0
          0.5 1.5625 0
          0.5625 1.5625 0
          0.625 1.5625 0
          0.6875 1.5625 0
          0.75 1.5625 0
          0.8125 1.5625 0
          0.875 1.5625 0
          0.9375 1.5625 0
          1 1.5625 0
          1.0625 1.5625 0
          1.125 1.5625 0
          1.1875 1.5625 0
          1.25 1.5625 0
          1.3125 1.5625 0
          1.375 1.5625 0
          1.4375 1.5625 0
          1.5 1.5625 0
          1.5625 1.5625 0
          1.625 1.5625 0
          1.6875 1.5625 0
          1.75 1.5625 0
          1.8125 1.5625 0
          1.875 1.5625 0
          1.9375 1.5625 0
          2 1.5625 0
          2.0625 1.5625 0
          2.125 1.5625 0
          2.1875 1.5625 0
          2.25 1.5625 0
          2.3125 1.5625 0
          2.375 1.5625 0
          2.4375 1.5625 0
          2.5 1.5625 0
          2.5625 1.5625 0
          2.625 1.5625 0
          2.6875 1.5625 0
          2.75 1.5625 0
          2.8125 1.5625 0
          2.875 1.5625 0
          2.9375 1.5625 0
          3 1.5625 0
          3.0625 1.5625 0
          3.125 1.5625 0
          3.1875 1.5625 0
          3.25 1.5625 0
          3.3125 1.5625 0
          3.375 1.5625 0
          3.4375 1.5625 0
          3.5 1.5625 0
          3.5625 1.5625 0
          3.625 1.5625 0
          3.6875 1.5625 0
          3.75 1.5625 0
          3.8125 1.5625 0
          3.875 1.5625 0
          3.9375 1.5625 0
          4 1.5625 0
          4.0625 1.5625 0
          4.125 1.5625 0
          4.1875 1.5625 0
          4.25 1.5625 0
          4.3125 1.5625 0
          4.375 1.5625 0
          4.4375 1.5625 0
          4.5 1.5625 0
          4.5625 1.5625 0
          4.625 1.5625 0
          4.6875 1.5625 0
          4.75 1.5625 0
          4.8125 1.5625 0
          4.875 1.5625 0
          4.9375 1.5625 0
          5 1.5625 0
          5.0625 1.5625 0
          5.125 1.5625 0
          5.1875 1.5625 0
          5.25 1.5625 0
          5.3125 1.5625 0
          5.375 1.5625 0
          5.4375 1.5625 0
          5.5 1.5625 0
          5.5625 1.5625 0
          5.625 1.5625 0
          5.6875 1.5625 0
          5.75 1.5625 0
          5.8125 1.5625 0
          5.875 1.5625 0
          5.9375 1.5625 0
          6 1.5625 0
          6.0625 1.5625 0
          6.125 1.5625 0
          6.1875 1.5625 0
          6.25 1.5625 0
          6.3125 1.5625 0
          6.375 1.5625 0
          6.4375 1.5625 0
          6.5 1.5625 0
          6.5625 1.5625 0
          6.625 1.5625 0
          6.6875 1.5625 0
          6.75 1.5625 0
          6.8125 1.5625 0
          6.875 1.5625 0
          6.9375 1.5625 0
          7 1.5625 0
          0 1.625 0
          0.0625 1.625 0
          0.125 1.625 0
          0.1875 1.625 0
          0.25 1.625 0
          0.3125 1.625 0
          0.375 1.625 0
          0.4375 1.625 0
          0.5 1.625 0
          0.5625 1.625 0
          0.625 1.625 0
          0.6875 1.625 0
          0.75 1.625 0
          0.8125 1.625 0
          0.875 1.625 0
          0.9375 1.625 0
          1 1.625 0
          1.0625 1.625 0
          1.125 1.625 0
          1.1875 1.625 0
          1.25 1.625 0
          1.3125 1.625 0
          1.375 1.625 0
          1.4375 1.625 0
          1.5 1.625 0
          1.5625 1.625 0
          1.625 1.625 0
          1.6875 1.625 0
          1.75 1.625 0
          1.8125 1.625 0
          1.875 1.625 0
          1.9375 1.625 0
          2 1.625 0
          2.0625 1.625 0
          2.125 1.625 0
          2.1875 1.625 0
          2.25 1.625 0
          2.3125 1.625 0
          2.375 1.625 0
          2.4375 1.625 0
          2.5 1.625 0
          2.5625 1.625 0
          2.625 1.625 0
          2.6875 1.625 0
          2.75 1.625 0
          2.8125 1.625 0
          2.875 1.625 0
          2.9375 1.625 0
          3 1.625 0
          3.0625 1.625 0
          3.125 1.625 0
          3.1875 1.625 0
          3.25 1.625 0
          3.3125 1.625 0
          3.375 1.625 0
          3.4375 1.625 0
          3.5 1.625 0
          3.5625 1.625 0
          3.625 1.625 0
          3.6875 1.625 0
          3.75 1.625 0
          3.8125 1.625 0
          3.875 1.625 0
          3.9375 1.625 0
          4 1.625 0
          4.0625 1.625 0
          4.125 1.625 0
          4.1875 1.625 0
          4.25 1.625 0
          4.3125 1.625 0
          4.375 1.625 0
          4.4375 1.625 0
          4.5 1.625 0
          4.5625 1.625 0
          4.625 1.625 0
          4.6875 1.625 0
          4.75 1.625 0
          4.8125 1.625 0
          4.875 1.625 0
          4.9375 1.625 0
          5 1.625 0
          5.0625 1.625 0
          5.125 1.625 0
          5.1875 1.625 0
          5.25 1.625 0
          5.3125 1.625 0
          5.375 1.625 0
          5.4375 1.625 0
          5.5 1.625 0
          5.5625 1.625 0
          5.625 1.625 0
          5.6875 1.625 0
          5.75 1.625 0
          5.8125 1.625 0
          5.875 1.625 0
          5.9375 1.625 0
          6 1.625 0
          6.0625 1.625 0
          6.125 1.625 0
          6.1875 1.625 0
          6.25 1.625 0
          6.3125 1.625 0
          6.375 1.625 0
          6.4375 1.625 0
          6.5 1.625 0
          6.5625 1.625 0
          6.625 1.625 0
          6.6875 1.625 0
          6.75 1.625 0
          6.8125 1.625 0
          6.875 1.625 0
          6.9375 1.625 0
          7 1.625 0
          0 1.6875 0
          0.0625 1.6875 0
          0.125 1.6875 0
          0.1875 1.6875 0
          0.25 1.6875 0
          0.3125 1.6875 0
          0.375 1.6875 0
          0.4375 1.6875 0
          0.5 1.6875 0
          0.5625 1.6875 0
          0.625 1.6875 0
          0.6875 1.6875 0
          0.75 1.6875 0
          0.8125 1.6875 0
          0.875 1.6875 0
          0.9375 1.6875 0
          1 1.6875 0
          1.0625 1.6875 0
          1.125 1.6875 0
          1.1875 1.6875 0
          1.25 1.6875 0
          1.3125 1.6875 0
          1.375 1.6875 0
          1.4375 1.6875 0
          1.5 1.6875 0
          1.5625 1.6875 0
          1.625 1.6875 0
          1.6875 1.6875 0
          1.75 1.6875 0
          1.8125 1.6875 0
          1.875 1.6875 0
          1.9375 1.6875 0
          2 1.6875 0
          2.0625 1.6875 0
          2.125 1.6875 0
          2.1875 1.6875 0
          2.25 1.6875 0
          2.3125 1.6875 0
          2.375 1.6875 0
          2.4375 1.6875 0
          2.5 1.6875 0
          2.5625 1.6875 0
          2.625 1.6875 0
          2.6875 1.6875 0
          2.75 1.6875 0
          2.8125 1.6875 0
          2.875 1.6875 0
          2.9375 1.6875 0
          3 1.6875 0
          3.0625 1.6875 0
          3.125 1.6875 0
          3.1875 1.6875 0
          3.25 1.6875 0
          3.3125 1.6875 0
          3.375 1.6875 0
          3.4375 1.6875 0
          3.5 1.6875 0
          3.5625 1.6875 0
          3.625 1.6875 0
          3.6875 1.6875 0
          3.75 1.6875 0
          3.8125 1.6875 0
          3.875 1.6875 0
          3.9375 1.6875 0
          4 1.6875 0
          4.0625 1.6875 0
          4.125 1.6875 0
          4.1875 1.6875 0
          4.25 1.6875 0
          4.3125 1.6875 0
          4.375 1.6875 0
          4.4375 1.6875 0
          4.5 1.6875 0
          4.5625 1.6875 0
          4.625 1.6875 0
          4.6875 1.6875 0
          4.75 1.6875 0
          4.8125 1.6875 0
          4.875 1.6875 0
          4.9375 1.6875 0
          5 1.6875 0
          5.0625 1.6875 0
          5.125 1.6875 0
          5.1875 1.6875 0
          5.25 1.6875 0
          5.3125 1.6875 0
          5.375 1.6875 0
          5.4375 1.6875 0
          5.5 1.6875 0
          5.5625 1.6875 0
          5.625 1.6875 0
          5.6875 1.6875 0
          5.75 1.6875 0
          5.8125 1.6875 0
          5.875 1.6875 0
          5.9375 1.6875 0
          6 1.6875 0
          6.0625 1.6875 0
          6.125 1.6875 0
          6.1875 1.6875 0
          6.25 1.6875 0
          6.3125 1.6875 0
          6.375 1.6875 0
          6.4375 1.6875 0
          6.5 1.6875 0
          6.5625 1.6875 0
          6.625 1.6875 0
          6.6875 1.6875 0
          6.75 1.6875 0
          6.8125 1.6875 0
          6.875 1.6875 0
          6.9375 1.6875 0
          7 1.6875 0
          0 1.75 0
          0.0625 1.75 0
          0.125 1.75 0
          0.1875 1.75 0
          0.25 1.75 0
          0.3125 1.75 0
          0.375 1.75 0
          0.4375 1.75 0
          0.5 1.75 0
          0.5625 1.75 0
          0.625 1.75 0
          0.6875 1.75 0
          0.75 1.75 0
          0.8125 1.75 0
          0.875 1.75 0
          0.9375 1.75 0
          1 1.75 0
          1.0625 1.75 0
          1.125 1.75 0
          1.1875 1.75 0
          1.25 1.75 0
          1.3125 1.75 0
          1.375 1.75 0
          1.4375 1.75 0
          1.5 1.75 0
          1.5625 1.75 0
          1.625 1.75 0
          1.6875 1.75 0
          1.75 1.75 0
          1.8125 1.75 0
          1.875 1.75 0
          1.9375 1.75 0
          2 1.75 0
          2.0625 1.75 0
          2.125 1.75 0
          2.1875 1.75 0
          2.25 1.75 0
          2.3125 1.75 0
          2.375 1.75 0
          2.4375 1.75 0
          2.5 1.75 0
          2.5625 1.75 0
          2.625 1.75 0
          2.6875 1.75 0
          2.75 1.75 0
          2.8125 1.75 0
          2.875 1.75 0
          2.9375 1.75 0
          3 1.75 0
          3.0625 1.75 0
          3.125 1.75 0
          3.1875 1.75 0
          3.25 1.75 0
          3.3125 1.75 0
          3.375 1.75 0
          3.4375 1.75 0
          3.5 1.75 0
          3.5625 1.75 0
          3.625 1.75 0
          3.6875 1.75 0
          3.75 1.75 0
          3.8125 1.75 0
          3.875 1.75 0
          3.9375 1.75 0
          4 1.75 0
          4.0625 1.75 0
          4.125 1.75 0
          4.1875 1.75 0
          4.25 1.75 0
          4.3125 1.75 0
          4.375 1.75 0
          4.4375 1.75 0
          4.5 1.75 0
          4.5625 1.75 0
          4.625 1.75 0
          4.6875 1.75 0
          4.75 1.75 0
          4.8125 1.75 0
          4.875 1.75 0
          4.9375 1.75 0
          5 1.75 0
          5.0625 1.75 0
          5.125 1.75 0
          5.1875 1.75 0
          5.25 1.75 0
          5.3125 1.75 0
          5.375 1.75 0
          5.4375 1.75 0
          5.5 1.75 0
          5.5625 1.75 0
          5.625 1.75 0
          5.6875 1.75 0
          5.75 1.75 0
          5.8125 1.75 0
          5.875 1.75 0
          5.9375 1.75 0
          6 1.75 0
          6.0625 1.75 0
          6.125 1.75 0
          6.1875 1.75 0
          6.25 1.75 0
          6.3125 1.75 0
          6.375 1.75 0
          6.4375 1.75 0
          6.5 1.75 0
          6.5625 1.75 0
          6.625 1.75 0
          6.6875 1.75 0
          6.75 1.75 0
          6.8125 1.75 0
          6.875 1.75 0
          6.9375 1.75 0
          7 1.75 0
          0 1.8125 0
          0.0625 1.8125 0
          0.125 1.8125 0
          0.1875 1.8125 0
          0.25 1.8125 0
          0.3125 1.8125 0
          0.375 1.8125 0
          0.4375 1.8125 0
          0.5 1.8125 0
          0.5625 1.8125 0
          0.625 1.8125 0
          0.6875 1.8125 0
          0.75 1.8125 0
          0.8125 1.8125 0
          0.875 1.8125 0
          0.9375 1.8125 0
          1 1.8125 0
          1.0625 1.8125 0
          1.125 1.8125 0
          1.1875 1.8125 0
          1.25 1.8125 0
          1.3125 1.8125 0
          1.375 1.8125 0
          1.4375 1.8125 0
          1.5 1.8125 0
          1.5625 1.8125 0
          1.625 1.8125 0
          1.6875 1.8125 0
          1.75 1.8125 0
          1.8125 1.8125 0
          1.875 1.8125 0
          1.9375 1.8125 0
          2 1.8125 0
          2.0625 1.8125 0
          2.125 1.8125 0
          2.1875 1.8125 0
          2.25 1.8125 0
          2.3125 1.8125 0
          2.375 1.8125 0
          2.4375 1.8125 0
          2.5 1.8125 0
          2.5625 1.8125 0
          2.625 1.8125 0
          2.6875 1.8125 0
          2.75 1.8125 0
          2.8125 1.8125 0
          2.875 1.8125 0
          2.9375 1.8125 0
          3 1.8125 0
          3.0625 1.8125 0
          3.125 1.8125 0
          3.1875 1.8125 0
          3.25 1.8125 0
          3.3125 1.8125 0
          3.375 1.8125 0
          3.4375 1.8125 0
          3.5 1.8125 0
          3.5625 1.8125 0
          3.625 1.8125 0
          3.6875 1.8125 0
          3.75 1.8125 0
          3.8125 1.8125 0
          3.875 1.8125 0
          3.9375 1.8125 0
          4 1.8125 0
          4.0625 1.8125 0
          4.125 1.8125 0
          4.1875 1.8125 0
          4.25 1.8125 0
          4.3125 1.8125 0
          4.375 1.8125 0
          4.4375 1.8125 0
          4.5 1.8125 0
          4.5625 1.8125 0
          4.625 1.8125 0
          4.6875 1.8125 0
          4.75 1.8125 0
          4.8125 1.8125 0
          4.875 1.8125 0
          4.9375 1.8125 0
          5 1.8125 0
          5.0625 1.8125 0
          5.125 1.8125 0
          5.1875 1.8125 0
          5.25 1.8125 0
          5.3125 1.8125 0
          5.375 1.8125 0
          5.4375 1.8125 0
          5.5 1.8125 0
          5.5625 1.8125 0
          5.625 1.8125 0
          5.6875 1.8125 0
          5.75 1.8125 0
          5.8125 1.8125 0
          5.875 1.8125 0
          5.9375 1.8125 0
          6 1.8125 0
          6.0625 1.8125 0
          6.125 1.8125 0
          6.1875 1.8125 0
          6.25 1.8125 0
          6.3125 1.8125 0
          6.375 1.8125 0
          6.4375 1.8125 0
          6.5 1.8125 0
          6.5625 1.8125 0
          6.625 1.8125 0
          6.6875 1.8125 0
          6.75 1.8125 0
          6.8125 1.8125 0
          6.875 1.8125 0
          6.9375 1.8125 0
          7 1.8125 0
          0 1.875 0
          0.0625 1.875 0
          0.125 1.875 0
          0.1875 1.875 0
          0.25 1.875 0
          0.3125 1.875 0
          0.375 1.875 0
          0.4375 1.875 0
          0.5 1.875 0
          0.5625 1.875 0
          0.625 1.875 0
          0.6875 1.875 0
          0.75 1.875 0
          0.8125 1.875 0
          0.875 1.875 0
          0.9375 1.875 0
          1 1.875 0
          1.0625 1.875 0
          1.125 1.875 0
          1.1875 1.875 0
          1.25 1.875 0
          1.3125 1.875 0
          1.375 1.875 0
          1.4375 1.875 0
          1.5 1.875 0
          1.5625 1.875 0
          1.625 1.875 0
          1.6875 1.875 0
          1.75 1.875 0
          1.8125 1.875 0
          1.875 1.875 0
          1.9375 1.875 0
          2 1.875 0
          2.0625 1.875 0
          2.125 1.875 0
          2.1875 1.875 0
          2.25 1.875 0
          2.3125 1.875 0
          2.375 1.875 0
          2.4375 1.875 0
          2.5 1.875 0
          2.5625 1.875 0
          2.625 1.875 0
          2.6875 1.875 0
          2.75 1.875 0
          2.8125 1.875 0
          2.875 1.875 0
          2.9375 1.875 0
          3 1.875 0
          3.0625 1.875 0
          3.125 1.875 0
          3.1875 1.875 0
          3.25 1.875 0
          3.3125 1.875 0
          3.375 1.875 0
          3.4375 1.875 0
          3.5 1.875 0
          3.5625 1.875 0
          3.625 1.875 0
          3.6875 1.875 0
          3.75 1.875 0
          3.8125 1.875 0
          3.875 1.875 0
          3.9375 1.875 0
          4 1.875 0
          4.0625 1.875 0
          4.125 1.875 0
          4.1875 1.875 0
          4.25 1.875 0
          4.3125 1.875 0
          4.375 1.875 0
          4.4375 1.875 0
          4.5 1.875 0
          4.5625 1.875 0
          4.625 1.875 0
          4.6875 1.875 0
          4.75 1.875 0
          4.8125 1.875 0
          4.875 1.875 0
          4.9375 1.875 0
          5 1.875 0
          5.0625 1.875 0
          5.125 1.875 0
          5.1875 1.875 0
          5.25 1.875 0
          5.3125 1.875 0
          5.375 1.875 0
          5.4375 1.875 0
          5.5 1.875 0
          5.5625 1.875 0
          5.625 1.875 0
          5.6875 1.875 0
          5.75 1.875 0
          5.8125 1.875 0
          5.875 1.875 0
          5.9375 1.875 0
          6 1.875 0
          6.0625 1.875 0
          6.125 1.875 0
          6.1875 1.875 0
          6.25 1.875 0
          6.3125 1.875 0
          6.375 1.875 0
          6.4375 1.875 0
          6.5 1.875 0
          6.5625 1.875 0
          6.625 1.875 0
          6.6875 1.875 0
          6.75 1.875 0
          6.8125 1.875 0
          6.875 1.875 0
          6.9375 1.875 0
          7 1.875 0
          0 1.9375 0
          0.0625 1.9375 0
          0.125 1.9375 0
          0.1875 1.9375 0
          0.25 1.9375 0
          0.3125 1.9375 0
          0.375 1.9375 0
          0.4375 1.9375 0
          0.5 1.9375 0
          0.5625 1.9375 0
          0.625 1.9375 0
          0.6875 1.9375 0
          0.75 1.9375 0
          0.8125 1.9375 0
          0.875 1.9375 0
          0.9375 1.9375 0
          1 1.9375 0
          1.0625 1.9375 0
          1.125 1.9375 0
          1.1875 1.9375 0
          1.25 1.9375 0
          1.3125 1.9375 0
          1.375 1.9375 0
          1.4375 1.9375 0
          1.5 1.9375 0
          1.5625 1.9375 0
          1.625 1.9375 0
          1.6875 1.9375 0
          1.75 1.9375 0
          1.8125 1.9375 0
          1.875 1.9375 0
          1.9375 1.9375 0
          2 1.9375 0
          2.0625 1.9375 0
          2.125 1.9375 0
          2.1875 1.9375 0
          2.25 1.9375 0
          2.3125 1.9375 0
          2.375 1.9375 0
          2.4375 1.9375 0
          2.5 1.9375 0
          2.5625 1.9375 0
          2.625 1.9375 0
          2.6875 1.9375 0
          2.75 1.9375 0
          2.8125 1.9375 0
          2.875 1.9375 0
          2.9375 1.9375 0
          3 1.9375 0
          3.0625 1.9375 0
          3.125 1.9375 0
          3.1875 1.9375 0
          3.25 1.9375 0
          3.3125 1.9375 0
          3.375 1.9375 0
          3.4375 1.9375 0
          3.5 1.9375 0
          3.5625 1.9375 0
          3.625 1.9375 0
          3.6875 1.9375 0
          3.75 1.9375 0
          3.8125 1.9375 0
          3.875 1.9375 0
          3.9375 1.9375 0
          4 1.9375 0
          4.0625 1.9375 0
          4.125 1.9375 0
          4.1875 1.9375 0
          4.25 1.9375 0
          4.3125 1.9375 0
          4.375 1.9375 0
          4.4375 1.9375 0
          4.5 1.9375 0
          4.5625 1.9375 0
          4.625 1.9375 0
          4.6875 1.9375 0
          4.75 1.9375 0
          4.8125 1.9375 0
          4.875 1.9375 0
          4.9375 1.9375 0
          5 1.9375 0
          5.0625 1.9375 0
          5.125 1.9375 0
          5.1875 1.9375 0
          5.25 1.9375 0
          5.3125 1.9375 0
          5.375 1.9375 0
          5.4375 1.9375 0
          5.5 1.9375 0
          5.5625 1.9375 0
          5.625 1.9375 0
          5.6875 1.9375 0
          5.75 1.9375 0
          5.8125 1.9375 0
          5.875 1.9375 0
          5.9375 1.9375 0
          6 1.9375 0
          6.0625 1.9375 0
          6.125 1.9375 0
          6.1875 1.9375 0
          6.25 1.9375 0
          6.3125 1.9375 0
          6.375 1.9375 0
          6.4375 1.9375 0
          6.5 1.9375 0
          6.5625 1.9375 0
          6.625 1.9375 0
          6.6875 1.9375 0
          6.75 1.9375 0
          6.8125 1.9375 0
          6.875 1.9375 0
          6.9375 1.9375 0
          7 1.9375 0
          0 2 0
          0.0625 2 0
          0.125 2 0
          0.1875 2 0
          0.25 2 0
          0.3125 2 0
          0.375 2 0
          0.4375 2 0
          0.5 2 0
          0.5625 2 0
          0.625 2 0
          0.6875 2 0
          0.75 2 0
          0.8125 2 0
          0.875 2 0
          0.9375 2 0
          1 2 0
          1.0625 2 0
          1.125 2 0
          1.1875 2 0
          1.25 2 0
          1.3125 2 0
          1.375 2 0
          1.4375 2 0
          1.5 2 0
          1.5625 2 0
          1.625 2 0
          1.6875 2 0
          1.75 2 0
          1.8125 2 0
          1.875 2 0
          1.9375 2 0
          2 2 0
          2.0625 2 0
          2.125 2 0
          2.1875 2 0
          2.25 2 0
          2.3125 2 0
          2.375 2 0
          2.4375 2 0
          2.5 2 0
          2.5625 2 0
          2.625 2 0
          2.6875 2 0
          2.75 2 0
          2.8125 2 0
          2.875 2 0
          2.9375 2 0
          3 2 0
          3.0625 2 0
          3.125 2 0
          3.1875 2 0
          3.25 2 0
          3.3125 2 0
          3.375 2 0
          3.4375 2 0
          3.5 2 0
          3.5625 2 0
          3.625 2 0
          3.6875 2 0
          3.75 2 0
          3.8125 2 0
          3.875 2 0
          3.9375 2 0
          4 2 0
          4.0625 2 0
          4.125 2 0
          4.1875 2 0
          4.25 2 0
          4.3125 2 0
          4.375 2 0
          4.4375 2 0
          4.5 2 0
          4.5625 2 0
          4.625 2 0
          4.6875 2 0
          4.75 2 0
          4.8125 2 0
          4.875 2 0
          4.9375 2 0
          5 2 0
          5.0625 2 0
          5.125 2 0
          5.1875 2 0
          5.25 2 0
          5.3125 2 0
          5.375 2 0
          5.4375 2 0
          5.5 2 0
          5.5625 2 0
          5.625 2 0
          5.6875 2 0
          5.75 2 0
          5.8125 2 0
          5.875 2 0
          5.9375 2 0
          6 2 0
          6.0625 2 0
          6.125 2 0
          6.1875 2 0
          6.25 2 0
          6.3125 2 0
          6.375 2 0
          6.4375 2 0
          6.5 2 0
          6.5625 2 0
          6.625 2 0
          6.6875 2 0
          6.75 2 0
          6.8125 2 0
          6.875 2 0
          6.9375 2 0
          7 2 0
          0 2.0625 0
          0.0625 2.0625 0
          0.125 2.0625 0
          0.1875 2.0625 0
          0.25 2.0625 0
          0.3125 2.0625 0
          0.375 2.0625 0
          0.4375 2.0625 0
          0.5 2.0625 0
          0.5625 2.0625 0
          0.625 2.0625 0
          0.6875 2.0625 0
          0.75 2.0625 0
          0.8125 2.0625 0
          0.875 2.0625 0
          0.9375 2.0625 0
          1 2.0625 0
          1.0625 2.0625 0
          1.125 2.0625 0
          1.1875 2.0625 0
          1.25 2.0625 0
          1.3125 2.0625 0
          1.375 2.0625 0
          1.4375 2.0625 0
          1.5 2.0625 0
          1.5625 2.0625 0
          1.625 2.0625 0
          1.6875 2.0625 0
          1.75 2.0625 0
          1.8125 2.0625 0
          1.875 2.0625 0
          1.9375 2.0625 0
          2 2.0625 0
          2.0625 2.0625 0
          2.125 2.0625 0
          2.1875 2.0625 0
          2.25 2.0625 0
          2.3125 2.0625 0
          2.375 2.0625 0
          2.4375 2.0625 0
          2.5 2.0625 0
          2.5625 2.0625 0
          2.625 2.0625 0
          2.6875 2.0625 0
          2.75 2.0625 0
          2.8125 2.0625 0
          2.875 2.0625 0
          2.9375 2.0625 0
          3 2.0625 0
          3.0625 2.0625 0
          3.125 2.0625 0
          3.1875 2.0625 0
          3.25 2.0625 0
          3.3125 2.0625 0
          3.375 2.0625 0
          3.4375 2.0625 0
          3.5 2.0625 0
          3.5625 2.0625 0
          3.625 2.0625 0
          3.6875 2.0625 0
          3.75 2.0625 0
          3.8125 2.0625 0
          3.875 2.0625 0
          3.9375 2.0625 0
          4 2.0625 0
          4.0625 2.0625 0
          4.125 2.0625 0
          4.1875 2.0625 0
          4.25 2.0625 0
          4.3125 2.0625 0
          4.375 2.0625 0
          4.4375 2.0625 0
          4.5 2.0625 0
          4.5625 2.0625 0
          4.625 2.0625 0
          4.6875 2.0625 0
          4.75 2.0625 0
          4.8125 2.0625 0
          4.875 2.0625 0
          4.9375 2.0625 0
          5 2.0625 0
          5.0625 2.0625 0
          5.125 2.0625 0
          5.1875 2.0625 0
          5.25 2.0625 0
          5.3125 2.0625 0
          5.375 2.0625 0
          5.4375 2.0625 0
          5.5 2.0625 0
          5.5625 2.0625 0
          5.625 2.0625 0
          5.6875 2.0625 0
          5.75 2.0625 0
          5.8125 2.0625 0
          5.875 2.0625 0
          5.9375 2.0625 0
          6 2.0625 0
          6.0625 2.0625 0
          6.125 2.0625 0
          6.1875 2.0625 0
          6.25 2.0625 0
          6.3125 2.0625 0
          6.375 2.0625 0
          6.4375 2.0625 0
          6.5 2.0625 0
          6.5625 2.0625 0
          6.625 2.0625 0
          6.6875 2.0625 0
          6.75 2.0625 0
          6.8125 2.0625 0
          6.875 2.0625 0
          6.9375 2.0625 0
          7 2.0625 0
          0 2.125 0
          0.0625 2.125 0
          0.125 2.125 0
          0.1875 2.125 0
          0.25 2.125 0
          0.3125 2.125 0
          0.375 2.125 0
          0.4375 2.125 0
          0.5 2.125 0
          0.5625 2.125 0
          0.625 2.125 0
          0.6875 2.125 0
          0.75 2.125 0
          0.8125 2.125 0
          0.875 2.125 0
          0.9375 2.125 0
          1 2.125 0
          1.0625 2.125 0
          1.125 2.125 0
          1.1875 2.125 0
          1.25 2.125 0
          1.3125 2.125 0
          1.375 2.125 0
          1.4375 2.125 0
          1.5 2.125 0
          1.5625 2.125 0
          1.625 2.125 0
          1.6875 2.125 0
          1.75 2.125 0
          1.8125 2.125 0
          1.875 2.125 0
          1.9375 2.125 0
          2 2.125 0
          2.0625 2.125 0
          2.125 2.125 0
          2.1875 2.125 0
          2.25 2.125 0
          2.3125 2.125 0
          2.375 2.125 0
          2.4375 2.125 0
          2.5 2.125 0
          2.5625 2.125 0
          2.625 2.125 0
          2.6875 2.125 0
          2.75 2.125 0
          2.8125 2.125 0
          2.875 2.125 0
          2.9375 2.125 0
          3 2.125 0
          3.0625 2.125 0
          3.125 2.125 0
          3.1875 2.125 0
          3.25 2.125 0
          3.3125 2.125 0
          3.375 2.125 0
          3.4375 2.125 0
          3.5 2.125 0
          3.5625 2.125 0
          3.625 2.125 0
          3.6875 2.125 0
          3.75 2.125 0
          3.8125 2.125 0
          3.875 2.125 0
          3.9375 2.125 0
          4 2.125 0
          4.0625 2.125 0
          4.125 2.125 0
          4.1875 2.125 0
          4.25 2.125 0
          4.3125 2.125 0
          4.375 2.125 0
          4.4375 2.125 0
          4.5 2.125 0
          4.5625 2.125 0
          4.625 2.125 0
          4.6875 2.125 0
          4.75 2.125 0
          4.8125 2.125 0
          4.875 2.125 0
          4.9375 2.125 0
          5 2.125 0
          5.0625 2.125 0
          5.125 2.125 0
          5.1875 2.125 0
          5.25 2.125 0
          5.3125 2.125 0
          5.375 2.125 0
          5.4375 2.125 0
          5.5 2.125 0
          5.5625 2.125 0
          5.625 2.125 0
          5.6875 2.125 0
          5.75 2.125 0
          5.8125 2.125 0
          5.875 2.125 0
          5.9375 2.125 0
          6 2.125 0
          6.0625 2.125 0
          6.125 2.125 0
          6.1875 2.125 0
          6.25 2.125 0
          6.3125 2.125 0
          6.375 2.125 0
          6.4375 2.125 0
          6.5 2.125 0
          6.5625 2.125 0
          6.625 2.125 0
          6.6875 2.125 0
          6.75 2.125 0
          6.8125 2.125 0
          6.875 2.125 0
          6.9375 2.125 0
          7 2.125 0
          0 2.1875 0
          0.0625 2.1875 0
          0.125 2.1875 0
          0.1875 2.1875 0
          0.25 2.1875 0
          0.3125 2.1875 0
          0.375 2.1875 0
          0.4375 2.1875 0
          0.5 2.1875 0
          0.5625 2.1875 0
          0.625 2.1875 0
          0.6875 2.1875 0
          0.75 2.1875 0
          0.8125 2.1875 0
          0.875 2.1875 0
          0.9375 2.1875 0
          1 2.1875 0
          1.0625 2.1875 0
          1.125 2.1875 0
          1.1875 2.1875 0
          1.25 2.1875 0
          1.3125 2.1875 0
          1.375 2.1875 0
          1.4375 2.1875 0
          1.5 2.1875 0
          1.5625 2.1875 0
          1.625 2.1875 0
          1.6875 2.1875 0
          1.75 2.1875 0
          1.8125 2.1875 0
          1.875 2.1875 0
          1.9375 2.1875 0
          2 2.1875 0
          2.0625 2.1875 0
          2.125 2.1875 0
          2.1875 2.1875 0
          2.25 2.1875 0
          2.3125 2.1875 0
          2.375 2.1875 0
          2.4375 2.1875 0
          2.5 2.1875 0
          2.5625 2.1875 0
          2.625 2.1875 0
          2.6875 2.1875 0
          2.75 2.1875 0
          2.8125 2.1875 0
          2.875 2.1875 0
          2.9375 2.1875 0
          3 2.1875 0
          3.0625 2.1875 0
          3.125 2.1875 0
          3.1875 2.1875 0
          3.25 2.1875 0
          3.3125 2.1875 0
          3.375 2.1875 0
          3.4375 2.1875 0
          3.5 2.1875 0
          3.5625 2.1875 0
          3.625 2.1875 0
          3.6875 2.1875 0
          3.75 2.1875 0
          3.8125 2.1875 0
          3.875 2.1875 0
          3.9375 2.1875 0
          4 2.1875 0
          4.0625 2.1875 0
          4.125 2.1875 0
          4.1875 2.1875 0
          4.25 2.1875 0
          4.3125 2.1875 0
          4.375 2.1875 0
          4.4375 2.1875 0
          4.5 2.1875 0
          4.5625 2.1875 0
          4.625 2.1875 0
          4.6875 2.1875 0
          4.75 2.1875 0
          4.8125 2.1875 0
          4.875 2.1875 0
          4.9375 2.1875 0
          5 2.1875 0
          5.0625 2.1875 0
          5.125 2.1875 0
          5.1875 2.1875 0
          5.25 2.1875 0
          5.3125 2.1875 0
          5.375 2.1875 0
          5.4375 2.1875 0
          5.5 2.1875 0
          5.5625 2.1875 0
          5.625 2.1875 0
          5.6875 2.1875 0
          5.75 2.1875 0
          5.8125 2.1875 0
          5.875 2.1875 0
          5.9375 2.1875 0
          6 2.1875 0
          6.0625 2.1875 0
          6.125 2.1875 0
          6.1875 2.1875 0
          6.25 2.1875 0
          6.3125 2.1875 0
          6.375 2.1875 0
          6.4375 2.1875 0
          6.5 2.1875 0
          6.5625 2.1875 0
          6.625 2.1875 0
          6.6875 2.1875 0
          6.75 2.1875 0
          6.8125 2.1875 0
          6.875 2.1875 0
          6.9375 2.1875 0
          7 2.1875 0
          0 2.25 0
          0.0625 2.25 0
          0.125 2.25 0
          0.1875 2.25 0
          0.25 2.25 0
          0.3125 2.25 0
          0.375 2.25 0
          0.4375 2.25 0
          0.5 2.25 0
          0.5625 2.25 0
          0.625 2.25 0
          0.6875 2.25 0
          0.75 2.25 0
          0.8125 2.25 0
          0.875 2.25 0
          0.9375 2.25 0
          1 2.25 0
          1.0625 2.25 0
          1.125 2.25 0
          1.1875 2.25 0
          1.25 2.25 0
          1.3125 2.25 0
          1.375 2.25 0
          1.4375 2.25 0
          1.5 2.25 0
          1.5625 2.25 0
          1.625 2.25 0
          1.6875 2.25 0
          1.75 2.25 0
          1.8125 2.25 0
          1.875 2.25 0
          1.9375 2.25 0
          2 2.25 0
          2.0625 2.25 0
          2.125 2.25 0
          2.1875 2.25 0
          2.25 2.25 0
          2.3125 2.25 0
          2.375 2.25 0
          2.4375 2.25 0
          2.5 2.25 0
          2.5625 2.25 0
          2.625 2.25 0
          2.6875 2.25 0
          2.75 2.25 0
          2.8125 2.25 0
          2.875 2.25 0
          2.9375 2.25 0
          3 2.25 0
          3.0625 2.25 0
          3.125 2.25 0
          3.1875 2.25 0
          3.25 2.25 0
          3.3125 2.25 0
          3.375 2.25 0
          3.4375 2.25 0
          3.5 2.25 0
          3.5625 2.25 0
          3.625 2.25 0
          3.6875 2.25 0
          3.75 2.25 0
          3.8125 2.25 0
          3.875 2.25 0
          3.9375 2.25 0
          4 2.25 0
          4.0625 2.25 0
          4.125 2.25 0
          4.1875 2.25 0
          4.25 2.25 0
          4.3125 2.25 0
          4.375 2.25 0
          4.4375 2.25 0
          4.5 2.25 0
          4.5625 2.25 0
          4.625 2.25 0
          4.6875 2.25 0
          4.75 2.25 0
          4.8125 2.25 0
          4.875 2.25 0
          4.9375 2.25 0
          5 2.25 0
          5.0625 2.25 0
          5.125 2.25 0
          5.1875 2.25 0
          5.25 2.25 0
          5.3125 2.25 0
          5.375 2.25 0
          5.4375 2.25 0
          5.5 2.25 0
          5.5625 2.25 0
          5.625 2.25 0
          5.6875 2.25 0
          5.75 2.25 0
          5.8125 2.25 0
          5.875 2.25 0
          5.9375 2.25 0
          6 2.25 0
          6.0625 2.25 0
          6.125 2.25 0
          6.1875 2.25 0
          6.25 2.25 0
          6.3125 2.25 0
          6.375 2.25 0
          6.4375 2.25 0
          6.5 2.25 0
          6.5625 2.25 0
          6.625 2.25 0
          6.6875 2.25 0
          6.75 2.25 0
          6.8125 2.25 0
          6.875 2.25 0
          6.9375 2.25 0
          7 2.25 0
          0 2.3125 0
          0.0625 2.3125 0
          0.125 2.3125 0
          0.1875 2.3125 0
          0.25 2.3125 0
          0.3125 2.3125 0
          0.375 2.3125 0
          0.4375 2.3125 0
          0.5 2.3125 0
          0.5625 2.3125 0
          0.625 2.3125 0
          0.6875 2.3125 0
          0.75 2.3125 0
          0.8125 2.3125 0
          0.875 2.3125 0
          0.9375 2.3125 0
          1 2.3125 0
          1.0625 2.3125 0
          1.125 2.3125 0
          1.1875 2.3125 0
          1.25 2.3125 0
          1.3125 2.3125 0
          1.375 2.3125 0
          1.4375 2.3125 0
          1.5 2.3125 0
          1.5625 2.3125 0
          1.625 2.3125 0
          1.6875 2.3125 0
          1.75 2.3125 0
          1.8125 2.3125 0
          1.875 2.3125 0
          1.9375 2.3125 0
          2 2.3125 0
          2.0625 2.3125 0
          2.125 2.3125 0
          2.1875 2.3125 0
          2.25 2.3125 0
          2.3125 2.3125 0
          2.375 2.3125 0
          2.4375 2.3125 0
          2.5 2.3125 0
          2.5625 2.3125 0
          2.625 2.3125 0
          2.6875 2.3125 0
          2.75 2.3125 0
          2.8125 2.3125 0
          2.875 2.3125 0
          2.9375 2.3125 0
          3 2.3125 0
          3.0625 2.3125 0
          3.125 2.3125 0
          3.1875 2.3125 0
          3.25 2.3125 0
          3.3125 2.3125 0
          3.375 2.3125 0
          3.4375 2.3125 0
          3.5 2.3125 0
          3.5625 2.3125 0
          3.625 2.3125 0
          3.6875 2.3125 0
          3.75 2.3125 0
          3.8125 2.3125 0
          3.875 2.3125 0
          3.9375 2.3125 0
          4 2.3125 0
          4.0625 2.3125 0
          4.125 2.3125 0
          4.1875 2.3125 0
          4.25 2.3125 0
          4.3125 2.3125 0
          4.375 2.3125 0
          4.4375 2.3125 0
          4.5 2.3125 0
          4.5625 2.3125 0
          4.625 2.3125 0
          4.6875 2.3125 0
          4.75 2.3125 0
          4.8125 2.3125 0
          4.875 2.3125 0
          4.9375 2.3125 0
          5 2.3125 0
          5.0625 2.3125 0
          5.125 2.3125 0
          5.1875 2.3125 0
          5.25 2.3125 0
          5.3125 2.3125 0
          5.375 2.3125 0
          5.4375 2.3125 0
          5.5 2.3125 0
          5.5625 2.3125 0
          5.625 2.3125 0
          5.6875 2.3125 0
          5.75 2.3125 0
          5.8125 2.3125 0
          5.875 2.3125 0
          5.9375 2.3125 0
          6 2.3125 0
          6.0625 2.3125 0
          6.125 2.3125 0
          6.1875 2.3125 0
          6.25 2.3125 0
          6.3125 2.3125 0
          6.375 2.3125 0
          6.4375 2.3125 0
          6.5 2.3125 0
          6.5625 2.3125 0
          6.625 2.3125 0
          6.6875 2.3125 0
          6.75 2.3125 0
          6.8125 2.3125 0
          6.875 2.3125 0
          6.9375 2.3125 0
          7 2.3125 0
          0 2.375 0
          0.0625 2.375 0
          0.125 2.375 0
          0.1875 2.375 0
          0.25 2.375 0
          0.3125 2.375 0
          0.375 2.375 0
          0.4375 2.375 0
          0.5 2.375 0
          0.5625 2.375 0
          0.625 2.375 0
          0.6875 2.375 0
          0.75 2.375 0
          0.8125 2.375 0
          0.875 2.375 0
          0.9375 2.375 0
          1 2.375 0
          1.0625 2.375 0
          1.125 2.375 0
          1.1875 2.375 0
          1.25 2.375 0
          1.3125 2.375 0
          1.375 2.375 0
          1.4375 2.375 0
          1.5 2.375 0
          1.5625 2.375 0
          1.625 2.375 0
          1.6875 2.375 0
          1.75 2.375 0
          1.8125 2.375 0
          1.875 2.375 0
          1.9375 2.375 0
          2 2.375 0
          2.0625 2.375 0
          2.125 2.375 0
          2.1875 2.375 0
          2.25 2.375 0
          2.3125 2.375 0
          2.375 2.375 0
          2.4375 2.375 0
          2.5 2.375 0
          2.5625 2.375 0
          2.625 2.375 0
          2.6875 2.375 0
          2.75 2.375 0
          2.8125 2.375 0
          2.875 2.375 0
          2.9375 2.375 0
          3 2.375 0
          3.0625 2.375 0
          3.125 2.375 0
          3.1875 2.375 0
          3.25 2.375 0
          3.3125 2.375 0
          3.375 2.375 0
          3.4375 2.375 0
          3.5 2.375 0
          3.5625 2.375 0
          3.625 2.375 0
          3.6875 2.375 0
          3.75 2.375 0
          3.8125 2.375 0
          3.875 2.375 0
          3.9375 2.375 0
          4 2.375 0
          4.0625 2.375 0
          4.125 2.375 0
          4.1875 2.375 0
          4.25 2.375 0
          4.3125 2.375 0
          4.375 2.375 0
          4.4375 2.375 0
          4.5 2.375 0
          4.5625 2.375 0
          4.625 2.375 0
          4.6875 2.375 0
          4.75 2.375 0
          4.8125 2.375 0
          4.875 2.375 0
          4.9375 2.375 0
          5 2.375 0
          5.0625 2.375 0
          5.125 2.375 0
          5.1875 2.375 0
          5.25 2.375 0
          5.3125 2.375 0
          5.375 2.375 0
          5.4375 2.375 0
          5.5 2.375 0
          5.5625 2.375 0
          5.625 2.375 0
          5.6875 2.375 0
          5.75 2.375 0
          5.8125 2.375 0
          5.875 2.375 0
          5.9375 2.375 0
          6 2.375 0
          6.0625 2.375 0
          6.125 2.375 0
          6.1875 2.375 0
          6.25 2.375 0
          6.3125 2.375 0
          6.375 2.375 0
          6.4375 2.375 0
          6.5 2.375 0
          6.5625 2.375 0
          6.625 2.375 0
          6.6875 2.375 0
          6.75 2.375 0
          6.8125 2.375 0
          6.875 2.375 0
          6.9375 2.375 0
          7 2.375 0
          0 2.4375 0
          0.0625 2.4375 0
          0.125 2.4375 0
          0.1875 2.4375 0
          0.25 2.4375 0
          0.3125 2.4375 0
          0.375 2.4375 0
          0.4375 2.4375 0
          0.5 2.4375 0
          0.5625 2.4375 0
          0.625 2.4375 0
          0.6875 2.4375 0
          0.75 2.4375 0
          0.8125 2.4375 0
          0.875 2.4375 0
          0.9375 2.4375 0
          1 2.4375 0
          1.0625 2.4375 0
          1.125 2.4375 0
          1.1875 2.4375 0
          1.25 2.4375 0
          1.3125 2.4375 0
          1.375 2.4375 0
          1.4375 2.4375 0
          1.5 2.4375 0
          1.5625 2.4375 0
          1.625 2.4375 0
          1.6875 2.4375 0
          1.75 2.4375 0
          1.8125 2.4375 0
          1.875 2.4375 0
          1.9375 2.4375 0
          2 2.4375 0
          2.0625 2.4375 0
          2.125 2.4375 0
          2.1875 2.4375 0
          2.25 2.4375 0
          2.3125 2.4375 0
          2.375 2.4375 0
          2.4375 2.4375 0
          2.5 2.4375 0
          2.5625 2.4375 0
          2.625 2.4375 0
          2.6875 2.4375 0
          2.75 2.4375 0
          2.8125 2.4375 0
          2.875 2.4375 0
          2.9375 2.4375 0
          3 2.4375 0
          3.0625 2.4375 0
          3.125 2.4375 0
          3.1875 2.4375 0
          3.25 2.4375 0
          3.3125 2.4375 0
          3.375 2.4375 0
          3.4375 2.4375 0
          3.5 2.4375 0
          3.5625 2.4375 0
          3.625 2.4375 0
          3.6875 2.4375 0
          3.75 2.4375 0
          3.8125 2.4375 0
          3.875 2.4375 0
          3.9375 2.4375 0
          4 2.4375 0
          4.0625 2.4375 0
          4.125 2.4375 0
          4.1875 2.4375 0
          4.25 2.4375 0
          4.3125 2.4375 0
          4.375 2.4375 0
          4.4375 2.4375 0
          4.5 2.4375 0
          4.5625 2.4375 0
          4.625 2.4375 0
          4.6875 2.4375 0
          4.75 2.4375 0
          4.8125 2.4375 0
          4.875 2.4375 0
          4.9375 2.4375 0
          5 2.4375 0
          5.0625 2.4375 0
          5.125 2.4375 0
          5.1875 2.4375 0
          5.25 2.4375 0
          5.3125 2.4375 0
          5.375 2.4375 0
          5.4375 2.4375 0
          5.5 2.4375 0
          5.5625 2.4375 0
          5.625 2.4375 0
          5.6875 2.4375 0
          5.75 2.4375 0
          5.8125 2.4375 0
          5.875 2.4375 0
          5.9375 2.4375 0
          6 2.4375 0
          6.0625 2.4375 0
          6.125 2.4375 0
          6.1875 2.4375 0
          6.25 2.4375 0
          6.3125 2.4375 0
          6.375 2.4375 0
          6.4375 2.4375 0
          6.5 2.4375 0
          6.5625 2.4375 0
          6.625 2.4375 0
          6.6875 2.4375 0
          6.75 2.4375 0
          6.8125 2.4375 0
          6.875 2.4375 0
          6.9375 2.4375 0
          7 2.4375 0
          0 2.5 0
          0.0625 2.5 0
          0.125 2.5 0
          0.1875 2.5 0
          0.25 2.5 0
          0.3125 2.5 0
          0.375 2.5 0
          0.4375 2.5 0
          0.5 2.5 0
          0.5625 2.5 0
          0.625 2.5 0
          0.6875 2.5 0
          0.75 2.5 0
          0.8125 2.5 0
          0.875 2.5 0
          0.9375 2.5 0
          1 2.5 0
          1.0625 2.5 0
          1.125 2.5 0
          1.1875 2.5 0
          1.25 2.5 0
          1.3125 2.5 0
          1.375 2.5 0
          1.4375 2.5 0
          1.5 2.5 0
          1.5625 2.5 0
          1.625 2.5 0
          1.6875 2.5 0
          1.75 2.5 0
          1.8125 2.5 0
          1.875 2.5 0
          1.9375 2.5 0
          2 2.5 0
          2.0625 2.5 0
          2.125 2.5 0
          2.1875 2.5 0
          2.25 2.5 0
          2.3125 2.5 0
          2.375 2.5 0
          2.4375 2.5 0
          2.5 2.5 0
          2.5625 2.5 0
          2.625 2.5 0
          2.6875 2.5 0
          2.75 2.5 0
          2.8125 2.5 0
          2.875 2.5 0
          2.9375 2.5 0
          3 2.5 0
          3.0625 2.5 0
          3.125 2.5 0
          3.1875 2.5 0
          3.25 2.5 0
          3.3125 2.5 0
          3.375 2.5 0
          3.4375 2.5 0
          3.5 2.5 0
          3.5625 2.5 0
          3.625 2.5 0
          3.6875 2.5 0
          3.75 2.5 0
          3.8125 2.5 0
          3.875 2.5 0
          3.9375 2.5 0
          4 2.5 0
          4.0625 2.5 0
          4.125 2.5 0
          4.1875 2.5 0
          4.25 2.5 0
          4.3125 2.5 0
          4.375 2.5 0
          4.4375 2.5 0
          4.5 2.5 0
          4.5625 2.5 0
          4.625 2.5 0
          4.6875 2.5 0
          4.75 2.5 0
          4.8125 2.5 0
          4.875 2.5 0
          4.9375 2.5 0
          5 2.5 0
          5.0625 2.5 0
          5.125 2.5 0
          5.1875 2.5 0
          5.25 2.5 0
          5.3125 2.5 0
          5.375 2.5 0
          5.4375 2.5 0
          5.5 2.5 0
          5.5625 2.5 0
          5.625 2.5 0
          5.6875 2.5 0
          5.75 2.5 0
          5.8125 2.5 0
          5.875 2.5 0
          5.9375 2.5 0
          6 2.5 0
          6.0625 2.5 0
          6.125 2.5 0
          6.1875 2.5 0
          6.25 2.5 0
          6.3125 2.5 0
          6.375 2.5 0
          6.4375 2.5 0
          6.5 2.5 0
          6.5625 2.5 0
          6.625 2.5 0
          6.6875 2.5 0
          6.75 2.5 0
          6.8125 2.5 0
          6.875 2.5 0
          6.9375 2.5 0
          7 2.5 0
          0 2.5625 0
          0.0625 2.5625 0
          0.125 2.5625 0
          0.1875 2.5625 0
          0.25 2.5625 0
          0.3125 2.5625 0
          0.375 2.5625 0
          0.4375 2.5625 0
          0.5 2.5625 0
          0.5625 2.5625 0
          0.625 2.5625 0
          0.6875 2.5625 0
          0.75 2.5625 0
          0.8125 2.5625 0
          0.875 2.5625 0
          0.9375 2.5625 0
          1 2.5625 0
          1.0625 2.5625 0
          1.125 2.5625 0
          1.1875 2.5625 0
          1.25 2.5625 0
          1.3125 2.5625 0
          1.375 2.5625 0
          1.4375 2.5625 0
          1.5 2.5625 0
          1.5625 2.5625 0
          1.625 2.5625 0
          1.6875 2.5625 0
          1.75 2.5625 0
          1.8125 2.5625 0
          1.875 2.5625 0
          1.9375 2.5625 0
          2 2.5625 0
          2.0625 2.5625 0
          2.125 2.5625 0
          2.1875 2.5625 0
          2.25 2.5625 0
          2.3125 2.5625 0
          2.375 2.5625 0
          2.4375 2.5625 0
          2.5 2.5625 0
          2.5625 2.5625 0
          2.625 2.5625 0
          2.6875 2.5625 0
          2.75 2.5625 0
          2.8125 2.5625 0
          2.875 2.5625 0
          2.9375 2.5625 0
          3 2.5625 0
          3.0625 2.5625 0
          3.125 2.5625 0
          3.1875 2.5625 0
          3.25 2.5625 0
          3.3125 2.5625 0
          3.375 2.5625 0
          3.4375 2.5625 0
          3.5 2.5625 0
          3.5625 2.5625 0
          3.625 2.5625 0
          3.6875 2.5625 0
          3.75 2.5625 0
          3.8125 2.5625 0
          3.875 2.5625 0
          3.9375 2.5625 0
          4 2.5625 0
          4.0625 2.5625 0
          4.125 2.5625 0
          4.1875 2.5625 0
          4.25 2.5625 0
          4.3125 2.5625 0
          4.375 2.5625 0
          4.4375 2.5625 0
          4.5 2.5625 0
          4.5625 2.5625 0
          4.625 2.5625 0
          4.6875 2.5625 0
          4.75 2.5625 0
          4.8125 2.5625 0
          4.875 2.5625 0
          4.9375 2.5625 0
          5 2.5625 0
          5.0625 2.5625 0
          5.125 2.5625 0
          5.1875 2.5625 0
          5.25 2.5625 0
          5.3125 2.5625 0
          5.375 2.5625 0
          5.4375 2.5625 0
          5.5 2.5625 0
          5.5625 2.5625 0
          5.625 2.5625 0
          5.6875 2.5625 0
          5.75 2.5625 0
          5.8125 2.5625 0
          5.875 2.5625 0
          5.9375 2.5625 0
          6 2.5625 0
          6.0625 2.5625 0
          6.125 2.5625 0
          6.1875 2.5625 0
          6.25 2.5625 0
          6.3125 2.5625 0
          6.375 2.5625 0
          6.4375 2.5625 0
          6.5 2.5625 0
          6.5625 2.5625 0
          6.625 2.5625 0
          6.6875 2.5625 0
          6.75 2.5625 0
          6.8125 2.5625 0
          6.875 2.5625 0
          6.9375 2.5625 0
          7 2.5625 0
          0 2.625 0
          0.0625 2.625 0
          0.125 2.625 0
          0.1875 2.625 0
          0.25 2.625 0
          0.3125 2.625 0
          0.375 2.625 0
          0.4375 2.625 0
          0.5 2.625 0
          0.5625 2.625 0
          0.625 2.625 0
          0.6875 2.625 0
          0.75 2.625 0
          0.8125 2.625 0
          0.875 2.625 0
          0.9375 2.625 0
          1 2.625 0
          1.0625 2.625 0
          1.125 2.625 0
          1.1875 2.625 0
          1.25 2.625 0
          1.3125 2.625 0
          1.375 2.625 0
          1.4375 2.625 0
          1.5 2.625 0
          1.5625 2.625 0
          1.625 2.625 0
          1.6875 2.625 0
          1.75 2.625 0
          1.8125 2.625 0
          1.875 2.625 0
          1.9375 2.625 0
          2 2.625 0
          2.0625 2.625 0
          2.125 2.625 0
          2.1875 2.625 0
          2.25 2.625 0
          2.3125 2.625 0
          2.375 2.625 0
          2.4375 2.625 0
          2.5 2.625 0
          2.5625 2.625 0
          2.625 2.625 0
          2.6875 2.625 0
          2.75 2.625 0
          2.8125 2.625 0
          2.875 2.625 0
          2.9375 2.625 0
          3 2.625 0
          3.0625 2.625 0
          3.125 2.625 0
          3.1875 2.625 0
          3.25 2.625 0
          3.3125 2.625 0
          3.375 2.625 0
          3.4375 2.625 0
          3.5 2.625 0
          3.5625 2.625 0
          3.625 2.625 0
          3.6875 2.625 0
          3.75 2.625 0
          3.8125 2.625 0
          3.875 2.625 0
          3.9375 2.625 0
          4 2.625 0
          4.0625 2.625 0
          4.125 2.625 0
          4.1875 2.625 0
          4.25 2.625 0
          4.3125 2.625 0
          4.375 2.625 0
          4.4375 2.625 0
          4.5 2.625 0
          4.5625 2.625 0
          4.625 2.625 0
          4.6875 2.625 0
          4.75 2.625 0
          4.8125 2.625 0
          4.875 2.625 0
          4.9375 2.625 0
          5 2.625 0
          5.0625 2.625 0
          5.125 2.625 0
          5.1875 2.625 0
          5.25 2.625 0
          5.3125 2.625 0
          5.375 2.625 0
          5.4375 2.625 0
          5.5 2.625 0
          5.5625 2.625 0
          5.625 2.625 0
          5.6875 2.625 0
          5.75 2.625 0
          5.8125 2.625 0
          5.875 2.625 0
          5.9375 2.625 0
          6 2.625 0
          6.0625 2.625 0
          6.125 2.625 0
          6.1875 2.625 0
          6.25 2.625 0
          6.3125 2.625 0
          6.375 2.625 0
          6.4375 2.625 0
          6.5 2.625 0
          6.5625 2.625 0
          6.625 2.625 0
          6.6875 2.625 0
          6.75 2.625 0
          6.8125 2.625 0
          6.875 2.625 0
          6.9375 2.625 0
          7 2.625 0
          0 2.6875 0
          0.0625 2.6875 0
          0.125 2.6875 0
          0.1875 2.6875 0
          0.25 2.6875 0
          0.3125 2.6875 0
          0.375 2.6875 0
          0.4375 2.6875 0
          0.5 2.6875 0
          0.5625 2.6875 0
          0.625 2.6875 0
          0.6875 2.6875 0
          0.75 2.6875 0
          0.8125 2.6875 0
          0.875 2.6875 0
          0.9375 2.6875 0
          1 2.6875 0
          1.0625 2.6875 0
          1.125 2.6875 0
          1.1875 2.6875 0
          1.25 2.6875 0
          1.3125 2.6875 0
          1.375 2.6875 0
          1.4375 2.6875 0
          1.5 2.6875 0
          1.5625 2.6875 0
          1.625 2.6875 0
          1.6875 2.6875 0
          1.75 2.6875 0
          1.8125 2.6875 0
          1.875 2.6875 0
          1.9375 2.6875 0
          2 2.6875 0
          2.0625 2.6875 0
          2.125 2.6875 0
          2.1875 2.6875 0
          2.25 2.6875 0
          2.3125 2.6875 0
          2.375 2.6875 0
          2.4375 2.6875 0
          2.5 2.6875 0
          2.5625 2.6875 0
          2.625 2.6875 0
          2.6875 2.6875 0
          2.75 2.6875 0
          2.8125 2.6875 0
          2.875 2.6875 0
          2.9375 2.6875 0
          3 2.6875 0
          3.0625 2.6875 0
          3.125 2.6875 0
          3.1875 2.6875 0
          3.25 2.6875 0
          3.3125 2.6875 0
          3.375 2.6875 0
          3.4375 2.6875 0
          3.5 2.6875 0
          3.5625 2.6875 0
          3.625 2.6875 0
          3.6875 2.6875 0
          3.75 2.6875 0
          3.8125 2.6875 0
          3.875 2.6875 0
          3.9375 2.6875 0
          4 2.6875 0
          4.0625 2.6875 0
          4.125 2.6875 0
          4.1875 2.6875 0
          4.25 2.6875 0
          4.3125 2.6875 0
          4.375 2.6875 0
          4.4375 2.6875 0
          4.5 2.6875 0
          4.5625 2.6875 0
          4.625 2.6875 0
          4.6875 2.6875 0
          4.75 2.6875 0
          4.8125 2.6875 0
          4.875 2.6875 0
          4.9375 2.6875 0
          5 2.6875 0
          5.0625 2.6875 0
          5.125 2.6875 0
          5.1875 2.6875 0
          5.25 2.6875 0
          5.3125 2.6875 0
          5.375 2.6875 0
          5.4375 2.6875 0
          5.5 2.6875 0
          5.5625 2.6875 0
          5.625 2.6875 0
          5.6875 2.6875 0
          5.75 2.6875 0
          5.8125 2.6875 0
          5.875 2.6875 0
          5.9375 2.6875 0
          6 2.6875 0
          6.0625 2.6875 0
          6.125 2.6875 0
          6.1875 2.6875 0
          6.25 2.6875 0
          6.3125 2.6875 0
          6.375 2.6875 0
          6.4375 2.6875 0
          6.5 2.6875 0
          6.5625 2.6875 0
          6.625 2.6875 0
          6.6875 2.6875 0
          6.75 2.6875 0
          6.8125 2.6875 0
          6.875 2.6875 0
          6.9375 2.6875 0
          7 2.6875 0
          0 2.75 0
          0.0625 2.75 0
          0.125 2.75 0
          0.1875 2.75 0
          0.25 2.75 0
          0.3125 2.75 0
          0.375 2.75 0
          0.4375 2.75 0
          0.5 2.75 0
          0.5625 2.75 0
          0.625 2.75 0
          0.6875 2.75 0
          0.75 2.75 0
          0.8125 2.75 0
          0.875 2.75 0
          0.9375 2.75 0
          1 2.75 0
          1.0625 2.75 0
          1.125 2.75 0
          1.1875 2.75 0
          1.25 2.75 0
          1.3125 2.75 0
          1.375 2.75 0
          1.4375 2.75 0
          1.5 2.75 0
          1.5625 2.75 0
          1.625 2.75 0
          1.6875 2.75 0
          1.75 2.75 0
          1.8125 2.75 0
          1.875 2.75 0
          1.9375 2.75 0
          2 2.75 0
          2.0625 2.75 0
          2.125 2.75 0
          2.1875 2.75 0
          2.25 2.75 0
          2.3125 2.75 0
          2.375 2.75 0
          2.4375 2.75 0
          2.5 2.75 0
          2.5625 2.75 0
          2.625 2.75 0
          2.6875 2.75 0
          2.75 2.75 0
          2.8125 2.75 0
          2.875 2.75 0
          2.9375 2.75 0
          3 2.75 0
          3.0625 2.75 0
          3.125 2.75 0
          3.1875 2.75 0
          3.25 2.75 0
          3.3125 2.75 0
          3.375 2.75 0
          3.4375 2.75 0
          3.5 2.75 0
          3.5625 2.75 0
          3.625 2.75 0
          3.6875 2.75 0
          3.75 2.75 0
          3.8125 2.75 0
          3.875 2.75 0
          3.9375 2.75 0
          4 2.75 0
          4.0625 2.75 0
          4.125 2.75 0
          4.1875 2.75 0
          4.25 2.75 0
          4.3125 2.75 0
          4.375 2.75 0
          4.4375 2.75 0
          4.5 2.75 0
          4.5625 2.75 0
          4.625 2.75 0
          4.6875 2.75 0
          4.75 2.75 0
          4.8125 2.75 0
          4.875 2.75 0
          4.9375 2.75 0
          5 2.75 0
          5.0625 2.75 0
          5.125 2.75 0
          5.1875 2.75 0
          5.25 2.75 0
          5.3125 2.75 0
          5.375 2.75 0
          5.4375 2.75 0
          5.5 2.75 0
          5.5625 2.75 0
          5.625 2.75 0
          5.6875 2.75 0
          5.75 2.75 0
          5.8125 2.75 0
          5.875 2.75 0
          5.9375 2.75 0
          6 2.75 0
          6.0625 2.75 0
          6.125 2.75 0
          6.1875 2.75 0
          6.25 2.75 0
          6.3125 2.75 0
          6.375 2.75 0
          6.4375 2.75 0
          6.5 2.75 0
          6.5625 2.75 0
          6.625 2.75 0
          6.6875 2.75 0
          6.75 2.75 0
          6.8125 2.75 0
          6.875 2.75 0
          6.9375 2.75 0
          7 2.75 0
          0 2.8125 0
          0.0625 2.8125 0
          0.125 2.8125 0
          0.1875 2.8125 0
          0.25 2.8125 0
          0.3125 2.8125 0
          0.375 2.8125 0
          0.4375 2.8125 0
          0.5 2.8125 0
          0.5625 2.8125 0
          0.625 2.8125 0
          0.6875 2.8125 0
          0.75 2.8125 0
          0.8125 2.8125 0
          0.875 2.8125 0
          0.9375 2.8125 0
          1 2.8125 0
          1.0625 2.8125 0
          1.125 2.8125 0
          1.1875 2.8125 0
          1.25 2.8125 0
          1.3125 2.8125 0
          1.375 2.8125 0
          1.4375 2.8125 0
          1.5 2.8125 0
          1.5625 2.8125 0
          1.625 2.8125 0
          1.6875 2.8125 0
          1.75 2.8125 0
          1.8125 2.8125 0
          1.875 2.8125 0
          1.9375 2.8125 0
          2 2.8125 0
          2.0625 2.8125 0
          2.125 2.8125 0
          2.1875 2.8125 0
          2.25 2.8125 0
          2.3125 2.8125 0
          2.375 2.8125 0
          2.4375 2.8125 0
          2.5 2.8125 0
          2.5625 2.8125 0
          2.625 2.8125 0
          2.6875 2.8125 0
          2.75 2.8125 0
          2.8125 2.8125 0
          2.875 2.8125 0
          2.9375 2.8125 0
          3 2.8125 0
          3.0625 2.8125 0
          3.125 2.8125 0
          3.1875 2.8125 0
          3.25 2.8125 0
          3.3125 2.8125 0
          3.375 2.8125 0
          3.4375 2.8125 0
          3.5 2.8125 0
          3.5625 2.8125 0
          3.625 2.8125 0
          3.6875 2.8125 0
          3.75 2.8125 0
          3.8125 2.8125 0
          3.875 2.8125 0
          3.9375 2.8125 0
          4 2.8125 0
          4.0625 2.8125 0
          4.125 2.8125 0
          4.1875 2.8125 0
          4.25 2.8125 0
          4.3125 2.8125 0
          4.375 2.8125 0
          4.4375 2.8125 0
          4.5 2.8125 0
          4.5625 2.8125 0
          4.625 2.8125 0
          4.6875 2.8125 0
          4.75 2.8125 0
          4.8125 2.8125 0
          4.875 2.8125 0
          4.9375 2.8125 0
          5 2.8125 0
          5.0625 2.8125 0
          5.125 2.8125 0
          5.1875 2.8125 0
          5.25 2.8125 0
          5.3125 2.8125 0
          5.375 2.8125 0
          5.4375 2.8125 0
          5.5 2.8125 0
          5.5625 2.8125 0
          5.625 2.8125 0
          5.6875 2.8125 0
          5.75 2.8125 0
          5.8125 2.8125 0
          5.875 2.8125 0
          5.9375 2.8125 0
          6 2.8125 0
          6.0625 2.8125 0
          6.125 2.8125 0
          6.1875 2.8125 0
          6.25 2.8125 0
          6.3125 2.8125 0
          6.375 2.8125 0
          6.4375 2.8125 0
          6.5 2.8125 0
          6.5625 2.8125 0
          6.625 2.8125 0
          6.6875 2.8125 0
          6.75 2.8125 0
          6.8125 2.8125 0
          6.875 2.8125 0
          6.9375 2.8125 0
          7 2.8125 0
          0 2.875 0
          0.0625 2.875 0
          0.125 2.875 0
          0.1875 2.875 0
          0.25 2.875 0
          0.3125 2.875 0
          0.375 2.875 0
          0.4375 2.875 0
          0.5 2.875 0
          0.5625 2.875 0
          0.625 2.875 0
          0.6875 2.875 0
          0.75 2.875 0
          0.8125 2.875 0
          0.875 2.875 0
          0.9375 2.875 0
          1 2.875 0
          1.0625 2.875 0
          1.125 2.875 0
          1.1875 2.875 0
          1.25 2.875 0
          1.3125 2.875 0
          1.375 2.875 0
          1.4375 2.875 0
          1.5 2.875 0
          1.5625 2.875 0
          1.625 2.875 0
          1.6875 2.875 0
          1.75 2.875 0
          1.8125 2.875 0
          1.875 2.875 0
          1.9375 2.875 0
          2 2.875 0
          2.0625 2.875 0
          2.125 2.875 0
          2.1875 2.875 0
          2.25 2.875 0
          2.3125 2.875 0
          2.375 2.875 0
          2.4375 2.875 0
          2.5 2.875 0
          2.5625 2.875 0
          2.625 2.875 0
          2.6875 2.875 0
          2.75 2.875 0
          2.8125 2.875 0
          2.875 2.875 0
          2.9375 2.875 0
          3 2.875 0
          3.0625 2.875 0
          3.125 2.875 0
          3.1875 2.875 0
          3.25 2.875 0
          3.3125 2.875 0
          3.375 2.875 0
          3.4375 2.875 0
          3.5 2.875 0
          3.5625 2.875 0
          3.625 2.875 0
          3.6875 2.875 0
          3.75 2.875 0
          3.8125 2.875 0
          3.875 2.875 0
          3.9375 2.875 0
          4 2.875 0
          4.0625 2.875 0
          4.125 2.875 0
          4.1875 2.875 0
          4.25 2.875 0
          4.3125 2.875 0
          4.375 2.875 0
          4.4375 2.875 0
          4.5 2.875 0
          4.5625 2.875 0
          4.625 2.875 0
          4.6875 2.875 0
          4.75 2.875 0
          4.8125 2.875 0
          4.875 2.875 0
          4.9375 2.875 0
          5 2.875 0
          5.0625 2.875 0
          5.125 2.875 0
          5.1875 2.875 0
          5.25 2.875 0
          5.3125 2.875 0
          5.375 2.875 0
          5.4375 2.875 0
          5.5 2.875 0
          5.5625 2.875 0
          5.625 2.875 0
          5.6875 2.875 0
          5.75 2.875 0
          5.8125 2.875 0
          5.875 2.875 0
          5.9375 2.875 0
          6 2.875 0
          6.0625 2.875 0
          6.125 2.875 0
          6.1875 2.875 0
          6.25 2.875 0
          6.3125 2.875 0
          6.375 2.875 0
          6.4375 2.875 0
          6.5 2.875 0
          6.5625 2.875 0
          6.625 2.875 0
          6.6875 2.875 0
          6.75 2.875 0
          6.8125 2.875 0
          6.875 2.875 0
          6.9375 2.875 0
          7 2.875 0
          0 2.9375 0
          0.0625 2.9375 0
          0.125 2.9375 0
          0.1875 2.9375 0
          0.25 2.9375 0
          0.3125 2.9375 0
          0.375 2.9375 0
          0.4375 2.9375 0
          0.5 2.9375 0
          0.5625 2.9375 0
          0.625 2.9375 0
          0.6875 2.9375 0
          0.75 2.9375 0
          0.8125 2.9375 0
          0.875 2.9375 0
          0.9375 2.9375 0
          1 2.9375 0
          1.0625 2.9375 0
          1.125 2.9375 0
          1.1875 2.9375 0
          1.25 2.9375 0
          1.3125 2.9375 0
          1.375 2.9375 0
          1.4375 2.9375 0
          1.5 2.9375 0
          1.5625 2.9375 0
          1.625 2.9375 0
          1.6875 2.9375 0
          1.75 2.9375 0
          1.8125 2.9375 0
          1.875 2.9375 0
          1.9375 2.9375 0
          2 2.9375 0
          2.0625 2.9375 0
          2.125 2.9375 0
          2.1875 2.9375 0
          2.25 2.9375 0
          2.3125 2.9375 0
          2.375 2.9375 0
          2.4375 2.9375 0
          2.5 2.9375 0
          2.5625 2.9375 0
          2.625 2.9375 0
          2.6875 2.9375 0
          2.75 2.9375 0
          2.8125 2.9375 0
          2.875 2.9375 0
          2.9375 2.9375 0
          3 2.9375 0
          3.0625 2.9375 0
          3.125 2.9375 0
          3.1875 2.9375 0
          3.25 2.9375 0
          3.3125 2.9375 0
          3.375 2.9375 0
          3.4375 2.9375 0
          3.5 2.9375 0
          3.5625 2.9375 0
          3.625 2.9375 0
          3.6875 2.9375 0
          3.75 2.9375 0
          3.8125 2.9375 0
          3.875 2.9375 0
          3.9375 2.9375 0
          4 2.9375 0
          4.0625 2.9375 0
          4.125 2.9375 0
          4.1875 2.9375 0
          4.25 2.9375 0
          4.3125 2.9375 0
          4.375 2.9375 0
          4.4375 2.9375 0
          4.5 2.9375 0
          4.5625 2.9375 0
          4.625 2.9375 0
          4.6875 2.9375 0
          4.75 2.9375 0
          4.8125 2.9375 0
          4.875 2.9375 0
          4.9375 2.9375 0
          5 2.9375 0
          5.0625 2.9375 0
          5.125 2.9375 0
          5.1875 2.9375 0
          5.25 2.9375 0
          5.3125 2.9375 0
          5.375 2.9375 0
          5.4375 2.9375 0
          5.5 2.9375 0
          5.5625 2.9375 0
          5.625 2.9375 0
          5.6875 2.9375 0
          5.75 2.9375 0
          5.8125 2.9375 0
          5.875 2.9375 0
          5.9375 2.9375 0
          6 2.9375 0
          6.0625 2.9375 0
          6.125 2.9375 0
          6.1875 2.9375 0
          6.25 2.9375 0
          6.3125 2.9375 0
          6.375 2.9375 0
          6.4375 2.9375 0
          6.5 2.9375 0
          6.5625 2.9375 0
          6.625 2.9375 0
          6.6875 2.9375 0
          6.75 2.9375 0
          6.8125 2.9375 0
          6.875 2.9375 0
          6.9375 2.9375 0
          7 2.9375 0
          0 3 0
          0.0625 3 0
          0.125 3 0
          0.1875 3 0
          0.25 3 0
          0.3125 3 0
          0.375 3 0
          0.4375 3 0
          0.5 3 0
          0.5625 3 0
          0.625 3 0
          0.6875 3 0
          0.75 3 0
          0.8125 3 0
          0.875 3 0
          0.9375 3 0
          1 3 0
          1.0625 3 0
          1.125 3 0
          1.1875 3 0
          1.25 3 0
          1.3125 3 0
          1.375 3 0
          1.4375 3 0
          1.5 3 0
          1.5625 3 0
          1.625 3 0
          1.6875 3 0
          1.75 3 0
          1.8125 3 0
          1.875 3 0
          1.9375 3 0
          2 3 0
          2.0625 3 0
          2.125 3 0
          2.1875 3 0
          2.25 3 0
          2.3125 3 0
          2.375 3 0
          2.4375 3 0
          2.5 3 0
          2.5625 3 0
          2.625 3 0
          2.6875 3 0
          2.75 3 0
          2.8125 3 0
          2.875 3 0
          2.9375 3 0
          3 3 0
          3.0625 3 0
          3.125 3 0
          3.1875 3 0
          3.25 3 0
          3.3125 3 0
          3.375 3 0
          3.4375 3 0
          3.5 3 0
          3.5625 3 0
          3.625 3 0
          3.6875 3 0
          3.75 3 0
          3.8125 3 0
          3.875 3 0
          3.9375 3 0
          4 3 0
          4.0625 3 0
          4.125 3 0
          4.1875 3 0
          4.25 3 0
          4.3125 3 0
          4.375 3 0
          4.4375 3 0
          4.5 3 0
          4.5625 3 0
          4.625 3 0
          4.6875 3 0
          4.75 3 0
          4.8125 3 0
          4.875 3 0
          4.9375 3 0
          5 3 0
          5.0625 3 0
          5.125 3 0
          5.1875 3 0
          5.25 3 0
          5.3125 3 0
          5.375 3 0
          5.4375 3 0
          5.5 3 0
          5.5625 3 0
          5.625 3 0
          5.6875 3 0
          5.75 3 0
          5.8125 3 0
          5.875 3 0
          5.9375 3 0
          6 3 0
          6.0625 3 0
          6.125 3 0
          6.1875 3 0
          6.25 3 0
          6.3125 3 0
          6.375 3 0
          6.4375 3 0
          6.5 3 0
          6.5625 3 0
          6.625 3 0
          6.6875 3 0
          6.75 3 0
          6.8125 3 0
          6.875 3 0
          6.9375 3 0
          7 3 0
          0 0 0.050000000000000003
          0.0625 0 0.050000000000000003
          0.125 0 0.050000000000000003
          0.1875 0 0.050000000000000003
          0.25 0 0.050000000000000003
          0.3125 0 0.050000000000000003
          0.375 0 0.050000000000000003
          0.4375 0 0.050000000000000003
          0.5 0 0.050000000000000003
          0.5625 0 0.050000000000000003
          0.625 0 0.050000000000000003
          0.6875 0 0.050000000000000003
          0.75 0 0.050000000000000003
          0.8125 0 0.050000000000000003
          0.875 0 0.050000000000000003
          0.9375 0 0.050000000000000003
          1 0 0.050000000000000003
          1.0625 0 0.050000000000000003
          1.125 0 0.050000000000000003
          1.1875 0 0.050000000000000003
          1.25 0 0.050000000000000003
          1.3125 0 0.050000000000000003
          1.375 0 0.050000000000000003
          1.4375 0 0.050000000000000003
          1.5 0 0.050000000000000003
          1.5625 0 0.050000000000000003
          1.625 0 0.050000000000000003
          1.6875 0 0.050000000000000003
          1.75 0 0.050000000000000003
          1.8125 0 0.050000000000000003
          1.875 0 0.050000000000000003
          1.9375 0 0.050000000000000003
          2 0 0.050000000000000003
          2.0625 0 0.050000000000000003
          2.125 0 0.050000000000000003
          2.1875 0 0.050000000000000003
          2.25 0 0.050000000000000003
          2.3125 0 0.050000000000000003
          2.375 0 0.050000000000000003
          2.4375 0 0.050000000000000003
          2.5 0 0.050000000000000003
          2.5625 0 0.050000000000000003
          2.625 0 0.050000000000000003
          2.6875 0 0.050000000000000003
          2.75 0 0.050000000000000003
          2.8125 0 0.050000000000000003
          2.875 0 0.050000000000000003
          2.9375 0 0.050000000000000003
          3 0 0.050000000000000003
          3.0625 0 0.050000000000000003
          3.125 0 0.050000000000000003
          3.1875 0 0.050000000000000003
          3.25 0 0.050000000000000003
          3.3125 0 0.050000000000000003
          3.375 0 0.050000000000000003
          3.4375 0 0.050000000000000003
          3.5 0 0.050000000000000003
          3.5625 0 0.050000000000000003
          3.625 0 0.050000000000000003
          3.6875 0 0.050000000000000003
          3.75 0 0.050000000000000003
          3.8125 0 0.050000000000000003
          3.875 0 0.050000000000000003
          3.9375 0 0.050000000000000003
          4 0 0.050000000000000003
          4.0625 0 0.050000000000000003
          4.125 0 0.050000000000000003
          4.1875 0 0.050000000000000003
          4.25 0 0.050000000000000003
          4.3125 0 0.050000000000000003
          4.375 0 0.050000000000000003
          4.4375 0 0.050000000000000003
          4.5 0 0.050000000000000003
          4.5625 0 0.050000000000000003
          4.625 0 0.050000000000000003
          4.6875 0 0.050000000000000003
          4.75 0 0.050000000000000003
          4.8125 0 0.050000000000000003
          4.875 0 0.050000000000000003
          4.9375 0 0.050000000000000003
          5 0 0.050000000000000003
          5.0625 0 0.050000000000000003
          5.125 0 0.050000000000000003
          5.1875 0 0.050000000000000003
          5.25 0 0.050000000000000003
          5.3125 0 0.050000000000000003
          5.375 0 0.050000000000000003
          5.4375 0 0.050000000000000003
          5.5 0 0.050000000000000003
          5.5625 0 0.050000000000000003
          5.625 0 0.050000000000000003
          5.6875 0 0.050000000000000003
          5.75 0 0.050000000000000003
          5.8125 0 0.050000000000000003
          5.875 0 0.050000000000000003
          5.9375 0 0.050000000000000003
          6 0 0.050000000000000003
          6.0625 0 0.050000000000000003
          6.125 0 0.050000000000000003
          6.1875 0 0.050000000000000003
          6.25 0 0.050000000000000003
          6.3125 0 0.050000000000000003
          6.375 0 0.050000000000000003
          6.4375 0 0.050000000000000003
          6.5 0 0.050000000000000003
          6.5625 0 0.050000000000000003
          6.625 0 0.050000000000000003
          6.6875 0 0.050000000000000003
          6.75 0 0.050000000000000003
          6.8125 0 0.050000000000000003
          6.875 0 0.050000000000000003
          6.9375 0 0.050000000000000003
          7 0 0.050000000000000003
          0 0.0625 0.050000000000000003
          0.0625 0.0625 0.050000000000000003
          0.125 0.0625 0.050000000000000003
          0.1875 0.0625 0.050000000000000003
          0.25 0.0625 0.050000000000000003
          0.3125 0.0625 0.050000000000000003
          0.375 0.0625 0.050000000000000003
          0.4375 0.0625 0.050000000000000003
          0.5 0.0625 0.050000000000000003
          0.5625 0.0625 0.050000000000000003
          0.625 0.0625 0.050000000000000003
          0.6875 0.0625 0.050000000000000003
          0.75 0.0625 0.050000000000000003
          0.8125 0.0625 0.050000000000000003
          0.875 0.0625 0.050000000000000003
          0.9375 0.0625 0.050000000000000003
          1 0.0625 0.050000000000000003
          1.0625 0.0625 0.050000000000000003
          1.125 0.0625 0.050000000000000003
          1.1875 0.0625 0.050000000000000003
          1.25 0.0625 0.050000000000000003
          1.3125 0.0625 0.050000000000000003
          1.375 0.0625 0.050000000000000003
          1.4375 0.0625 0.050000000000000003
          1.5 0.0625 0.050000000000000003
          1.5625 0.0625 0.050000000000000003
          1.625 0.0625 0.050000000000000003
          1.6875 0.0625 0.050000000000000003
          1.75 0.0625 0.050000000000000003
          1.8125 0.0625 0.050000000000000003
          1.875 0.0625 0.050000000000000003
          1.9375 0.0625 0.050000000000000003
          2 0.0625 0.050000000000000003
          2.0625 0.0625 0.050000000000000003
          2.125 0.0625 0.050000000000000003
          2.1875 0.0625 0.050000000000000003
          2.25 0.0625 0.050000000000000003
          2.3125 0.0625 0.050000000000000003
          2.375 0.0625 0.050000000000000003
          2.4375 0.0625 0.050000000000000003
          2.5 0.0625 0.050000000000000003
          2.5625 0.0625 0.050000000000000003
          2.625 0.0625 0.050000000000000003
          2.6875 0.0625 0.050000000000000003
          2.75 0.0625 0.050000000000000003
          2.8125 0.0625 0.050000000000000003
          2.875 0.0625 0.050000000000000003
          2.9375 0.0625 0.050000000000000003
          3 0.0625 0.050000000000000003
          3.0625 0.0625 0.050000000000000003
          3.125 0.0625 0.050000000000000003
          3.1875 0.0625 0.050000000000000003
          3.25 0.0625 0.050000000000000003
          3.3125 0.0625 0.050000000000000003
          3.375 0.0625 0.050000000000000003
          3.4375 0.0625 0.050000000000000003
          3.5 0.0625 0.050000000000000003
          3.5625 0.0625 0.050000000000000003
          3.625 0.0625 0.050000000000000003
          3.6875 0.0625 0.050000000000000003
          3.75 0.0625 0.050000000000000003
          3.8125 0.0625 0.050000000000000003
          3.875 0.0625 0.050000000000000003
          3.9375 0.0625 0.050000000000000003
          4 0.0625 0.050000000000000003
          4.0625 0.0625 0.050000000000000003
          4.125 0.0625 0.050000000000000003
          4.1875 0.0625 0.050000000000000003
          4.25 0.0625 0.050000000000000003
          4.3125 0.0625 0.050000000000000003
          4.375 0.0625 0.050000000000000003
          4.4375 0.0625 0.050000000000000003
          4.5 0.0625 0.050000000000000003
          4.5625 0.0625 0.050000000000000003
          4.625 0.0625 0.050000000000000003
          4.6875 0.0625 0.050000000000000003
          4.75 0.0625 0.050000000000000003
          4.8125 0.0625 0.050000000000000003
          4.875 0.0625 0.050000000000000003
          4.9375 0.0625 0.050000000000000003
          5 0.0625 0.050000000000000003
          5.0625 0.0625 0.050000000000000003
          5.125 0.0625 0.050000000000000003
          5.1875 0.0625 0.050000000000000003
          5.25 0.0625 0.050000000000000003
          5.3125 0.0625 0.050000000000000003
          5.375 0.0625 0.050000000000000003
          5.4375 0.0625 0.050000000000000003
          5.5 0.0625 0.050000000000000003
          5.5625 0.0625 0.050000000000000003
          5.625 0.0625 0.050000000000000003
          5.6875 0.0625 0.050000000000000003
          5.75 0.0625 0.050000000000000003
          5.8125 0.0625 0.050000000000000003
          5.875 0.0625 0.050000000000000003
          5.9375 0.0625 0.050000000000000003
          6 0.0625 0.050000000000000003
          6.0625 0.0625 0.050000000000000003
          6.125 0.0625 0.050000000000000003
          6.1875 0.0625 0.050000000000000003
          6.25 0.0625 0.050000000000000003
          6.3125 0.0625 0.050000000000000003
          6.375 0.0625 0.050000000000000003
          6.4375 0.0625 0.050000000000000003
          6.5 0.0625 0.050000000000000003
          6.5625 0.0625 0.050000000000000003
          6.625 0.0625 0.050000000000000003
          6.6875 0.0625 0.050000000000000003
          6.75 0.0625 0.050000000000000003
          6.8125 0.0625 0.050000000000000003
          6.875 0.0625 0.050000000000000003
          6.9375 0.0625 0.050000000000000003
          7 0.0625 0.050000000000000003
          0 0.125 0.050000000000000003
          0.0625 0.125 0.050000000000000003
          0.125 0.125 0.050000000000000003
          0.1875 0.125 0.050000000000000003
          0.25 0.125 0.050000000000000003
          0.3125 0.125 0.050000000000000003
          0.375 0.125 0.050000000000000003
          0.4375 0.125 0.050000000000000003
          0.5 0.125 0.050000000000000003
          0.5625 0.125 0.050000000000000003
          0.625 0.125 0.050000000000000003
          0.6875 0.125 0.050000000000000003
          0.75 0.125 0.050000000000000003
          0.8125 0.125 0.050000000000000003
          0.875 0.125 0.050000000000000003
          0.9375 0.125 0.050000000000000003
          1 0.125 0.050000000000000003
          1.0625 0.125 0.050000000000000003
          1.125 0.125 0.050000000000000003
          1.1875 0.125 0.050000000000000003
          1.25 0.125 0.050000000000000003
          1.3125 0.125 0.050000000000000003
          1.375 0.125 0.050000000000000003
          1.4375 0.125 0.050000000000000003
          1.5 0.125 0.050000000000000003
          1.5625 0.125 0.050000000000000003
          1.625 0.125 0.050000000000000003
          1.6875 0.125 0.050000000000000003
          1.75 0.125 0.050000000000000003
          1.8125 0.125 0.050000000000000003
          1.875 0.125 0.050000000000000003
          1.9375 0.125 0.050000000000000003
          2 0.125 0.050000000000000003
          2.0625 0.125 0.050000000000000003
          2.125 0.125 0.050000000000000003
          2.1875 0.125 0.050000000000000003
          2.25 0.125 0.050000000000000003
          2.3125 0.125 0.050000000000000003
          2.375 0.125 0.050000000000000003
          2.4375 0.125 0.050000000000000003
          2.5 0.125 0.050000000000000003
          2.5625 0.125 0.050000000000000003
          2.625 0.125 0.050000000000000003
          2.6875 0.125 0.050000000000000003
          2.75 0.125 0.050000000000000003
          2.8125 0.125 0.050000000000000003
          2.875 0.125 0.050000000000000003
          2.9375 0.125 0.050000000000000003
          3 0.125 0.050000000000000003
          3.0625 0.125 0.050000000000000003
          3.125 0.125 0.050000000000000003
          3.1875 0.125 0.050000000000000003
          3.25 0.125 0.050000000000000003
          3.3125 0.125 0.050000000000000003
          3.375 0.125 0.050000000000000003
          3.4375 0.125 0.050000000000000003
          3.5 0.125 0.050000000000000003
          3.5625 0.125 0.050000000000000003
          3.625 0.125 0.050000000000000003
          3.6875 0.125 0.050000000000000003
          3.75 0.125 0.050000000000000003
          3.8125 0.125 0.050000000000000003
          3.875 0.125 0.050000000000000003
          3.9375 0.125 0.050000000000000003
          4 0.125 0.050000000000000003
          4.0625 0.125 0.050000000000000003
          4.125 0.125 0.050000000000000003
          4.1875 0.125 0.050000000000000003
          4.25 0.125 0.050000000000000003
          4.3125 0.125 0.050000000000000003
          4.375 0.125 0.050000000000000003
          4.4375 0.125 0.050000000000000003
          4.5 0.125 0.050000000000000003
          4.5625 0.125 0.050000000000000003
          4.625 0.125 0.050000000000000003
          4.6875 0.125 0.050000000000000003
          4.75 0.125 0.050000000000000003
          4.8125 0.125 0.050000000000000003
          4.875 0.125 0.050000000000000003
          4.9375 0.125 0.050000000000000003
          5 0.125 0.050000000000000003
          5.0625 0.125 0.050000000000000003
          5.125 0.125 0.050000000000000003
          5.1875 0.125 0.050000000000000003
          5.25 0.125 0.050000000000000003
          5.3125 0.125 0.050000000000000003
          5.375 0.125 0.050000000000000003
          5.4375 0.125 0.050000000000000003
          5.5 0.125 0.050000000000000003
          5.5625 0.125 0.050000000000000003
          5.625 0.125 0.050000000000000003
          5.6875 0.125 0.050000000000000003
          5.75 0.125 0.050000000000000003
          5.8125 0.125 0.050000000000000003
          5.875 0.125 0.050000000000000003
          5.9375 0.125 0.050000000000000003
          6 0.125 0.050000000000000003
          6.0625 0.125 0.050000000000000003
          6.125 0.125 0.050000000000000003
          6.1875 0.125 0.050000000000000003
          6.25 0.125 0.050000000000000003
          6.3125 0.125 0.050000000000000003
          6.375 0.125 0.050000000000000003
          6.4375 0.125 0.050000000000000003
          6.5 0.125 0.050000000000000003
          6.5625 0.125 0.050000000000000003
          6.625 0.125 0.050000000000000003
          6.6875 0.125 0.050000000000000003
          6.75 0.125 0.050000000000000003
          6.8125 0.125 0.050000000000000003
          6.875 0.125 0.050000000000000003
          6.9375 0.125 0.050000000000000003
          7 0.125 0.050000000000000003
          0 0.1875 0.050000000000000003
          0.0625 0.1875 0.050000000000000003
          0.125 0.1875 0.050000000000000003
          0.1875 0.1875 0.050000000000000003
          0.25 0.1875 0.050000000000000003
          0.3125 0.1875 0.050000000000000003
          0.375 0.1875 0.050000000000000003
          0.4375 0.1875 0.050000000000000003
          0.5 0.1875 0.050000000000000003
          0.5625 0.1875 0.050000000000000003
          0.625 0.1875 0.050000000000000003
          0.6875 0.1875 0.050000000000000003
          0.75 0.1875 0.050000000000000003
          0.8125 0.1875 0.050000000000000003
          0.875 0.1875 0.050000000000000003
          0.9375 0.1875 0.050000000000000003
          1 0.1875 0.050000000000000003
          1.0625 0.1875 0.050000000000000003
          1.125 0.1875 0.050000000000000003
          1.1875 0.1875 0.050000000000000003
          1.25 0.1875 0.050000000000000003
          1.3125 0.1875 0.050000000000000003
          1.375 0.1875 0.050000000000000003
          1.4375 0.1875 0.050000000000000003
          1.5 0.1875 0.050000000000000003
          1.5625 0.1875 0.050000000000000003
          1.625 0.1875 0.050000000000000003
          1.6875 0.1875 0.050000000000000003
          1.75 0.1875 0.050000000000000003
          1.8125 0.1875 0.050000000000000003
          1.875 0.1875 0.050000000000000003
          1.9375 0.1875 0.050000000000000003
          2 0.1875 0.050000000000000003
          2.0625 0.1875 0.050000000000000003
          2.125 0.1875 0.050000000000000003
          2.1875 0.1875 0.050000000000000003
          2.25 0.1875 0.050000000000000003
          2.3125 0.1875 0.050000000000000003
          2.375 0.1875 0.050000000000000003
          2.4375 0.1875 0.050000000000000003
          2.5 0.1875 0.050000000000000003
          2.5625 0.1875 0.050000000000000003
          2.625 0.1875 0.050000000000000003
          2.6875 0.1875 0.050000000000000003
          2.75 0.1875 0.050000000000000003
          2.8125 0.1875 0.050000000000000003
          2.875 0.1875 0.050000000000000003
          2.9375 0.1875 0.050000000000000003
          3 0.1875 0.050000000000000003
          3.0625 0.1875 0.050000000000000003
          3.125 0.1875 0.050000000000000003
          3.1875 0.1875 0.050000000000000003
          3.25 0.1875 0.050000000000000003
          3.3125 0.1875 0.050000000000000003
          3.375 0.1875 0.050000000000000003
          3.4375 0.1875 0.050000000000000003
          3.5 0.1875 0.050000000000000003
          3.5625 0.1875 0.050000000000000003
          3.625 0.1875 0.050000000000000003
          3.6875 0.1875 0.050000000000000003
          3.75 0.1875 0.050000000000000003
          3.8125 0.1875 0.050000000000000003
          3.875 0.1875 0.050000000000000003
          3.9375 0.1875 0.050000000000000003
          4 0.1875 0.050000000000000003
          4.0625 0.1875 0.050000000000000003
          4.125 0.1875 0.050000000000000003
          4.1875 0.1875 0.050000000000000003
          4.25 0.1875 0.050000000000000003
          4.3125 0.1875 0.050000000000000003
          4.375 0.1875 0.050000000000000003
          4.4375 0.1875 0.050000000000000003
          4.5 0.1875 0.050000000000000003
          4.5625 0.1875 0.050000000000000003
          4.625 0.1875 0.050000000000000003
          4.6875 0.1875 0.050000000000000003
          4.75 0.1875 0.050000000000000003
          4.8125 0.1875 0.050000000000000003
          4.875 0.1875 0.050000000000000003
          4.9375 0.1875 0.050000000000000003
          5 0.1875 0.050000000000000003
          5.0625 0.1875 0.050000000000000003
          5.125 0.1875 0.050000000000000003
          5.1875 0.1875 0.050000000000000003
          5.25 0.1875 0.050000000000000003
          5.3125 0.1875 0.050000000000000003
          5.375 0.1875 0.050000000000000003
          5.4375 0.1875 0.050000000000000003
          5.5 0.1875 0.050000000000000003
          5.5625 0.1875 0.050000000000000003
          5.625 0.1875 0.050000000000000003
          5.6875 0.1875 0.050000000000000003
          5.75 0.1875 0.050000000000000003
          5.8125 0.1875 0.050000000000000003
          5.875 0.1875 0.050000000000000003
          5.9375 0.1875 0.050000000000000003
          6 0.1875 0.050000000000000003
          6.0625 0.1875 0.050000000000000003
          6.125 0.1875 0.050000000000000003
          6.1875 0.1875 0.050000000000000003
          6.25 0.1875 0.050000000000000003
          6.3125 0.1875 0.050000000000000003
          6.375 0.1875 0.050000000000000003
          6.4375 0.1875 0.050000000000000003
          6.5 0.1875 0.050000000000000003
          6.5625 0.1875 0.050000000000000003
          6.625 0.1875 0.050000000000000003
          6.6875 0.1875 0.050000000000000003
          6.75 0.1875 0.050000000000000003
          6.8125 0.1875 0.050000000000000003
          6.875 0.1875 0.050000000000000003
          6.9375 0.1875 0.050000000000000003
          7 0.1875 0.050000000000000003
          0 0.25 0.050000000000000003
          0.0625 0.25 0.050000000000000003
          0.125 0.25 0.050000000000000003
          0.1875 0.25 0.050000000000000003
          0.25 0.25 0.050000000000000003
          0.3125 0.25 0.050000000000000003
          0.375 0.25 0.050000000000000003
          0.4375 0.25 0.050000000000000003
          0.5 0.25 0.050000000000000003
          0.5625 0.25 0.050000000000000003
          0.625 0.25 0.050000000000000003
          0.6875 0.25 0.050000000000000003
          0.75 0.25 0.050000000000000003
          0.8125 0.25 0.050000000000000003
          0.875 0.25 0.050000000000000003
          0.9375 0.25 0.050000000000000003
          1 0.25 0.050000000000000003
          1.0625 0.25 0.050000000000000003
          1.125 0.25 0.050000000000000003
          1.1875 0.25 0.050000000000000003
          1.25 0.25 0.050000000000000003
          1.3125 0.25 0.050000000000000003
          1.375 0.25 0.050000000000000003
          1.4375 0.25 0.050000000000000003
          1.5 0.25 0.050000000000000003
          1.5625 0.25 0.050000000000000003
          1.625 0.25 0.050000000000000003
          1.6875 0.25 0.050000000000000003
          1.75 0.25 0.050000000000000003
          1.8125 0.25 0.050000000000000003
          1.875 0.25 0.050000000000000003
          1.9375 0.25 0.050000000000000003
          2 0.25 0.050000000000000003
          2.0625 0.25 0.050000000000000003
          2.125 0.25 0.050000000000000003
          2.1875 0.25 0.050000000000000003
          2.25 0.25 0.050000000000000003
          2.3125 0.25 0.050000000000000003
          2.375 0.25 0.050000000000000003
          2.4375 0.25 0.050000000000000003
          2.5 0.25 0.050000000000000003
          2.5625 0.25 0.050000000000000003
          2.625 0.25 0.050000000000000003
          2.6875 0.25 0.050000000000000003
          2.75 0.25 0.050000000000000003
          2.8125 0.25 0.050000000000000003
          2.875 0.25 0.050000000000000003
          2.9375 0.25 0.050000000000000003
          3 0.25 0.050000000000000003
          3.0625 0.25 0.050000000000000003
          3.125 0.25 0.050000000000000003
          3.1875 0.25 0.050000000000000003
          3.25 0.25 0.050000000000000003
          3.3125 0.25 0.050000000000000003
          3.375 0.25 0.050000000000000003
          3.4375 0.25 0.050000000000000003
          3.5 0.25 0.050000000000000003
          3.5625 0.25 0.050000000000000003
          3.625 0.25 0.050000000000000003
          3.6875 0.25 0.050000000000000003
          3.75 0.25 0.050000000000000003
          3.8125 0.25 0.050000000000000003
          3.875 0.25 0.050000000000000003
          3.9375 0.25 0.050000000000000003
          4 0.25 0.050000000000000003
          4.0625 0.25 0.050000000000000003
          4.125 0.25 0.050000000000000003
          4.1875 0.25 0.050000000000000003
          4.25 0.25 0.050000000000000003
          4.3125 0.25 0.050000000000000003
          4.375 0.25 0.050000000000000003
          4.4375 0.25 0.050000000000000003
          4.5 0.25 0.050000000000000003
          4.5625 0.25 0.050000000000000003
          4.625 0.25 0.050000000000000003
          4.6875 0.25 0.050000000000000003
          4.75 0.25 0.050000000000000003
          4.8125 0.25 0.050000000000000003
          4.875 0.25 0.050000000000000003
          4.9375 0.25 0.050000000000000003
          5 0.25 0.050000000000000003
          5.0625 0.25 0.050000000000000003
          5.125 0.25 0.050000000000000003
          5.1875 0.25 0.050000000000000003
          5.25 0.25 0.050000000000000003
          5.3125 0.25 0.050000000000000003
          5.375 0.25 0.050000000000000003
          5.4375 0.25 0.050000000000000003
          5.5 0.25 0.050000000000000003
          5.5625 0.25 0.050000000000000003
          5.625 0.25 0.050000000000000003
          5.6875 0.25 0.050000000000000003
          5.75 0.25 0.050000000000000003
          5.8125 0.25 0.050000000000000003
          5.875 0.25 0.050000000000000003
          5.9375 0.25 0.050000000000000003
          6 0.25 0.050000000000000003
          6.0625 0.25 0.050000000000000003
          6.125 0.25 0.050000000000000003
          6.1875 0.25 0.050000000000000003
          6.25 0.25 0.050000000000000003
          6.3125 0.25 0.050000000000000003
          6.375 0.25 0.050000000000000003
          6.4375 0.25 0.050000000000000003
          6.5 0.25 0.050000000000000003
          6.5625 0.25 0.050000000000000003
          6.625 0.25 0.050000000000000003
          6.6875 0.25 0.050000000000000003
          6.75 0.25 0.050000000000000003
          6.8125 0.25 0.050000000000000003
          6.875 0.25 0.050000000000000003
          6.9375 0.25 0.050000000000000003
          7 0.25 0.050000000000000003
          0 0.3125 0.050000000000000003
          0.0625 0.3125 0.050000000000000003
          0.125 0.3125 0.050000000000000003
          0.1875 0.3125 0.050000000000000003
          0.25 0.3125 0.050000000000000003
          0.3125 0.3125 0.050000000000000003
          0.375 0.3125 0.050000000000000003
          0.4375 0.3125 0.050000000000000003
          0.5 0.3125 0.050000000000000003
          0.5625 0.3125 0.050000000000000003
          0.625 0.3125 0.050000000000000003
          0.6875 0.3125 0.050000000000000003
          0.75 0.3125 0.050000000000000003
          0.8125 0.3125 0.050000000000000003
          0.875 0.3125 0.050000000000000003
          0.9375 0.3125 0.050000000000000003
          1 0.3125 0.050000000000000003
          1.0625 0.3125 0.050000000000000003
          1.125 0.3125 0.050000000000000003
          1.1875 0.3125 0.050000000000000003
          1.25 0.3125 0.050000000000000003
          1.3125 0.3125 0.050000000000000003
          1.375 0.3125 0.050000000000000003
          1.4375 0.3125 0.050000000000000003
          1.5 0.3125 0.050000000000000003
          1.5625 0.3125 0.050000000000000003
          1.625 0.3125 0.050000000000000003
          1.6875 0.3125 0.050000000000000003
          1.75 0.3125 0.050000000000000003
          1.8125 0.3125 0.050000000000000003
          1.875 0.3125 0.050000000000000003
          1.9375 0.3125 0.050000000000000003
          2 0.3125 0.050000000000000003
          2.0625 0.3125 0.050000000000000003
          2.125 0.3125 0.050000000000000003
          2.1875 0.3125 0.050000000000000003
          2.25 0.3125 0.050000000000000003
          2.3125 0.3125 0.050000000000000003
          2.375 0.3125 0.050000000000000003
          2.4375 0.3125 0.050000000000000003
          2.5 0.3125 0.050000000000000003
          2.5625 0.3125 0.050000000000000003
          2.625 0.3125 0.050000000000000003
          2.6875 0.3125 0.050000000000000003
          2.75 0.3125 0.050000000000000003
          2.8125 0.3125 0.050000000000000003
          2.875 0.3125 0.050000000000000003
          2.9375 0.3125 0.050000000000000003
          3 0.3125 0.050000000000000003
          3.0625 0.3125 0.050000000000000003
          3.125 0.3125 0.050000000000000003
          3.1875 0.3125 0.050000000000000003
          3.25 0.3125 0.050000000000000003
          3.3125 0.3125 0.050000000000000003
          3.375 0.3125 0.050000000000000003
          3.4375 0.3125 0.050000000000000003
          3.5 0.3125 0.050000000000000003
          3.5625 0.3125 0.050000000000000003
          3.625 0.3125 0.050000000000000003
          3.6875 0.3125 0.050000000000000003
          3.75 0.3125 0.050000000000000003
          3.8125 0.3125 0.050000000000000003
          3.875 0.3125 0.050000000000000003
          3.9375 0.3125 0.050000000000000003
          4 0.3125 0.050000000000000003
          4.0625 0.3125 0.050000000000000003
          4.125 0.3125 0.050000000000000003
          4.1875 0.3125 0.050000000000000003
          4.25 0.3125 0.050000000000000003
          4.3125 0.3125 0.050000000000000003
          4.375 0.3125 0.050000000000000003
          4.4375 0.3125 0.050000000000000003
          4.5 0.3125 0.050000000000000003
          4.5625 0.3125 0.050000000000000003
          4.625 0.3125 0.050000000000000003
          4.6875 0.3125 0.050000000000000003
          4.75 0.3125 0.050000000000000003
          4.8125 0.3125 0.050000000000000003
          4.875 0.3125 0.050000000000000003
          4.9375 0.3125 0.050000000000000003
          5 0.3125 0.050000000000000003
          5.0625 0.3125 0.050000000000000003
          5.125 0.3125 0.050000000000000003
          5.1875 0.3125 0.050000000000000003
          5.25 0.3125 0.050000000000000003
          5.3125 0.3125 0.050000000000000003
          5.375 0.3125 0.050000000000000003
          5.4375 0.3125 0.050000000000000003
          5.5 0.3125 0.050000000000000003
          5.5625 0.3125 0.050000000000000003
          5.625 0.3125 0.050000000000000003
          5.6875 0.3125 0.050000000000000003
          5.75 0.3125 0.050000000000000003
          5.8125 0.3125 0.050000000000000003
          5.875 0.3125 0.050000000000000003
          5.9375 0.3125 0.050000000000000003
          6 0.3125 0.050000000000000003
          6.0625 0.3125 0.050000000000000003
          6.125 0.3125 0.050000000000000003
          6.1875 0.3125 0.050000000000000003
          6.25 0.3125 0.050000000000000003
          6.3125 0.3125 0.050000000000000003
          6.375 0.3125 0.050000000000000003
          6.4375 0.3125 0.050000000000000003
          6.5 0.3125 0.050000000000000003
          6.5625 0.3125 0.050000000000000003
          6.625 0.3125 0.050000000000000003
          6.6875 0.3125 0.050000000000000003
          6.75 0.3125 0.050000000000000003
          6.8125 0.3125 0.050000000000000003
          6.875 0.3125 0.050000000000000003
          6.9375 0.3125 0.050000000000000003
          7 0.3125 0.050000000000000003
          0 0.375 0.050000000000000003
          0.0625 0.375 0.050000000000000003
          0.125 0.375 0.050000000000000003
          0.1875 0.375 0.050000000000000003
          0.25 0.375 0.050000000000000003
          0.3125 0.375 0.050000000000000003
          0.375 0.375 0.050000000000000003
          0.4375 0.375 0.050000000000000003
          0.5 0.375 0.050000000000000003
          0.5625 0.375 0.050000000000000003
          0.625 0.375 0.050000000000000003
          0.6875 0.375 0.050000000000000003
          0.75 0.375 0.050000000000000003
          0.8125 0.375 0.050000000000000003
          0.875 0.375 0.050000000000000003
          0.9375 0.375 0.050000000000000003
          1 0.375 0.050000000000000003
          1.0625 0.375 0.050000000000000003
          1.125 0.375 0.050000000000000003
          1.1875 0.375 0.050000000000000003
          1.25 0.375 0.050000000000000003
          1.3125 0.375 0.050000000000000003
          1.375 0.375 0.050000000000000003
          1.4375 0.375 0.050000000000000003
          1.5 0.375 0.050000000000000003
          1.5625 0.375 0.050000000000000003
          1.625 0.375 0.050000000000000003
          1.6875 0.375 0.050000000000000003
          1.75 0.375 0.050000000000000003
          1.8125 0.375 0.050000000000000003
          1.875 0.375 0.050000000000000003
          1.9375 0.375 0.050000000000000003
          2 0.375 0.050000000000000003
          2.0625 0.375 0.050000000000000003
          2.125 0.375 0.050000000000000003
          2.1875 0.375 0.050000000000000003
          2.25 0.375 0.050000000000000003
          2.3125 0.375 0.050000000000000003
          2.375 0.375 0.050000000000000003
          2.4375 0.375 0.050000000000000003
          2.5 0.375 0.050000000000000003
          2.5625 0.375 0.050000000000000003
          2.625 0.375 0.050000000000000003
          2.6875 0.375 0.050000000000000003
          2.75 0.375 0.050000000000000003
          2.8125 0.375 0.050000000000000003
          2.875 0.375 0.050000000000000003
          2.9375 0.375 0.050000000000000003
          3 0.375 0.050000000000000003
          3.0625 0.375 0.050000000000000003
          3.125 0.375 0.050000000000000003
          3.1875 0.375 0.050000000000000003
          3.25 0.375 0.050000000000000003
          3.3125 0.375 0.050000000000000003
          3.375 0.375 0.050000000000000003
          3.4375 0.375 0.050000000000000003
          3.5 0.375 0.050000000000000003
          3.5625 0.375 0.050000000000000003
          3.625 0.375 0.050000000000000003
          3.6875 0.375 0.050000000000000003
          3.75 0.375 0.050000000000000003
          3.8125 0.375 0.050000000000000003
          3.875 0.375 0.050000000000000003
          3.9375 0.375 0.050000000000000003
          4 0.375 0.050000000000000003
          4.0625 0.375 0.050000000000000003
          4.125 0.375 0.050000000000000003
          4.1875 0.375 0.050000000000000003
          4.25 0.375 0.050000000000000003
          4.3125 0.375 0.050000000000000003
          4.375 0.375 0.050000000000000003
          4.4375 0.375 0.050000000000000003
          4.5 0.375 0.050000000000000003
          4.5625 0.375 0.050000000000000003
          4.625 0.375 0.050000000000000003
          4.6875 0.375 0.050000000000000003
          4.75 0.375 0.050000000000000003
          4.8125 0.375 0.050000000000000003
          4.875 0.375 0.050000000000000003
          4.9375 0.375 0.050000000000000003
          5 0.375 0.050000000000000003
          5.0625 0.375 0.050000000000000003
          5.125 0.375 0.050000000000000003
          5.1875 0.375 0.050000000000000003
          5.25 0.375 0.050000000000000003
          5.3125 0.375 0.050000000000000003
          5.375 0.375 0.050000000000000003
          5.4375 0.375 0.050000000000000003
          5.5 0.375 0.050000000000000003
          5.5625 0.375 0.050000000000000003
          5.625 0.375 0.050000000000000003
          5.6875 0.375 0.050000000000000003
          5.75 0.375 0.050000000000000003
          5.8125 0.375 0.050000000000000003
          5.875 0.375 0.050000000000000003
          5.9375 0.375 0.050000000000000003
          6 0.375 0.050000000000000003
          6.0625 0.375 0.050000000000000003
          6.125 0.375 0.050000000000000003
          6.1875 0.375 0.050000000000000003
          6.25 0.375 0.050000000000000003
          6.3125 0.375 0.050000000000000003
          6.375 0.375 0.050000000000000003
          6.4375 0.375 0.050000000000000003
          6.5 0.375 0.050000000000000003
          6.5625 0.375 0.050000000000000003
          6.625 0.375 0.050000000000000003
          6.6875 0.375 0.050000000000000003
          6.75 0.375 0.050000000000000003
          6.8125 0.375 0.050000000000000003
          6.875 0.375 0.050000000000000003
          6.9375 0.375 0.050000000000000003
          7 0.375 0.050000000000000003
          0 0.4375 0.050000000000000003
          0.0625 0.4375 0.050000000000000003
          0.125 0.4375 0.050000000000000003
          0.1875 0.4375 0.050000000000000003
          0.25 0.4375 0.050000000000000003
          0.3125 0.4375 0.050000000000000003
          0.375 0.4375 0.050000000000000003
          0.4375 0.4375 0.050000000000000003
          0.5 0.4375 0.050000000000000003
          0.5625 0.4375 0.050000000000000003
          0.625 0.4375 0.050000000000000003
          0.6875 0.4375 0.050000000000000003
          0.75 0.4375 0.050000000000000003
          0.8125 0.4375 0.050000000000000003
          0.875 0.4375 0.050000000000000003
          0.9375 0.4375 0.050000000000000003
          1 0.4375 0.050000000000000003
          1.0625 0.4375 0.050000000000000003
          1.125 0.4375 0.050000000000000003
          1.1875 0.4375 0.050000000000000003
          1.25 0.4375 0.050000000000000003
          1.3125 0.4375 0.050000000000000003
          1.375 0.4375 0.050000000000000003
          1.4375 0.4375 0.050000000000000003
          1.5 0.4375 0.050000000000000003
          1.5625 0.4375 0.050000000000000003
          1.625 0.4375 0.050000000000000003
          1.6875 0.4375 0.050000000000000003
          1.75 0.4375 0.050000000000000003
          1.8125 0.4375 0.050000000000000003
          1.875 0.4375 0.050000000000000003
          1.9375 0.4375 0.050000000000000003
          2 0.4375 0.050000000000000003
          2.0625 0.4375 0.050000000000000003
          2.125 0.4375 0.050000000000000003
          2.1875 0.4375 0.050000000000000003
          2.25 0.4375 0.050000000000000003
          2.3125 0.4375 0.050000000000000003
          2.375 0.4375 0.050000000000000003
          2.4375 0.4375 0.050000000000000003
          2.5 0.4375 0.050000000000000003
          2.5625 0.4375 0.050000000000000003
          2.625 0.4375 0.050000000000000003
          2.6875 0.4375 0.050000000000000003
          2.75 0.4375 0.050000000000000003
          2.8125 0.4375 0.050000000000000003
          2.875 0.4375 0.050000000000000003
          2.9375 0.4375 0.050000000000000003
          3 0.4375 0.050000000000000003
          3.0625 0.4375 0.050000000000000003
          3.125 0.4375 0.050000000000000003
          3.1875 0.4375 0.050000000000000003
          3.25 0.4375 0.050000000000000003
          3.3125 0.4375 0.050000000000000003
          3.375 0.4375 0.050000000000000003
          3.4375 0.4375 0.050000000000000003
          3.5 0.4375 0.050000000000000003
          3.5625 0.4375 0.050000000000000003
          3.625 0.4375 0.050000000000000003
          3.6875 0.4375 0.050000000000000003
          3.75 0.4375 0.050000000000000003
          3.8125 0.4375 0.050000000000000003
          3.875 0.4375 0.050000000000000003
          3.9375 0.4375 0.050000000000000003
          4 0.4375 0.050000000000000003
          4.0625 0.4375 0.050000000000000003
          4.125 0.4375 0.050000000000000003
          4.1875 0.4375 0.050000000000000003
          4.25 0.4375 0.050000000000000003
          4.3125 0.4375 0.050000000000000003
          4.375 0.4375 0.050000000000000003
          4.4375 0.4375 0.050000000000000003
          4.5 0.4375 0.050000000000000003
          4.5625 0.4375 0.050000000000000003
          4.625 0.4375 0.050000000000000003
          4.6875 0.4375 0.050000000000000003
          4.75 0.4375 0.050000000000000003
          4.8125 0.4375 0.050000000000000003
          4.875 0.4375 0.050000000000000003
          4.9375 0.4375 0.050000000000000003
          5 0.4375 0.050000000000000003
          5.0625 0.4375 0.050000000000000003
          5.125 0.4375 0.050000000000000003
          5.1875 0.4375 0.050000000000000003
          5.25 0.4375 0.050000000000000003
          5.3125 0.4375 0.050000000000000003
          5.375 0.4375 0.050000000000000003
          5.4375 0.4375 0.050000000000000003
          5.5 0.4375 0.050000000000000003
          5.5625 0.4375 0.050000000000000003
          5.625 0.4375 0.050000000000000003
          5.6875 0.4375 0.050000000000000003
          5.75 0.4375 0.050000000000000003
          5.8125 0.4375 0.050000000000000003
          5.875 0.4375 0.050000000000000003
          5.9375 0.4375 0.050000000000000003
          6 0.4375 0.050000000000000003
          6.0625 0.4375 0.050000000000000003
          6.125 0.4375 0.050000000000000003
          6.1875 0.4375 0.050000000000000003
          6.25 0.4375 0.050000000000000003
          6.3125 0.4375 0.050000000000000003
          6.375 0.4375 0.050000000000000003
          6.4375 0.4375 0.050000000000000003
          6.5 0.4375 0.050000000000000003
          6.5625 0.4375 0.050000000000000003
          6.625 0.4375 0.050000000000000003
          6.6875 0.4375 0.050000000000000003
          6.75 0.4375 0.050000000000000003
          6.8125 0.4375 0.050000000000000003
          6.875 0.4375 0.050000000000000003
          6.9375 0.4375 0.050000000000000003
          7 0.4375 0.050000000000000003
          0 0.5 0.050000000000000003
          0.0625 0.5 0.050000000000000003
          0.125 0.5 0.050000000000000003
          0.1875 0.5 0.050000000000000003
          0.25 0.5 0.050000000000000003
          0.3125 0.5 0.050000000000000003
          0.375 0.5 0.050000000000000003
          0.4375 0.5 0.050000000000000003
          0.5 0.5 0.050000000000000003
          0.5625 0.5 0.050000000000000003
          0.625 0.5 0.050000000000000003
          0.6875 0.5 0.050000000000000003
          0.75 0.5 0.050000000000000003
          0.8125 0.5 0.050000000000000003
          0.875 0.5 0.050000000000000003
          0.9375 0.5 0.050000000000000003
          1 0.5 0.050000000000000003
          1.0625 0.5 0.050000000000000003
          1.125 0.5 0.050000000000000003
          1.1875 0.5 0.050000000000000003
          1.25 0.5 0.050000000000000003
          1.3125 0.5 0.050000000000000003
          1.375 0.5 0.050000000000000003
          1.4375 0.5 0.050000000000000003
          1.5 0.5 0.050000000000000003
          1.5625 0.5 0.050000000000000003
          1.625 0.5 0.050000000000000003
          1.6875 0.5 0.050000000000000003
          1.75 0.5 0.050000000000000003
          1.8125 0.5 0.050000000000000003
          1.875 0.5 0.050000000000000003
          1.9375 0.5 0.050000000000000003
          2 0.5 0.050000000000000003
          2.0625 0.5 0.050000000000000003
          2.125 0.5 0.050000000000000003
          2.1875 0.5 0.050000000000000003
          2.25 0.5 0.050000000000000003
          2.3125 0.5 0.050000000000000003
          2.375 0.5 0.050000000000000003
          2.4375 0.5 0.050000000000000003
          2.5 0.5 0.050000000000000003
          2.5625 0.5 0.050000000000000003
          2.625 0.5 0.050000000000000003
          2.6875 0.5 0.050000000000000003
          2.75 0.5 0.050000000000000003
          2.8125 0.5 0.050000000000000003
          2.875 0.5 0.050000000000000003
          2.9375 0.5 0.050000000000000003
          3 0.5 0.050000000000000003
          3.0625 0.5 0.050000000000000003
          3.125 0.5 0.050000000000000003
          3.1875 0.5 0.050000000000000003
          3.25 0.5 0.050000000000000003
          3.3125 0.5 0.050000000000000003
          3.375 0.5 0.050000000000000003
          3.4375 0.5 0.050000000000000003
          3.5 0.5 0.050000000000000003
          3.5625 0.5 0.050000000000000003
          3.625 0.5 0.050000000000000003
          3.6875 0.5 0.050000000000000003
          3.75 0.5 0.050000000000000003
          3.8125 0.5 0.050000000000000003
          3.875 0.5 0.050000000000000003
          3.9375 0.5 0.050000000000000003
          4 0.5 0.050000000000000003
          4.0625 0.5 0.050000000000000003
          4.125 0.5 0.050000000000000003
          4.1875 0.5 0.050000000000000003
          4.25 0.5 0.050000000000000003
          4.3125 0.5 0.050000000000000003
          4.375 0.5 0.050000000000000003
          4.4375 0.5 0.050000000000000003
          4.5 0.5 0.050000000000000003
          4.5625 0.5 0.050000000000000003
          4.625 0.5 0.050000000000000003
          4.6875 0.5 0.050000000000000003
          4.75 0.5 0.050000000000000003
          4.8125 0.5 0.050000000000000003
          4.875 0.5 0.050000000000000003
          4.9375 0.5 0.050000000000000003
          5 0.5 0.050000000000000003
          5.0625 0.5 0.050000000000000003
          5.125 0.5 0.050000000000000003
          5.1875 0.5 0.050000000000000003
          5.25 0.5 0.050000000000000003
          5.3125 0.5 0.050000000000000003
          5.375 0.5 0.050000000000000003
          5.4375 0.5 0.050000000000000003
          5.5 0.5 0.050000000000000003
          5.5625 0.5 0.050000000000000003
          5.625 0.5 0.050000000000000003
          5.6875 0.5 0.050000000000000003
          5.75 0.5 0.050000000000000003
          5.8125 0.5 0.050000000000000003
          5.875 0.5 0.050000000000000003
          5.9375 0.5 0.050000000000000003
          6 0.5 0.050000000000000003
          6.0625 0.5 0.050000000000000003
          6.125 0.5 0.050000000000000003
          6.1875 0.5 0.050000000000000003
          6.25 0.5 0.050000000000000003
          6.3125 0.5 0.050000000000000003
          6.375 0.5 0.050000000000000003
          6.4375 0.5 0.050000000000000003
          6.5 0.5 0.050000000000000003
          6.5625 0.5 0.050000000000000003
          6.625 0.5 0.050000000000000003
          6.6875 0.5 0.050000000000000003
          6.75 0.5 0.050000000000000003
          6.8125 0.5 0.050000000000000003
          6.875 0.5 0.050000000000000003
          6.9375 0.5 0.050000000000000003
          7 0.5 0.050000000000000003
          0 0.5625 0.050000000000000003
          0.0625 0.5625 0.050000000000000003
          0.125 0.5625 0.050000000000000003
          0.1875 0.5625 0.050000000000000003
          0.25 0.5625 0.050000000000000003
          0.3125 0.5625 0.050000000000000003
          0.375 0.5625 0.050000000000000003
          0.4375 0.5625 0.050000000000000003
          0.5 0.5625 0.050000000000000003
          0.5625 0.5625 0.050000000000000003
          0.625 0.5625 0.050000000000000003
          0.6875 0.5625 0.050000000000000003
          0.75 0.5625 0.050000000000000003
          0.8125 0.5625 0.050000000000000003
          0.875 0.5625 0.050000000000000003
          0.9375 0.5625 0.050000000000000003
          1 0.5625 0.050000000000000003
          1.0625 0.5625 0.050000000000000003
          1.125 0.5625 0.050000000000000003
          1.1875 0.5625 0.050000000000000003
          1.25 0.5625 0.050000000000000003
          1.3125 0.5625 0.050000000000000003
          1.375 0.5625 0.050000000000000003
          1.4375 0.5625 0.050000000000000003
          1.5 0.5625 0.050000000000000003
          1.5625 0.5625 0.050000000000000003
          1.625 0.5625 0.050000000000000003
          1.6875 0.5625 0.050000000000000003
          1.75 0.5625 0.050000000000000003
          1.8125 0.5625 0.050000000000000003
          1.875 0.5625 0.050000000000000003
          1.9375 0.5625 0.050000000000000003
          2 0.5625 0.050000000000000003
          2.0625 0.5625 0.050000000000000003
          2.125 0.5625 0.050000000000000003
          2.1875 0.5625 0.050000000000000003
          2.25 0.5625 0.050000000000000003
          2.3125 0.5625 0.050000000000000003
          2.375 0.5625 0.050000000000000003
          2.4375 0.5625 0.050000000000000003
          2.5 0.5625 0.050000000000000003
          2.5625 0.5625 0.050000000000000003
          2.625 0.5625 0.050000000000000003
          2.6875 0.5625 0.050000000000000003
          2.75 0.5625 0.050000000000000003
          2.8125 0.5625 0.050000000000000003
          2.875 0.5625 0.050000000000000003
          2.9375 0.5625 0.050000000000000003
          3 0.5625 0.050000000000000003
          3.0625 0.5625 0.050000000000000003
          3.125 0.5625 0.050000000000000003
          3.1875 0.5625 0.050000000000000003
          3.25 0.5625 0.050000000000000003
          3.3125 0.5625 0.050000000000000003
          3.375 0.5625 0.050000000000000003
          3.4375 0.5625 0.050000000000000003
          3.5 0.5625 0.050000000000000003
          3.5625 0.5625 0.050000000000000003
          3.625 0.5625 0.050000000000000003
          3.6875 0.5625 0.050000000000000003
          3.75 0.5625 0.050000000000000003
          3.8125 0.5625 0.050000000000000003
          3.875 0.5625 0.050000000000000003
          3.9375 0.5625 0.050000000000000003
          4 0.5625 0.050000000000000003
          4.0625 0.5625 0.050000000000000003
          4.125 0.5625 0.050000000000000003
          4.1875 0.5625 0.050000000000000003
          4.25 0.5625 0.050000000000000003
          4.3125 0.5625 0.050000000000000003
          4.375 0.5625 0.050000000000000003
          4.4375 0.5625 0.050000000000000003
          4.5 0.5625 0.050000000000000003
          4.5625 0.5625 0.050000000000000003
          4.625 0.5625 0.050000000000000003
          4.6875 0.5625 0.050000000000000003
          4.75 0.5625 0.050000000000000003
          4.8125 0.5625 0.050000000000000003
          4.875 0.5625 0.050000000000000003
          4.9375 0.5625 0.050000000000000003
          5 0.5625 0.050000000000000003
          5.0625 0.5625 0.050000000000000003
          5.125 0.5625 0.050000000000000003
          5.1875 0.5625 0.050000000000000003
          5.25 0.5625 0.050000000000000003
          5.3125 0.5625 0.050000000000000003
          5.375 0.5625 0.050000000000000003
          5.4375 0.5625 0.050000000000000003
          5.5 0.5625 0.050000000000000003
          5.5625 0.5625 0.050000000000000003
          5.625 0.5625 0.050000000000000003
          5.6875 0.5625 0.050000000000000003
          5.75 0.5625 0.050000000000000003
          5.8125 0.5625 0.050000000000000003
          5.875 0.5625 0.050000000000000003
          5.9375 0.5625 0.050000000000000003
          6 0.5625 0.050000000000000003
          6.0625 0.5625 0.050000000000000003
          6.125 0.5625 0.050000000000000003
          6.1875 0.5625 0.050000000000000003
          6.25 0.5625 0.050000000000000003
          6.3125 0.5625 0.050000000000000003
          6.375 0.5625 0.050000000000000003
          6.4375 0.5625 0.050000000000000003
          6.5 0.5625 0.050000000000000003
          6.5625 0.5625 0.050000000000000003
          6.625 0.5625 0.050000000000000003
          6.6875 0.5625 0.050000000000000003
          6.75 0.5625 0.050000000000000003
          6.8125 0.5625 0.050000000000000003
          6.875 0.5625 0.050000000000000003
          6.9375 0.5625 0.050000000000000003
          7 0.5625 0.050000000000000003
          0 0.625 0.050000000000000003
          0.0625 0.625 0.050000000000000003
          0.125 0.625 0.050000000000000003
          0.1875 0.625 0.050000000000000003
          0.25 0.625 0.050000000000000003
          0.3125 0.625 0.050000000000000003
          0.375 0.625 0.050000000000000003
          0.4375 0.625 0.050000000000000003
          0.5 0.625 0.050000000000000003
          0.5625 0.625 0.050000000000000003
          0.625 0.625 0.050000000000000003
          0.6875 0.625 0.050000000000000003
          0.75 0.625 0.050000000000000003
          0.8125 0.625 0.050000000000000003
          0.875 0.625 0.050000000000000003
          0.9375 0.625 0.050000000000000003
          1 0.625 0.050000000000000003
          1.0625 0.625 0.050000000000000003
          1.125 0.625 0.050000000000000003
          1.1875 0.625 0.050000000000000003
          1.25 0.625 0.050000000000000003
          1.3125 0.625 0.050000000000000003
          1.375 0.625 0.050000000000000003
          1.4375 0.625 0.050000000000000003
          1.5 0.625 0.050000000000000003
          1.5625 0.625 0.050000000000000003
          1.625 0.625 0.050000000000000003
          1.6875 0.625 0.050000000000000003
          1.75 0.625 0.050000000000000003
          1.8125 0.625 0.050000000000000003
          1.875 0.625 0.050000000000000003
          1.9375 0.625 0.050000000000000003
          2 0.625 0.050000000000000003
          2.0625 0.625 0.050000000000000003
          2.125 0.625 0.050000000000000003
          2.1875 0.625 0.050000000000000003
          2.25 0.625 0.050000000000000003
          2.3125 0.625 0.050000000000000003
          2.375 0.625 0.050000000000000003
          2.4375 0.625 0.050000000000000003
          2.5 0.625 0.050000000000000003
          2.5625 0.625 0.050000000000000003
          2.625 0.625 0.050000000000000003
          2.6875 0.625 0.050000000000000003
          2.75 0.625 0.050000000000000003
          2.8125 0.625 0.050000000000000003
          2.875 0.625 0.050000000000000003
          2.9375 0.625 0.050000000000000003
          3 0.625 0.050000000000000003
          3.0625 0.625 0.050000000000000003
          3.125 0.625 0.050000000000000003
          3.1875 0.625 0.050000000000000003
          3.25 0.625 0.050000000000000003
          3.3125 0.625 0.050000000000000003
          3.375 0.625 0.050000000000000003
          3.4375 0.625 0.050000000000000003
          3.5 0.625 0.050000000000000003
          3.5625 0.625 0.050000000000000003
          3.625 0.625 0.050000000000000003
          3.6875 0.625 0.050000000000000003
          3.75 0.625 0.050000000000000003
          3.8125 0.625 0.050000000000000003
          3.875 0.625 0.050000000000000003
          3.9375 0.625 0.050000000000000003
          4 0.625 0.050000000000000003
          4.0625 0.625 0.050000000000000003
          4.125 0.625 0.050000000000000003
          4.1875 0.625 0.050000000000000003
          4.25 0.625 0.050000000000000003
          4.3125 0.625 0.050000000000000003
          4.375 0.625 0.050000000000000003
          4.4375 0.625 0.050000000000000003
          4.5 0.625 0.050000000000000003
          4.5625 0.625 0.050000000000000003
          4.625 0.625 0.050000000000000003
          4.6875 0.625 0.050000000000000003
          4.75 0.625 0.050000000000000003
          4.8125 0.625 0.050000000000000003
          4.875 0.625 0.050000000000000003
          4.9375 0.625 0.050000000000000003
          5 0.625 0.050000000000000003
          5.0625 0.625 0.050000000000000003
          5.125 0.625 0.050000000000000003
          5.1875 0.625 0.050000000000000003
          5.25 0.625 0.050000000000000003
          5.3125 0.625 0.050000000000000003
          5.375 0.625 0.050000000000000003
          5.4375 0.625 0.050000000000000003
          5.5 0.625 0.050000000000000003
          5.5625 0.625 0.050000000000000003
          5.625 0.625 0.050000000000000003
          5.6875 0.625 0.050000000000000003
          5.75 0.625 0.050000000000000003
          5.8125 0.625 0.050000000000000003
          5.875 0.625 0.050000000000000003
          5.9375 0.625 0.050000000000000003
          6 0.625 0.050000000000000003
          6.0625 0.625 0.050000000000000003
          6.125 0.625 0.050000000000000003
          6.1875 0.625 0.050000000000000003
          6.25 0.625 0.050000000000000003
          6.3125 0.625 0.050000000000000003
          6.375 0.625 0.050000000000000003
          6.4375 0.625 0.050000000000000003
          6.5 0.625 0.050000000000000003
          6.5625 0.625 0.050000000000000003
          6.625 0.625 0.050000000000000003
          6.6875 0.625 0.050000000000000003
          6.75 0.625 0.050000000000000003
          6.8125 0.625 0.050000000000000003
          6.875 0.625 0.050000000000000003
          6.9375 0.625 0.050000000000000003
          7 0.625 0.050000000000000003
          0 0.6875 0.050000000000000003
          0.0625 0.6875 0.050000000000000003
          0.125 0.6875 0.050000000000000003
          0.1875 0.6875 0.050000000000000003
          0.25 0.6875 0.050000000000000003
          0.3125 0.6875 0.050000000000000003
          0.375 0.6875 0.050000000000000003
          0.4375 0.6875 0.050000000000000003
          0.5 0.6875 0.050000000000000003
          0.5625 0.6875 0.050000000000000003
          0.625 0.6875 0.050000000000000003
          0.6875 0.6875 0.050000000000000003
          0.75 0.6875 0.050000000000000003
          0.8125 0.6875 0.050000000000000003
          0.875 0.6875 0.050000000000000003
          0.9375 0.6875 0.050000000000000003
          1 0.6875 0.050000000000000003
          1.0625 0.6875 0.050000000000000003
          1.125 0.6875 0.050000000000000003
          1.1875 0.6875 0.050000000000000003
          1.25 0.6875 0.050000000000000003
          1.3125 0.6875 0.050000000000000003
          1.375 0.6875 0.050000000000000003
          1.4375 0.6875 0.050000000000000003
          1.5 0.6875 0.050000000000000003
          1.5625 0.6875 0.050000000000000003
          1.625 0.6875 0.050000000000000003
          1.6875 0.6875 0.050000000000000003
          1.75 0.6875 0.050000000000000003
          1.8125 0.6875 0.050000000000000003
          1.875 0.6875 0.050000000000000003
          1.9375 0.6875 0.050000000000000003
          2 0.6875 0.050000000000000003
          2.0625 0.6875 0.050000000000000003
          2.125 0.6875 0.050000000000000003
          2.1875 0.6875 0.050000000000000003
          2.25 0.6875 0.050000000000000003
          2.3125 0.6875 0.050000000000000003
          2.375 0.6875 0.050000000000000003
          2.4375 0.6875 0.050000000000000003
          2.5 0.6875 0.050000000000000003
          2.5625 0.6875 0.050000000000000003
          2.625 0.6875 0.050000000000000003
          2.6875 0.6875 0.050000000000000003
          2.75 0.6875 0.050000000000000003
          2.8125 0.6875 0.050000000000000003
          2.875 0.6875 0.050000000000000003
          2.9375 0.6875 0.050000000000000003
          3 0.6875 0.050000000000000003
          3.0625 0.6875 0.050000000000000003
          3.125 0.6875 0.050000000000000003
          3.1875 0.6875 0.050000000000000003
          3.25 0.6875 0.050000000000000003
          3.3125 0.6875 0.050000000000000003
          3.375 0.6875 0.050000000000000003
          3.4375 0.6875 0.050000000000000003
          3.5 0.6875 0.050000000000000003
          3.5625 0.6875 0.050000000000000003
          3.625 0.6875 0.050000000000000003
          3.6875 0.6875 0.050000000000000003
          3.75 0.6875 0.050000000000000003
          3.8125 0.6875 0.050000000000000003
          3.875 0.6875 0.050000000000000003
          3.9375 0.6875 0.050000000000000003
          4 0.6875 0.050000000000000003
          4.0625 0.6875 0.050000000000000003
          4.125 0.6875 0.050000000000000003
          4.1875 0.6875 0.050000000000000003
          4.25 0.6875 0.050000000000000003
          4.3125 0.6875 0.050000000000000003
          4.375 0.6875 0.050000000000000003
          4.4375 0.6875 0.050000000000000003
          4.5 0.6875 0.050000000000000003
          4.5625 0.6875 0.050000000000000003
          4.625 0.6875 0.050000000000000003
          4.6875 0.6875 0.050000000000000003
          4.75 0.6875 0.050000000000000003
          4.8125 0.6875 0.050000000000000003
          4.875 0.6875 0.050000000000000003
          4.9375 0.6875 0.050000000000000003
          5 0.6875 0.050000000000000003
          5.0625 0.6875 0.050000000000000003
          5.125 0.6875 0.050000000000000003
          5.1875 0.6875 0.050000000000000003
          5.25 0.6875 0.050000000000000003
          5.3125 0.6875 0.050000000000000003
          5.375 0.6875 0.050000000000000003
          5.4375 0.6875 0.050000000000000003
          5.5 0.6875 0.050000000000000003
          5.5625 0.6875 0.050000000000000003
          5.625 0.6875 0.050000000000000003
          5.6875 0.6875 0.050000000000000003
          5.75 0.6875 0.050000000000000003
          5.8125 0.6875 0.050000000000000003
          5.875 0.6875 0.050000000000000003
          5.9375 0.6875 0.050000000000000003
          6 0.6875 0.050000000000000003
          6.0625 0.6875 0.050000000000000003
          6.125 0.6875 0.050000000000000003
          6.1875 0.6875 0.050000000000000003
          6.25 0.6875 0.050000000000000003
          6.3125 0.6875 0.050000000000000003
          6.375 0.6875 0.050000000000000003
          6.4375 0.6875 0.050000000000000003
          6.5 0.6875 0.050000000000000003
          6.5625 0.6875 0.050000000000000003
          6.625 0.6875 0.050000000000000003
          6.6875 0.6875 0.050000000000000003
          6.75 0.6875 0.050000000000000003
          6.8125 0.6875 0.050000000000000003
          6.875 0.6875 0.050000000000000003
          6.9375 0.6875 0.050000000000000003
          7 0.6875 0.050000000000000003
          0 0.75 0.050000000000000003
          0.0625 0.75 0.050000000000000003
          0.125 0.75 0.050000000000000003
          0.1875 0.75 0.050000000000000003
          0.25 0.75 0.050000000000000003
          0.3125 0.75 0.050000000000000003
          0.375 0.75 0.050000000000000003
          0.4375 0.75 0.050000000000000003
          0.5 0.75 0.050000000000000003
          0.5625 0.75 0.050000000000000003
          0.625 0.75 0.050000000000000003
          0.6875 0.75 0.050000000000000003
          0.75 0.75 0.050000000000000003
          0.8125 0.75 0.050000000000000003
          0.875 0.75 0.050000000000000003
          0.9375 0.75 0.050000000000000003
          1 0.75 0.050000000000000003
          1.0625 0.75 0.050000000000000003
          1.125 0.75 0.050000000000000003
          1.1875 0.75 0.050000000000000003
          1.25 0.75 0.050000000000000003
          1.3125 0.75 0.050000000000000003
          1.375 0.75 0.050000000000000003
          1.4375 0.75 0.050000000000000003
          1.5 0.75 0.050000000000000003
          1.5625 0.75 0.050000000000000003
          1.625 0.75 0.050000000000000003
          1.6875 0.75 0.050000000000000003
          1.75 0.75 0.050000000000000003
          1.8125 0.75 0.050000000000000003
          1.875 0.75 0.050000000000000003
          1.9375 0.75 0.050000000000000003
          2 0.75 0.050000000000000003
          2.0625 0.75 0.050000000000000003
          2.125 0.75 0.050000000000000003
          2.1875 0.75 0.050000000000000003
          2.25 0.75 0.050000000000000003
          2.3125 0.75 0.050000000000000003
          2.375 0.75 0.050000000000000003
          2.4375 0.75 0.050000000000000003
          2.5 0.75 0.050000000000000003
          2.5625 0.75 0.050000000000000003
          2.625 0.75 0.050000000000000003
          2.6875 0.75 0.050000000000000003
          2.75 0.75 0.050000000000000003
          2.8125 0.75 0.050000000000000003
          2.875 0.75 0.050000000000000003
          2.9375 0.75 0.050000000000000003
          3 0.75 0.050000000000000003
          3.0625 0.75 0.050000000000000003
          3.125 0.75 0.050000000000000003
          3.1875 0.75 0.050000000000000003
          3.25 0.75 0.050000000000000003
          3.3125 0.75 0.050000000000000003
          3.375 0.75 0.050000000000000003
          3.4375 0.75 0.050000000000000003
          3.5 0.75 0.050000000000000003
          3.5625 0.75 0.050000000000000003
          3.625 0.75 0.050000000000000003
          3.6875 0.75 0.050000000000000003
          3.75 0.75 0.050000000000000003
          3.8125 0.75 0.050000000000000003
          3.875 0.75 0.050000000000000003
          3.9375 0.75 0.050000000000000003
          4 0.75 0.050000000000000003
          4.0625 0.75 0.050000000000000003
          4.125 0.75 0.050000000000000003
          4.1875 0.75 0.050000000000000003
          4.25 0.75 0.050000000000000003
          4.3125 0.75 0.050000000000000003
          4.375 0.75 0.050000000000000003
          4.4375 0.75 0.050000000000000003
          4.5 0.75 0.050000000000000003
          4.5625 0.75 0.050000000000000003
          4.625 0.75 0.050000000000000003
          4.6875 0.75 0.050000000000000003
          4.75 0.75 0.050000000000000003
          4.8125 0.75 0.050000000000000003
          4.875 0.75 0.050000000000000003
          4.9375 0.75 0.050000000000000003
          5 0.75 0.050000000000000003
          5.0625 0.75 0.050000000000000003
          5.125 0.75 0.050000000000000003
          5.1875 0.75 0.050000000000000003
          5.25 0.75 0.050000000000000003
          5.3125 0.75 0.050000000000000003
          5.375 0.75 0.050000000000000003
          5.4375 0.75 0.050000000000000003
          5.5 0.75 0.050000000000000003
          5.5625 0.75 0.050000000000000003
          5.625 0.75 0.050000000000000003
          5.6875 0.75 0.050000000000000003
          5.75 0.75 0.050000000000000003
          5.8125 0.75 0.050000000000000003
          5.875 0.75 0.050000000000000003
          5.9375 0.75 0.050000000000000003
          6 0.75 0.050000000000000003
          6.0625 0.75 0.050000000000000003
          6.125 0.75 0.050000000000000003
          6.1875 0.75 0.050000000000000003
          6.25 0.75 0.050000000000000003
          6.3125 0.75 0.050000000000000003
          6.375 0.75 0.050000000000000003
          6.4375 0.75 0.050000000000000003
          6.5 0.75 0.050000000000000003
          6.5625 0.75 0.050000000000000003
          6.625 0.75 0.050000000000000003
          6.6875 0.75 0.050000000000000003
          6.75 0.75 0.050000000000000003
          6.8125 0.75 0.050000000000000003
          6.875 0.75 0.050000000000000003
          6.9375 0.75 0.050000000000000003
          7 0.75 0.050000000000000003
          0 0.8125 0.050000000000000003
          0.0625 0.8125 0.050000000000000003
          0.125 0.8125 0.050000000000000003
          0.1875 0.8125 0.050000000000000003
          0.25 0.8125 0.050000000000000003
          0.3125 0.8125 0.050000000000000003
          0.375 0.8125 0.050000000000000003
          0.4375 0.8125 0.050000000000000003
          0.5 0.8125 0.050000000000000003
          0.5625 0.8125 0.050000000000000003
          0.625 0.8125 0.050000000000000003
          0.6875 0.8125 0.050000000000000003
          0.75 0.8125 0.050000000000000003
          0.8125 0.8125 0.050000000000000003
          0.875 0.8125 0.050000000000000003
          0.9375 0.8125 0.050000000000000003
          1 0.8125 0.050000000000000003
          1.0625 0.8125 0.050000000000000003
          1.125 0.8125 0.050000000000000003
          1.1875 0.8125 0.050000000000000003
          1.25 0.8125 0.050000000000000003
          1.3125 0.8125 0.050000000000000003
          1.375 0.8125 0.050000000000000003
          1.4375 0.8125 0.050000000000000003
          1.5 0.8125 0.050000000000000003
          1.5625 0.8125 0.050000000000000003
          1.625 0.8125 0.050000000000000003
          1.6875 0.8125 0.050000000000000003
          1.75 0.8125 0.050000000000000003
          1.8125 0.8125 0.050000000000000003
          1.875 0.8125 0.050000000000000003
          1.9375 0.8125 0.050000000000000003
          2 0.8125 0.050000000000000003
          2.0625 0.8125 0.050000000000000003
          2.125 0.8125 0.050000000000000003
          2.1875 0.8125 0.050000000000000003
          2.25 0.8125 0.050000000000000003
          2.3125 0.8125 0.050000000000000003
          2.375 0.8125 0.050000000000000003
          2.4375 0.8125 0.050000000000000003
          2.5 0.8125 0.050000000000000003
          2.5625 0.8125 0.050000000000000003
          2.625 0.8125 0.050000000000000003
          2.6875 0.8125 0.050000000000000003
          2.75 0.8125 0.050000000000000003
          2.8125 0.8125 0.050000000000000003
          2.875 0.8125 0.050000000000000003
          2.9375 0.8125 0.050000000000000003
          3 0.8125 0.050000000000000003
          3.0625 0.8125 0.050000000000000003
          3.125 0.8125 0.050000000000000003
          3.1875 0.8125 0.050000000000000003
          3.25 0.8125 0.050000000000000003
          3.3125 0.8125 0.050000000000000003
          3.375 0.8125 0.050000000000000003
          3.4375 0.8125 0.050000000000000003
          3.5 0.8125 0.050000000000000003
          3.5625 0.8125 0.050000000000000003
          3.625 0.8125 0.050000000000000003
          3.6875 0.8125 0.050000000000000003
          3.75 0.8125 0.050000000000000003
          3.8125 0.8125 0.050000000000000003
          3.875 0.8125 0.050000000000000003
          3.9375 0.8125 0.050000000000000003
          4 0.8125 0.050000000000000003
          4.0625 0.8125 0.050000000000000003
          4.125 0.8125 0.050000000000000003
          4.1875 0.8125 0.050000000000000003
          4.25 0.8125 0.050000000000000003
          4.3125 0.8125 0.050000000000000003
          4.375 0.8125 0.050000000000000003
          4.4375 0.8125 0.050000000000000003
          4.5 0.8125 0.050000000000000003
          4.5625 0.8125 0.050000000000000003
          4.625 0.8125 0.050000000000000003
          4.6875 0.8125 0.050000000000000003
          4.75 0.8125 0.050000000000000003
          4.8125 0.8125 0.050000000000000003
          4.875 0.8125 0.050000000000000003
          4.9375 0.8125 0.050000000000000003
          5 0.8125 0.050000000000000003
          5.0625 0.8125 0.050000000000000003
          5.125 0.8125 0.050000000000000003
          5.1875 0.8125 0.050000000000000003
          5.25 0.8125 0.050000000000000003
          5.3125 0.8125 0.050000000000000003
          5.375 0.8125 0.050000000000000003
          5.4375 0.8125 0.050000000000000003
          5.5 0.8125 0.050000000000000003
          5.5625 0.8125 0.050000000000000003
          5.625 0.8125 0.050000000000000003
          5.6875 0.8125 0.050000000000000003
          5.75 0.8125 0.050000000000000003
          5.8125 0.8125 0.050000000000000003
          5.875 0.8125 0.050000000000000003
          5.9375 0.8125 0.050000000000000003
          6 0.8125 0.050000000000000003
          6.0625 0.8125 0.050000000000000003
          6.125 0.8125 0.050000000000000003
          6.1875 0.8125 0.050000000000000003
          6.25 0.8125 0.050000000000000003
          6.3125 0.8125 0.050000000000000003
          6.375 0.8125 0.050000000000000003
          6.4375 0.8125 0.050000000000000003
          6.5 0.8125 0.050000000000000003
          6.5625 0.8125 0.050000000000000003
          6.625 0.8125 0.050000000000000003
          6.6875 0.8125 0.050000000000000003
          6.75 0.8125 0.050000000000000003
          6.8125 0.8125 0.050000000000000003
          6.875 0.8125 0.050000000000000003
          6.9375 0.8125 0.050000000000000003
          7 0.8125 0.050000000000000003
          0 0.875 0.050000000000000003
          0.0625 0.875 0.050000000000000003
          0.125 0.875 0.050000000000000003
          0.1875 0.875 0.050000000000000003
          0.25 0.875 0.050000000000000003
          0.3125 0.875 0.050000000000000003
          0.375 0.875 0.050000000000000003
          0.4375 0.875 0.050000000000000003
          0.5 0.875 0.050000000000000003
          0.5625 0.875 0.050000000000000003
          0.625 0.875 0.050000000000000003
          0.6875 0.875 0.050000000000000003
          0.75 0.875 0.050000000000000003
          0.8125 0.875 0.050000000000000003
          0.875 0.875 0.050000000000000003
          0.9375 0.875 0.050000000000000003
          1 0.875 0.050000000000000003
          1.0625 0.875 0.050000000000000003
          1.125 0.875 0.050000000000000003
          1.1875 0.875 0.050000000000000003
          1.25 0.875 0.050000000000000003
          1.3125 0.875 0.050000000000000003
          1.375 0.875 0.050000000000000003
          1.4375 0.875 0.050000000000000003
          1.5 0.875 0.050000000000000003
          1.5625 0.875 0.050000000000000003
          1.625 0.875 0.050000000000000003
          1.6875 0.875 0.050000000000000003
          1.75 0.875 0.050000000000000003
          1.8125 0.875 0.050000000000000003
          1.875 0.875 0.050000000000000003
          1.9375 0.875 0.050000000000000003
          2 0.875 0.050000000000000003
          2.0625 0.875 0.050000000000000003
          2.125 0.875 0.050000000000000003
          2.1875 0.875 0.050000000000000003
          2.25 0.875 0.050000000000000003
          2.3125 0.875 0.050000000000000003
          2.375 0.875 0.050000000000000003
          2.4375 0.875 0.050000000000000003
          2.5 0.875 0.050000000000000003
          2.5625 0.875 0.050000000000000003
          2.625 0.875 0.050000000000000003
          2.6875 0.875 0.050000000000000003
          2.75 0.875 0.050000000000000003
          2.8125 0.875 0.050000000000000003
          2.875 0.875 0.050000000000000003
          2.9375 0.875 0.050000000000000003
          3 0.875 0.050000000000000003
          3.0625 0.875 0.050000000000000003
          3.125 0.875 0.050000000000000003
          3.1875 0.875 0.050000000000000003
          3.25 0.875 0.050000000000000003
          3.3125 0.875 0.050000000000000003
          3.375 0.875 0.050000000000000003
          3.4375 0.875 0.050000000000000003
          3.5 0.875 0.050000000000000003
          3.5625 0.875 0.050000000000000003
          3.625 0.875 0.050000000000000003
          3.6875 0.875 0.050000000000000003
          3.75 0.875 0.050000000000000003
          3.8125 0.875 0.050000000000000003
          3.875 0.875 0.050000000000000003
          3.9375 0.875 0.050000000000000003
          4 0.875 0.050000000000000003
          4.0625 0.875 0.050000000000000003
          4.125 0.875 0.050000000000000003
          4.1875 0.875 0.050000000000000003
          4.25 0.875 0.050000000000000003
          4.3125 0.875 0.050000000000000003
          4.375 0.875 0.050000000000000003
          4.4375 0.875 0.050000000000000003
          4.5 0.875 0.050000000000000003
          4.5625 0.875 0.050000000000000003
          4.625 0.875 0.050000000000000003
          4.6875 0.875 0.050000000000000003
          4.75 0.875 0.050000000000000003
          4.8125 0.875 0.050000000000000003
          4.875 0.875 0.050000000000000003
          4.9375 0.875 0.050000000000000003
          5 0.875 0.050000000000000003
          5.0625 0.875 0.050000000000000003
          5.125 0.875 0.050000000000000003
          5.1875 0.875 0.050000000000000003
          5.25 0.875 0.050000000000000003
          5.3125 0.875 0.050000000000000003
          5.375 0.875 0.050000000000000003
          5.4375 0.875 0.050000000000000003
          5.5 0.875 0.050000000000000003
          5.5625 0.875 0.050000000000000003
          5.625 0.875 0.050000000000000003
          5.6875 0.875 0.050000000000000003
          5.75 0.875 0.050000000000000003
          5.8125 0.875 0.050000000000000003
          5.875 0.875 0.050000000000000003
          5.9375 0.875 0.050000000000000003
          6 0.875 0.050000000000000003
          6.0625 0.875 0.050000000000000003
          6.125 0.875 0.050000000000000003
          6.1875 0.875 0.050000000000000003
          6.25 0.875 0.050000000000000003
          6.3125 0.875 0.050000000000000003
          6.375 0.875 0.050000000000000003
          6.4375 0.875 0.050000000000000003
          6.5 0.875 0.050000000000000003
          6.5625 0.875 0.050000000000000003
          6.625 0.875 0.050000000000000003
          6.6875 0.875 0.050000000000000003
          6.75 0.875 0.050000000000000003
          6.8125 0.875 0.050000000000000003
          6.875 0.875 0.050000000000000003
          6.9375 0.875 0.050000000000000003
          7 0.875 0.050000000000000003
          0 0.9375 0.050000000000000003
          0.0625 0.9375 0.050000000000000003
          0.125 0.9375 0.050000000000000003
          0.1875 0.9375 0.050000000000000003
          0.25 0.9375 0.050000000000000003
          0.3125 0.9375 0.050000000000000003
          0.375 0.9375 0.050000000000000003
          0.4375 0.9375 0.050000000000000003
          0.5 0.9375 0.050000000000000003
          0.5625 0.9375 0.050000000000000003
          0.625 0.9375 0.050000000000000003
          0.6875 0.9375 0.050000000000000003
          0.75 0.9375 0.050000000000000003
          0.8125 0.9375 0.050000000000000003
          0.875 0.9375 0.050000000000000003
          0.9375 0.9375 0.050000000000000003
          1 0.9375 0.050000000000000003
          1.0625 0.9375 0.050000000000000003
          1.125 0.9375 0.050000000000000003
          1.1875 0.9375 0.050000000000000003
          1.25 0.9375 0.050000000000000003
          1.3125 0.9375 0.050000000000000003
          1.375 0.9375 0.050000000000000003
          1.4375 0.9375 0.050000000000000003
          1.5 0.9375 0.050000000000000003
          1.5625 0.9375 0.050000000000000003
          1.625 0.9375 0.050000000000000003
          1.6875 0.9375 0.050000000000000003
          1.75 0.9375 0.050000000000000003
          1.8125 0.9375 0.050000000000000003
          1.875 0.9375 0.050000000000000003
          1.9375 0.9375 0.050000000000000003
          2 0.9375 0.050000000000000003
          2.0625 0.9375 0.050000000000000003
          2.125 0.9375 0.050000000000000003
          2.1875 0.9375 0.050000000000000003
          2.25 0.9375 0.050000000000000003
          2.3125 0.9375 0.050000000000000003
          2.375 0.9375 0.050000000000000003
          2.4375 0.9375 0.050000000000000003
          2.5 0.9375 0.050000000000000003
          2.5625 0.9375 0.050000000000000003
          2.625 0.9375 0.050000000000000003
          2.6875 0.9375 0.050000000000000003
          2.75 0.9375 0.050000000000000003
          2.8125 0.9375 0.050000000000000003
          2.875 0.9375 0.050000000000000003
          2.9375 0.9375 0.050000000000000003
          3 0.9375 0.050000000000000003
          3.0625 0.9375 0.050000000000000003
          3.125 0.9375 0.050000000000000003
          3.1875 0.9375 0.050000000000000003
          3.25 0.9375 0.050000000000000003
          3.3125 0.9375 0.050000000000000003
          3.375 0.9375 0.050000000000000003
          3.4375 0.9375 0.050000000000000003
          3.5 0.9375 0.050000000000000003
          3.5625 0.9375 0.050000000000000003
          3.625 0.9375 0.050000000000000003
          3.6875 0.9375 0.050000000000000003
          3.75 0.9375 0.050000000000000003
          3.8125 0.9375 0.050000000000000003
          3.875 0.9375 0.050000000000000003
          3.9375 0.9375 0.050000000000000003
          4 0.9375 0.050000000000000003
          4.0625 0.9375 0.050000000000000003
          4.125 0.9375 0.050000000000000003
          4.1875 0.9375 0.050000000000000003
          4.25 0.9375 0.050000000000000003
          4.3125 0.9375 0.050000000000000003
          4.375 0.9375 0.050000000000000003
          4.4375 0.9375 0.050000000000000003
          4.5 0.9375 0.050000000000000003
          4.5625 0.9375 0.050000000000000003
          4.625 0.9375 0.050000000000000003
          4.6875 0.9375 0.050000000000000003
          4.75 0.9375 0.050000000000000003
          4.8125 0.9375 0.050000000000000003
          4.875 0.9375 0.050000000000000003
          4.9375 0.9375 0.050000000000000003
          5 0.9375 0.050000000000000003
          5.0625 0.9375 0.050000000000000003
          5.125 0.9375 0.050000000000000003
          5.1875 0.9375 0.050000000000000003
          5.25 0.9375 0.050000000000000003
          5.3125 0.9375 0.050000000000000003
          5.375 0.9375 0.050000000000000003
          5.4375 0.9375 0.050000000000000003
          5.5 0.9375 0.050000000000000003
          5.5625 0.9375 0.050000000000000003
          5.625 0.9375 0.050000000000000003
          5.6875 0.9375 0.050000000000000003
          5.75 0.9375 0.050000000000000003
          5.8125 0.9375 0.050000000000000003
          5.875 0.9375 0.050000000000000003
          5.9375 0.9375 0.050000000000000003
          6 0.9375 0.050000000000000003
          6.0625 0.9375 0.050000000000000003
          6.125 0.9375 0.050000000000000003
          6.1875 0.9375 0.050000000000000003
          6.25 0.9375 0.050000000000000003
          6.3125 0.9375 0.050000000000000003
          6.375 0.9375 0.050000000000000003
          6.4375 0.9375 0.050000000000000003
          6.5 0.9375 0.050000000000000003
          6.5625 0.9375 0.050000000000000003
          6.625 0.9375 0.050000000000000003
          6.6875 0.9375 0.050000000000000003
          6.75 0.9375 0.050000000000000003
          6.8125 0.9375 0.050000000000000003
          6.875 0.9375 0.050000000000000003
          6.9375 0.9375 0.050000000000000003
          7 0.9375 0.050000000000000003
          0 1 0.050000000000000003
          0.0625 1 0.050000000000000003
          0.125 1 0.050000000000000003
          0.1875 1 0.050000000000000003
          0.25 1 0.050000000000000003
          0.3125 1 0.050000000000000003
          0.375 1 0.050000000000000003
          0.4375 1 0.050000000000000003
          0.5 1 0.050000000000000003
          0.5625 1 0.050000000000000003
          0.625 1 0.050000000000000003
          0.6875 1 0.050000000000000003
          0.75 1 0.050000000000000003
          0.8125 1 0.050000000000000003
          0.875 1 0.050000000000000003
          0.9375 1 0.050000000000000003
          1 1 0.050000000000000003
          1.0625 1 0.050000000000000003
          1.125 1 0.050000000000000003
          1.1875 1 0.050000000000000003
          1.25 1 0.050000000000000003
          1.3125 1 0.050000000000000003
          1.375 1 0.050000000000000003
          1.4375 1 0.050000000000000003
          1.5 1 0.050000000000000003
          1.5625 1 0.050000000000000003
          1.625 1 0.050000000000000003
          1.6875 1 0.050000000000000003
          1.75 1 0.050000000000000003
          1.8125 1 0.050000000000000003
          1.875 1 0.050000000000000003
          1.9375 1 0.050000000000000003
          2 1 0.050000000000000003
          2.0625 1 0.050000000000000003
          2.125 1 0.050000000000000003
          2.1875 1 0.050000000000000003
          2.25 1 0.050000000000000003
          2.3125 1 0.050000000000000003
          2.375 1 0.050000000000000003
          2.4375 1 0.050000000000000003
          2.5 1 0.050000000000000003
          2.5625 1 0.050000000000000003
          2.625 1 0.050000000000000003
          2.6875 1 0.050000000000000003
          2.75 1 0.050000000000000003
          2.8125 1 0.050000000000000003
          2.875 1 0.050000000000000003
          2.9375 1 0.050000000000000003
          3 1 0.050000000000000003
          3.0625 1 0.050000000000000003
          3.125 1 0.050000000000000003
          3.1875 1 0.050000000000000003
          3.25 1 0.050000000000000003
          3.3125 1 0.050000000000000003
          3.375 1 0.050000000000000003
          3.4375 1 0.050000000000000003
          3.5 1 0.050000000000000003
          3.5625 1 0.050000000000000003
          3.625 1 0.050000000000000003
          3.6875 1 0.050000000000000003
          3.75 1 0.050000000000000003
          3.8125 1 0.050000000000000003
          3.875 1 0.050000000000000003
          3.9375 1 0.050000000000000003
          4 1 0.050000000000000003
          4.0625 1 0.050000000000000003
          4.125 1 0.050000000000000003
          4.1875 1 0.050000000000000003
          4.25 1 0.050000000000000003
          4.3125 1 0.050000000000000003
          4.375 1 0.050000000000000003
          4.4375 1 0.050000000000000003
          4.5 1 0.050000000000000003
          4.5625 1 0.050000000000000003
          4.625 1 0.050000000000000003
          4.6875 1 0.050000000000000003
          4.75 1 0.050000000000000003
          4.8125 1 0.050000000000000003
          4.875 1 0.050000000000000003
          4.9375 1 0.050000000000000003
          5 1 0.050000000000000003
          5.0625 1 0.050000000000000003
          5.125 1 0.050000000000000003
          5.1875 1 0.050000000000000003
          5.25 1 0.050000000000000003
          5.3125 1 0.050000000000000003
          5.375 1 0.050000000000000003
          5.4375 1 0.050000000000000003
          5.5 1 0.050000000000000003
          5.5625 1 0.050000000000000003
          5.625 1 0.050000000000000003
          5.6875 1 0.050000000000000003
          5.75 1 0.050000000000000003
          5.8125 1 0.050000000000000003
          5.875 1 0.050000000000000003
          5.9375 1 0.050000000000000003
          6 1 0.050000000000000003
          6.0625 1 0.050000000000000003
          6.125 1 0.050000000000000003
          6.1875 1 0.050000000000000003
          6.25 1 0.050000000000000003
          6.3125 1 0.050000000000000003
          6.375 1 0.050000000000000003
          6.4375 1 0.050000000000000003
          6.5 1 0.050000000000000003
          6.5625 1 0.050000000000000003
          6.625 1 0.050000000000000003
          6.6875 1 0.050000000000000003
          6.75 1 0.050000000000000003
          6.8125 1 0.050000000000000003
          6.875 1 0.050000000000000003
          6.9375 1 0.050000000000000003
          7 1 0.050000000000000003
          0 1.0625 0.050000000000000003
          0.0625 1.0625 0.050000000000000003
          0.125 1.0625 0.050000000000000003
          0.1875 1.0625 0.050000000000000003
          0.25 1.0625 0.050000000000000003
          0.3125 1.0625 0.050000000000000003
          0.375 1.0625 0.050000000000000003
          0.4375 1.0625 0.050000000000000003
          0.5 1.0625 0.050000000000000003
          0.5625 1.0625 0.050000000000000003
          0.625 1.0625 0.050000000000000003
          0.6875 1.0625 0.050000000000000003
          0.75 1.0625 0.050000000000000003
          0.8125 1.0625 0.050000000000000003
          0.875 1.0625 0.050000000000000003
          0.9375 1.0625 0.050000000000000003
          1 1.0625 0.050000000000000003
          1.0625 1.0625 0.050000000000000003
          1.125 1.0625 0.050000000000000003
          1.1875 1.0625 0.050000000000000003
          1.25 1.0625 0.050000000000000003
          1.3125 1.0625 0.050000000000000003
          1.375 1.0625 0.050000000000000003
          1.4375 1.0625 0.050000000000000003
          1.5 1.0625 0.050000000000000003
          1.5625 1.0625 0.050000000000000003
          1.625 1.0625 0.050000000000000003
          1.6875 1.0625 0.050000000000000003
          1.75 1.0625 0.050000000000000003
          1.8125 1.0625 0.050000000000000003
          1.875 1.0625 0.050000000000000003
          1.9375 1.0625 0.050000000000000003
          2 1.0625 0.050000000000000003
          2.0625 1.0625 0.050000000000000003
          2.125 1.0625 0.050000000000000003
          2.1875 1.0625 0.050000000000000003
          2.25 1.0625 0.050000000000000003
          2.3125 1.0625 0.050000000000000003
          2.375 1.0625 0.050000000000000003
          2.4375 1.0625 0.050000000000000003
          2.5 1.0625 0.050000000000000003
          2.5625 1.0625 0.050000000000000003
          2.625 1.0625 0.050000000000000003
          2.6875 1.0625 0.050000000000000003
          2.75 1.0625 0.050000000000000003
          2.8125 1.0625 0.050000000000000003
          2.875 1.0625 0.050000000000000003
          2.9375 1.0625 0.050000000000000003
          3 1.0625 0.050000000000000003
          3.0625 1.0625 0.050000000000000003
          3.125 1.0625 0.050000000000000003
          3.1875 1.0625 0.050000000000000003
          3.25 1.0625 0.050000000000000003
          3.3125 1.0625 0.050000000000000003
          3.375 1.0625 0.050000000000000003
          3.4375 1.0625 0.050000000000000003
          3.5 1.0625 0.050000000000000003
          3.5625 1.0625 0.050000000000000003
          3.625 1.0625 0.050000000000000003
          3.6875 1.0625 0.050000000000000003
          3.75 1.0625 0.050000000000000003
          3.8125 1.0625 0.050000000000000003
          3.875 1.0625 0.050000000000000003
          3.9375 1.0625 0.050000000000000003
          4 1.0625 0.050000000000000003
          4.0625 1.0625 0.050000000000000003
          4.125 1.0625 0.050000000000000003
          4.1875 1.0625 0.050000000000000003
          4.25 1.0625 0.050000000000000003
          4.3125 1.0625 0.050000000000000003
          4.375 1.0625 0.050000000000000003
          4.4375 1.0625 0.050000000000000003
          4.5 1.0625 0.050000000000000003
          4.5625 1.0625 0.050000000000000003
          4.625 1.0625 0.050000000000000003
          4.6875 1.0625 0.050000000000000003
          4.75 1.0625 0.050000000000000003
          4.8125 1.0625 0.050000000000000003
          4.875 1.0625 0.050000000000000003
          4.9375 1.0625 0.050000000000000003
          5 1.0625 0.050000000000000003
          5.0625 1.0625 0.050000000000000003
          5.125 1.0625 0.050000000000000003
          5.1875 1.0625 0.050000000000000003
          5.25 1.0625 0.050000000000000003
          5.3125 1.0625 0.050000000000000003
          5.375 1.0625 0.050000000000000003
          5.4375 1.0625 0.050000000000000003
          5.5 1.0625 0.050000000000000003
          5.5625 1.0625 0.050000000000000003
          5.625 1.0625 0.050000000000000003
          5.6875 1.0625 0.050000000000000003
          5.75 1.0625 0.050000000000000003
          5.8125 1.0625 0.050000000000000003
          5.875 1.0625 0.050000000000000003
          5.9375 1.0625 0.050000000000000003
          6 1.0625 0.050000000000000003
          6.0625 1.0625 0.050000000000000003
          6.125 1.0625 0.050000000000000003
          6.1875 1.0625 0.050000000000000003
          6.25 1.0625 0.050000000000000003
          6.3125 1.0625 0.050000000000000003
          6.375 1.0625 0.050000000000000003
          6.4375 1.0625 0.050000000000000003
          6.5 1.0625 0.050000000000000003
          6.5625 1.0625 0.050000000000000003
          6.625 1.0625 0.050000000000000003
          6.6875 1.0625 0.050000000000000003
          6.75 1.0625 0.050000000000000003
          6.8125 1.0625 0.050000000000000003
          6.875 1.0625 0.050000000000000003
          6.9375 1.0625 0.050000000000000003
          7 1.0625 0.050000000000000003
          0 1.125 0.050000000000000003
          0.0625 1.125 0.050000000000000003
          0.125 1.125 0.050000000000000003
          0.1875 1.125 0.050000000000000003
          0.25 1.125 0.050000000000000003
          0.3125 1.125 0.050000000000000003
          0.375 1.125 0.050000000000000003
          0.4375 1.125 0.050000000000000003
          0.5 1.125 0.050000000000000003
          0.5625 1.125 0.050000000000000003
          0.625 1.125 0.050000000000000003
          0.6875 1.125 0.050000000000000003
          0.75 1.125 0.050000000000000003
          0.8125 1.125 0.050000000000000003
          0.875 1.125 0.050000000000000003
          0.9375 1.125 0.050000000000000003
          1 1.125 0.050000000000000003
          1.0625 1.125 0.050000000000000003
          1.125 1.125 0.050000000000000003
          1.1875 1.125 0.050000000000000003
          1.25 1.125 0.050000000000000003
          1.3125 1.125 0.050000000000000003
          1.375 1.125 0.050000000000000003
          1.4375 1.125 0.050000000000000003
          1.5 1.125 0.050000000000000003
          1.5625 1.125 0.050000000000000003
          1.625 1.125 0.050000000000000003
          1.6875 1.125 0.050000000000000003
          1.75 1.125 0.050000000000000003
          1.8125 1.125 0.050000000000000003
          1.875 1.125 0.050000000000000003
          1.9375 1.125 0.050000000000000003
          2 1.125 0.050000000000000003
          2.0625 1.125 0.050000000000000003
          2.125 1.125 0.050000000000000003
          2.1875 1.125 0.050000000000000003
          2.25 1.125 0.050000000000000003
          2.3125 1.125 0.050000000000000003
          2.375 1.125 0.050000000000000003
          2.4375 1.125 0.050000000000000003
          2.5 1.125 0.050000000000000003
          2.5625 1.125 0.050000000000000003
          2.625 1.125 0.050000000000000003
          2.6875 1.125 0.050000000000000003
          2.75 1.125 0.050000000000000003
          2.8125 1.125 0.050000000000000003
          2.875 1.125 0.050000000000000003
          2.9375 1.125 0.050000000000000003
          3 1.125 0.050000000000000003
          3.0625 1.125 0.050000000000000003
          3.125 1.125 0.050000000000000003
          3.1875 1.125 0.050000000000000003
          3.25 1.125 0.050000000000000003
          3.3125 1.125 0.050000000000000003
          3.375 1.125 0.050000000000000003
          3.4375 1.125 0.050000000000000003
          3.5 1.125 0.050000000000000003
          3.5625 1.125 0.050000000000000003
          3.625 1.125 0.050000000000000003
          3.6875 1.125 0.050000000000000003
          3.75 1.125 0.050000000000000003
          3.8125 1.125 0.050000000000000003
          3.875 1.125 0.050000000000000003
          3.9375 1.125 0.050000000000000003
          4 1.125 0.050000000000000003
          4.0625 1.125 0.050000000000000003
          4.125 1.125 0.050000000000000003
          4.1875 1.125 0.050000000000000003
          4.25 1.125 0.050000000000000003
          4.3125 1.125 0.050000000000000003
          4.375 1.125 0.050000000000000003
          4.4375 1.125 0.050000000000000003
          4.5 1.125 0.050000000000000003
          4.5625 1.125 0.050000000000000003
          4.625 1.125 0.050000000000000003
          4.6875 1.125 0.050000000000000003
          4.75 1.125 0.050000000000000003
          4.8125 1.125 0.050000000000000003
          4.875 1.125 0.050000000000000003
          4.9375 1.125 0.050000000000000003
          5 1.125 0.050000000000000003
          5.0625 1.125 0.050000000000000003
          5.125 1.125 0.050000000000000003
          5.1875 1.125 0.050000000000000003
          5.25 1.125 0.050000000000000003
          5.3125 1.125 0.050000000000000003
          5.375 1.125 0.050000000000000003
          5.4375 1.125 0.050000000000000003
          5.5 1.125 0.050000000000000003
          5.5625 1.125 0.050000000000000003
          5.625 1.125 0.050000000000000003
          5.6875 1.125 0.050000000000000003
          5.75 1.125 0.050000000000000003
          5.8125 1.125 0.050000000000000003
          5.875 1.125 0.050000000000000003
          5.9375 1.125 0.050000000000000003
          6 1.125 0.050000000000000003
          6.0625 1.125 0.050000000000000003
          6.125 1.125 0.050000000000000003
          6.1875 1.125 0.050000000000000003
          6.25 1.125 0.050000000000000003
          6.3125 1.125 0.050000000000000003
          6.375 1.125 0.050000000000000003
          6.4375 1.125 0.050000000000000003
          6.5 1.125 0.050000000000000003
          6.5625 1.125 0.050000000000000003
          6.625 1.125 0.050000000000000003
          6.6875 1.125 0.050000000000000003
          6.75 1.125 0.050000000000000003
          6.8125 1.125 0.050000000000000003
          6.875 1.125 0.050000000000000003
          6.9375 1.125 0.050000000000000003
          7 1.125 0.050000000000000003
          0 1.1875 0.050000000000000003
          0.0625 1.1875 0.050000000000000003
          0.125 1.1875 0.050000000000000003
          0.1875 1.1875 0.050000000000000003
          0.25 1.1875 0.050000000000000003
          0.3125 1.1875 0.050000000000000003
          0.375 1.1875 0.050000000000000003
          0.4375 1.1875 0.050000000000000003
          0.5 1.1875 0.050000000000000003
          0.5625 1.1875 0.050000000000000003
          0.625 1.1875 0.050000000000000003
          0.6875 1.1875 0.050000000000000003
          0.75 1.1875 0.050000000000000003
          0.8125 1.1875 0.050000000000000003
          0.875 1.1875 0.050000000000000003
          0.9375 1.1875 0.050000000000000003
          1 1.1875 0.050000000000000003
          1.0625 1.1875 0.050000000000000003
          1.125 1.1875 0.050000000000000003
          1.1875 1.1875 0.050000000000000003
          1.25 1.1875 0.050000000000000003
          1.3125 1.1875 0.050000000000000003
          1.375 1.1875 0.050000000000000003
          1.4375 1.1875 0.050000000000000003
          1.5 1.1875 0.050000000000000003
          1.5625 1.1875 0.050000000000000003
          1.625 1.1875 0.050000000000000003
          1.6875 1.1875 0.050000000000000003
          1.75 1.1875 0.050000000000000003
          1.8125 1.1875 0.050000000000000003
          1.875 1.1875 0.050000000000000003
          1.9375 1.1875 0.050000000000000003
          2 1.1875 0.050000000000000003
          2.0625 1.1875 0.050000000000000003
          2.125 1.1875 0.050000000000000003
          2.1875 1.1875 0.050000000000000003
          2.25 1.1875 0.050000000000000003
          2.3125 1.1875 0.050000000000000003
          2.375 1.1875 0.050000000000000003
          2.4375 1.1875 0.050000000000000003
          2.5 1.1875 0.050000000000000003
          2.5625 1.1875 0.050000000000000003
          2.625 1.1875 0.050000000000000003
          2.6875 1.1875 0.050000000000000003
          2.75 1.1875 0.050000000000000003
          2.8125 1.1875 0.050000000000000003
          2.875 1.1875 0.050000000000000003
          2.9375 1.1875 0.050000000000000003
          3 1.1875 0.050000000000000003
          3.0625 1.1875 0.050000000000000003
          3.125 1.1875 0.050000000000000003
          3.1875 1.1875 0.050000000000000003
          3.25 1.1875 0.050000000000000003
          3.3125 1.1875 0.050000000000000003
          3.375 1.1875 0.050000000000000003
          3.4375 1.1875 0.050000000000000003
          3.5 1.1875 0.050000000000000003
          3.5625 1.1875 0.050000000000000003
          3.625 1.1875 0.050000000000000003
          3.6875 1.1875 0.050000000000000003
          3.75 1.1875 0.050000000000000003
          3.8125 1.1875 0.050000000000000003
          3.875 1.1875 0.050000000000000003
          3.9375 1.1875 0.050000000000000003
          4 1.1875 0.050000000000000003
          4.0625 1.1875 0.050000000000000003
          4.125 1.1875 0.050000000000000003
          4.1875 1.1875 0.050000000000000003
          4.25 1.1875 0.050000000000000003
          4.3125 1.1875 0.050000000000000003
          4.375 1.1875 0.050000000000000003
          4.4375 1.1875 0.050000000000000003
          4.5 1.1875 0.050000000000000003
          4.5625 1.1875 0.050000000000000003
          4.625 1.1875 0.050000000000000003
          4.6875 1.1875 0.050000000000000003
          4.75 1.1875 0.050000000000000003
          4.8125 1.1875 0.050000000000000003
          4.875 1.1875 0.050000000000000003
          4.9375 1.1875 0.050000000000000003
          5 1.1875 0.050000000000000003
          5.0625 1.1875 0.050000000000000003
          5.125 1.1875 0.050000000000000003
          5.1875 1.1875 0.050000000000000003
          5.25 1.1875 0.050000000000000003
          5.3125 1.1875 0.050000000000000003
          5.375 1.1875 0.050000000000000003
          5.4375 1.1875 0.050000000000000003
          5.5 1.1875 0.050000000000000003
          5.5625 1.1875 0.050000000000000003
          5.625 1.1875 0.050000000000000003
          5.6875 1.1875 0.050000000000000003
          5.75 1.1875 0.050000000000000003
          5.8125 1.1875 0.050000000000000003
          5.875 1.1875 0.050000000000000003
          5.9375 1.1875 0.050000000000000003
          6 1.1875 0.050000000000000003
          6.0625 1.1875 0.050000000000000003
          6.125 1.1875 0.050000000000000003
          6.1875 1.1875 0.050000000000000003
          6.25 1.1875 0.050000000000000003
          6.3125 1.1875 0.050000000000000003
          6.375 1.1875 0.050000000000000003
          6.4375 1.1875 0.050000000000000003
          6.5 1.1875 0.050000000000000003
          6.5625 1.1875 0.050000000000000003
          6.625 1.1875 0.050000000000000003
          6.6875 1.1875 0.050000000000000003
          6.75 1.1875 0.050000000000000003
          6.8125 1.1875 0.050000000000000003
          6.875 1.1875 0.050000000000000003
          6.9375 1.1875 0.050000000000000003
          7 1.1875 0.050000000000000003
          0 1.25 0.050000000000000003
          0.0625 1.25 0.050000000000000003
          0.125 1.25 0.050000000000000003
          0.1875 1.25 0.050000000000000003
          0.25 1.25 0.050000000000000003
          0.3125 1.25 0.050000000000000003
          0.375 1.25 0.050000000000000003
          0.4375 1.25 0.050000000000000003
          0.5 1.25 0.050000000000000003
          0.5625 1.25 0.050000000000000003
          0.625 1.25 0.050000000000000003
          0.6875 1.25 0.050000000000000003
          0.75 1.25 0.050000000000000003
          0.8125 1.25 0.050000000000000003
          0.875 1.25 0.050000000000000003
          0.9375 1.25 0.050000000000000003
          1 1.25 0.050000000000000003
          1.0625 1.25 0.050000000000000003
          1.125 1.25 0.050000000000000003
          1.1875 1.25 0.050000000000000003
          1.25 1.25 0.050000000000000003
          1.3125 1.25 0.050000000000000003
          1.375 1.25 0.050000000000000003
          1.4375 1.25 0.050000000000000003
          1.5 1.25 0.050000000000000003
          1.5625 1.25 0.050000000000000003
          1.625 1.25 0.050000000000000003
          1.6875 1.25 0.050000000000000003
          1.75 1.25 0.050000000000000003
          1.8125 1.25 0.050000000000000003
          1.875 1.25 0.050000000000000003
          1.9375 1.25 0.050000000000000003
          2 1.25 0.050000000000000003
          2.0625 1.25 0.050000000000000003
          2.125 1.25 0.050000000000000003
          2.1875 1.25 0.050000000000000003
          2.25 1.25 0.050000000000000003
          2.3125 1.25 0.050000000000000003
          2.375 1.25 0.050000000000000003
          2.4375 1.25 0.050000000000000003
          2.5 1.25 0.050000000000000003
          2.5625 1.25 0.050000000000000003
          2.625 1.25 0.050000000000000003
          2.6875 1.25 0.050000000000000003
          2.75 1.25 0.050000000000000003
          2.8125 1.25 0.050000000000000003
          2.875 1.25 0.050000000000000003
          2.9375 1.25 0.050000000000000003
          3 1.25 0.050000000000000003
          3.0625 1.25 0.050000000000000003
          3.125 1.25 0.050000000000000003
          3.1875 1.25 0.050000000000000003
          3.25 1.25 0.050000000000000003
          3.3125 1.25 0.050000000000000003
          3.375 1.25 0.050000000000000003
          3.4375 1.25 0.050000000000000003
          3.5 1.25 0.050000000000000003
          3.5625 1.25 0.050000000000000003
          3.625 1.25 0.050000000000000003
          3.6875 1.25 0.050000000000000003
          3.75 1.25 0.050000000000000003
          3.8125 1.25 0.050000000000000003
          3.875 1.25 0.050000000000000003
          3.9375 1.25 0.050000000000000003
          4 1.25 0.050000000000000003
          4.0625 1.25 0.050000000000000003
          4.125 1.25 0.050000000000000003
          4.1875 1.25 0.050000000000000003
          4.25 1.25 0.050000000000000003
          4.3125 1.25 0.050000000000000003
          4.375 1.25 0.050000000000000003
          4.4375 1.25 0.050000000000000003
          4.5 1.25 0.050000000000000003
          4.5625 1.25 0.050000000000000003
          4.625 1.25 0.050000000000000003
          4.6875 1.25 0.050000000000000003
          4.75 1.25 0.050000000000000003
          4.8125 1.25 0.050000000000000003
          4.875 1.25 0.050000000000000003
          4.9375 1.25 0.050000000000000003
          5 1.25 0.050000000000000003
          5.0625 1.25 0.050000000000000003
          5.125 1.25 0.050000000000000003
          5.1875 1.25 0.050000000000000003
          5.25 1.25 0.050000000000000003
          5.3125 1.25 0.050000000000000003
          5.375 1.25 0.050000000000000003
          5.4375 1.25 0.050000000000000003
          5.5 1.25 0.050000000000000003
          5.5625 1.25 0.050000000000000003
          5.625 1.25 0.050000000000000003
          5.6875 1.25 0.050000000000000003
          5.75 1.25 0.050000000000000003
          5.8125 1.25 0.050000000000000003
          5.875 1.25 0.050000000000000003
          5.9375 1.25 0.050000000000000003
          6 1.25 0.050000000000000003
          6.0625 1.25 0.050000000000000003
          6.125 1.25 0.050000000000000003
          6.1875 1.25 0.050000000000000003
          6.25 1.25 0.050000000000000003
          6.3125 1.25 0.050000000000000003
          6.375 1.25 0.050000000000000003
          6.4375 1.25 0.050000000000000003
          6.5 1.25 0.050000000000000003
          6.5625 1.25 0.050000000000000003
          6.625 1.25 0.050000000000000003
          6.6875 1.25 0.050000000000000003
          6.75 1.25 0.050000000000000003
          6.8125 1.25 0.050000000000000003
          6.875 1.25 0.050000000000000003
          6.9375 1.25 0.050000000000000003
          7 1.25 0.050000000000000003
          0 1.3125 0.050000000000000003
          0.0625 1.3125 0.050000000000000003
          0.125 1.3125 0.050000000000000003
          0.1875 1.3125 0.050000000000000003
          0.25 1.3125 0.050000000000000003
          0.3125 1.3125 0.050000000000000003
          0.375 1.3125 0.050000000000000003
          0.4375 1.3125 0.050000000000000003
          0.5 1.3125 0.050000000000000003
          0.5625 1.3125 0.050000000000000003
          0.625 1.3125 0.050000000000000003
          0.6875 1.3125 0.050000000000000003
          0.75 1.3125 0.050000000000000003
          0.8125 1.3125 0.050000000000000003
          0.875 1.3125 0.050000000000000003
          0.9375 1.3125 0.050000000000000003
          1 1.3125 0.050000000000000003
          1.0625 1.3125 0.050000000000000003
          1.125 1.3125 0.050000000000000003
          1.1875 1.3125 0.050000000000000003
          1.25 1.3125 0.050000000000000003
          1.3125 1.3125 0.050000000000000003
          1.375 1.3125 0.050000000000000003
          1.4375 1.3125 0.050000000000000003
          1.5 1.3125 0.050000000000000003
          1.5625 1.3125 0.050000000000000003
          1.625 1.3125 0.050000000000000003
          1.6875 1.3125 0.050000000000000003
          1.75 1.3125 0.050000000000000003
          1.8125 1.3125 0.050000000000000003
          1.875 1.3125 0.050000000000000003
          1.9375 1.3125 0.050000000000000003
          2 1.3125 0.050000000000000003
          2.0625 1.3125 0.050000000000000003
          2.125 1.3125 0.050000000000000003
          2.1875 1.3125 0.050000000000000003
          2.25 1.3125 0.050000000000000003
          2.3125 1.3125 0.050000000000000003
          2.375 1.3125 0.050000000000000003
          2.4375 1.3125 0.050000000000000003
          2.5 1.3125 0.050000000000000003
          2.5625 1.3125 0.050000000000000003
          2.625 1.3125 0.050000000000000003
          2.6875 1.3125 0.050000000000000003
          2.75 1.3125 0.050000000000000003
          2.8125 1.3125 0.050000000000000003
          2.875 1.3125 0.050000000000000003
          2.9375 1.3125 0.050000000000000003
          3 1.3125 0.050000000000000003
          3.0625 1.3125 0.050000000000000003
          3.125 1.3125 0.050000000000000003
          3.1875 1.3125 0.050000000000000003
          3.25 1.3125 0.050000000000000003
          3.3125 1.3125 0.050000000000000003
          3.375 1.3125 0.050000000000000003
          3.4375 1.3125 0.050000000000000003
          3.5 1.3125 0.050000000000000003
          3.5625 1.3125 0.050000000000000003
          3.625 1.3125 0.050000000000000003
          3.6875 1.3125 0.050000000000000003
          3.75 1.3125 0.050000000000000003
          3.8125 1.3125 0.050000000000000003
          3.875 1.3125 0.050000000000000003
          3.9375 1.3125 0.050000000000000003
          4 1.3125 0.050000000000000003
          4.0625 1.3125 0.050000000000000003
          4.125 1.3125 0.050000000000000003
          4.1875 1.3125 0.050000000000000003
          4.25 1.3125 0.050000000000000003
          4.3125 1.3125 0.050000000000000003
          4.375 1.3125 0.050000000000000003
          4.4375 1.3125 0.050000000000000003
          4.5 1.3125 0.050000000000000003
          4.5625 1.3125 0.050000000000000003
          4.625 1.3125 0.050000000000000003
          4.6875 1.3125 0.050000000000000003
          4.75 1.3125 0.050000000000000003
          4.8125 1.3125 0.050000000000000003
          4.875 1.3125 0.050000000000000003
          4.9375 1.3125 0.050000000000000003
          5 1.3125 0.050000000000000003
          5.0625 1.3125 0.050000000000000003
          5.125 1.3125 0.050000000000000003
          5.1875 1.3125 0.050000000000000003
          5.25 1.3125 0.050000000000000003
          5.3125 1.3125 0.050000000000000003
          5.375 1.3125 0.050000000000000003
          5.4375 1.3125 0.050000000000000003
          5.5 1.3125 0.050000000000000003
          5.5625 1.3125 0.050000000000000003
          5.625 1.3125 0.050000000000000003
          5.6875 1.3125 0.050000000000000003
          5.75 1.3125 0.050000000000000003
          5.8125 1.3125 0.050000000000000003
          5.875 1.3125 0.050000000000000003
          5.9375 1.3125 0.050000000000000003
          6 1.3125 0.050000000000000003
          6.0625 1.3125 0.050000000000000003
          6.125 1.3125 0.050000000000000003
          6.1875 1.3125 0.050000000000000003
          6.25 1.3125 0.050000000000000003
          6.3125 1.3125 0.050000000000000003
          6.375 1.3125 0.050000000000000003
          6.4375 1.3125 0.050000000000000003
          6.5 1.3125 0.050000000000000003
          6.5625 1.3125 0.050000000000000003
          6.625 1.3125 0.050000000000000003
          6.6875 1.3125 0.050000000000000003
          6.75 1.3125 0.050000000000000003
          6.8125 1.3125 0.050000000000000003
          6.875 1.3125 0.050000000000000003
          6.9375 1.3125 0.050000000000000003
          7 1.3125 0.050000000000000003
          0 1.375 0.050000000000000003
          0.0625 1.375 0.050000000000000003
          0.125 1.375 0.050000000000000003
          0.1875 1.375 0.050000000000000003
          0.25 1.375 0.050000000000000003
          0.3125 1.375 0.050000000000000003
          0.375 1.375 0.050000000000000003
          0.4375 1.375 0.050000000000000003
          0.5 1.375 0.050000000000000003
          0.5625 1.375 0.050000000000000003
          0.625 1.375 0.050000000000000003
          0.6875 1.375 0.050000000000000003
          0.75 1.375 0.050000000000000003
          0.8125 1.375 0.050000000000000003
          0.875 1.375 0.050000000000000003
          0.9375 1.375 0.050000000000000003
          1 1.375 0.050000000000000003
          1.0625 1.375 0.050000000000000003
          1.125 1.375 0.050000000000000003
          1.1875 1.375 0.050000000000000003
          1.25 1.375 0.050000000000000003
          1.3125 1.375 0.050000000000000003
          1.375 1.375 0.050000000000000003
          1.4375 1.375 0.050000000000000003
          1.5 1.375 0.050000000000000003
          1.5625 1.375 0.050000000000000003
          1.625 1.375 0.050000000000000003
          1.6875 1.375 0.050000000000000003
          1.75 1.375 0.050000000000000003
          1.8125 1.375 0.050000000000000003
          1.875 1.375 0.050000000000000003
          1.9375 1.375 0.050000000000000003
          2 1.375 0.050000000000000003
          2.0625 1.375 0.050000000000000003
          2.125 1.375 0.050000000000000003
          2.1875 1.375 0.050000000000000003
          2.25 1.375 0.050000000000000003
          2.3125 1.375 0.050000000000000003
          2.375 1.375 0.050000000000000003
          2.4375 1.375 0.050000000000000003
          2.5 1.375 0.050000000000000003
          2.5625 1.375 0.050000000000000003
          2.625 1.375 0.050000000000000003
          2.6875 1.375 0.050000000000000003
          2.75 1.375 0.050000000000000003
          2.8125 1.375 0.050000000000000003
          2.875 1.375 0.050000000000000003
          2.9375 1.375 0.050000000000000003
          3 1.375 0.050000000000000003
          3.0625 1.375 0.050000000000000003
          3.125 1.375 0.050000000000000003
          3.1875 1.375 0.050000000000000003
          3.25 1.375 0.050000000000000003
          3.3125 1.375 0.050000000000000003
          3.375 1.375 0.050000000000000003
          3.4375 1.375 0.050000000000000003
          3.5 1.375 0.050000000000000003
          3.5625 1.375 0.050000000000000003
          3.625 1.375 0.050000000000000003
          3.6875 1.375 0.050000000000000003
          3.75 1.375 0.050000000000000003
          3.8125 1.375 0.050000000000000003
          3.875 1.375 0.050000000000000003
          3.9375 1.375 0.050000000000000003
          4 1.375 0.050000000000000003
          4.0625 1.375 0.050000000000000003
          4.125 1.375 0.050000000000000003
          4.1875 1.375 0.050000000000000003
          4.25 1.375 0.050000000000000003
          4.3125 1.375 0.050000000000000003
          4.375 1.375 0.050000000000000003
          4.4375 1.375 0.050000000000000003
          4.5 1.375 0.050000000000000003
          4.5625 1.375 0.050000000000000003
          4.625 1.375 0.050000000000000003
          4.6875 1.375 0.050000000000000003
          4.75 1.375 0.050000000000000003
          4.8125 1.375 0.050000000000000003
          4.875 1.375 0.050000000000000003
          4.9375 1.375 0.050000000000000003
          5 1.375 0.050000000000000003
          5.0625 1.375 0.050000000000000003
          5.125 1.375 0.050000000000000003
          5.1875 1.375 0.050000000000000003
          5.25 1.375 0.050000000000000003
          5.3125 1.375 0.050000000000000003
          5.375 1.375 0.050000000000000003
          5.4375 1.375 0.050000000000000003
          5.5 1.375 0.050000000000000003
          5.5625 1.375 0.050000000000000003
          5.625 1.375 0.050000000000000003
          5.6875 1.375 0.050000000000000003
          5.75 1.375 0.050000000000000003
          5.8125 1.375 0.050000000000000003
          5.875 1.375 0.050000000000000003
          5.9375 1.375 0.050000000000000003
          6 1.375 0.050000000000000003
          6.0625 1.375 0.050000000000000003
          6.125 1.375 0.050000000000000003
          6.1875 1.375 0.050000000000000003
          6.25 1.375 0.050000000000000003
          6.3125 1.375 0.050000000000000003
          6.375 1.375 0.050000000000000003
          6.4375 1.375 0.050000000000000003
          6.5 1.375 0.050000000000000003
          6.5625 1.375 0.050000000000000003
          6.625 1.375 0.050000000000000003
          6.6875 1.375 0.050000000000000003
          6.75 1.375 0.050000000000000003
          6.8125 1.375 0.050000000000000003
          6.875 1.375 0.050000000000000003
          6.9375 1.375 0.050000000000000003
          7 1.375 0.050000000000000003
          0 1.4375 0.050000000000000003
          0.0625 1.4375 0.050000000000000003
          0.125 1.4375 0.050000000000000003
          0.1875 1.4375 0.050000000000000003
          0.25 1.4375 0.050000000000000003
          0.3125 1.4375 0.050000000000000003
          0.375 1.4375 0.050000000000000003
          0.4375 1.4375 0.050000000000000003
          0.5 1.4375 0.050000000000000003
          0.5625 1.4375 0.050000000000000003
          0.625 1.4375 0.050000000000000003
          0.6875 1.4375 0.050000000000000003
          0.75 1.4375 0.050000000000000003
          0.8125 1.4375 0.050000000000000003
          0.875 1.4375 0.050000000000000003
          0.9375 1.4375 0.050000000000000003
          1 1.4375 0.050000000000000003
          1.0625 1.4375 0.050000000000000003
          1.125 1.4375 0.050000000000000003
          1.1875 1.4375 0.050000000000000003
          1.25 1.4375 0.050000000000000003
          1.3125 1.4375 0.050000000000000003
          1.375 1.4375 0.050000000000000003
          1.4375 1.4375 0.050000000000000003
          1.5 1.4375 0.050000000000000003
          1.5625 1.4375 0.050000000000000003
          1.625 1.4375 0.050000000000000003
          1.6875 1.4375 0.050000000000000003
          1.75 1.4375 0.050000000000000003
          1.8125 1.4375 0.050000000000000003
          1.875 1.4375 0.050000000000000003
          1.9375 1.4375 0.050000000000000003
          2 1.4375 0.050000000000000003
          2.0625 1.4375 0.050000000000000003
          2.125 1.4375 0.050000000000000003
          2.1875 1.4375 0.050000000000000003
          2.25 1.4375 0.050000000000000003
          2.3125 1.4375 0.050000000000000003
          2.375 1.4375 0.050000000000000003
          2.4375 1.4375 0.050000000000000003
          2.5 1.4375 0.050000000000000003
          2.5625 1.4375 0.050000000000000003
          2.625 1.4375 0.050000000000000003
          2.6875 1.4375 0.050000000000000003
          2.75 1.4375 0.050000000000000003
          2.8125 1.4375 0.050000000000000003
          2.875 1.4375 0.050000000000000003
          2.9375 1.4375 0.050000000000000003
          3 1.4375 0.050000000000000003
          3.0625 1.4375 0.050000000000000003
          3.125 1.4375 0.050000000000000003
          3.1875 1.4375 0.050000000000000003
          3.25 1.4375 0.050000000000000003
          3.3125 1.4375 0.050000000000000003
          3.375 1.4375 0.050000000000000003
          3.4375 1.4375 0.050000000000000003
          3.5 1.4375 0.050000000000000003
          3.5625 1.4375 0.050000000000000003
          3.625 1.4375 0.050000000000000003
          3.6875 1.4375 0.050000000000000003
          3.75 1.4375 0.050000000000000003
          3.8125 1.4375 0.050000000000000003
          3.875 1.4375 0.050000000000000003
          3.9375 1.4375 0.050000000000000003
          4 1.4375 0.050000000000000003
          4.0625 1.4375 0.050000000000000003
          4.125 1.4375 0.050000000000000003
          4.1875 1.4375 0.050000000000000003
          4.25 1.4375 0.050000000000000003
          4.3125 1.4375 0.050000000000000003
          4.375 1.4375 0.050000000000000003
          4.4375 1.4375 0.050000000000000003
          4.5 1.4375 0.050000000000000003
          4.5625 1.4375 0.050000000000000003
          4.625 1.4375 0.050000000000000003
          4.6875 1.4375 0.050000000000000003
          4.75 1.4375 0.050000000000000003
          4.8125 1.4375 0.050000000000000003
          4.875 1.4375 0.050000000000000003
          4.9375 1.4375 0.050000000000000003
          5 1.4375 0.050000000000000003
          5.0625 1.4375 0.050000000000000003
          5.125 1.4375 0.050000000000000003
          5.1875 1.4375 0.050000000000000003
          5.25 1.4375 0.050000000000000003
          5.3125 1.4375 0.050000000000000003
          5.375 1.4375 0.050000000000000003
          5.4375 1.4375 0.050000000000000003
          5.5 1.4375 0.050000000000000003
          5.5625 1.4375 0.050000000000000003
          5.625 1.4375 0.050000000000000003
          5.6875 1.4375 0.050000000000000003
          5.75 1.4375 0.050000000000000003
          5.8125 1.4375 0.050000000000000003
          5.875 1.4375 0.050000000000000003
          5.9375 1.4375 0.050000000000000003
          6 1.4375 0.050000000000000003
          6.0625 1.4375 0.050000000000000003
          6.125 1.4375 0.050000000000000003
          6.1875 1.4375 0.050000000000000003
          6.25 1.4375 0.050000000000000003
          6.3125 1.4375 0.050000000000000003
          6.375 1.4375 0.050000000000000003
          6.4375 1.4375 0.050000000000000003
          6.5 1.4375 0.050000000000000003
          6.5625 1.4375 0.050000000000000003
          6.625 1.4375 0.050000000000000003
          6.6875 1.4375 0.050000000000000003
          6.75 1.4375 0.050000000000000003
          6.8125 1.4375 0.050000000000000003
          6.875 1.4375 0.050000000000000003
          6.9375 1.4375 0.050000000000000003
          7 1.4375 0.050000000000000003
          0 1.5 0.050000000000000003
          0.0625 1.5 0.050000000000000003
          0.125 1.5 0.050000000000000003
          0.1875 1.5 0.050000000000000003
          0.25 1.5 0.050000000000000003
          0.3125 1.5 0.050000000000000003
          0.375 1.5 0.050000000000000003
          0.4375 1.5 0.050000000000000003
          0.5 1.5 0.050000000000000003
          0.5625 1.5 0.050000000000000003
          0.625 1.5 0.050000000000000003
          0.6875 1.5 0.050000000000000003
          0.75 1.5 0.050000000000000003
          0.8125 1.5 0.050000000000000003
          0.875 1.5 0.050000000000000003
          0.9375 1.5 0.050000000000000003
          1 1.5 0.050000000000000003
          1.0625 1.5 0.050000000000000003
          1.125 1.5 0.050000000000000003
          1.1875 1.5 0.050000000000000003
          1.25 1.5 0.050000000000000003
          1.3125 1.5 0.050000000000000003
          1.375 1.5 0.050000000000000003
          1.4375 1.5 0.050000000000000003
          1.5 1.5 0.050000000000000003
          1.5625 1.5 0.050000000000000003
          1.625 1.5 0.050000000000000003
          1.6875 1.5 0.050000000000000003
          1.75 1.5 0.050000000000000003
          1.8125 1.5 0.050000000000000003
          1.875 1.5 0.050000000000000003
          1.9375 1.5 0.050000000000000003
          2 1.5 0.050000000000000003
          2.0625 1.5 0.050000000000000003
          2.125 1.5 0.050000000000000003
          2.1875 1.5 0.050000000000000003
          2.25 1.5 0.050000000000000003
          2.3125 1.5 0.050000000000000003
          2.375 1.5 0.050000000000000003
          2.4375 1.5 0.050000000000000003
          2.5 1.5 0.050000000000000003
          2.5625 1.5 0.050000000000000003
          2.625 1.5 0.050000000000000003
          2.6875 1.5 0.050000000000000003
          2.75 1.5 0.050000000000000003
          2.8125 1.5 0.050000000000000003
          2.875 1.5 0.050000000000000003
          2.9375 1.5 0.050000000000000003
          3 1.5 0.050000000000000003
          3.0625 1.5 0.050000000000000003
          3.125 1.5 0.050000000000000003
          3.1875 1.5 0.050000000000000003
          3.25 1.5 0.050000000000000003
          3.3125 1.5 0.050000000000000003
          3.375 1.5 0.050000000000000003
          3.4375 1.5 0.050000000000000003
          3.5 1.5 0.050000000000000003
          3.5625 1.5 0.050000000000000003
          3.625 1.5 0.050000000000000003
          3.6875 1.5 0.050000000000000003
          3.75 1.5 0.050000000000000003
          3.8125 1.5 0.050000000000000003
          3.875 1.5 0.050000000000000003
          3.9375 1.5 0.050000000000000003
          4 1.5 0.050000000000000003
          4.0625 1.5 0.050000000000000003
          4.125 1.5 0.050000000000000003
          4.1875 1.5 0.050000000000000003
          4.25 1.5 0.050000000000000003
          4.3125 1.5 0.050000000000000003
          4.375 1.5 0.050000000000000003
          4.4375 1.5 0.050000000000000003
          4.5 1.5 0.050000000000000003
          4.5625 1.5 0.050000000000000003
          4.625 1.5 0.050000000000000003
          4.6875 1.5 0.050000000000000003
          4.75 1.5 0.050000000000000003
          4.8125 1.5 0.050000000000000003
          4.875 1.5 0.050000000000000003
          4.9375 1.5 0.050000000000000003
          5 1.5 0.050000000000000003
          5.0625 1.5 0.050000000000000003
          5.125 1.5 0.050000000000000003
          5.1875 1.5 0.050000000000000003
          5.25 1.5 0.050000000000000003
          5.3125 1.5 0.050000000000000003
          5.375 1.5 0.050000000000000003
          5.4375 1.5 0.050000000000000003
          5.5 1.5 0.050000000000000003
          5.5625 1.5 0.050000000000000003
          5.625 1.5 0.050000000000000003
          5.6875 1.5 0.050000000000000003
          5.75 1.5 0.050000000000000003
          5.8125 1.5 0.050000000000000003
          5.875 1.5 0.050000000000000003
          5.9375 1.5 0.050000000000000003
          6 1.5 0.050000000000000003
          6.0625 1.5 0.050000000000000003
          6.125 1.5 0.050000000000000003
          6.1875 1.5 0.050000000000000003
          6.25 1.5 0.050000000000000003
          6.3125 1.5 0.050000000000000003
          6.375 1.5 0.050000000000000003
          6.4375 1.5 0.050000000000000003
          6.5 1.5 0.050000000000000003
          6.5625 1.5 0.050000000000000003
          6.625 1.5 0.050000000000000003
          6.6875 1.5 0.050000000000000003
          6.75 1.5 0.050000000000000003
          6.8125 1.5 0.050000000000000003
          6.875 1.5 0.050000000000000003
          6.9375 1.5 0.050000000000000003
          7 1.5 0.050000000000000003
          0 1.5625 0.050000000000000003
          0.0625 1.5625 0.050000000000000003
          0.125 1.5625 0.050000000000000003
          0.1875 1.5625 0.050000000000000003
          0.25 1.5625 0.050000000000000003
          0.3125 1.5625 0.050000000000000003
          0.375 1.5625 0.050000000000000003
          0.4375 1.5625 0.050000000000000003
          0.5 1.5625 0.050000000000000003
          0.5625 1.5625 0.050000000000000003
          0.625 1.5625 0.050000000000000003
          0.6875 1.5625 0.050000000000000003
          0.75 1.5625 0.050000000000000003
          0.8125 1.5625 0.050000000000000003
          0.875 1.5625 0.050000000000000003
          0.9375 1.5625 0.050000000000000003
          1 1.5625 0.050000000000000003
          1.0625 1.5625 0.050000000000000003
          1.125 1.5625 0.050000000000000003
          1.1875 1.5625 0.050000000000000003
          1.25 1.5625 0.050000000000000003
          1.3125 1.5625 0.050000000000000003
          1.375 1.5625 0.050000000000000003
          1.4375 1.5625 0.050000000000000003
          1.5 1.5625 0.050000000000000003
          1.5625 1.5625 0.050000000000000003
          1.625 1.5625 0.050000000000000003
          1.6875 1.5625 0.050000000000000003
          1.75 1.5625 0.050000000000000003
          1.8125 1.5625 0.050000000000000003
          1.875 1.5625 0.050000000000000003
          1.9375 1.5625 0.050000000000000003
          2 1.5625 0.050000000000000003
          2.0625 1.5625 0.050000000000000003
          2.125 1.5625 0.050000000000000003
          2.1875 1.5625 0.050000000000000003
          2.25 1.5625 0.050000000000000003
          2.3125 1.5625 0.050000000000000003
          2.375 1.5625 0.050000000000000003
          2.4375 1.5625 0.050000000000000003
          2.5 1.5625 0.050000000000000003
          2.5625 1.5625 0.050000000000000003
          2.625 1.5625 0.050000000000000003
          2.6875 1.5625 0.050000000000000003
          2.75 1.5625 0.050000000000000003
          2.8125 1.5625 0.050000000000000003
          2.875 1.5625 0.050000000000000003
          2.9375 1.5625 0.050000000000000003
          3 1.5625 0.050000000000000003
          3.0625 1.5625 0.050000000000000003
          3.125 1.5625 0.050000000000000003
          3.1875 1.5625 0.050000000000000003
          3.25 1.5625 0.050000000000000003
          3.3125 1.5625 0.050000000000000003
          3.375 1.5625 0.050000000000000003
          3.4375 1.5625 0.050000000000000003
          3.5 1.5625 0.050000000000000003
          3.5625 1.5625 0.050000000000000003
          3.625 1.5625 0.050000000000000003
          3.6875 1.5625 0.050000000000000003
          3.75 1.5625 0.050000000000000003
          3.8125 1.5625 0.050000000000000003
          3.875 1.5625 0.050000000000000003
          3.9375 1.5625 0.050000000000000003
          4 1.5625 0.050000000000000003
          4.0625 1.5625 0.050000000000000003
          4.125 1.5625 0.050000000000000003
          4.1875 1.5625 0.050000000000000003
          4.25 1.5625 0.050000000000000003
          4.3125 1.5625 0.050000000000000003
          4.375 1.5625 0.050000000000000003
          4.4375 1.5625 0.050000000000000003
          4.5 1.5625 0.050000000000000003
          4.5625 1.5625 0.050000000000000003
          4.625 1.5625 0.050000000000000003
          4.6875 1.5625 0.050000000000000003
          4.75 1.5625 0.050000000000000003
          4.8125 1.5625 0.050000000000000003
          4.875 1.5625 0.050000000000000003
          4.9375 1.5625 0.050000000000000003
          5 1.5625 0.050000000000000003
          5.0625 1.5625 0.050000000000000003
          5.125 1.5625 0.050000000000000003
          5.1875 1.5625 0.050000000000000003
          5.25 1.5625 0.050000000000000003
          5.3125 1.5625 0.050000000000000003
          5.375 1.5625 0.050000000000000003
          5.4375 1.5625 0.050000000000000003
          5.5 1.5625 0.050000000000000003
          5.5625 1.5625 0.050000000000000003
          5.625 1.5625 0.050000000000000003
          5.6875 1.5625 0.050000000000000003
          5.75 1.5625 0.050000000000000003
          5.8125 1.5625 0.050000000000000003
          5.875 1.5625 0.050000000000000003
          5.9375 1.5625 0.050000000000000003
          6 1.5625 0.050000000000000003
          6.0625 1.5625 0.050000000000000003
          6.125 1.5625 0.050000000000000003
          6.1875 1.5625 0.050000000000000003
          6.25 1.5625 0.050000000000000003
          6.3125 1.5625 0.050000000000000003
          6.375 1.5625 0.050000000000000003
          6.4375 1.5625 0.050000000000000003
          6.5 1.5625 0.050000000000000003
          6.5625 1.5625 0.050000000000000003
          6.625 1.5625 0.050000000000000003
          6.6875 1.5625 0.050000000000000003
          6.75 1.5625 0.050000000000000003
          6.8125 1.5625 0.050000000000000003
          6.875 1.5625 0.050000000000000003
          6.9375 1.5625 0.050000000000000003
          7 1.5625 0.050000000000000003
          0 1.625 0.050000000000000003
          0.0625 1.625 0.050000000000000003
          0.125 1.625 0.050000000000000003
          0.1875 1.625 0.050000000000000003
          0.25 1.625 0.050000000000000003
          0.3125 1.625 0.050000000000000003
          0.375 1.625 0.050000000000000003
          0.4375 1.625 0.050000000000000003
          0.5 1.625 0.050000000000000003
          0.5625 1.625 0.050000000000000003
          0.625 1.625 0.050000000000000003
          0.6875 1.625 0.050000000000000003
          0.75 1.625 0.050000000000000003
          0.8125 1.625 0.050000000000000003
          0.875 1.625 0.050000000000000003
          0.9375 1.625 0.050000000000000003
          1 1.625 0.050000000000000003
          1.0625 1.625 0.050000000000000003
          1.125 1.625 0.050000000000000003
          1.1875 1.625 0.050000000000000003
          1.25 1.625 0.050000000000000003
          1.3125 1.625 0.050000000000000003
          1.375 1.625 0.050000000000000003
          1.4375 1.625 0.050000000000000003
          1.5 1.625 0.050000000000000003
          1.5625 1.625 0.050000000000000003
          1.625 1.625 0.050000000000000003
          1.6875 1.625 0.050000000000000003
          1.75 1.625 0.050000000000000003
          1.8125 1.625 0.050000000000000003
          1.875 1.625 0.050000000000000003
          1.9375 1.625 0.050000000000000003
          2 1.625 0.050000000000000003
          2.0625 1.625 0.050000000000000003
          2.125 1.625 0.050000000000000003
          2.1875 1.625 0.050000000000000003
          2.25 1.625 0.050000000000000003
          2.3125 1.625 0.050000000000000003
          2.375 1.625 0.050000000000000003
          2.4375 1.625 0.050000000000000003
          2.5 1.625 0.050000000000000003
          2.5625 1.625 0.050000000000000003
          2.625 1.625 0.050000000000000003
          2.6875 1.625 0.050000000000000003
          2.75 1.625 0.050000000000000003
          2.8125 1.625 0.050000000000000003
          2.875 1.625 0.050000000000000003
          2.9375 1.625 0.050000000000000003
          3 1.625 0.050000000000000003
          3.0625 1.625 0.050000000000000003
          3.125 1.625 0.050000000000000003
          3.1875 1.625 0.050000000000000003
          3.25 1.625 0.050000000000000003
          3.3125 1.625 0.050000000000000003
          3.375 1.625 0.050000000000000003
          3.4375 1.625 0.050000000000000003
          3.5 1.625 0.050000000000000003
          3.5625 1.625 0.050000000000000003
          3.625 1.625 0.050000000000000003
          3.6875 1.625 0.050000000000000003
          3.75 1.625 0.050000000000000003
          3.8125 1.625 0.050000000000000003
          3.875 1.625 0.050000000000000003
          3.9375 1.625 0.050000000000000003
          4 1.625 0.050000000000000003
          4.0625 1.625 0.050000000000000003
          4.125 1.625 0.050000000000000003
          4.1875 1.625 0.050000000000000003
          4.25 1.625 0.050000000000000003
          4.3125 1.625 0.050000000000000003
          4.375 1.625 0.050000000000000003
          4.4375 1.625 0.050000000000000003
          4.5 1.625 0.050000000000000003
          4.5625 1.625 0.050000000000000003
          4.625 1.625 0.050000000000000003
          4.6875 1.625 0.050000000000000003
          4.75 1.625 0.050000000000000003
          4.8125 1.625 0.050000000000000003
          4.875 1.625 0.050000000000000003
          4.9375 1.625 0.050000000000000003
          5 1.625 0.050000000000000003
          5.0625 1.625 0.050000000000000003
          5.125 1.625 0.050000000000000003
          5.1875 1.625 0.050000000000000003
          5.25 1.625 0.050000000000000003
          5.3125 1.625 0.050000000000000003
          5.375 1.625 0.050000000000000003
          5.4375 1.625 0.050000000000000003
          5.5 1.625 0.050000000000000003
          5.5625 1.625 0.050000000000000003
          5.625 1.625 0.050000000000000003
          5.6875 1.625 0.050000000000000003
          5.75 1.625 0.050000000000000003
          5.8125 1.625 0.050000000000000003
          5.875 1.625 0.050000000000000003
          5.9375 1.625 0.050000000000000003
          6 1.625 0.050000000000000003
          6.0625 1.625 0.050000000000000003
          6.125 1.625 0.050000000000000003
          6.1875 1.625 0.050000000000000003
          6.25 1.625 0.050000000000000003
          6.3125 1.625 0.050000000000000003
          6.375 1.625 0.050000000000000003
          6.4375 1.625 0.050000000000000003
          6.5 1.625 0.050000000000000003
          6.5625 1.625 0.050000000000000003
          6.625 1.625 0.050000000000000003
          6.6875 1.625 0.050000000000000003
          6.75 1.625 0.050000000000000003
          6.8125 1.625 0.050000000000000003
          6.875 1.625 0.050000000000000003
          6.9375 1.625 0.050000000000000003
          7 1.625 0.050000000000000003
          0 1.6875 0.050000000000000003
          0.0625 1.6875 0.050000000000000003
          0.125 1.6875 0.050000000000000003
          0.1875 1.6875 0.050000000000000003
          0.25 1.6875 0.050000000000000003
          0.3125 1.6875 0.050000000000000003
          0.375 1.6875 0.050000000000000003
          0.4375 1.6875 0.050000000000000003
          0.5 1.6875 0.050000000000000003
          0.5625 1.6875 0.050000000000000003
          0.625 1.6875 0.050000000000000003
          0.6875 1.6875 0.050000000000000003
          0.75 1.6875 0.050000000000000003
          0.8125 1.6875 0.050000000000000003
          0.875 1.6875 0.050000000000000003
          0.9375 1.6875 0.050000000000000003
          1 1.6875 0.050000000000000003
          1.0625 1.6875 0.050000000000000003
          1.125 1.6875 0.050000000000000003
          1.1875 1.6875 0.050000000000000003
          1.25 1.6875 0.050000000000000003
          1.3125 1.6875 0.050000000000000003
          1.375 1.6875 0.050000000000000003
          1.4375 1.6875 0.050000000000000003
          1.5 1.6875 0.050000000000000003
          1.5625 1.6875 0.050000000000000003
          1.625 1.6875 0.050000000000000003
          1.6875 1.6875 0.050000000000000003
          1.75 1.6875 0.050000000000000003
          1.8125 1.6875 0.050000000000000003
          1.875 1.6875 0.050000000000000003
          1.9375 1.6875 0.050000000000000003
          2 1.6875 0.050000000000000003
          2.0625 1.6875 0.050000000000000003
          2.125 1.6875 0.050000000000000003
          2.1875 1.6875 0.050000000000000003
          2.25 1.6875 0.050000000000000003
          2.3125 1.6875 0.050000000000000003
          2.375 1.6875 0.050000000000000003
          2.4375 1.6875 0.050000000000000003
          2.5 1.6875 0.050000000000000003
          2.5625 1.6875 0.050000000000000003
          2.625 1.6875 0.050000000000000003
          2.6875 1.6875 0.050000000000000003
          2.75 1.6875 0.050000000000000003
          2.8125 1.6875 0.050000000000000003
          2.875 1.6875 0.050000000000000003
          2.9375 1.6875 0.050000000000000003
          3 1.6875 0.050000000000000003
          3.0625 1.6875 0.050000000000000003
          3.125 1.6875 0.050000000000000003
          3.1875 1.6875 0.050000000000000003
          3.25 1.6875 0.050000000000000003
          3.3125 1.6875 0.050000000000000003
          3.375 1.6875 0.050000000000000003
          3.4375 1.6875 0.050000000000000003
          3.5 1.6875 0.050000000000000003
          3.5625 1.6875 0.050000000000000003
          3.625 1.6875 0.050000000000000003
          3.6875 1.6875 0.050000000000000003
          3.75 1.6875 0.050000000000000003
          3.8125 1.6875 0.050000000000000003
          3.875 1.6875 0.050000000000000003
          3.9375 1.6875 0.050000000000000003
          4 1.6875 0.050000000000000003
          4.0625 1.6875 0.050000000000000003
          4.125 1.6875 0.050000000000000003
          4.1875 1.6875 0.050000000000000003
          4.25 1.6875 0.050000000000000003
          4.3125 1.6875 0.050000000000000003
          4.375 1.6875 0.050000000000000003
          4.4375 1.6875 0.050000000000000003
          4.5 1.6875 0.050000000000000003
          4.5625 1.6875 0.050000000000000003
          4.625 1.6875 0.050000000000000003
          4.6875 1.6875 0.050000000000000003
          4.75 1.6875 0.050000000000000003
          4.8125 1.6875 0.050000000000000003
          4.875 1.6875 0.050000000000000003
          4.9375 1.6875 0.050000000000000003
          5 1.6875 0.050000000000000003
          5.0625 1.6875 0.050000000000000003
          5.125 1.6875 0.050000000000000003
          5.1875 1.6875 0.050000000000000003
          5.25 1.6875 0.050000000000000003
          5.3125 1.6875 0.050000000000000003
          5.375 1.6875 0.050000000000000003
          5.4375 1.6875 0.050000000000000003
          5.5 1.6875 0.050000000000000003
          5.5625 1.6875 0.050000000000000003
          5.625 1.6875 0.050000000000000003
          5.6875 1.6875 0.050000000000000003
          5.75 1.6875 0.050000000000000003
          5.8125 1.6875 0.050000000000000003
          5.875 1.6875 0.050000000000000003
          5.9375 1.6875 0.050000000000000003
          6 1.6875 0.050000000000000003
          6.0625 1.6875 0.050000000000000003
          6.125 1.6875 0.050000000000000003
          6.1875 1.6875 0.050000000000000003
          6.25 1.6875 0.050000000000000003
          6.3125 1.6875 0.050000000000000003
          6.375 1.6875 0.050000000000000003
          6.4375 1.6875 0.050000000000000003
          6.5 1.6875 0.050000000000000003
          6.5625 1.6875 0.050000000000000003
          6.625 1.6875 0.050000000000000003
          6.6875 1.6875 0.050000000000000003
          6.75 1.6875 0.050000000000000003
          6.8125 1.6875 0.050000000000000003
          6.875 1.6875 0.050000000000000003
          6.9375 1.6875 0.050000000000000003
          7 1.6875 0.050000000000000003
          0 1.75 0.050000000000000003
          0.0625 1.75 0.050000000000000003
          0.125 1.75 0.050000000000000003
          0.1875 1.75 0.050000000000000003
          0.25 1.75 0.050000000000000003
          0.3125 1.75 0.050000000000000003
          0.375 1.75 0.050000000000000003
          0.4375 1.75 0.050000000000000003
          0.5 1.75 0.050000000000000003
          0.5625 1.75 0.050000000000000003
          0.625 1.75 0.050000000000000003
          0.6875 1.75 0.050000000000000003
          0.75 1.75 0.050000000000000003
          0.8125 1.75 0.050000000000000003
          0.875 1.75 0.050000000000000003
          0.9375 1.75 0.050000000000000003
          1 1.75 0.050000000000000003
          1.0625 1.75 0.050000000000000003
          1.125 1.75 0.050000000000000003
          1.1875 1.75 0.050000000000000003
          1.25 1.75 0.050000000000000003
          1.3125 1.75 0.050000000000000003
          1.375 1.75 0.050000000000000003
          1.4375 1.75 0.050000000000000003
          1.5 1.75 0.050000000000000003
          1.5625 1.75 0.050000000000000003
          1.625 1.75 0.050000000000000003
          1.6875 1.75 0.050000000000000003
          1.75 1.75 0.050000000000000003
          1.8125 1.75 0.050000000000000003
          1.875 1.75 0.050000000000000003
          1.9375 1.75 0.050000000000000003
          2 1.75 0.050000000000000003
          2.0625 1.75 0.050000000000000003
          2.125 1.75 0.050000000000000003
          2.1875 1.75 0.050000000000000003
          2.25 1.75 0.050000000000000003
          2.3125 1.75 0.050000000000000003
          2.375 1.75 0.050000000000000003
          2.4375 1.75 0.050000000000000003
          2.5 1.75 0.050000000000000003
          2.5625 1.75 0.050000000000000003
          2.625 1.75 0.050000000000000003
          2.6875 1.75 0.050000000000000003
          2.75 1.75 0.050000000000000003
          2.8125 1.75 0.050000000000000003
          2.875 1.75 0.050000000000000003
          2.9375 1.75 0.050000000000000003
          3 1.75 0.050000000000000003
          3.0625 1.75 0.050000000000000003
          3.125 1.75 0.050000000000000003
          3.1875 1.75 0.050000000000000003
          3.25 1.75 0.050000000000000003
          3.3125 1.75 0.050000000000000003
          3.375 1.75 0.050000000000000003
          3.4375 1.75 0.050000000000000003
          3.5 1.75 0.050000000000000003
          3.5625 1.75 0.050000000000000003
          3.625 1.75 0.050000000000000003
          3.6875 1.75 0.050000000000000003
          3.75 1.75 0.050000000000000003
          3.8125 1.75 0.050000000000000003
          3.875 1.75 0.050000000000000003
          3.9375 1.75 0.050000000000000003
          4 1.75 0.050000000000000003
          4.0625 1.75 0.050000000000000003
          4.125 1.75 0.050000000000000003
          4.1875 1.75 0.050000000000000003
          4.25 1.75 0.050000000000000003
          4.3125 1.75 0.050000000000000003
          4.375 1.75 0.050000000000000003
          4.4375 1.75 0.050000000000000003
          4.5 1.75 0.050000000000000003
          4.5625 1.75 0.050000000000000003
          4.625 1.75 0.050000000000000003
          4.6875 1.75 0.050000000000000003
          4.75 1.75 0.050000000000000003
          4.8125 1.75 0.050000000000000003
          4.875 1.75 0.050000000000000003
          4.9375 1.75 0.050000000000000003
          5 1.75 0.050000000000000003
          5.0625 1.75 0.050000000000000003
          5.125 1.75 0.050000000000000003
          5.1875 1.75 0.050000000000000003
          5.25 1.75 0.050000000000000003
          5.3125 1.75 0.050000000000000003
          5.375 1.75 0.050000000000000003
          5.4375 1.75 0.050000000000000003
          5.5 1.75 0.050000000000000003
          5.5625 1.75 0.050000000000000003
          5.625 1.75 0.050000000000000003
          5.6875 1.75 0.050000000000000003
          5.75 1.75 0.050000000000000003
          5.8125 1.75 0.050000000000000003
          5.875 1.75 0.050000000000000003
          5.9375 1.75 0.050000000000000003
          6 1.75 0.050000000000000003
          6.0625 1.75 0.050000000000000003
          6.125 1.75 0.050000000000000003
          6.1875 1.75 0.050000000000000003
          6.25 1.75 0.050000000000000003
          6.3125 1.75 0.050000000000000003
          6.375 1.75 0.050000000000000003
          6.4375 1.75 0.050000000000000003
          6.5 1.75 0.050000000000000003
          6.5625 1.75 0.050000000000000003
          6.625 1.75 0.050000000000000003
          6.6875 1.75 0.050000000000000003
          6.75 1.75 0.050000000000000003
          6.8125 1.75 0.050000000000000003
          6.875 1.75 0.050000000000000003
          6.9375 1.75 0.050000000000000003
          7 1.75 0.050000000000000003
          0 1.8125 0.050000000000000003
          0.0625 1.8125 0.050000000000000003
          0.125 1.8125 0.050000000000000003
          0.1875 1.8125 0.050000000000000003
          0.25 1.8125 0.050000000000000003
          0.3125 1.8125 0.050000000000000003
          0.375 1.8125 0.050000000000000003
          0.4375 1.8125 0.050000000000000003
          0.5 1.8125 0.050000000000000003
          0.5625 1.8125 0.050000000000000003
          0.625 1.8125 0.050000000000000003
          0.6875 1.8125 0.050000000000000003
          0.75 1.8125 0.050000000000000003
          0.8125 1.8125 0.050000000000000003
          0.875 1.8125 0.050000000000000003
          0.9375 1.8125 0.050000000000000003
          1 1.8125 0.050000000000000003
          1.0625 1.8125 0.050000000000000003
          1.125 1.8125 0.050000000000000003
          1.1875 1.8125 0.050000000000000003
          1.25 1.8125 0.050000000000000003
          1.3125 1.8125 0.050000000000000003
          1.375 1.8125 0.050000000000000003
          1.4375 1.8125 0.050000000000000003
          1.5 1.8125 0.050000000000000003
          1.5625 1.8125 0.050000000000000003
          1.625 1.8125 0.050000000000000003
          1.6875 1.8125 0.050000000000000003
          1.75 1.8125 0.050000000000000003
          1.8125 1.8125 0.050000000000000003
          1.875 1.8125 0.050000000000000003
          1.9375 1.8125 0.050000000000000003
          2 1.8125 0.050000000000000003
          2.0625 1.8125 0.050000000000000003
          2.125 1.8125 0.050000000000000003
          2.1875 1.8125 0.050000000000000003
          2.25 1.8125 0.050000000000000003
          2.3125 1.8125 0.050000000000000003
          2.375 1.8125 0.050000000000000003
          2.4375 1.8125 0.050000000000000003
          2.5 1.8125 0.050000000000000003
          2.5625 1.8125 0.050000000000000003
          2.625 1.8125 0.050000000000000003
          2.6875 1.8125 0.050000000000000003
          2.75 1.8125 0.050000000000000003
          2.8125 1.8125 0.050000000000000003
          2.875 1.8125 0.050000000000000003
          2.9375 1.8125 0.050000000000000003
          3 1.8125 0.050000000000000003
          3.0625 1.8125 0.050000000000000003
          3.125 1.8125 0.050000000000000003
          3.1875 1.8125 0.050000000000000003
          3.25 1.8125 0.050000000000000003
          3.3125 1.8125 0.050000000000000003
          3.375 1.8125 0.050000000000000003
          3.4375 1.8125 0.050000000000000003
          3.5 1.8125 0.050000000000000003
          3.5625 1.8125 0.050000000000000003
          3.625 1.8125 0.050000000000000003
          3.6875 1.8125 0.050000000000000003
          3.75 1.8125 0.050000000000000003
          3.8125 1.8125 0.050000000000000003
          3.875 1.8125 0.050000000000000003
          3.9375 1.8125 0.050000000000000003
          4 1.8125 0.050000000000000003
          4.0625 1.8125 0.050000000000000003
          4.125 1.8125 0.050000000000000003
          4.1875 1.8125 0.050000000000000003
          4.25 1.8125 0.050000000000000003
          4.3125 1.8125 0.050000000000000003
          4.375 1.8125 0.050000000000000003
          4.4375 1.8125 0.050000000000000003
          4.5 1.8125 0.050000000000000003
          4.5625 1.8125 0.050000000000000003
          4.625 1.8125 0.050000000000000003
          4.6875 1.8125 0.050000000000000003
          4.75 1.8125 0.050000000000000003
          4.8125 1.8125 0.050000000000000003
          4.875 1.8125 0.050000000000000003
          4.9375 1.8125 0.050000000000000003
          5 1.8125 0.050000000000000003
          5.0625 1.8125 0.050000000000000003
          5.125 1.8125 0.050000000000000003
          5.1875 1.8125 0.050000000000000003
          5.25 1.8125 0.050000000000000003
          5.3125 1.8125 0.050000000000000003
          5.375 1.8125 0.050000000000000003
          5.4375 1.8125 0.050000000000000003
          5.5 1.8125 0.050000000000000003
          5.5625 1.8125 0.050000000000000003
          5.625 1.8125 0.050000000000000003
          5.6875 1.8125 0.050000000000000003
          5.75 1.8125 0.050000000000000003
          5.8125 1.8125 0.050000000000000003
          5.875 1.8125 0.050000000000000003
          5.9375 1.8125 0.050000000000000003
          6 1.8125 0.050000000000000003
          6.0625 1.8125 0.050000000000000003
          6.125 1.8125 0.050000000000000003
          6.1875 1.8125 0.050000000000000003
          6.25 1.8125 0.050000000000000003
          6.3125 1.8125 0.050000000000000003
          6.375 1.8125 0.050000000000000003
          6.4375 1.8125 0.050000000000000003
          6.5 1.8125 0.050000000000000003
          6.5625 1.8125 0.050000000000000003
          6.625 1.8125 0.050000000000000003
          6.6875 1.8125 0.050000000000000003
          6.75 1.8125 0.050000000000000003
          6.8125 1.8125 0.050000000000000003
          6.875 1.8125 0.050000000000000003
          6.9375 1.8125 0.050000000000000003
          7 1.8125 0.050000000000000003
          0 1.875 0.050000000000000003
          0.0625 1.875 0.050000000000000003
          0.125 1.875 0.050000000000000003
          0.1875 1.875 0.050000000000000003
          0.25 1.875 0.050000000000000003
          0.3125 1.875 0.050000000000000003
          0.375 1.875 0.050000000000000003
          0.4375 1.875 0.050000000000000003
          0.5 1.875 0.050000000000000003
          0.5625 1.875 0.050000000000000003
          0.625 1.875 0.050000000000000003
          0.6875 1.875 0.050000000000000003
          0.75 1.875 0.050000000000000003
          0.8125 1.875 0.050000000000000003
          0.875 1.875 0.050000000000000003
          0.9375 1.875 0.050000000000000003
          1 1.875 0.050000000000000003
          1.0625 1.875 0.050000000000000003
          1.125 1.875 0.050000000000000003
          1.1875 1.875 0.050000000000000003
          1.25 1.875 0.050000000000000003
          1.3125 1.875 0.050000000000000003
          1.375 1.875 0.050000000000000003
          1.4375 1.875 0.050000000000000003
          1.5 1.875 0.050000000000000003
          1.5625 1.875 0.050000000000000003
          1.625 1.875 0.050000000000000003
          1.6875 1.875 0.050000000000000003
          1.75 1.875 0.050000000000000003
          1.8125 1.875 0.050000000000000003
          1.875 1.875 0.050000000000000003
          1.9375 1.875 0.050000000000000003
          2 1.875 0.050000000000000003
          2.0625 1.875 0.050000000000000003
          2.125 1.875 0.050000000000000003
          2.1875 1.875 0.050000000000000003
          2.25 1.875 0.050000000000000003
          2.3125 1.875 0.050000000000000003
          2.375 1.875 0.050000000000000003
          2.4375 1.875 0.050000000000000003
          2.5 1.875 0.050000000000000003
          2.5625 1.875 0.050000000000000003
          2.625 1.875 0.050000000000000003
          2.6875 1.875 0.050000000000000003
          2.75 1.875 0.050000000000000003
          2.8125 1.875 0.050000000000000003
          2.875 1.875 0.050000000000000003
          2.9375 1.875 0.050000000000000003
          3 1.875 0.050000000000000003
          3.0625 1.875 0.050000000000000003
          3.125 1.875 0.050000000000000003
          3.1875 1.875 0.050000000000000003
          3.25 1.875 0.050000000000000003
          3.3125 1.875 0.050000000000000003
          3.375 1.875 0.050000000000000003
          3.4375 1.875 0.050000000000000003
          3.5 1.875 0.050000000000000003
          3.5625 1.875 0.050000000000000003
          3.625 1.875 0.050000000000000003
          3.6875 1.875 0.050000000000000003
          3.75 1.875 0.050000000000000003
          3.8125 1.875 0.050000000000000003
          3.875 1.875 0.050000000000000003
          3.9375 1.875 0.050000000000000003
          4 1.875 0.050000000000000003
          4.0625 1.875 0.050000000000000003
          4.125 1.875 0.050000000000000003
          4.1875 1.875 0.050000000000000003
          4.25 1.875 0.050000000000000003
          4.3125 1.875 0.050000000000000003
          4.375 1.875 0.050000000000000003
          4.4375 1.875 0.050000000000000003
          4.5 1.875 0.050000000000000003
          4.5625 1.875 0.050000000000000003
          4.625 1.875 0.050000000000000003
          4.6875 1.875 0.050000000000000003
          4.75 1.875 0.050000000000000003
          4.8125 1.875 0.050000000000000003
          4.875 1.875 0.050000000000000003
          4.9375 1.875 0.050000000000000003
          5 1.875 0.050000000000000003
          5.0625 1.875 0.050000000000000003
          5.125 1.875 0.050000000000000003
          5.1875 1.875 0.050000000000000003
          5.25 1.875 0.050000000000000003
          5.3125 1.875 0.050000000000000003
          5.375 1.875 0.050000000000000003
          5.4375 1.875 0.050000000000000003
          5.5 1.875 0.050000000000000003
          5.5625 1.875 0.050000000000000003
          5.625 1.875 0.050000000000000003
          5.6875 1.875 0.050000000000000003
          5.75 1.875 0.050000000000000003
          5.8125 1.875 0.050000000000000003
          5.875 1.875 0.050000000000000003
          5.9375 1.875 0.050000000000000003
          6 1.875 0.050000000000000003
          6.0625 1.875 0.050000000000000003
          6.125 1.875 0.050000000000000003
          6.1875 1.875 0.050000000000000003
          6.25 1.875 0.050000000000000003
          6.3125 1.875 0.050000000000000003
          6.375 1.875 0.050000000000000003
          6.4375 1.875 0.050000000000000003
          6.5 1.875 0.050000000000000003
          6.5625 1.875 0.050000000000000003
          6.625 1.875 0.050000000000000003
          6.6875 1.875 0.050000000000000003
          6.75 1.875 0.050000000000000003
          6.8125 1.875 0.050000000000000003
          6.875 1.875 0.050000000000000003
          6.9375 1.875 0.050000000000000003
          7 1.875 0.050000000000000003
          0 1.9375 0.050000000000000003
          0.0625 1.9375 0.050000000000000003
          0.125 1.9375 0.050000000000000003
          0.1875 1.9375 0.050000000000000003
          0.25 1.9375 0.050000000000000003
          0.3125 1.9375 0.050000000000000003
          0.375 1.9375 0.050000000000000003
          0.4375 1.9375 0.050000000000000003
          0.5 1.9375 0.050000000000000003
          0.5625 1.9375 0.050000000000000003
          0.625 1.9375 0.050000000000000003
          0.6875 1.9375 0.050000000000000003
          0.75 1.9375 0.050000000000000003
          0.8125 1.9375 0.050000000000000003
          0.875 1.9375 0.050000000000000003
          0.9375 1.9375 0.050000000000000003
          1 1.9375 0.050000000000000003
          1.0625 1.9375 0.050000000000000003
          1.125 1.9375 0.050000000000000003
          1.1875 1.9375 0.050000000000000003
          1.25 1.9375 0.050000000000000003
          1.3125 1.9375 0.050000000000000003
          1.375 1.9375 0.050000000000000003
          1.4375 1.9375 0.050000000000000003
          1.5 1.9375 0.050000000000000003
          1.5625 1.9375 0.050000000000000003
          1.625 1.9375 0.050000000000000003
          1.6875 1.9375 0.050000000000000003
          1.75 1.9375 0.050000000000000003
          1.8125 1.9375 0.050000000000000003
          1.875 1.9375 0.050000000000000003
          1.9375 1.9375 0.050000000000000003
          2 1.9375 0.050000000000000003
          2.0625 1.9375 0.050000000000000003
          2.125 1.9375 0.050000000000000003
          2.1875 1.9375 0.050000000000000003
          2.25 1.9375 0.050000000000000003
          2.3125 1.9375 0.050000000000000003
          2.375 1.9375 0.050000000000000003
          2.4375 1.9375 0.050000000000000003
          2.5 1.9375 0.050000000000000003
          2.5625 1.9375 0.050000000000000003
          2.625 1.9375 0.050000000000000003
          2.6875 1.9375 0.050000000000000003
          2.75 1.9375 0.050000000000000003
          2.8125 1.9375 0.050000000000000003
          2.875 1.9375 0.050000000000000003
          2.9375 1.9375 0.050000000000000003
          3 1.9375 0.050000000000000003
          3.0625 1.9375 0.050000000000000003
          3.125 1.9375 0.050000000000000003
          3.1875 1.9375 0.050000000000000003
          3.25 1.9375 0.050000000000000003
          3.3125 1.9375 0.050000000000000003
          3.375 1.9375 0.050000000000000003
          3.4375 1.9375 0.050000000000000003
          3.5 1.9375 0.050000000000000003
          3.5625 1.9375 0.050000000000000003
          3.625 1.9375 0.050000000000000003
          3.6875 1.9375 0.050000000000000003
          3.75 1.9375 0.050000000000000003
          3.8125 1.9375 0.050000000000000003
          3.875 1.9375 0.050000000000000003
          3.9375 1.9375 0.050000000000000003
          4 1.9375 0.050000000000000003
          4.0625 1.9375 0.050000000000000003
          4.125 1.9375 0.050000000000000003
          4.1875 1.9375 0.050000000000000003
          4.25 1.9375 0.050000000000000003
          4.3125 1.9375 0.050000000000000003
          4.375 1.9375 0.050000000000000003
          4.4375 1.9375 0.050000000000000003
          4.5 1.9375 0.050000000000000003
          4.5625 1.9375 0.050000000000000003
          4.625 1.9375 0.050000000000000003
          4.6875 1.9375 0.050000000000000003
          4.75 1.9375 0.050000000000000003
          4.8125 1.9375 0.050000000000000003
          4.875 1.9375 0.050000000000000003
          4.9375 1.9375 0.050000000000000003
          5 1.9375 0.050000000000000003
          5.0625 1.9375 0.050000000000000003
          5.125 1.9375 0.050000000000000003
          5.1875 1.9375 0.050000000000000003
          5.25 1.9375 0.050000000000000003
          5.3125 1.9375 0.050000000000000003
          5.375 1.9375 0.050000000000000003
          5.4375 1.9375 0.050000000000000003
          5.5 1.9375 0.050000000000000003
          5.5625 1.9375 0.050000000000000003
          5.625 1.9375 0.050000000000000003
          5.6875 1.9375 0.050000000000000003
          5.75 1.9375 0.050000000000000003
          5.8125 1.9375 0.050000000000000003
          5.875 1.9375 0.050000000000000003
          5.9375 1.9375 0.050000000000000003
          6 1.9375 0.050000000000000003
          6.0625 1.9375 0.050000000000000003
          6.125 1.9375 0.050000000000000003
          6.1875 1.9375 0.050000000000000003
          6.25 1.9375 0.050000000000000003
          6.3125 1.9375 0.050000000000000003
          6.375 1.9375 0.050000000000000003
          6.4375 1.9375 0.050000000000000003
          6.5 1.9375 0.050000000000000003
          6.5625 1.9375 0.050000000000000003
          6.625 1.9375 0.050000000000000003
          6.6875 1.9375 0.050000000000000003
          6.75 1.9375 0.050000000000000003
          6.8125 1.9375 0.050000000000000003
          6.875 1.9375 0.050000000000000003
          6.9375 1.9375 0.050000000000000003
          7 1.9375 0.050000000000000003
          0 2 0.050000000000000003
          0.0625 2 0.050000000000000003
          0.125 2 0.050000000000000003
          0.1875 2 0.050000000000000003
          0.25 2 0.050000000000000003
          0.3125 2 0.050000000000000003
          0.375 2 0.050000000000000003
          0.4375 2 0.050000000000000003
          0.5 2 0.050000000000000003
          0.5625 2 0.050000000000000003
          0.625 2 0.050000000000000003
          0.6875 2 0.050000000000000003
          0.75 2 0.050000000000000003
          0.8125 2 0.050000000000000003
          0.875 2 0.050000000000000003
          0.9375 2 0.050000000000000003
          1 2 0.050000000000000003
          1.0625 2 0.050000000000000003
          1.125 2 0.050000000000000003
          1.1875 2 0.050000000000000003
          1.25 2 0.050000000000000003
          1.3125 2 0.050000000000000003
          1.375 2 0.050000000000000003
          1.4375 2 0.050000000000000003
          1.5 2 0.050000000000000003
          1.5625 2 0.050000000000000003
          1.625 2 0.050000000000000003
          1.6875 2 0.050000000000000003
          1.75 2 0.050000000000000003
          1.8125 2 0.050000000000000003
          1.875 2 0.050000000000000003
          1.9375 2 0.050000000000000003
          2 2 0.050000000000000003
          2.0625 2 0.050000000000000003
          2.125 2 0.050000000000000003
          2.1875 2 0.050000000000000003
          2.25 2 0.050000000000000003
          2.3125 2 0.050000000000000003
          2.375 2 0.050000000000000003
          2.4375 2 0.050000000000000003
          2.5 2 0.050000000000000003
          2.5625 2 0.050000000000000003
          2.625 2 0.050000000000000003
          2.6875 2 0.050000000000000003
          2.75 2 0.050000000000000003
          2.8125 2 0.050000000000000003
          2.875 2 0.050000000000000003
          2.9375 2 0.050000000000000003
          3 2 0.050000000000000003
          3.0625 2 0.050000000000000003
          3.125 2 0.050000000000000003
          3.1875 2 0.050000000000000003
          3.25 2 0.050000000000000003
          3.3125 2 0.050000000000000003
          3.375 2 0.050000000000000003
          3.4375 2 0.050000000000000003
          3.5 2 0.050000000000000003
          3.5625 2 0.050000000000000003
          3.625 2 0.050000000000000003
          3.6875 2 0.050000000000000003
          3.75 2 0.050000000000000003
          3.8125 2 0.050000000000000003
          3.875 2 0.050000000000000003
          3.9375 2 0.050000000000000003
          4 2 0.050000000000000003
          4.0625 2 0.050000000000000003
          4.125 2 0.050000000000000003
          4.1875 2 0.050000000000000003
          4.25 2 0.050000000000000003
          4.3125 2 0.050000000000000003
          4.375 2 0.050000000000000003
          4.4375 2 0.050000000000000003
          4.5 2 0.050000000000000003
          4.5625 2 0.050000000000000003
          4.625 2 0.050000000000000003
          4.6875 2 0.050000000000000003
          4.75 2 0.050000000000000003
          4.8125 2 0.050000000000000003
          4.875 2 0.050000000000000003
          4.9375 2 0.050000000000000003
          5 2 0.050000000000000003
          5.0625 2 0.050000000000000003
          5.125 2 0.050000000000000003
          5.1875 2 0.050000000000000003
          5.25 2 0.050000000000000003
          5.3125 2 0.050000000000000003
          5.375 2 0.050000000000000003
          5.4375 2 0.050000000000000003
          5.5 2 0.050000000000000003
          5.5625 2 0.050000000000000003
          5.625 2 0.050000000000000003
          5.6875 2 0.050000000000000003
          5.75 2 0.050000000000000003
          5.8125 2 0.050000000000000003
          5.875 2 0.050000000000000003
          5.9375 2 0.050000000000000003
          6 2 0.050000000000000003
          6.0625 2 0.050000000000000003
          6.125 2 0.050000000000000003
          6.1875 2 0.050000000000000003
          6.25 2 0.050000000000000003
          6.3125 2 0.050000000000000003
          6.375 2 0.050000000000000003
          6.4375 2 0.050000000000000003
          6.5 2 0.050000000000000003
          6.5625 2 0.050000000000000003
          6.625 2 0.050000000000000003
          6.6875 2 0.050000000000000003
          6.75 2 0.050000000000000003
          6.8125 2 0.050000000000000003
          6.875 2 0.050000000000000003
          6.9375 2 0.050000000000000003
          7 2 0.050000000000000003
          0 2.0625 0.050000000000000003
          0.0625 2.0625 0.050000000000000003
          0.125 2.0625 0.050000000000000003
          0.1875 2.0625 0.050000000000000003
          0.25 2.0625 0.050000000000000003
          0.3125 2.0625 0.050000000000000003
          0.375 2.0625 0.050000000000000003
          0.4375 2.0625 0.050000000000000003
          0.5 2.0625 0.050000000000000003
          0.5625 2.0625 0.050000000000000003
          0.625 2.0625 0.050000000000000003
          0.6875 2.0625 0.050000000000000003
          0.75 2.0625 0.050000000000000003
          0.8125 2.0625 0.050000000000000003
          0.875 2.0625 0.050000000000000003
          0.9375 2.0625 0.050000000000000003
          1 2.0625 0.050000000000000003
          1.0625 2.0625 0.050000000000000003
          1.125 2.0625 0.050000000000000003
          1.1875 2.0625 0.050000000000000003
          1.25 2.0625 0.050000000000000003
          1.3125 2.0625 0.050000000000000003
          1.375 2.0625 0.050000000000000003
          1.4375 2.0625 0.050000000000000003
          1.5 2.0625 0.050000000000000003
          1.5625 2.0625 0.050000000000000003
          1.625 2.0625 0.050000000000000003
          1.6875 2.0625 0.050000000000000003
          1.75 2.0625 0.050000000000000003
          1.8125 2.0625 0.050000000000000003
          1.875 2.0625 0.050000000000000003
          1.9375 2.0625 0.050000000000000003
          2 2.0625 0.050000000000000003
          2.0625 2.0625 0.050000000000000003
          2.125 2.0625 0.050000000000000003
          2.1875 2.0625 0.050000000000000003
          2.25 2.0625 0.050000000000000003
          2.3125 2.0625 0.050000000000000003
          2.375 2.0625 0.050000000000000003
          2.4375 2.0625 0.050000000000000003
          2.5 2.0625 0.050000000000000003
          2.5625 2.0625 0.050000000000000003
          2.625 2.0625 0.050000000000000003
          2.6875 2.0625 0.050000000000000003
          2.75 2.0625 0.050000000000000003
          2.8125 2.0625 0.050000000000000003
          2.875 2.0625 0.050000000000000003
          2.9375 2.0625 0.050000000000000003
          3 2.0625 0.050000000000000003
          3.0625 2.0625 0.050000000000000003
          3.125 2.0625 0.050000000000000003
          3.1875 2.0625 0.050000000000000003
          3.25 2.0625 0.050000000000000003
          3.3125 2.0625 0.050000000000000003
          3.375 2.0625 0.050000000000000003
          3.4375 2.0625 0.050000000000000003
          3.5 2.0625 0.050000000000000003
          3.5625 2.0625 0.050000000000000003
          3.625 2.0625 0.050000000000000003
          3.6875 2.0625 0.050000000000000003
          3.75 2.0625 0.050000000000000003
          3.8125 2.0625 0.050000000000000003
          3.875 2.0625 0.050000000000000003
          3.9375 2.0625 0.050000000000000003
          4 2.0625 0.050000000000000003
          4.0625 2.0625 0.050000000000000003
          4.125 2.0625 0.050000000000000003
          4.1875 2.0625 0.050000000000000003
          4.25 2.0625 0.050000000000000003
          4.3125 2.0625 0.050000000000000003
          4.375 2.0625 0.050000000000000003
          4.4375 2.0625 0.050000000000000003
          4.5 2.0625 0.050000000000000003
          4.5625 2.0625 0.050000000000000003
          4.625 2.0625 0.050000000000000003
          4.6875 2.0625 0.050000000000000003
          4.75 2.0625 0.050000000000000003
          4.8125 2.0625 0.050000000000000003
          4.875 2.0625 0.050000000000000003
          4.9375 2.0625 0.050000000000000003
          5 2.0625 0.050000000000000003
          5.0625 2.0625 0.050000000000000003
          5.125 2.0625 0.050000000000000003
          5.1875 2.0625 0.050000000000000003
          5.25 2.0625 0.050000000000000003
          5.3125 2.0625 0.050000000000000003
          5.375 2.0625 0.050000000000000003
          5.4375 2.0625 0.050000000000000003
          5.5 2.0625 0.050000000000000003
          5.5625 2.0625 0.050000000000000003
          5.625 2.0625 0.050000000000000003
          5.6875 2.0625 0.050000000000000003
          5.75 2.0625 0.050000000000000003
          5.8125 2.0625 0.050000000000000003
          5.875 2.0625 0.050000000000000003
          5.9375 2.0625 0.050000000000000003
          6 2.0625 0.050000000000000003
          6.0625 2.0625 0.050000000000000003
          6.125 2.0625 0.050000000000000003
          6.1875 2.0625 0.050000000000000003
          6.25 2.0625 0.050000000000000003
          6.3125 2.0625 0.050000000000000003
          6.375 2.0625 0.050000000000000003
          6.4375 2.0625 0.050000000000000003
          6.5 2.0625 0.050000000000000003
          6.5625 2.0625 0.050000000000000003
          6.625 2.0625 0.050000000000000003
          6.6875 2.0625 0.050000000000000003
          6.75 2.0625 0.050000000000000003
          6.8125 2.0625 0.050000000000000003
          6.875 2.0625 0.050000000000000003
          6.9375 2.0625 0.050000000000000003
          7 2.0625 0.050000000000000003
          0 2.125 0.050000000000000003
          0.0625 2.125 0.050000000000000003
          0.125 2.125 0.050000000000000003
          0.1875 2.125 0.050000000000000003
          0.25 2.125 0.050000000000000003
          0.3125 2.125 0.050000000000000003
          0.375 2.125 0.050000000000000003
          0.4375 2.125 0.050000000000000003
          0.5 2.125 0.050000000000000003
          0.5625 2.125 0.050000000000000003
          0.625 2.125 0.050000000000000003
          0.6875 2.125 0.050000000000000003
          0.75 2.125 0.050000000000000003
          0.8125 2.125 0.050000000000000003
          0.875 2.125 0.050000000000000003
          0.9375 2.125 0.050000000000000003
          1 2.125 0.050000000000000003
          1.0625 2.125 0.050000000000000003
          1.125 2.125 0.050000000000000003
          1.1875 2.125 0.050000000000000003
          1.25 2.125 0.050000000000000003
          1.3125 2.125 0.050000000000000003
          1.375 2.125 0.050000000000000003
          1.4375 2.125 0.050000000000000003
          1.5 2.125 0.050000000000000003
          1.5625 2.125 0.050000000000000003
          1.625 2.125 0.050000000000000003
          1.6875 2.125 0.050000000000000003
          1.75 2.125 0.050000000000000003
          1.8125 2.125 0.050000000000000003
          1.875 2.125 0.050000000000000003
          1.9375 2.125 0.050000000000000003
          2 2.125 0.050000000000000003
          2.0625 2.125 0.050000000000000003
          2.125 2.125 0.050000000000000003
          2.1875 2.125 0.050000000000000003
          2.25 2.125 0.050000000000000003
          2.3125 2.125 0.050000000000000003
          2.375 2.125 0.050000000000000003
          2.4375 2.125 0.050000000000000003
          2.5 2.125 0.050000000000000003
          2.5625 2.125 0.050000000000000003
          2.625 2.125 0.050000000000000003
          2.6875 2.125 0.050000000000000003
          2.75 2.125 0.050000000000000003
          2.8125 2.125 0.050000000000000003
          2.875 2.125 0.050000000000000003
          2.9375 2.125 0.050000000000000003
          3 2.125 0.050000000000000003
          3.0625 2.125 0.050000000000000003
          3.125 2.125 0.050000000000000003
          3.1875 2.125 0.050000000000000003
          3.25 2.125 0.050000000000000003
          3.3125 2.125 0.050000000000000003
          3.375 2.125 0.050000000000000003
          3.4375 2.125 0.050000000000000003
          3.5 2.125 0.050000000000000003
          3.5625 2.125 0.050000000000000003
          3.625 2.125 0.050000000000000003
          3.6875 2.125 0.050000000000000003
          3.75 2.125 0.050000000000000003
          3.8125 2.125 0.050000000000000003
          3.875 2.125 0.050000000000000003
          3.9375 2.125 0.050000000000000003
          4 2.125 0.050000000000000003
          4.0625 2.125 0.050000000000000003
          4.125 2.125 0.050000000000000003
          4.1875 2.125 0.050000000000000003
          4.25 2.125 0.050000000000000003
          4.3125 2.125 0.050000000000000003
          4.375 2.125 0.050000000000000003
          4.4375 2.125 0.050000000000000003
          4.5 2.125 0.050000000000000003
          4.5625 2.125 0.050000000000000003
          4.625 2.125 0.050000000000000003
          4.6875 2.125 0.050000000000000003
          4.75 2.125 0.050000000000000003
          4.8125 2.125 0.050000000000000003
          4.875 2.125 0.050000000000000003
          4.9375 2.125 0.050000000000000003
          5 2.125 0.050000000000000003
          5.0625 2.125 0.050000000000000003
          5.125 2.125 0.050000000000000003
          5.1875 2.125 0.050000000000000003
          5.25 2.125 0.050000000000000003
          5.3125 2.125 0.050000000000000003
          5.375 2.125 0.050000000000000003
          5.4375 2.125 0.050000000000000003
          5.5 2.125 0.050000000000000003
          5.5625 2.125 0.050000000000000003
          5.625 2.125 0.050000000000000003
          5.6875 2.125 0.050000000000000003
          5.75 2.125 0.050000000000000003
          5.8125 2.125 0.050000000000000003
          5.875 2.125 0.050000000000000003
          5.9375 2.125 0.050000000000000003
          6 2.125 0.050000000000000003
          6.0625 2.125 0.050000000000000003
          6.125 2.125 0.050000000000000003
          6.1875 2.125 0.050000000000000003
          6.25 2.125 0.050000000000000003
          6.3125 2.125 0.050000000000000003
          6.375 2.125 0.050000000000000003
          6.4375 2.125 0.050000000000000003
          6.5 2.125 0.050000000000000003
          6.5625 2.125 0.050000000000000003
          6.625 2.125 0.050000000000000003
          6.6875 2.125 0.050000000000000003
          6.75 2.125 0.050000000000000003
          6.8125 2.125 0.050000000000000003
          6.875 2.125 0.050000000000000003
          6.9375 2.125 0.050000000000000003
          7 2.125 0.050000000000000003
          0 2.1875 0.050000000000000003
          0.0625 2.1875 0.050000000000000003
          0.125 2.1875 0.050000000000000003
          0.1875 2.1875 0.050000000000000003
          0.25 2.1875 0.050000000000000003
          0.3125 2.1875 0.050000000000000003
          0.375 2.1875 0.050000000000000003
          0.4375 2.1875 0.050000000000000003
          0.5 2.1875 0.050000000000000003
          0.5625 2.1875 0.050000000000000003
          0.625 2.1875 0.050000000000000003
          0.6875 2.1875 0.050000000000000003
          0.75 2.1875 0.050000000000000003
          0.8125 2.1875 0.050000000000000003
          0.875 2.1875 0.050000000000000003
          0.9375 2.1875 0.050000000000000003
          1 2.1875 0.050000000000000003
          1.0625 2.1875 0.050000000000000003
          1.125 2.1875 0.050000000000000003
          1.1875 2.1875 0.050000000000000003
          1.25 2.1875 0.050000000000000003
          1.3125 2.1875 0.050000000000000003
          1.375 2.1875 0.050000000000000003
          1.4375 2.1875 0.050000000000000003
          1.5 2.1875 0.050000000000000003
          1.5625 2.1875 0.050000000000000003
          1.625 2.1875 0.050000000000000003
          1.6875 2.1875 0.050000000000000003
          1.75 2.1875 0.050000000000000003
          1.8125 2.1875 0.050000000000000003
          1.875 2.1875 0.050000000000000003
          1.9375 2.1875 0.050000000000000003
          2 2.1875 0.050000000000000003
          2.0625 2.1875 0.050000000000000003
          2.125 2.1875 0.050000000000000003
          2.1875 2.1875 0.050000000000000003
          2.25 2.1875 0.050000000000000003
          2.3125 2.1875 0.050000000000000003
          2.375 2.1875 0.050000000000000003
          2.4375 2.1875 0.050000000000000003
          2.5 2.1875 0.050000000000000003
          2.5625 2.1875 0.050000000000000003
          2.625 2.1875 0.050000000000000003
          2.6875 2.1875 0.050000000000000003
          2.75 2.1875 0.050000000000000003
          2.8125 2.1875 0.050000000000000003
          2.875 2.1875 0.050000000000000003
          2.9375 2.1875 0.050000000000000003
          3 2.1875 0.050000000000000003
          3.0625 2.1875 0.050000000000000003
          3.125 2.1875 0.050000000000000003
          3.1875 2.1875 0.050000000000000003
          3.25 2.1875 0.050000000000000003
          3.3125 2.1875 0.050000000000000003
          3.375 2.1875 0.050000000000000003
          3.4375 2.1875 0.050000000000000003
          3.5 2.1875 0.050000000000000003
          3.5625 2.1875 0.050000000000000003
          3.625 2.1875 0.050000000000000003
          3.6875 2.1875 0.050000000000000003
          3.75 2.1875 0.050000000000000003
          3.8125 2.1875 0.050000000000000003
          3.875 2.1875 0.050000000000000003
          3.9375 2.1875 0.050000000000000003
          4 2.1875 0.050000000000000003
          4.0625 2.1875 0.050000000000000003
          4.125 2.1875 0.050000000000000003
          4.1875 2.1875 0.050000000000000003
          4.25 2.1875 0.050000000000000003
          4.3125 2.1875 0.050000000000000003
          4.375 2.1875 0.050000000000000003
          4.4375 2.1875 0.050000000000000003
          4.5 2.1875 0.050000000000000003
          4.5625 2.1875 0.050000000000000003
          4.625 2.1875 0.050000000000000003
          4.6875 2.1875 0.050000000000000003
          4.75 2.1875 0.050000000000000003
          4.8125 2.1875 0.050000000000000003
          4.875 2.1875 0.050000000000000003
          4.9375 2.1875 0.050000000000000003
          5 2.1875 0.050000000000000003
          5.0625 2.1875 0.050000000000000003
          5.125 2.1875 0.050000000000000003
          5.1875 2.1875 0.050000000000000003
          5.25 2.1875 0.050000000000000003
          5.3125 2.1875 0.050000000000000003
          5.375 2.1875 0.050000000000000003
          5.4375 2.1875 0.050000000000000003
          5.5 2.1875 0.050000000000000003
          5.5625 2.1875 0.050000000000000003
          5.625 2.1875 0.050000000000000003
          5.6875 2.1875 0.050000000000000003
          5.75 2.1875 0.050000000000000003
          5.8125 2.1875 0.050000000000000003
          5.875 2.1875 0.050000000000000003
          5.9375 2.1875 0.050000000000000003
          6 2.1875 0.050000000000000003
          6.0625 2.1875 0.050000000000000003
          6.125 2.1875 0.050000000000000003
          6.1875 2.1875 0.050000000000000003
          6.25 2.1875 0.050000000000000003
          6.3125 2.1875 0.050000000000000003
          6.375 2.1875 0.050000000000000003
          6.4375 2.1875 0.050000000000000003
          6.5 2.1875 0.050000000000000003
          6.5625 2.1875 0.050000000000000003
          6.625 2.1875 0.050000000000000003
          6.6875 2.1875 0.050000000000000003
          6.75 2.1875 0.050000000000000003
          6.8125 2.1875 0.050000000000000003
          6.875 2.1875 0.050000000000000003
          6.9375 2.1875 0.050000000000000003
          7 2.1875 0.050000000000000003
          0 2.25 0.050000000000000003
          0.0625 2.25 0.050000000000000003
          0.125 2.25 0.050000000000000003
          0.1875 2.25 0.050000000000000003
          0.25 2.25 0.050000000000000003
          0.3125 2.25 0.050000000000000003
          0.375 2.25 0.050000000000000003
          0.4375 2.25 0.050000000000000003
          0.5 2.25 0.050000000000000003
          0.5625 2.25 0.050000000000000003
          0.625 2.25 0.050000000000000003
          0.6875 2.25 0.050000000000000003
          0.75 2.25 0.050000000000000003
          0.8125 2.25 0.050000000000000003
          0.875 2.25 0.050000000000000003
          0.9375 2.25 0.050000000000000003
          1 2.25 0.050000000000000003
          1.0625 2.25 0.050000000000000003
          1.125 2.25 0.050000000000000003
          1.1875 2.25 0.050000000000000003
          1.25 2.25 0.050000000000000003
          1.3125 2.25 0.050000000000000003
          1.375 2.25 0.050000000000000003
          1.4375 2.25 0.050000000000000003
          1.5 2.25 0.050000000000000003
          1.5625 2.25 0.050000000000000003
          1.625 2.25 0.050000000000000003
          1.6875 2.25 0.050000000000000003
          1.75 2.25 0.050000000000000003
          1.8125 2.25 0.050000000000000003
          1.875 2.25 0.050000000000000003
          1.9375 2.25 0.050000000000000003
          2 2.25 0.050000000000000003
          2.0625 2.25 0.050000000000000003
          2.125 2.25 0.050000000000000003
          2.1875 2.25 0.050000000000000003
          2.25 2.25 0.050000000000000003
          2.3125 2.25 0.050000000000000003
          2.375 2.25 0.050000000000000003
          2.4375 2.25 0.050000000000000003
          2.5 2.25 0.050000000000000003
          2.5625 2.25 0.050000000000000003
          2.625 2.25 0.050000000000000003
          2.6875 2.25 0.050000000000000003
          2.75 2.25 0.050000000000000003
          2.8125 2.25 0.050000000000000003
          2.875 2.25 0.050000000000000003
          2.9375 2.25 0.050000000000000003
          3 2.25 0.050000000000000003
          3.0625 2.25 0.050000000000000003
          3.125 2.25 0.050000000000000003
          3.1875 2.25 0.050000000000000003
          3.25 2.25 0.050000000000000003
          3.3125 2.25 0.050000000000000003
          3.375 2.25 0.050000000000000003
          3.4375 2.25 0.050000000000000003
          3.5 2.25 0.050000000000000003
          3.5625 2.25 0.050000000000000003
          3.625 2.25 0.050000000000000003
          3.6875 2.25 0.050000000000000003
          3.75 2.25 0.050000000000000003
          3.8125 2.25 0.050000000000000003
          3.875 2.25 0.050000000000000003
          3.9375 2.25 0.050000000000000003
          4 2.25 0.050000000000000003
          4.0625 2.25 0.050000000000000003
          4.125 2.25 0.050000000000000003
          4.1875 2.25 0.050000000000000003
          4.25 2.25 0.050000000000000003
          4.3125 2.25 0.050000000000000003
          4.375 2.25 0.050000000000000003
          4.4375 2.25 0.050000000000000003
          4.5 2.25 0.050000000000000003
          4.5625 2.25 0.050000000000000003
          4.625 2.25 0.050000000000000003
          4.6875 2.25 0.050000000000000003
          4.75 2.25 0.050000000000000003
          4.8125 2.25 0.050000000000000003
          4.875 2.25 0.050000000000000003
          4.9375 2.25 0.050000000000000003
          5 2.25 0.050000000000000003
          5.0625 2.25 0.050000000000000003
          5.125 2.25 0.050000000000000003
          5.1875 2.25 0.050000000000000003
          5.25 2.25 0.050000000000000003
          5.3125 2.25 0.050000000000000003
          5.375 2.25 0.050000000000000003
          5.4375 2.25 0.050000000000000003
          5.5 2.25 0.050000000000000003
          5.5625 2.25 0.050000000000000003
          5.625 2.25 0.050000000000000003
          5.6875 2.25 0.050000000000000003
          5.75 2.25 0.050000000000000003
          5.8125 2.25 0.050000000000000003
          5.875 2.25 0.050000000000000003
          5.9375 2.25 0.050000000000000003
          6 2.25 0.050000000000000003
          6.0625 2.25 0.050000000000000003
          6.125 2.25 0.050000000000000003
          6.1875 2.25 0.050000000000000003
          6.25 2.25 0.050000000000000003
          6.3125 2.25 0.050000000000000003
          6.375 2.25 0.050000000000000003
          6.4375 2.25 0.050000000000000003
          6.5 2.25 0.050000000000000003
          6.5625 2.25 0.050000000000000003
          6.625 2.25 0.050000000000000003
          6.6875 2.25 0.050000000000000003
          6.75 2.25 0.050000000000000003
          6.8125 2.25 0.050000000000000003
          6.875 2.25 0.050000000000000003
          6.9375 2.25 0.050000000000000003
          7 2.25 0.050000000000000003
          0 2.3125 0.050000000000000003
          0.0625 2.3125 0.050000000000000003
          0.125 2.3125 0.050000000000000003
          0.1875 2.3125 0.050000000000000003
          0.25 2.3125 0.050000000000000003
          0.3125 2.3125 0.050000000000000003
          0.375 2.3125 0.050000000000000003
          0.4375 2.3125 0.050000000000000003
          0.5 2.3125 0.050000000000000003
          0.5625 2.3125 0.050000000000000003
          0.625 2.3125 0.050000000000000003
          0.6875 2.3125 0.050000000000000003
          0.75 2.3125 0.050000000000000003
          0.8125 2.3125 0.050000000000000003
          0.875 2.3125 0.050000000000000003
          0.9375 2.3125 0.050000000000000003
          1 2.3125 0.050000000000000003
          1.0625 2.3125 0.050000000000000003
          1.125 2.3125 0.050000000000000003
          1.1875 2.3125 0.050000000000000003
          1.25 2.3125 0.050000000000000003
          1.3125 2.3125 0.050000000000000003
          1.375 2.3125 0.050000000000000003
          1.4375 2.3125 0.050000000000000003
          1.5 2.3125 0.050000000000000003
          1.5625 2.3125 0.050000000000000003
          1.625 2.3125 0.050000000000000003
          1.6875 2.3125 0.050000000000000003
          1.75 2.3125 0.050000000000000003
          1.8125 2.3125 0.050000000000000003
          1.875 2.3125 0.050000000000000003
          1.9375 2.3125 0.050000000000000003
          2 2.3125 0.050000000000000003
          2.0625 2.3125 0.050000000000000003
          2.125 2.3125 0.050000000000000003
          2.1875 2.3125 0.050000000000000003
          2.25 2.3125 0.050000000000000003
          2.3125 2.3125 0.050000000000000003
          2.375 2.3125 0.050000000000000003
          2.4375 2.3125 0.050000000000000003
          2.5 2.3125 0.050000000000000003
          2.5625 2.3125 0.050000000000000003
          2.625 2.3125 0.050000000000000003
          2.6875 2.3125 0.050000000000000003
          2.75 2.3125 0.050000000000000003
          2.8125 2.3125 0.050000000000000003
          2.875 2.3125 0.050000000000000003
          2.9375 2.3125 0.050000000000000003
          3 2.3125 0.050000000000000003
          3.0625 2.3125 0.050000000000000003
          3.125 2.3125 0.050000000000000003
          3.1875 2.3125 0.050000000000000003
          3.25 2.3125 0.050000000000000003
          3.3125 2.3125 0.050000000000000003
          3.375 2.3125 0.050000000000000003
          3.4375 2.3125 0.050000000000000003
          3.5 2.3125 0.050000000000000003
          3.5625 2.3125 0.050000000000000003
          3.625 2.3125 0.050000000000000003
          3.6875 2.3125 0.050000000000000003
          3.75 2.3125 0.050000000000000003
          3.8125 2.3125 0.050000000000000003
          3.875 2.3125 0.050000000000000003
          3.9375 2.3125 0.050000000000000003
          4 2.3125 0.050000000000000003
          4.0625 2.3125 0.050000000000000003
          4.125 2.3125 0.050000000000000003
          4.1875 2.3125 0.050000000000000003
          4.25 2.3125 0.050000000000000003
          4.3125 2.3125 0.050000000000000003
          4.375 2.3125 0.050000000000000003
          4.4375 2.3125 0.050000000000000003
          4.5 2.3125 0.050000000000000003
          4.5625 2.3125 0.050000000000000003
          4.625 2.3125 0.050000000000000003
          4.6875 2.3125 0.050000000000000003
          4.75 2.3125 0.050000000000000003
          4.8125 2.3125 0.050000000000000003
          4.875 2.3125 0.050000000000000003
          4.9375 2.3125 0.050000000000000003
          5 2.3125 0.050000000000000003
          5.0625 2.3125 0.050000000000000003
          5.125 2.3125 0.050000000000000003
          5.1875 2.3125 0.050000000000000003
          5.25 2.3125 0.050000000000000003
          5.3125 2.3125 0.050000000000000003
          5.375 2.3125 0.050000000000000003
          5.4375 2.3125 0.050000000000000003
          5.5 2.3125 0.050000000000000003
          5.5625 2.3125 0.050000000000000003
          5.625 2.3125 0.050000000000000003
          5.6875 2.3125 0.050000000000000003
          5.75 2.3125 0.050000000000000003
          5.8125 2.3125 0.050000000000000003
          5.875 2.3125 0.050000000000000003
          5.9375 2.3125 0.050000000000000003
          6 2.3125 0.050000000000000003
          6.0625 2.3125 0.050000000000000003
          6.125 2.3125 0.050000000000000003
          6.1875 2.3125 0.050000000000000003
          6.25 2.3125 0.050000000000000003
          6.3125 2.3125 0.050000000000000003
          6.375 2.3125 0.050000000000000003
          6.4375 2.3125 0.050000000000000003
          6.5 2.3125 0.050000000000000003
          6.5625 2.3125 0.050000000000000003
          6.625 2.3125 0.050000000000000003
          6.6875 2.3125 0.050000000000000003
          6.75 2.3125 0.050000000000000003
          6.8125 2.3125 0.050000000000000003
          6.875 2.3125 0.050000000000000003
          6.9375 2.3125 0.050000000000000003
          7 2.3125 0.050000000000000003
          0 2.375 0.050000000000000003
          0.0625 2.375 0.050000000000000003
          0.125 2.375 0.050000000000000003
          0.1875 2.375 0.050000000000000003
          0.25 2.375 0.050000000000000003
          0.3125 2.375 0.050000000000000003
          0.375 2.375 0.050000000000000003
          0.4375 2.375 0.050000000000000003
          0.5 2.375 0.050000000000000003
          0.5625 2.375 0.050000000000000003
          0.625 2.375 0.050000000000000003
          0.6875 2.375 0.050000000000000003
          0.75 2.375 0.050000000000000003
          0.8125 2.375 0.050000000000000003
          0.875 2.375 0.050000000000000003
          0.9375 2.375 0.050000000000000003
          1 2.375 0.050000000000000003
          1.0625 2.375 0.050000000000000003
          1.125 2.375 0.050000000000000003
          1.1875 2.375 0.050000000000000003
          1.25 2.375 0.050000000000000003
          1.3125 2.375 0.050000000000000003
          1.375 2.375 0.050000000000000003
          1.4375 2.375 0.050000000000000003
          1.5 2.375 0.050000000000000003
          1.5625 2.375 0.050000000000000003
          1.625 2.375 0.050000000000000003
          1.6875 2.375 0.050000000000000003
          1.75 2.375 0.050000000000000003
          1.8125 2.375 0.050000000000000003
          1.875 2.375 0.050000000000000003
          1.9375 2.375 0.050000000000000003
          2 2.375 0.050000000000000003
          2.0625 2.375 0.050000000000000003
          2.125 2.375 0.050000000000000003
          2.1875 2.375 0.050000000000000003
          2.25 2.375 0.050000000000000003
          2.3125 2.375 0.050000000000000003
          2.375 2.375 0.050000000000000003
          2.4375 2.375 0.050000000000000003
          2.5 2.375 0.050000000000000003
          2.5625 2.375 0.050000000000000003
          2.625 2.375 0.050000000000000003
          2.6875 2.375 0.050000000000000003
          2.75 2.375 0.050000000000000003
          2.8125 2.375 0.050000000000000003
          2.875 2.375 0.050000000000000003
          2.9375 2.375 0.050000000000000003
          3 2.375 0.050000000000000003
          3.0625 2.375 0.050000000000000003
          3.125 2.375 0.050000000000000003
          3.1875 2.375 0.050000000000000003
          3.25 2.375 0.050000000000000003
          3.3125 2.375 0.050000000000000003
          3.375 2.375 0.050000000000000003
          3.4375 2.375 0.050000000000000003
          3.5 2.375 0.050000000000000003
          3.5625 2.375 0.050000000000000003
          3.625 2.375 0.050000000000000003
          3.6875 2.375 0.050000000000000003
          3.75 2.375 0.050000000000000003
          3.8125 2.375 0.050000000000000003
          3.875 2.375 0.050000000000000003
          3.9375 2.375 0.050000000000000003
          4 2.375 0.050000000000000003
          4.0625 2.375 0.050000000000000003
          4.125 2.375 0.050000000000000003
          4.1875 2.375 0.050000000000000003
          4.25 2.375 0.050000000000000003
          4.3125 2.375 0.050000000000000003
          4.375 2.375 0.050000000000000003
          4.4375 2.375 0.050000000000000003
          4.5 2.375 0.050000000000000003
          4.5625 2.375 0.050000000000000003
          4.625 2.375 0.050000000000000003
          4.6875 2.375 0.050000000000000003
          4.75 2.375 0.050000000000000003
          4.8125 2.375 0.050000000000000003
          4.875 2.375 0.050000000000000003
          4.9375 2.375 0.050000000000000003
          5 2.375 0.050000000000000003
          5.0625 2.375 0.050000000000000003
          5.125 2.375 0.050000000000000003
          5.1875 2.375 0.050000000000000003
          5.25 2.375 0.050000000000000003
          5.3125 2.375 0.050000000000000003
          5.375 2.375 0.050000000000000003
          5.4375 2.375 0.050000000000000003
          5.5 2.375 0.050000000000000003
          5.5625 2.375 0.050000000000000003
          5.625 2.375 0.050000000000000003
          5.6875 2.375 0.050000000000000003
          5.75 2.375 0.050000000000000003
          5.8125 2.375 0.050000000000000003
          5.875 2.375 0.050000000000000003
          5.9375 2.375 0.050000000000000003
          6 2.375 0.050000000000000003
          6.0625 2.375 0.050000000000000003
          6.125 2.375 0.050000000000000003
          6.1875 2.375 0.050000000000000003
          6.25 2.375 0.050000000000000003
          6.3125 2.375 0.050000000000000003
          6.375 2.375 0.050000000000000003
          6.4375 2.375 0.050000000000000003
          6.5 2.375 0.050000000000000003
          6.5625 2.375 0.050000000000000003
          6.625 2.375 0.050000000000000003
          6.6875 2.375 0.050000000000000003
          6.75 2.375 0.050000000000000003
          6.8125 2.375 0.050000000000000003
          6.875 2.375 0.050000000000000003
          6.9375 2.375 0.050000000000000003
          7 2.375 0.050000000000000003
          0 2.4375 0.050000000000000003
          0.0625 2.4375 0.050000000000000003
          0.125 2.4375 0.050000000000000003
          0.1875 2.4375 0.050000000000000003
          0.25 2.4375 0.050000000000000003
          0.3125 2.4375 0.050000000000000003
          0.375 2.4375 0.050000000000000003
          0.4375 2.4375 0.050000000000000003
          0.5 2.4375 0.050000000000000003
          0.5625 2.4375 0.050000000000000003
          0.625 2.4375 0.050000000000000003
          0.6875 2.4375 0.050000000000000003
          0.75 2.4375 0.050000000000000003
          0.8125 2.4375 0.050000000000000003
          0.875 2.4375 0.050000000000000003
          0.9375 2.4375 0.050000000000000003
          1 2.4375 0.050000000000000003
          1.0625 2.4375 0.050000000000000003
          1.125 2.4375 0.050000000000000003
          1.1875 2.4375 0.050000000000000003
          1.25 2.4375 0.050000000000000003
          1.3125 2.4375 0.050000000000000003
          1.375 2.4375 0.050000000000000003
          1.4375 2.4375 0.050000000000000003
          1.5 2.4375 0.050000000000000003
          1.5625 2.4375 0.050000000000000003
          1.625 2.4375 0.050000000000000003
          1.6875 2.4375 0.050000000000000003
          1.75 2.4375 0.050000000000000003
          1.8125 2.4375 0.050000000000000003
          1.875 2.4375 0.050000000000000003
          1.9375 2.4375 0.050000000000000003
          2 2.4375 0.050000000000000003
          2.0625 2.4375 0.050000000000000003
          2.125 2.4375 0.050000000000000003
          2.1875 2.4375 0.050000000000000003
          2.25 2.4375 0.050000000000000003
          2.3125 2.4375 0.050000000000000003
          2.375 2.4375 0.050000000000000003
          2.4375 2.4375 0.050000000000000003
          2.5 2.4375 0.050000000000000003
          2.5625 2.4375 0.050000000000000003
          2.625 2.4375 0.050000000000000003
          2.6875 2.4375 0.050000000000000003
          2.75 2.4375 0.050000000000000003
          2.8125 2.4375 0.050000000000000003
          2.875 2.4375 0.050000000000000003
          2.9375 2.4375 0.050000000000000003
          3 2.4375 0.050000000000000003
          3.0625 2.4375 0.050000000000000003
          3.125 2.4375 0.050000000000000003
          3.1875 2.4375 0.050000000000000003
          3.25 2.4375 0.050000000000000003
          3.3125 2.4375 0.050000000000000003
          3.375 2.4375 0.050000000000000003
          3.4375 2.4375 0.050000000000000003
          3.5 2.4375 0.050000000000000003
          3.5625 2.4375 0.050000000000000003
          3.625 2.4375 0.050000000000000003
          3.6875 2.4375 0.050000000000000003
          3.75 2.4375 0.050000000000000003
          3.8125 2.4375 0.050000000000000003
          3.875 2.4375 0.050000000000000003
          3.9375 2.4375 0.050000000000000003
          4 2.4375 0.050000000000000003
          4.0625 2.4375 0.050000000000000003
          4.125 2.4375 0.050000000000000003
          4.1875 2.4375 0.050000000000000003
          4.25 2.4375 0.050000000000000003
          4.3125 2.4375 0.050000000000000003
          4.375 2.4375 0.050000000000000003
          4.4375 2.4375 0.050000000000000003
          4.5 2.4375 0.050000000000000003
          4.5625 2.4375 0.050000000000000003
          4.625 2.4375 0.050000000000000003
          4.6875 2.4375 0.050000000000000003
          4.75 2.4375 0.050000000000000003
          4.8125 2.4375 0.050000000000000003
          4.875 2.4375 0.050000000000000003
          4.9375 2.4375 0.050000000000000003
          5 2.4375 0.050000000000000003
          5.0625 2.4375 0.050000000000000003
          5.125 2.4375 0.050000000000000003
          5.1875 2.4375 0.050000000000000003
          5.25 2.4375 0.050000000000000003
          5.3125 2.4375 0.050000000000000003
          5.375 2.4375 0.050000000000000003
          5.4375 2.4375 0.050000000000000003
          5.5 2.4375 0.050000000000000003
          5.5625 2.4375 0.050000000000000003
          5.625 2.4375 0.050000000000000003
          5.6875 2.4375 0.050000000000000003
          5.75 2.4375 0.050000000000000003
          5.8125 2.4375 0.050000000000000003
          5.875 2.4375 0.050000000000000003
          5.9375 2.4375 0.050000000000000003
          6 2.4375 0.050000000000000003
          6.0625 2.4375 0.050000000000000003
          6.125 2.4375 0.050000000000000003
          6.1875 2.4375 0.050000000000000003
          6.25 2.4375 0.050000000000000003
          6.3125 2.4375 0.050000000000000003
          6.375 2.4375 0.050000000000000003
          6.4375 2.4375 0.050000000000000003
          6.5 2.4375 0.050000000000000003
          6.5625 2.4375 0.050000000000000003
          6.625 2.4375 0.050000000000000003
          6.6875 2.4375 0.050000000000000003
          6.75 2.4375 0.050000000000000003
          6.8125 2.4375 0.050000000000000003
          6.875 2.4375 0.050000000000000003
          6.9375 2.4375 0.050000000000000003
          7 2.4375 0.050000000000000003
          0 2.5 0.050000000000000003
          0.0625 2.5 0.050000000000000003
          0.125 2.5 0.050000000000000003
          0.1875 2.5 0.050000000000000003
          0.25 2.5 0.050000000000000003
          0.3125 2.5 0.050000000000000003
          0.375 2.5 0.050000000000000003
          0.4375 2.5 0.050000000000000003
          0.5 2.5 0.050000000000000003
          0.5625 2.5 0.050000000000000003
          0.625 2.5 0.050000000000000003
          0.6875 2.5 0.050000000000000003
          0.75 2.5 0.050000000000000003
          0.8125 2.5 0.050000000000000003
          0.875 2.5 0.050000000000000003
          0.9375 2.5 0.050000000000000003
          1 2.5 0.050000000000000003
          1.0625 2.5 0.050000000000000003
          1.125 2.5 0.050000000000000003
          1.1875 2.5 0.050000000000000003
          1.25 2.5 0.050000000000000003
          1.3125 2.5 0.050000000000000003
          1.375 2.5 0.050000000000000003
          1.4375 2.5 0.050000000000000003
          1.5 2.5 0.050000000000000003
          1.5625 2.5 0.050000000000000003
          1.625 2.5 0.050000000000000003
          1.6875 2.5 0.050000000000000003
          1.75 2.5 0.050000000000000003
          1.8125 2.5 0.050000000000000003
          1.875 2.5 0.050000000000000003
          1.9375 2.5 0.050000000000000003
          2 2.5 0.050000000000000003
          2.0625 2.5 0.050000000000000003
          2.125 2.5 0.050000000000000003
          2.1875 2.5 0.050000000000000003
          2.25 2.5 0.050000000000000003
          2.3125 2.5 0.050000000000000003
          2.375 2.5 0.050000000000000003
          2.4375 2.5 0.050000000000000003
          2.5 2.5 0.050000000000000003
          2.5625 2.5 0.050000000000000003
          2.625 2.5 0.050000000000000003
          2.6875 2.5 0.050000000000000003
          2.75 2.5 0.050000000000000003
          2.8125 2.5 0.050000000000000003
          2.875 2.5 0.050000000000000003
          2.9375 2.5 0.050000000000000003
          3 2.5 0.050000000000000003
          3.0625 2.5 0.050000000000000003
          3.125 2.5 0.050000000000000003
          3.1875 2.5 0.050000000000000003
          3.25 2.5 0.050000000000000003
          3.3125 2.5 0.050000000000000003
          3.375 2.5 0.050000000000000003
          3.4375 2.5 0.050000000000000003
          3.5 2.5 0.050000000000000003
          3.5625 2.5 0.050000000000000003
          3.625 2.5 0.050000000000000003
          3.6875 2.5 0.050000000000000003
          3.75 2.5 0.050000000000000003
          3.8125 2.5 0.050000000000000003
          3.875 2.5 0.050000000000000003
          3.9375 2.5 0.050000000000000003
          4 2.5 0.050000000000000003
          4.0625 2.5 0.050000000000000003
          4.125 2.5 0.050000000000000003
          4.1875 2.5 0.050000000000000003
          4.25 2.5 0.050000000000000003
          4.3125 2.5 0.050000000000000003
          4.375 2.5 0.050000000000000003
          4.4375 2.5 0.050000000000000003
          4.5 2.5 0.050000000000000003
          4.5625 2.5 0.050000000000000003
          4.625 2.5 0.050000000000000003
          4.6875 2.5 0.050000000000000003
          4.75 2.5 0.050000000000000003
          4.8125 2.5 0.050000000000000003
          4.875 2.5 0.050000000000000003
          4.9375 2.5 0.050000000000000003
          5 2.5 0.050000000000000003
          5.0625 2.5 0.050000000000000003
          5.125 2.5 0.050000000000000003
          5.1875 2.5 0.050000000000000003
          5.25 2.5 0.050000000000000003
          5.3125 2.5 0.050000000000000003
          5.375 2.5 0.050000000000000003
          5.4375 2.5 0.050000000000000003
          5.5 2.5 0.050000000000000003
          5.5625 2.5 0.050000000000000003
          5.625 2.5 0.050000000000000003
          5.6875 2.5 0.050000000000000003
          5.75 2.5 0.050000000000000003
          5.8125 2.5 0.050000000000000003
          5.875 2.5 0.050000000000000003
          5.9375 2.5 0.050000000000000003
          6 2.5 0.050000000000000003
          6.0625 2.5 0.050000000000000003
          6.125 2.5 0.050000000000000003
          6.1875 2.5 0.050000000000000003
          6.25 2.5 0.050000000000000003
          6.3125 2.5 0.050000000000000003
          6.375 2.5 0.050000000000000003
          6.4375 2.5 0.050000000000000003
          6.5 2.5 0.050000000000000003
          6.5625 2.5 0.050000000000000003
          6.625 2.5 0.050000000000000003
          6.6875 2.5 0.050000000000000003
          6.75 2.5 0.050000000000000003
          6.8125 2.5 0.050000000000000003
          6.875 2.5 0.050000000000000003
          6.9375 2.5 0.050000000000000003
          7 2.5 0.050000000000000003
          0 2.5625 0.050000000000000003
          0.0625 2.5625 0.050000000000000003
          0.125 2.5625 0.050000000000000003
          0.1875 2.5625 0.050000000000000003
          0.25 2.5625 0.050000000000000003
          0.3125 2.5625 0.050000000000000003
          0.375 2.5625 0.050000000000000003
          0.4375 2.5625 0.050000000000000003
          0.5 2.5625 0.050000000000000003
          0.5625 2.5625 0.050000000000000003
          0.625 2.5625 0.050000000000000003
          0.6875 2.5625 0.050000000000000003
          0.75 2.5625 0.050000000000000003
          0.8125 2.5625 0.050000000000000003
          0.875 2.5625 0.050000000000000003
          0.9375 2.5625 0.050000000000000003
          1 2.5625 0.050000000000000003
          1.0625 2.5625 0.050000000000000003
          1.125 2.5625 0.050000000000000003
          1.1875 2.5625 0.050000000000000003
          1.25 2.5625 0.050000000000000003
          1.3125 2.5625 0.050000000000000003
          1.375 2.5625 0.050000000000000003
          1.4375 2.5625 0.050000000000000003
          1.5 2.5625 0.050000000000000003
          1.5625 2.5625 0.050000000000000003
          1.625 2.5625 0.050000000000000003
          1.6875 2.5625 0.050000000000000003
          1.75 2.5625 0.050000000000000003
          1.8125 2.5625 0.050000000000000003
          1.875 2.5625 0.050000000000000003
          1.9375 2.5625 0.050000000000000003
          2 2.5625 0.050000000000000003
          2.0625 2.5625 0.050000000000000003
          2.125 2.5625 0.050000000000000003
          2.1875 2.5625 0.050000000000000003
          2.25 2.5625 0.050000000000000003
          2.3125 2.5625 0.050000000000000003
          2.375 2.5625 0.050000000000000003
          2.4375 2.5625 0.050000000000000003
          2.5 2.5625 0.050000000000000003
          2.5625 2.5625 0.050000000000000003
          2.625 2.5625 0.050000000000000003
          2.6875 2.5625 0.050000000000000003
          2.75 2.5625 0.050000000000000003
          2.8125 2.5625 0.050000000000000003
          2.875 2.5625 0.050000000000000003
          2.9375 2.5625 0.050000000000000003
          3 2.5625 0.050000000000000003
          3.0625 2.5625 0.050000000000000003
          3.125 2.5625 0.050000000000000003
          3.1875 2.5625 0.050000000000000003
          3.25 2.5625 0.050000000000000003
          3.3125 2.5625 0.050000000000000003
          3.375 2.5625 0.050000000000000003
          3.4375 2.5625 0.050000000000000003
          3.5 2.5625 0.050000000000000003
          3.5625 2.5625 0.050000000000000003
          3.625 2.5625 0.050000000000000003
          3.6875 2.5625 0.050000000000000003
          3.75 2.5625 0.050000000000000003
          3.8125 2.5625 0.050000000000000003
          3.875 2.5625 0.050000000000000003
          3.9375 2.5625 0.050000000000000003
          4 2.5625 0.050000000000000003
          4.0625 2.5625 0.050000000000000003
          4.125 2.5625 0.050000000000000003
          4.1875 2.5625 0.050000000000000003
          4.25 2.5625 0.050000000000000003
          4.3125 2.5625 0.050000000000000003
          4.375 2.5625 0.050000000000000003
          4.4375 2.5625 0.050000000000000003
          4.5 2.5625 0.050000000000000003
          4.5625 2.5625 0.050000000000000003
          4.625 2.5625 0.050000000000000003
          4.6875 2.5625 0.050000000000000003
          4.75 2.5625 0.050000000000000003
          4.8125 2.5625 0.050000000000000003
          4.875 2.5625 0.050000000000000003
          4.9375 2.5625 0.050000000000000003
          5 2.5625 0.050000000000000003
          5.0625 2.5625 0.050000000000000003
          5.125 2.5625 0.050000000000000003
          5.1875 2.5625 0.050000000000000003
          5.25 2.5625 0.050000000000000003
          5.3125 2.5625 0.050000000000000003
          5.375 2.5625 0.050000000000000003
          5.4375 2.5625 0.050000000000000003
          5.5 2.5625 0.050000000000000003
          5.5625 2.5625 0.050000000000000003
          5.625 2.5625 0.050000000000000003
          5.6875 2.5625 0.050000000000000003
          5.75 2.5625 0.050000000000000003
          5.8125 2.5625 0.050000000000000003
          5.875 2.5625 0.050000000000000003
          5.9375 2.5625 0.050000000000000003
          6 2.5625 0.050000000000000003
          6.0625 2.5625 0.050000000000000003
          6.125 2.5625 0.050000000000000003
          6.1875 2.5625 0.050000000000000003
          6.25 2.5625 0.050000000000000003
          6.3125 2.5625 0.050000000000000003
          6.375 2.5625 0.050000000000000003
          6.4375 2.5625 0.050000000000000003
          6.5 2.5625 0.050000000000000003
          6.5625 2.5625 0.050000000000000003
          6.625 2.5625 0.050000000000000003
          6.6875 2.5625 0.050000000000000003
          6.75 2.5625 0.050000000000000003
          6.8125 2.5625 0.050000000000000003
          6.875 2.5625 0.050000000000000003
          6.9375 2.5625 0.050000000000000003
          7 2.5625 0.050000000000000003
          0 2.625 0.050000000000000003
          0.0625 2.625 0.050000000000000003
          0.125 2.625 0.050000000000000003
          0.1875 2.625 0.050000000000000003
          0.25 2.625 0.050000000000000003
          0.3125 2.625 0.050000000000000003
          0.375 2.625 0.050000000000000003
          0.4375 2.625 0.050000000000000003
          0.5 2.625 0.050000000000000003
          0.5625 2.625 0.050000000000000003
          0.625 2.625 0.050000000000000003
          0.6875 2.625 0.050000000000000003
          0.75 2.625 0.050000000000000003
          0.8125 2.625 0.050000000000000003
          0.875 2.625 0.050000000000000003
          0.9375 2.625 0.050000000000000003
          1 2.625 0.050000000000000003
          1.0625 2.625 0.050000000000000003
          1.125 2.625 0.050000000000000003
          1.1875 2.625 0.050000000000000003
          1.25 2.625 0.050000000000000003
          1.3125 2.625 0.050000000000000003
          1.375 2.625 0.050000000000000003
          1.4375 2.625 0.050000000000000003
          1.5 2.625 0.050000000000000003
          1.5625 2.625 0.050000000000000003
          1.625 2.625 0.050000000000000003
          1.6875 2.625 0.050000000000000003
          1.75 2.625 0.050000000000000003
          1.8125 2.625 0.050000000000000003
          1.875 2.625 0.050000000000000003
          1.9375 2.625 0.050000000000000003
          2 2.625 0.050000000000000003
          2.0625 2.625 0.050000000000000003
          2.125 2.625 0.050000000000000003
          2.1875 2.625 0.050000000000000003
          2.25 2.625 0.050000000000000003
          2.3125 2.625 0.050000000000000003
          2.375 2.625 0.050000000000000003
          2.4375 2.625 0.050000000000000003
          2.5 2.625 0.050000000000000003
          2.5625 2.625 0.050000000000000003
          2.625 2.625 0.050000000000000003
          2.6875 2.625 0.050000000000000003
          2.75 2.625 0.050000000000000003
          2.8125 2.625 0.050000000000000003
          2.875 2.625 0.050000000000000003
          2.9375 2.625 0.050000000000000003
          3 2.625 0.050000000000000003
          3.0625 2.625 0.050000000000000003
          3.125 2.625 0.050000000000000003
          3.1875 2.625 0.050000000000000003
          3.25 2.625 0.050000000000000003
          3.3125 2.625 0.050000000000000003
          3.375 2.625 0.050000000000000003
          3.4375 2.625 0.050000000000000003
          3.5 2.625 0.050000000000000003
          3.5625 2.625 0.050000000000000003
          3.625 2.625 0.050000000000000003
          3.6875 2.625 0.050000000000000003
          3.75 2.625 0.050000000000000003
          3.8125 2.625 0.050000000000000003
          3.875 2.625 0.050000000000000003
          3.9375 2.625 0.050000000000000003
          4 2.625 0.050000000000000003
          4.0625 2.625 0.050000000000000003
          4.125 2.625 0.050000000000000003
          4.1875 2.625 0.050000000000000003
          4.25 2.625 0.050000000000000003
          4.3125 2.625 0.050000000000000003
          4.375 2.625 0.050000000000000003
          4.4375 2.625 0.050000000000000003
          4.5 2.625 0.050000000000000003
          4.5625 2.625 0.050000000000000003
          4.625 2.625 0.050000000000000003
          4.6875 2.625 0.050000000000000003
          4.75 2.625 0.050000000000000003
          4.8125 2.625 0.050000000000000003
          4.875 2.625 0.050000000000000003
          4.9375 2.625 0.050000000000000003
          5 2.625 0.050000000000000003
          5.0625 2.625 0.050000000000000003
          5.125 2.625 0.050000000000000003
          5.1875 2.625 0.050000000000000003
          5.25 2.625 0.050000000000000003
          5.3125 2.625 0.050000000000000003
          5.375 2.625 0.050000000000000003
          5.4375 2.625 0.050000000000000003
          5.5 2.625 0.050000000000000003
          5.5625 2.625 0.050000000000000003
          5.625 2.625 0.050000000000000003
          5.6875 2.625 0.050000000000000003
          5.75 2.625 0.050000000000000003
          5.8125 2.625 0.050000000000000003
          5.875 2.625 0.050000000000000003
          5.9375 2.625 0.050000000000000003
          6 2.625 0.050000000000000003
          6.0625 2.625 0.050000000000000003
          6.125 2.625 0.050000000000000003
          6.1875 2.625 0.050000000000000003
          6.25 2.625 0.050000000000000003
          6.3125 2.625 0.050000000000000003
          6.375 2.625 0.050000000000000003
          6.4375 2.625 0.050000000000000003
          6.5 2.625 0.050000000000000003
          6.5625 2.625 0.050000000000000003
          6.625 2.625 0.050000000000000003
          6.6875 2.625 0.050000000000000003
          6.75 2.625 0.050000000000000003
          6.8125 2.625 0.050000000000000003
          6.875 2.625 0.050000000000000003
          6.9375 2.625 0.050000000000000003
          7 2.625 0.050000000000000003
          0 2.6875 0.050000000000000003
          0.0625 2.6875 0.050000000000000003
          0.125 2.6875 0.050000000000000003
          0.1875 2.6875 0.050000000000000003
          0.25 2.6875 0.050000000000000003
          0.3125 2.6875 0.050000000000000003
          0.375 2.6875 0.050000000000000003
          0.4375 2.6875 0.050000000000000003
          0.5 2.6875 0.050000000000000003
          0.5625 2.6875 0.050000000000000003
          0.625 2.6875 0.050000000000000003
          0.6875 2.6875 0.050000000000000003
          0.75 2.6875 0.050000000000000003
          0.8125 2.6875 0.050000000000000003
          0.875 2.6875 0.050000000000000003
          0.9375 2.6875 0.050000000000000003
          1 2.6875 0.050000000000000003
          1.0625 2.6875 0.050000000000000003
          1.125 2.6875 0.050000000000000003
          1.1875 2.6875 0.050000000000000003
          1.25 2.6875 0.050000000000000003
          1.3125 2.6875 0.050000000000000003
          1.375 2.6875 0.050000000000000003
          1.4375 2.6875 0.050000000000000003
          1.5 2.6875 0.050000000000000003
          1.5625 2.6875 0.050000000000000003
          1.625 2.6875 0.050000000000000003
          1.6875 2.6875 0.050000000000000003
          1.75 2.6875 0.050000000000000003
          1.8125 2.6875 0.050000000000000003
          1.875 2.6875 0.050000000000000003
          1.9375 2.6875 0.050000000000000003
          2 2.6875 0.050000000000000003
          2.0625 2.6875 0.050000000000000003
          2.125 2.6875 0.050000000000000003
          2.1875 2.6875 0.050000000000000003
          2.25 2.6875 0.050000000000000003
          2.3125 2.6875 0.050000000000000003
          2.375 2.6875 0.050000000000000003
          2.4375 2.6875 0.050000000000000003
          2.5 2.6875 0.050000000000000003
          2.5625 2.6875 0.050000000000000003
          2.625 2.6875 0.050000000000000003
          2.6875 2.6875 0.050000000000000003
          2.75 2.6875 0.050000000000000003
          2.8125 2.6875 0.050000000000000003
          2.875 2.6875 0.050000000000000003
          2.9375 2.6875 0.050000000000000003
          3 2.6875 0.050000000000000003
          3.0625 2.6875 0.050000000000000003
          3.125 2.6875 0.050000000000000003
          3.1875 2.6875 0.050000000000000003
          3.25 2.6875 0.050000000000000003
          3.3125 2.6875 0.050000000000000003
          3.375 2.6875 0.050000000000000003
          3.4375 2.6875 0.050000000000000003
          3.5 2.6875 0.050000000000000003
          3.5625 2.6875 0.050000000000000003
          3.625 2.6875 0.050000000000000003
          3.6875 2.6875 0.050000000000000003
          3.75 2.6875 0.050000000000000003
          3.8125 2.6875 0.050000000000000003
          3.875 2.6875 0.050000000000000003
          3.9375 2.6875 0.050000000000000003
          4 2.6875 0.050000000000000003
          4.0625 2.6875 0.050000000000000003
          4.125 2.6875 0.050000000000000003
          4.1875 2.6875 0.050000000000000003
          4.25 2.6875 0.050000000000000003
          4.3125 2.6875 0.050000000000000003
          4.375 2.6875 0.050000000000000003
          4.4375 2.6875 0.050000000000000003
          4.5 2.6875 0.050000000000000003
          4.5625 2.6875 0.050000000000000003
          4.625 2.6875 0.050000000000000003
          4.6875 2.6875 0.050000000000000003
          4.75 2.6875 0.050000000000000003
          4.8125 2.6875 0.050000000000000003
          4.875 2.6875 0.050000000000000003
          4.9375 2.6875 0.050000000000000003
          5 2.6875 0.050000000000000003
          5.0625 2.6875 0.050000000000000003
          5.125 2.6875 0.050000000000000003
          5.1875 2.6875 0.050000000000000003
          5.25 2.6875 0.050000000000000003
          5.3125 2.6875 0.050000000000000003
          5.375 2.6875 0.050000000000000003
          5.4375 2.6875 0.050000000000000003
          5.5 2.6875 0.050000000000000003
          5.5625 2.6875 0.050000000000000003
          5.625 2.6875 0.050000000000000003
          5.6875 2.6875 0.050000000000000003
          5.75 2.6875 0.050000000000000003
          5.8125 2.6875 0.050000000000000003
          5.875 2.6875 0.050000000000000003
          5.9375 2.6875 0.050000000000000003
          6 2.6875 0.050000000000000003
          6.0625 2.6875 0.050000000000000003
          6.125 2.6875 0.050000000000000003
          6.1875 2.6875 0.050000000000000003
          6.25 2.6875 0.050000000000000003
          6.3125 2.6875 0.050000000000000003
          6.375 2.6875 0.050000000000000003
          6.4375 2.6875 0.050000000000000003
          6.5 2.6875 0.050000000000000003
          6.5625 2.6875 0.050000000000000003
          6.625 2.6875 0.050000000000000003
          6.6875 2.6875 0.050000000000000003
          6.75 2.6875 0.050000000000000003
          6.8125 2.6875 0.050000000000000003
          6.875 2.6875 0.050000000000000003
          6.9375 2.6875 0.050000000000000003
          7 2.6875 0.050000000000000003
          0 2.75 0.050000000000000003
          0.0625 2.75 0.050000000000000003
          0.125 2.75 0.050000000000000003
          0.1875 2.75 0.050000000000000003
          0.25 2.75 0.050000000000000003
          0.3125 2.75 0.050000000000000003
          0.375 2.75 0.050000000000000003
          0.4375 2.75 0.050000000000000003
          0.5 2.75 0.050000000000000003
          0.5625 2.75 0.050000000000000003
          0.625 2.75 0.050000000000000003
          0.6875 2.75 0.050000000000000003
          0.75 2.75 0.050000000000000003
          0.8125 2.75 0.050000000000000003
          0.875 2.75 0.050000000000000003
          0.9375 2.75 0.050000000000000003
          1 2.75 0.050000000000000003
          1.0625 2.75 0.050000000000000003
          1.125 2.75 0.050000000000000003
          1.1875 2.75 0.050000000000000003
          1.25 2.75 0.050000000000000003
          1.3125 2.75 0.050000000000000003
          1.375 2.75 0.050000000000000003
          1.4375 2.75 0.050000000000000003
          1.5 2.75 0.050000000000000003
          1.5625 2.75 0.050000000000000003
          1.625 2.75 0.050000000000000003
          1.6875 2.75 0.050000000000000003
          1.75 2.75 0.050000000000000003
          1.8125 2.75 0.050000000000000003
          1.875 2.75 0.050000000000000003
          1.9375 2.75 0.050000000000000003
          2 2.75 0.050000000000000003
          2.0625 2.75 0.050000000000000003
          2.125 2.75 0.050000000000000003
          2.1875 2.75 0.050000000000000003
          2.25 2.75 0.050000000000000003
          2.3125 2.75 0.050000000000000003
          2.375 2.75 0.050000000000000003
          2.4375 2.75 0.050000000000000003
          2.5 2.75 0.050000000000000003
          2.5625 2.75 0.050000000000000003
          2.625 2.75 0.050000000000000003
          2.6875 2.75 0.050000000000000003
          2.75 2.75 0.050000000000000003
          2.8125 2.75 0.050000000000000003
          2.875 2.75 0.050000000000000003
          2.9375 2.75 0.050000000000000003
          3 2.75 0.050000000000000003
          3.0625 2.75 0.050000000000000003
          3.125 2.75 0.050000000000000003
          3.1875 2.75 0.050000000000000003
          3.25 2.75 0.050000000000000003
          3.3125 2.75 0.050000000000000003
          3.375 2.75 0.050000000000000003
          3.4375 2.75 0.050000000000000003
          3.5 2.75 0.050000000000000003
          3.5625 2.75 0.050000000000000003
          3.625 2.75 0.050000000000000003
          3.6875 2.75 0.050000000000000003
          3.75 2.75 0.050000000000000003
          3.8125 2.75 0.050000000000000003
          3.875 2.75 0.050000000000000003
          3.9375 2.75 0.050000000000000003
          4 2.75 0.050000000000000003
          4.0625 2.75 0.050000000000000003
          4.125 2.75 0.050000000000000003
          4.1875 2.75 0.050000000000000003
          4.25 2.75 0.050000000000000003
          4.3125 2.75 0.050000000000000003
          4.375 2.75 0.050000000000000003
          4.4375 2.75 0.050000000000000003
          4.5 2.75 0.050000000000000003
          4.5625 2.75 0.050000000000000003
          4.625 2.75 0.050000000000000003
          4.6875 2.75 0.050000000000000003
          4.75 2.75 0.050000000000000003
          4.8125 2.75 0.050000000000000003
          4.875 2.75 0.050000000000000003
          4.9375 2.75 0.050000000000000003
          5 2.75 0.050000000000000003
          5.0625 2.75 0.050000000000000003
          5.125 2.75 0.050000000000000003
          5.1875 2.75 0.050000000000000003
          5.25 2.75 0.050000000000000003
          5.3125 2.75 0.050000000000000003
          5.375 2.75 0.050000000000000003
          5.4375 2.75 0.050000000000000003
          5.5 2.75 0.050000000000000003
          5.5625 2.75 0.050000000000000003
          5.625 2.75 0.050000000000000003
          5.6875 2.75 0.050000000000000003
          5.75 2.75 0.050000000000000003
          5.8125 2.75 0.050000000000000003
          5.875 2.75 0.050000000000000003
          5.9375 2.75 0.050000000000000003
          6 2.75 0.050000000000000003
          6.0625 2.75 0.050000000000000003
          6.125 2.75 0.050000000000000003
          6.1875 2.75 0.050000000000000003
          6.25 2.75 0.050000000000000003
          6.3125 2.75 0.050000000000000003
          6.375 2.75 0.050000000000000003
          6.4375 2.75 0.050000000000000003
          6.5 2.75 0.050000000000000003
          6.5625 2.75 0.050000000000000003
          6.625 2.75 0.050000000000000003
          6.6875 2.75 0.050000000000000003
          6.75 2.75 0.050000000000000003
          6.8125 2.75 0.050000000000000003
          6.875 2.75 0.050000000000000003
          6.9375 2.75 0.050000000000000003
          7 2.75 0.050000000000000003
          0 2.8125 0.050000000000000003
          0.0625 2.8125 0.050000000000000003
          0.125 2.8125 0.050000000000000003
          0.1875 2.8125 0.050000000000000003
          0.25 2.8125 0.050000000000000003
          0.3125 2.8125 0.050000000000000003
          0.375 2.8125 0.050000000000000003
          0.4375 2.8125 0.050000000000000003
          0.5 2.8125 0.050000000000000003
          0.5625 2.8125 0.050000000000000003
          0.625 2.8125 0.050000000000000003
          0.6875 2.8125 0.050000000000000003
          0.75 2.8125 0.050000000000000003
          0.8125 2.8125 0.050000000000000003
          0.875 2.8125 0.050000000000000003
          0.9375 2.8125 0.050000000000000003
          1 2.8125 0.050000000000000003
          1.0625 2.8125 0.050000000000000003
          1.125 2.8125 0.050000000000000003
          1.1875 2.8125 0.050000000000000003
          1.25 2.8125 0.050000000000000003
          1.3125 2.8125 0.050000000000000003
          1.375 2.8125 0.050000000000000003
          1.4375 2.8125 0.050000000000000003
          1.5 2.8125 0.050000000000000003
          1.5625 2.8125 0.050000000000000003
          1.625 2.8125 0.050000000000000003
          1.6875 2.8125 0.050000000000000003
          1.75 2.8125 0.050000000000000003
          1.8125 2.8125 0.050000000000000003
          1.875 2.8125 0.050000000000000003
          1.9375 2.8125 0.050000000000000003
          2 2.8125 0.050000000000000003
          2.0625 2.8125 0.050000000000000003
          2.125 2.8125 0.050000000000000003
          2.1875 2.8125 0.050000000000000003
          2.25 2.8125 0.050000000000000003
          2.3125 2.8125 0.050000000000000003
          2.375 2.8125 0.050000000000000003
          2.4375 2.8125 0.050000000000000003
          2.5 2.8125 0.050000000000000003
          2.5625 2.8125 0.050000000000000003
          2.625 2.8125 0.050000000000000003
          2.6875 2.8125 0.050000000000000003
          2.75 2.8125 0.050000000000000003
          2.8125 2.8125 0.050000000000000003
          2.875 2.8125 0.050000000000000003
          2.9375 2.8125 0.050000000000000003
          3 2.8125 0.050000000000000003
          3.0625 2.8125 0.050000000000000003
          3.125 2.8125 0.050000000000000003
          3.1875 2.8125 0.050000000000000003
          3.25 2.8125 0.050000000000000003
          3.3125 2.8125 0.050000000000000003
          3.375 2.8125 0.050000000000000003
          3.4375 2.8125 0.050000000000000003
          3.5 2.8125 0.050000000000000003
          3.5625 2.8125 0.050000000000000003
          3.625 2.8125 0.050000000000000003
          3.6875 2.8125 0.050000000000000003
          3.75 2.8125 0.050000000000000003
          3.8125 2.8125 0.050000000000000003
          3.875 2.8125 0.050000000000000003
          3.9375 2.8125 0.050000000000000003
          4 2.8125 0.050000000000000003
          4.0625 2.8125 0.050000000000000003
          4.125 2.8125 0.050000000000000003
          4.1875 2.8125 0.050000000000000003
          4.25 2.8125 0.050000000000000003
          4.3125 2.8125 0.050000000000000003
          4.375 2.8125 0.050000000000000003
          4.4375 2.8125 0.050000000000000003
          4.5 2.8125 0.050000000000000003
          4.5625 2.8125 0.050000000000000003
          4.625 2.8125 0.050000000000000003
          4.6875 2.8125 0.050000000000000003
          4.75 2.8125 0.050000000000000003
          4.8125 2.8125 0.050000000000000003
          4.875 2.8125 0.050000000000000003
          4.9375 2.8125 0.050000000000000003
          5 2.8125 0.050000000000000003
          5.0625 2.8125 0.050000000000000003
          5.125 2.8125 0.050000000000000003
          5.1875 2.8125 0.050000000000000003
          5.25 2.8125 0.050000000000000003
          5.3125 2.8125 0.050000000000000003
          5.375 2.8125 0.050000000000000003
          5.4375 2.8125 0.050000000000000003
          5.5 2.8125 0.050000000000000003
          5.5625 2.8125 0.050000000000000003
          5.625 2.8125 0.050000000000000003
          5.6875 2.8125 0.050000000000000003
          5.75 2.8125 0.050000000000000003
          5.8125 2.8125 0.050000000000000003
          5.875 2.8125 0.050000000000000003
          5.9375 2.8125 0.050000000000000003
          6 2.8125 0.050000000000000003
          6.0625 2.8125 0.050000000000000003
          6.125 2.8125 0.050000000000000003
          6.1875 2.8125 0.050000000000000003
          6.25 2.8125 0.050000000000000003
          6.3125 2.8125 0.050000000000000003
          6.375 2.8125 0.050000000000000003
          6.4375 2.8125 0.050000000000000003
          6.5 2.8125 0.050000000000000003
          6.5625 2.8125 0.050000000000000003
          6.625 2.8125 0.050000000000000003
          6.6875 2.8125 0.050000000000000003
          6.75 2.8125 0.050000000000000003
          6.8125 2.8125 0.050000000000000003
          6.875 2.8125 0.050000000000000003
          6.9375 2.8125 0.050000000000000003
          7 2.8125 0.050000000000000003
          0 2.875 0.050000000000000003
          0.0625 2.875 0.050000000000000003
          0.125 2.875 0.050000000000000003
          0.1875 2.875 0.050000000000000003
          0.25 2.875 0.050000000000000003
          0.3125 2.875 0.050000000000000003
          0.375 2.875 0.050000000000000003
          0.4375 2.875 0.050000000000000003
          0.5 2.875 0.050000000000000003
          0.5625 2.875 0.050000000000000003
          0.625 2.875 0.050000000000000003
          0.6875 2.875 0.050000000000000003
          0.75 2.875 0.050000000000000003
          0.8125 2.875 0.050000000000000003
          0.875 2.875 0.050000000000000003
          0.9375 2.875 0.050000000000000003
          1 2.875 0.050000000000000003
          1.0625 2.875 0.050000000000000003
          1.125 2.875 0.050000000000000003
          1.1875 2.875 0.050000000000000003
          1.25 2.875 0.050000000000000003
          1.3125 2.875 0.050000000000000003
          1.375 2.875 0.050000000000000003
          1.4375 2.875 0.050000000000000003
          1.5 2.875 0.050000000000000003
          1.5625 2.875 0.050000000000000003
          1.625 2.875 0.050000000000000003
          1.6875 2.875 0.050000000000000003
          1.75 2.875 0.050000000000000003
          1.8125 2.875 0.050000000000000003
          1.875 2.875 0.050000000000000003
          1.9375 2.875 0.050000000000000003
          2 2.875 0.050000000000000003
          2.0625 2.875 0.050000000000000003
          2.125 2.875 0.050000000000000003
          2.1875 2.875 0.050000000000000003
          2.25 2.875 0.050000000000000003
          2.3125 2.875 0.050000000000000003
          2.375 2.875 0.050000000000000003
          2.4375 2.875 0.050000000000000003
          2.5 2.875 0.050000000000000003
          2.5625 2.875 0.050000000000000003
          2.625 2.875 0.050000000000000003
          2.6875 2.875 0.050000000000000003
          2.75 2.875 0.050000000000000003
          2.8125 2.875 0.050000000000000003
          2.875 2.875 0.050000000000000003
          2.9375 2.875 0.050000000000000003
          3 2.875 0.050000000000000003
          3.0625 2.875 0.050000000000000003
          3.125 2.875 0.050000000000000003
          3.1875 2.875 0.050000000000000003
          3.25 2.875 0.050000000000000003
          3.3125 2.875 0.050000000000000003
          3.375 2.875 0.050000000000000003
          3.4375 2.875 0.050000000000000003
          3.5 2.875 0.050000000000000003
          3.5625 2.875 0.050000000000000003
          3.625 2.875 0.050000000000000003
          3.6875 2.875 0.050000000000000003
          3.75 2.875 0.050000000000000003
          3.8125 2.875 0.050000000000000003
          3.875 2.875 0.050000000000000003
          3.9375 2.875 0.050000000000000003
          4 2.875 0.050000000000000003
          4.0625 2.875 0.050000000000000003
          4.125 2.875 0.050000000000000003
          4.1875 2.875 0.050000000000000003
          4.25 2.875 0.050000000000000003
          4.3125 2.875 0.050000000000000003
          4.375 2.875 0.050000000000000003
          4.4375 2.875 0.050000000000000003
          4.5 2.875 0.050000000000000003
          4.5625 2.875 0.050000000000000003
          4.625 2.875 0.050000000000000003
          4.6875 2.875 0.050000000000000003
          4.75 2.875 0.050000000000000003
          4.8125 2.875 0.050000000000000003
          4.875 2.875 0.050000000000000003
          4.9375 2.875 0.050000000000000003
          5 2.875 0.050000000000000003
          5.0625 2.875 0.050000000000000003
          5.125 2.875 0.050000000000000003
          5.1875 2.875 0.050000000000000003
          5.25 2.875 0.050000000000000003
          5.3125 2.875 0.050000000000000003
          5.375 2.875 0.050000000000000003
          5.4375 2.875 0.050000000000000003
          5.5 2.875 0.050000000000000003
          5.5625 2.875 0.050000000000000003
          5.625 2.875 0.050000000000000003
          5.6875 2.875 0.050000000000000003
          5.75 2.875 0.050000000000000003
          5.8125 2.875 0.050000000000000003
          5.875 2.875 0.050000000000000003
          5.9375 2.875 0.050000000000000003
          6 2.875 0.050000000000000003
          6.0625 2.875 0.050000000000000003
          6.125 2.875 0.050000000000000003
          6.1875 2.875 0.050000000000000003
          6.25 2.875 0.050000000000000003
          6.3125 2.875 0.050000000000000003
          6.375 2.875 0.050000000000000003
          6.4375 2.875 0.050000000000000003
          6.5 2.875 0.050000000000000003
          6.5625 2.875 0.050000000000000003
          6.625 2.875 0.050000000000000003
          6.6875 2.875 0.050000000000000003
          6.75 2.875 0.050000000000000003
          6.8125 2.875 0.050000000000000003
          6.875 2.875 0.050000000000000003
          6.9375 2.875 0.050000000000000003
          7 2.875 0.050000000000000003
          0 2.9375 0.050000000000000003
          0.0625 2.9375 0.050000000000000003
          0.125 2.9375 0.050000000000000003
          0.1875 2.9375 0.050000000000000003
          0.25 2.9375 0.050000000000000003
          0.3125 2.9375 0.050000000000000003
          0.375 2.9375 0.050000000000000003
          0.4375 2.9375 0.050000000000000003
          0.5 2.9375 0.050000000000000003
          0.5625 2.9375 0.050000000000000003
          0.625 2.9375 0.050000000000000003
          0.6875 2.9375 0.050000000000000003
          0.75 2.9375 0.050000000000000003
          0.8125 2.9375 0.050000000000000003
          0.875 2.9375 0.050000000000000003
          0.9375 2.9375 0.050000000000000003
          1 2.9375 0.050000000000000003
          1.0625 2.9375 0.050000000000000003
          1.125 2.9375 0.050000000000000003
          1.1875 2.9375 0.050000000000000003
          1.25 2.9375 0.050000000000000003
          1.3125 2.9375 0.050000000000000003
          1.375 2.9375 0.050000000000000003
          1.4375 2.9375 0.050000000000000003
          1.5 2.9375 0.050000000000000003
          1.5625 2.9375 0.050000000000000003
          1.625 2.9375 0.050000000000000003
          1.6875 2.9375 0.050000000000000003
          1.75 2.9375 0.050000000000000003
          1.8125 2.9375 0.050000000000000003
          1.875 2.9375 0.050000000000000003
          1.9375 2.9375 0.050000000000000003
          2 2.9375 0.050000000000000003
          2.0625 2.9375 0.050000000000000003
          2.125 2.9375 0.050000000000000003
          2.1875 2.9375 0.050000000000000003
          2.25 2.9375 0.050000000000000003
          2.3125 2.9375 0.050000000000000003
          2.375 2.9375 0.050000000000000003
          2.4375 2.9375 0.050000000000000003
          2.5 2.9375 0.050000000000000003
          2.5625 2.9375 0.050000000000000003
          2.625 2.9375 0.050000000000000003
          2.6875 2.9375 0.050000000000000003
          2.75 2.9375 0.050000000000000003
          2.8125 2.9375 0.050000000000000003
          2.875 2.9375 0.050000000000000003
          2.9375 2.9375 0.050000000000000003
          3 2.9375 0.050000000000000003
          3.0625 2.9375 0.050000000000000003
          3.125 2.9375 0.050000000000000003
          3.1875 2.9375 0.050000000000000003
          3.25 2.9375 0.050000000000000003
          3.3125 2.9375 0.050000000000000003
          3.375 2.9375 0.050000000000000003
          3.4375 2.9375 0.050000000000000003
          3.5 2.9375 0.050000000000000003
          3.5625 2.9375 0.050000000000000003
          3.625 2.9375 0.050000000000000003
          3.6875 2.9375 0.050000000000000003
          3.75 2.9375 0.050000000000000003
          3.8125 2.9375 0.050000000000000003
          3.875 2.9375 0.050000000000000003
          3.9375 2.9375 0.050000000000000003
          4 2.9375 0.050000000000000003
          4.0625 2.9375 0.050000000000000003
          4.125 2.9375 0.050000000000000003
          4.1875 2.9375 0.050000000000000003
          4.25 2.9375 0.050000000000000003
          4.3125 2.9375 0.050000000000000003
          4.375 2.9375 0.050000000000000003
          4.4375 2.9375 0.050000000000000003
          4.5 2.9375 0.050000000000000003
          4.5625 2.9375 0.050000000000000003
          4.625 2.9375 0.050000000000000003
          4.6875 2.9375 0.050000000000000003
          4.75 2.9375 0.050000000000000003
          4.8125 2.9375 0.050000000000000003
          4.875 2.9375 0.050000000000000003
          4.9375 2.9375 0.050000000000000003
          5 2.9375 0.050000000000000003
          5.0625 2.9375 0.050000000000000003
          5.125 2.9375 0.050000000000000003
          5.1875 2.9375 0.050000000000000003
          5.25 2.9375 0.050000000000000003
          5.3125 2.9375 0.050000000000000003
          5.375 2.9375 0.050000000000000003
          5.4375 2.9375 0.050000000000000003
          5.5 2.9375 0.050000000000000003
          5.5625 2.9375 0.050000000000000003
          5.625 2.9375 0.050000000000000003
          5.6875 2.9375 0.050000000000000003
          5.75 2.9375 0.050000000000000003
          5.8125 2.9375 0.050000000000000003
          5.875 2.9375 0.050000000000000003
          5.9375 2.9375 0.050000000000000003
          6 2.9375 0.050000000000000003
          6.0625 2.9375 0.050000000000000003
          6.125 2.9375 0.050000000000000003
          6.1875 2.9375 0.050000000000000003
          6.25 2.9375 0.050000000000000003
          6.3125 2.9375 0.050000000000000003
          6.375 2.9375 0.050000000000000003
          6.4375 2.9375 0.050000000000000003
          6.5 2.9375 0.050000000000000003
          6.5625 2.9375 0.050000000000000003
          6.625 2.9375 0.050000000000000003
          6.6875 2.9375 0.050000000000000003
          6.75 2.9375 0.050000000000000003
          6.8125 2.9375 0.050000000000000003
          6.875 2.9375 0.050000000000000003
          6.9375 2.9375 0.050000000000000003
          7 2.9375 0.050000000000000003
          0 3 0.050000000000000003
          0.0625 3 0.050000000000000003
          0.125 3 0.050000000000000003
          0.1875 3 0.050000000000000003
          0.25 3 0.050000000000000003
          0.3125 3 0.050000000000000003
          0.375 3 0.050000000000000003
          0.4375 3 0.050000000000000003
          0.5 3 0.050000000000000003
          0.5625 3 0.050000000000000003
          0.625 3 0.050000000000000003
          0.6875 3 0.050000000000000003
          0.75 3 0.050000000000000003
          0.8125 3 0.050000000000000003
          0.875 3 0.050000000000000003
          0.9375 3 0.050000000000000003
          1 3 0.050000000000000003
          1.0625 3 0.050000000000000003
          1.125 3 0.050000000000000003
          1.1875 3 0.050000000000000003
          1.25 3 0.050000000000000003
          1.3125 3 0.050000000000000003
          1.375 3 0.050000000000000003
          1.4375 3 0.050000000000000003
          1.5 3 0.050000000000000003
          1.5625 3 0.050000000000000003
          1.625 3 0.050000000000000003
          1.6875 3 0.050000000000000003
          1.75 3 0.050000000000000003
          1.8125 3 0.050000000000000003
          1.875 3 0.050000000000000003
          1.9375 3 0.050000000000000003
          2 3 0.050000000000000003
          2.0625 3 0.050000000000000003
          2.125 3 0.050000000000000003
          2.1875 3 0.050000000000000003
          2.25 3 0.050000000000000003
          2.3125 3 0.050000000000000003
          2.375 3 0.050000000000000003
          2.4375 3 0.050000000000000003
          2.5 3 0.050000000000000003
          2.5625 3 0.050000000000000003
          2.625 3 0.050000000000000003
          2.6875 3 0.050000000000000003
          2.75 3 0.050000000000000003
          2.8125 3 0.050000000000000003
          2.875 3 0.050000000000000003
          2.9375 3 0.050000000000000003
          3 3 0.050000000000000003
          3.0625 3 0.050000000000000003
          3.125 3 0.050000000000000003
          3.1875 3 0.050000000000000003
          3.25 3 0.050000000000000003
          3.3125 3 0.050000000000000003
          3.375 3 0.050000000000000003
          3.4375 3 0.050000000000000003
          3.5 3 0.050000000000000003
          3.5625 3 0.050000000000000003
          3.625 3 0.050000000000000003
          3.6875 3 0.050000000000000003
          3.75 3 0.050000000000000003
          3.8125 3 0.050000000000000003
          3.875 3 0.050000000000000003
          3.9375 3 0.050000000000000003
          4 3 0.050000000000000003
          4.0625 3 0.050000000000000003
          4.125 3 0.050000000000000003
          4.1875 3 0.050000000000000003
          4.25 3 0.050000000000000003
          4.3125 3 0.050000000000000003
          4.375 3 0.050000000000000003
          4.4375 3 0.050000000000000003
          4.5 3 0.050000000000000003
          4.5625 3 0.050000000000000003
          4.625 3 0.050000000000000003
          4.6875 3 0.050000000000000003
          4.75 3 0.050000000000000003
          4.8125 3 0.050000000000000003
          4.875 3 0.050000000000000003
          4.9375 3 0.050000000000000003
          5 3 0.050000000000000003
          5.0625 3 0.050000000000000003
          5.125 3 0.050000000000000003
          5.1875 3 0.050000000000000003
          5.25 3 0.050000000000000003
          5.3125 3 0.050000000000000003
          5.375 3 0.050000000000000003
          5.4375 3 0.050000000000000003
          5.5 3 0.050000000000000003
          5.5625 3 0.050000000000000003
          5.625 3 0.050000000000000003
          5.6875 3 0.050000000000000003
          5.75 3 0.050000000000000003
          5.8125 3 0.050000000000000003
          5.875 3 0.050000000000000003
          5.9375 3 0.050000000000000003
          6 3 0.050000000000000003
          6.0625 3 0.050000000000000003
          6.125 3 0.050000000000000003
          6.1875 3 0.050000000000000003
          6.25 3 0.050000000000000003
          6.3125 3 0.050000000000000003
          6.375 3 0.050000000000000003
          6.4375 3 0.050000000000000003
          6.5 3 0.050000000000000003
          6.5625 3 0.050000000000000003
          6.625 3 0.050000000000000003
          6.6875 3 0.050000000000000003
          6.75 3 0.050000000000000003
          6.8125 3 0.050000000000000003
          6.875 3 0.050000000000000003
          6.9375 3 0.050000000000000003
          7 3 0.050000000000000003
          0 0 0.10000000000000001
          0.0625 0 0.10000000000000001
          0.125 0 0.10000000000000001
          0.1875 0 0.10000000000000001
          0.25 0 0.10000000000000001
          0.3125 0 0.10000000000000001
          0.375 0 0.10000000000000001
          0.4375 0 0.10000000000000001
          0.5 0 0.10000000000000001
          0.5625 0 0.10000000000000001
          0.625 0 0.10000000000000001
          0.6875 0 0.10000000000000001
          0.75 0 0.10000000000000001
          0.8125 0 0.10000000000000001
          0.875 0 0.10000000000000001
          0.9375 0 0.10000000000000001
          1 0 0.10000000000000001
          1.0625 0 0.10000000000000001
          1.125 0 0.10000000000000001
          1.1875 0 0.10000000000000001
          1.25 0 0.10000000000000001
          1.3125 0 0.10000000000000001
          1.375 0 0.10000000000000001
          1.4375 0 0.10000000000000001
          1.5 0 0.10000000000000001
          1.5625 0 0.10000000000000001
          1.625 0 0.10000000000000001
          1.6875 0 0.10000000000000001
          1.75 0 0.10000000000000001
          1.8125 0 0.10000000000000001
          1.875 0 0.10000000000000001
          1.9375 0 0.10000000000000001
          2 0 0.10000000000000001
          2.0625 0 0.10000000000000001
          2.125 0 0.10000000000000001
          2.1875 0 0.10000000000000001
          2.25 0 0.10000000000000001
          2.3125 0 0.10000000000000001
          2.375 0 0.10000000000000001
          2.4375 0 0.10000000000000001
          2.5 0 0.10000000000000001
          2.5625 0 0.10000000000000001
          2.625 0 0.10000000000000001
          2.6875 0 0.10000000000000001
          2.75 0 0.10000000000000001
          2.8125 0 0.10000000000000001
          2.875 0 0.10000000000000001
          2.9375 0 0.10000000000000001
          3 0 0.10000000000000001
          3.0625 0 0.10000000000000001
          3.125 0 0.10000000000000001
          3.1875 0 0.10000000000000001
          3.25 0 0.10000000000000001
          3.3125 0 0.10000000000000001
          3.375 0 0.10000000000000001
          3.4375 0 0.10000000000000001
          3.5 0 0.10000000000000001
          3.5625 0 0.10000000000000001
          3.625 0 0.10000000000000001
          3.6875 0 0.10000000000000001
          3.75 0 0.10000000000000001
          3.8125 0 0.10000000000000001
          3.875 0 0.10000000000000001
          3.9375 0 0.10000000000000001
          4 0 0.10000000000000001
          4.0625 0 0.10000000000000001
          4.125 0 0.10000000000000001
          4.1875 0 0.10000000000000001
          4.25 0 0.10000000000000001
          4.3125 0 0.10000000000000001
          4.375 0 0.10000000000000001
          4.4375 0 0.10000000000000001
          4.5 0 0.10000000000000001
          4.5625 0 0.10000000000000001
          4.625 0 0.10000000000000001
          4.6875 0 0.10000000000000001
          4.75 0 0.10000000000000001
          4.8125 0 0.10000000000000001
          4.875 0 0.10000000000000001
          4.9375 0 0.10000000000000001
          5 0 0.10000000000000001
          5.0625 0 0.10000000000000001
          5.125 0 0.10000000000000001
          5.1875 0 0.10000000000000001
          5.25 0 0.10000000000000001
          5.3125 0 0.10000000000000001
          5.375 0 0.10000000000000001
          5.4375 0 0.10000000000000001
          5.5 0 0.10000000000000001
          5.5625 0 0.10000000000000001
          5.625 0 0.10000000000000001
          5.6875 0 0.10000000000000001
          5.75 0 0.10000000000000001
          5.8125 0 0.10000000000000001
          5.875 0 0.10000000000000001
          5.9375 0 0.10000000000000001
          6 0 0.10000000000000001
          6.0625 0 0.10000000000000001
          6.125 0 0.10000000000000001
          6.1875 0 0.10000000000000001
          6.25 0 0.10000000000000001
          6.3125 0 0.10000000000000001
          6.375 0 0.10000000000000001
          6.4375 0 0.10000000000000001
          6.5 0 0.10000000000000001
          6.5625 0 0.10000000000000001
          6.625 0 0.10000000000000001
          6.6875 0 0.10000000000000001
          6.75 0 0.10000000000000001
          6.8125 0 0.10000000000000001
          6.875 0 0.10000000000000001
          6.9375 0 0.10000000000000001
          7 0 0.10000000000000001
          0 0.0625 0.10000000000000001
          0.0625 0.0625 0.10000000000000001
          0.125 0.0625 0.10000000000000001
          0.1875 0.0625 0.10000000000000001
          0.25 0.0625 0.10000000000000001
          0.3125 0.0625 0.10000000000000001
          0.375 0.0625 0.10000000000000001
          0.4375 0.0625 0.10000000000000001
          0.5 0.0625 0.10000000000000001
          0.5625 0.0625 0.10000000000000001
          0.625 0.0625 0.10000000000000001
          0.6875 0.0625 0.10000000000000001
          0.75 0.0625 0.10000000000000001
          0.8125 0.0625 0.10000000000000001
          0.875 0.0625 0.10000000000000001
          0.9375 0.0625 0.10000000000000001
          1 0.0625 0.10000000000000001
          1.0625 0.0625 0.10000000000000001
          1.125 0.0625 0.10000000000000001
          1.1875 0.0625 0.10000000000000001
          1.25 0.0625 0.10000000000000001
          1.3125 0.0625 0.10000000000000001
          1.375 0.0625 0.10000000000000001
          1.4375 0.0625 0.10000000000000001
          1.5 0.0625 0.10000000000000001
          1.5625 0.0625 0.10000000000000001
          1.625 0.0625 0.10000000000000001
          1.6875 0.0625 0.10000000000000001
          1.75 0.0625 0.10000000000000001
          1.8125 0.0625 0.10000000000000001
          1.875 0.0625 0.10000000000000001
          1.9375 0.0625 0.10000000000000001
          2 0.0625 0.10000000000000001
          2.0625 0.0625 0.10000000000000001
          2.125 0.0625 0.10000000000000001
          2.1875 0.0625 0.10000000000000001
          2.25 0.0625 0.10000000000000001
          2.3125 0.0625 0.10000000000000001
          2.375 0.0625 0.10000000000000001
          2.4375 0.0625 0.10000000000000001
          2.5 0.0625 0.10000000000000001
          2.5625 0.0625 0.10000000000000001
          2.625 0.0625 0.10000000000000001
          2.6875 0.0625 0.10000000000000001
          2.75 0.0625 0.10000000000000001
          2.8125 0.0625 0.10000000000000001
          2.875 0.0625 0.10000000000000001
          2.9375 0.0625 0.10000000000000001
          3 0.0625 0.10000000000000001
          3.0625 0.0625 0.10000000000000001
          3.125 0.0625 0.10000000000000001
          3.1875 0.0625 0.10000000000000001
          3.25 0.0625 0.10000000000000001
          3.3125 0.0625 0.10000000000000001
          3.375 0.0625 0.10000000000000001
          3.4375 0.0625 0.10000000000000001
          3.5 0.0625 0.10000000000000001
          3.5625 0.0625 0.10000000000000001
          3.625 0.0625 0.10000000000000001
          3.6875 0.0625 0.10000000000000001
          3.75 0.0625 0.10000000000000001
          3.8125 0.0625 0.10000000000000001
          3.875 0.0625 0.10000000000000001
          3.9375 0.0625 0.10000000000000001
          4 0.0625 0.10000000000000001
          4.0625 0.0625 0.10000000000000001
          4.125 0.0625 0.10000000000000001
          4.1875 0.0625 0.10000000000000001
          4.25 0.0625 0.10000000000000001
          4.3125 0.0625 0.10000000000000001
          4.375 0.0625 0.10000000000000001
          4.4375 0.0625 0.10000000000000001
          4.5 0.0625 0.10000000000000001
          4.5625 0.0625 0.10000000000000001
          4.625 0.0625 0.10000000000000001
          4.6875 0.0625 0.10000000000000001
          4.75 0.0625 0.10000000000000001
          4.8125 0.0625 0.10000000000000001
          4.875 0.0625 0.10000000000000001
          4.9375 0.0625 0.10000000000000001
          5 0.0625 0.10000000000000001
          5.0625 0.0625 0.10000000000000001
          5.125 0.0625 0.10000000000000001
          5.1875 0.0625 0.10000000000000001
          5.25 0.0625 0.10000000000000001
          5.3125 0.0625 0.10000000000000001
          5.375 0.0625 0.10000000000000001
          5.4375 0.0625 0.10000000000000001
          5.5 0.0625 0.10000000000000001
          5.5625 0.0625 0.10000000000000001
          5.625 0.0625 0.10000000000000001
          5.6875 0.0625 0.10000000000000001
          5.75 0.0625 0.10000000000000001
          5.8125 0.0625 0.10000000000000001
          5.875 0.0625 0.10000000000000001
          5.9375 0.0625 0.10000000000000001
          6 0.0625 0.10000000000000001
          6.0625 0.0625 0.10000000000000001
          6.125 0.0625 0.10000000000000001
          6.1875 0.0625 0.10000000000000001
          6.25 0.0625 0.10000000000000001
          6.3125 0.0625 0.10000000000000001
          6.375 0.0625 0.10000000000000001
          6.4375 0.0625 0.10000000000000001
          6.5 0.0625 0.10000000000000001
          6.5625 0.0625 0.10000000000000001
          6.625 0.0625 0.10000000000000001
          6.6875 0.0625 0.10000000000000001
          6.75 0.0625 0.10000000000000001
          6.8125 0.0625 0.10000000000000001
          6.875 0.0625 0.10000000000000001
          6.9375 0.0625 0.10000000000000001
          7 0.0625 0.10000000000000001
          0 0.125 0.10000000000000001
          0.0625 0.125 0.10000000000000001
          0.125 0.125 0.10000000000000001
          0.1875 0.125 0.10000000000000001
          0.25 0.125 0.10000000000000001
          0.3125 0.125 0.10000000000000001
          0.375 0.125 0.10000000000000001
          0.4375 0.125 0.10000000000000001
          0.5 0.125 0.10000000000000001
          0.5625 0.125 0.10000000000000001
          0.625 0.125 0.10000000000000001
          0.6875 0.125 0.10000000000000001
          0.75 0.125 0.10000000000000001
          0.8125 0.125 0.10000000000000001
          0.875 0.125 0.10000000000000001
          0.9375 0.125 0.10000000000000001
          1 0.125 0.10000000000000001
          1.0625 0.125 0.10000000000000001
          1.125 0.125 0.10000000000000001
          1.1875 0.125 0.10000000000000001
          1.25 0.125 0.10000000000000001
          1.3125 0.125 0.10000000000000001
          1.375 0.125 0.10000000000000001
          1.4375 0.125 0.10000000000000001
          1.5 0.125 0.10000000000000001
          1.5625 0.125 0.10000000000000001
          1.625 0.125 0.10000000000000001
          1.6875 0.125 0.10000000000000001
          1.75 0.125 0.10000000000000001
          1.8125 0.125 0.10000000000000001
          1.875 0.125 0.10000000000000001
          1.9375 0.125 0.10000000000000001
          2 0.125 0.10000000000000001
          2.0625 0.125 0.10000000000000001
          2.125 0.125 0.10000000000000001
          2.1875 0.125 0.10000000000000001
          2.25 0.125 0.10000000000000001
          2.3125 0.125 0.10000000000000001
          2.375 0.125 0.10000000000000001
          2.4375 0.125 0.10000000000000001
          2.5 0.125 0.10000000000000001
          2.5625 0.125 0.10000000000000001
          2.625 0.125 0.10000000000000001
          2.6875 0.125 0.10000000000000001
          2.75 0.125 0.10000000000000001
          2.8125 0.125 0.10000000000000001
          2.875 0.125 0.10000000000000001
          2.9375 0.125 0.10000000000000001
          3 0.125 0.10000000000000001
          3.0625 0.125 0.10000000000000001
          3.125 0.125 0.10000000000000001
          3.1875 0.125 0.10000000000000001
          3.25 0.125 0.10000000000000001
          3.3125 0.125 0.10000000000000001
          3.375 0.125 0.10000000000000001
          3.4375 0.125 0.10000000000000001
          3.5 0.125 0.10000000000000001
          3.5625 0.125 0.10000000000000001
          3.625 0.125 0.10000000000000001
          3.6875 0.125 0.10000000000000001
          3.75 0.125 0.10000000000000001
          3.8125 0.125 0.10000000000000001
          3.875 0.125 0.10000000000000001
          3.9375 0.125 0.10000000000000001
          4 0.125 0.10000000000000001
          4.0625 0.125 0.10000000000000001
          4.125 0.125 0.10000000000000001
          4.1875 0.125 0.10000000000000001
          4.25 0.125 0.10000000000000001
          4.3125 0.125 0.10000000000000001
          4.375 0.125 0.10000000000000001
          4.4375 0.125 0.10000000000000001
          4.5 0.125 0.10000000000000001
          4.5625 0.125 0.10000000000000001
          4.625 0.125 0.10000000000000001
          4.6875 0.125 0.10000000000000001
          4.75 0.125 0.10000000000000001
          4.8125 0.125 0.10000000000000001
          4.875 0.125 0.10000000000000001
          4.9375 0.125 0.10000000000000001
          5 0.125 0.10000000000000001
          5.0625 0.125 0.10000000000000001
          5.125 0.125 0.10000000000000001
          5.1875 0.125 0.10000000000000001
          5.25 0.125 0.10000000000000001
          5.3125 0.125 0.10000000000000001
          5.375 0.125 0.10000000000000001
          5.4375 0.125 0.10000000000000001
          5.5 0.125 0.10000000000000001
          5.5625 0.125 0.10000000000000001
          5.625 0.125 0.10000000000000001
          5.6875 0.125 0.10000000000000001
          5.75 0.125 0.10000000000000001
          5.8125 0.125 0.10000000000000001
          5.875 0.125 0.10000000000000001
          5.9375 0.125 0.10000000000000001
          6 0.125 0.10000000000000001
          6.0625 0.125 0.10000000000000001
          6.125 0.125 0.10000000000000001
          6.1875 0.125 0.10000000000000001
          6.25 0.125 0.10000000000000001
          6.3125 0.125 0.10000000000000001
          6.375 0.125 0.10000000000000001
          6.4375 0.125 0.10000000000000001
          6.5 0.125 0.10000000000000001
          6.5625 0.125 0.10000000000000001
          6.625 0.125 0.10000000000000001
          6.6875 0.125 0.10000000000000001
          6.75 0.125 0.10000000000000001
          6.8125 0.125 0.10000000000000001
          6.875 0.125 0.10000000000000001
          6.9375 0.125 0.10000000000000001
          7 0.125 0.10000000000000001
          0 0.1875 0.10000000000000001
          0.0625 0.1875 0.10000000000000001
          0.125 0.1875 0.10000000000000001
          0.1875 0.1875 0.10000000000000001
          0.25 0.1875 0.10000000000000001
          0.3125 0.1875 0.10000000000000001
          0.375 0.1875 0.10000000000000001
          0.4375 0.1875 0.10000000000000001
          0.5 0.1875 0.10000000000000001
          0.5625 0.1875 0.10000000000000001
          0.625 0.1875 0.10000000000000001
          0.6875 0.1875 0.10000000000000001
          0.75 0.1875 0.10000000000000001
          0.8125 0.1875 0.10000000000000001
          0.875 0.1875 0.10000000000000001
          0.9375 0.1875 0.10000000000000001
          1 0.1875 0.10000000000000001
          1.0625 0.1875 0.10000000000000001
          1.125 0.1875 0.10000000000000001
          1.1875 0.1875 0.10000000000000001
          1.25 0.1875 0.10000000000000001
          1.3125 0.1875 0.10000000000000001
          1.375 0.1875 0.10000000000000001
          1.4375 0.1875 0.10000000000000001
          1.5 0.1875 0.10000000000000001
          1.5625 0.1875 0.10000000000000001
          1.625 0.1875 0.10000000000000001
          1.6875 0.1875 0.10000000000000001
          1.75 0.1875 0.10000000000000001
          1.8125 0.1875 0.10000000000000001
          1.875 0.1875 0.10000000000000001
          1.9375 0.1875 0.10000000000000001
          2 0.1875 0.10000000000000001
          2.0625 0.1875 0.10000000000000001
          2.125 0.1875 0.10000000000000001
          2.1875 0.1875 0.10000000000000001
          2.25 0.1875 0.10000000000000001
          2.3125 0.1875 0.10000000000000001
          2.375 0.1875 0.10000000000000001
          2.4375 0.1875 0.10000000000000001
          2.5 0.1875 0.10000000000000001
          2.5625 0.1875 0.10000000000000001
          2.625 0.1875 0.10000000000000001
          2.6875 0.1875 0.10000000000000001
          2.75 0.1875 0.10000000000000001
          2.8125 0.1875 0.10000000000000001
          2.875 0.1875 0.10000000000000001
          2.9375 0.1875 0.10000000000000001
          3 0.1875 0.10000000000000001
          3.0625 0.1875 0.10000000000000001
          3.125 0.1875 0.10000000000000001
          3.1875 0.1875 0.10000000000000001
          3.25 0.1875 0.10000000000000001
          3.3125 0.1875 0.10000000000000001
          3.375 0.1875 0.10000000000000001
          3.4375 0.1875 0.10000000000000001
          3.5 0.1875 0.10000000000000001
          3.5625 0.1875 0.10000000000000001
          3.625 0.1875 0.10000000000000001
          3.6875 0.1875 0.10000000000000001
          3.75 0.1875 0.10000000000000001
          3.8125 0.1875 0.10000000000000001
          3.875 0.1875 0.10000000000000001
          3.9375 0.1875 0.10000000000000001
          4 0.1875 0.10000000000000001
          4.0625 0.1875 0.10000000000000001
          4.125 0.1875 0.10000000000000001
          4.1875 0.1875 0.10000000000000001
          4.25 0.1875 0.10000000000000001
          4.3125 0.1875 0.10000000000000001
          4.375 0.1875 0.10000000000000001
          4.4375 0.1875 0.10000000000000001
          4.5 0.1875 0.10000000000000001
          4.5625 0.1875 0.10000000000000001
          4.625 0.1875 0.10000000000000001
          4.6875 0.1875 0.10000000000000001
          4.75 0.1875 0.10000000000000001
          4.8125 0.1875 0.10000000000000001
          4.875 0.1875 0.10000000000000001
          4.9375 0.1875 0.10000000000000001
          5 0.1875 0.10000000000000001
          5.0625 0.1875 0.10000000000000001
          5.125 0.1875 0.10000000000000001
          5.1875 0.1875 0.10000000000000001
          5.25 0.1875 0.10000000000000001
          5.3125 0.1875 0.10000000000000001
          5.375 0.1875 0.10000000000000001
          5.4375 0.1875 0.10000000000000001
          5.5 0.1875 0.10000000000000001
          5.5625 0.1875 0.10000000000000001
          5.625 0.1875 0.10000000000000001
          5.6875 0.1875 0.10000000000000001
          5.75 0.1875 0.10000000000000001
          5.8125 0.1875 0.10000000000000001
          5.875 0.1875 0.10000000000000001
          5.9375 0.1875 0.10000000000000001
          6 0.1875 0.10000000000000001
          6.0625 0.1875 0.10000000000000001
          6.125 0.1875 0.10000000000000001
          6.1875 0.1875 0.10000000000000001
          6.25 0.1875 0.10000000000000001
          6.3125 0.1875 0.10000000000000001
          6.375 0.1875 0.10000000000000001
          6.4375 0.1875 0.10000000000000001
          6.5 0.1875 0.10000000000000001
          6.5625 0.1875 0.10000000000000001
          6.625 0.1875 0.10000000000000001
          6.6875 0.1875 0.10000000000000001
          6.75 0.1875 0.10000000000000001
          6.8125 0.1875 0.10000000000000001
          6.875 0.1875 0.10000000000000001
          6.9375 0.1875 0.10000000000000001
          7 0.1875 0.10000000000000001
          0 0.25 0.10000000000000001
          0.0625 0.25 0.10000000000000001
          0.125 0.25 0.10000000000000001
          0.1875 0.25 0.10000000000000001
          0.25 0.25 0.10000000000000001
          0.3125 0.25 0.10000000000000001
          0.375 0.25 0.10000000000000001
          0.4375 0.25 0.10000000000000001
          0.5 0.25 0.10000000000000001
          0.5625 0.25 0.10000000000000001
          0.625 0.25 0.10000000000000001
          0.6875 0.25 0.10000000000000001
          0.75 0.25 0.10000000000000001
          0.8125 0.25 0.10000000000000001
          0.875 0.25 0.10000000000000001
          0.9375 0.25 0.10000000000000001
          1 0.25 0.10000000000000001
          1.0625 0.25 0.10000000000000001
          1.125 0.25 0.10000000000000001
          1.1875 0.25 0.10000000000000001
          1.25 0.25 0.10000000000000001
          1.3125 0.25 0.10000000000000001
          1.375 0.25 0.10000000000000001
          1.4375 0.25 0.10000000000000001
          1.5 0.25 0.10000000000000001
          1.5625 0.25 0.10000000000000001
          1.625 0.25 0.10000000000000001
          1.6875 0.25 0.10000000000000001
          1.75 0.25 0.10000000000000001
          1.8125 0.25 0.10000000000000001
          1.875 0.25 0.10000000000000001
          1.9375 0.25 0.10000000000000001
          2 0.25 0.10000000000000001
          2.0625 0.25 0.10000000000000001
          2.125 0.25 0.10000000000000001
          2.1875 0.25 0.10000000000000001
          2.25 0.25 0.10000000000000001
          2.3125 0.25 0.10000000000000001
          2.375 0.25 0.10000000000000001
          2.4375 0.25 0.10000000000000001
          2.5 0.25 0.10000000000000001
          2.5625 0.25 0.10000000000000001
          2.625 0.25 0.10000000000000001
          2.6875 0.25 0.10000000000000001
          2.75 0.25 0.10000000000000001
          2.8125 0.25 0.10000000000000001
          2.875 0.25 0.10000000000000001
          2.9375 0.25 0.10000000000000001
          3 0.25 0.10000000000000001
          3.0625 0.25 0.10000000000000001
          3.125 0.25 0.10000000000000001
          3.1875 0.25 0.10000000000000001
          3.25 0.25 0.10000000000000001
          3.3125 0.25 0.10000000000000001
          3.375 0.25 0.10000000000000001
          3.4375 0.25 0.10000000000000001
          3.5 0.25 0.10000000000000001
          3.5625 0.25 0.10000000000000001
          3.625 0.25 0.10000000000000001
          3.6875 0.25 0.10000000000000001
          3.75 0.25 0.10000000000000001
          3.8125 0.25 0.10000000000000001
          3.875 0.25 0.10000000000000001
          3.9375 0.25 0.10000000000000001
          4 0.25 0.10000000000000001
          4.0625 0.25 0.10000000000000001
          4.125 0.25 0.10000000000000001
          4.1875 0.25 0.10000000000000001
          4.25 0.25 0.10000000000000001
          4.3125 0.25 0.10000000000000001
          4.375 0.25 0.10000000000000001
          4.4375 0.25 0.10000000000000001
          4.5 0.25 0.10000000000000001
          4.5625 0.25 0.10000000000000001
          4.625 0.25 0.10000000000000001
          4.6875 0.25 0.10000000000000001
          4.75 0.25 0.10000000000000001
          4.8125 0.25 0.10000000000000001
          4.875 0.25 0.10000000000000001
          4.9375 0.25 0.10000000000000001
          5 0.25 0.10000000000000001
          5.0625 0.25 0.10000000000000001
          5.125 0.25 0.10000000000000001
          5.1875 0.25 0.10000000000000001
          5.25 0.25 0.10000000000000001
          5.3125 0.25 0.10000000000000001
          5.375 0.25 0.10000000000000001
          5.4375 0.25 0.10000000000000001
          5.5 0.25 0.10000000000000001
          5.5625 0.25 0.10000000000000001
          5.625 0.25 0.10000000000000001
          5.6875 0.25 0.10000000000000001
          5.75 0.25 0.10000000000000001
          5.8125 0.25 0.10000000000000001
          5.875 0.25 0.10000000000000001
          5.9375 0.25 0.10000000000000001
          6 0.25 0.10000000000000001
          6.0625 0.25 0.10000000000000001
          6.125 0.25 0.10000000000000001
          6.1875 0.25 0.10000000000000001
          6.25 0.25 0.10000000000000001
          6.3125 0.25 0.10000000000000001
          6.375 0.25 0.10000000000000001
          6.4375 0.25 0.10000000000000001
          6.5 0.25 0.10000000000000001
          6.5625 0.25 0.10000000000000001
          6.625 0.25 0.10000000000000001
          6.6875 0.25 0.10000000000000001
          6.75 0.25 0.10000000000000001
          6.8125 0.25 0.10000000000000001
          6.875 0.25 0.10000000000000001
          6.9375 0.25 0.10000000000000001
          7 0.25 0.10000000000000001
          0 0.3125 0.10000000000000001
          0.0625 0.3125 0.10000000000000001
          0.125 0.3125 0.10000000000000001
          0.1875 0.3125 0.10000000000000001
          0.25 0.3125 0.10000000000000001
          0.3125 0.3125 0.10000000000000001
          0.375 0.3125 0.10000000000000001
          0.4375 0.3125 0.10000000000000001
          0.5 0.3125 0.10000000000000001
          0.5625 0.3125 0.10000000000000001
          0.625 0.3125 0.10000000000000001
          0.6875 0.3125 0.10000000000000001
          0.75 0.3125 0.10000000000000001
          0.8125 0.3125 0.10000000000000001
          0.875 0.3125 0.10000000000000001
          0.9375 0.3125 0.10000000000000001
          1 0.3125 0.10000000000000001
          1.0625 0.3125 0.10000000000000001
          1.125 0.3125 0.10000000000000001
          1.1875 0.3125 0.10000000000000001
          1.25 0.3125 0.10000000000000001
          1.3125 0.3125 0.10000000000000001
          1.375 0.3125 0.10000000000000001
          1.4375 0.3125 0.10000000000000001
          1.5 0.3125 0.10000000000000001
          1.5625 0.3125 0.10000000000000001
          1.625 0.3125 0.10000000000000001
          1.6875 0.3125 0.10000000000000001
          1.75 0.3125 0.10000000000000001
          1.8125 0.3125 0.10000000000000001
          1.875 0.3125 0.10000000000000001
          1.9375 0.3125 0.10000000000000001
          2 0.3125 0.10000000000000001
          2.0625 0.3125 0.10000000000000001
          2.125 0.3125 0.10000000000000001
          2.1875 0.3125 0.10000000000000001
          2.25 0.3125 0.10000000000000001
          2.3125 0.3125 0.10000000000000001
          2.375 0.3125 0.10000000000000001
          2.4375 0.3125 0.10000000000000001
          2.5 0.3125 0.10000000000000001
          2.5625 0.3125 0.10000000000000001
          2.625 0.3125 0.10000000000000001
          2.6875 0.3125 0.10000000000000001
          2.75 0.3125 0.10000000000000001
          2.8125 0.3125 0.10000000000000001
          2.875 0.3125 0.10000000000000001
          2.9375 0.3125 0.10000000000000001
          3 0.3125 0.10000000000000001
          3.0625 0.3125 0.10000000000000001
          3.125 0.3125 0.10000000000000001
          3.1875 0.3125 0.10000000000000001
          3.25 0.3125 0.10000000000000001
          3.3125 0.3125 0.10000000000000001
          3.375 0.3125 0.10000000000000001
          3.4375 0.3125 0.10000000000000001
          3.5 0.3125 0.10000000000000001
          3.5625 0.3125 0.10000000000000001
          3.625 0.3125 0.10000000000000001
          3.6875 0.3125 0.10000000000000001
          3.75 0.3125 0.10000000000000001
          3.8125 0.3125 0.10000000000000001
          3.875 0.3125 0.10000000000000001
          3.9375 0.3125 0.10000000000000001
          4 0.3125 0.10000000000000001
          4.0625 0.3125 0.10000000000000001
          4.125 0.3125 0.10000000000000001
          4.1875 0.3125 0.10000000000000001
          4.25 0.3125 0.10000000000000001
          4.3125 0.3125 0.10000000000000001
          4.375 0.3125 0.10000000000000001
          4.4375 0.3125 0.10000000000000001
          4.5 0.3125 0.10000000000000001
          4.5625 0.3125 0.10000000000000001
          4.625 0.3125 0.10000000000000001
          4.6875 0.3125 0.10000000000000001
          4.75 0.3125 0.10000000000000001
          4.8125 0.3125 0.10000000000000001
          4.875 0.3125 0.10000000000000001
          4.9375 0.3125 0.10000000000000001
          5 0.3125 0.10000000000000001
          5.0625 0.3125 0.10000000000000001
          5.125 0.3125 0.10000000000000001
          5.1875 0.3125 0.10000000000000001
          5.25 0.3125 0.10000000000000001
          5.3125 0.3125 0.10000000000000001
          5.375 0.3125 0.10000000000000001
          5.4375 0.3125 0.10000000000000001
          5.5 0.3125 0.10000000000000001
          5.5625 0.3125 0.10000000000000001
          5.625 0.3125 0.10000000000000001
          5.6875 0.3125 0.10000000000000001
          5.75 0.3125 0.10000000000000001
          5.8125 0.3125 0.10000000000000001
          5.875 0.3125 0.10000000000000001
          5.9375 0.3125 0.10000000000000001
          6 0.3125 0.10000000000000001
          6.0625 0.3125 0.10000000000000001
          6.125 0.3125 0.10000000000000001
          6.1875 0.3125 0.10000000000000001
          6.25 0.3125 0.10000000000000001
          6.3125 0.3125 0.10000000000000001
          6.375 0.3125 0.10000000000000001
          6.4375 0.3125 0.10000000000000001
          6.5 0.3125 0.10000000000000001
          6.5625 0.3125 0.10000000000000001
          6.625 0.3125 0.10000000000000001
          6.6875 0.3125 0.10000000000000001
          6.75 0.3125 0.10000000000000001
          6.8125 0.3125 0.10000000000000001
          6.875 0.3125 0.10000000000000001
          6.9375 0.3125 0.10000000000000001
          7 0.3125 0.10000000000000001
          0 0.375 0.10000000000000001
          0.0625 0.375 0.10000000000000001
          0.125 0.375 0.10000000000000001
          0.1875 0.375 0.10000000000000001
          0.25 0.375 0.10000000000000001
          0.3125 0.375 0.10000000000000001
          0.375 0.375 0.10000000000000001
          0.4375 0.375 0.10000000000000001
          0.5 0.375 0.10000000000000001
          0.5625 0.375 0.10000000000000001
          0.625 0.375 0.10000000000000001
          0.6875 0.375 0.10000000000000001
          0.75 0.375 0.10000000000000001
          0.8125 0.375 0.10000000000000001
          0.875 0.375 0.10000000000000001
          0.9375 0.375 0.10000000000000001
          1 0.375 0.10000000000000001
          1.0625 0.375 0.10000000000000001
          1.125 0.375 0.10000000000000001
          1.1875 0.375 0.10000000000000001
          1.25 0.375 0.10000000000000001
          1.3125 0.375 0.10000000000000001
          1.375 0.375 0.10000000000000001
          1.4375 0.375 0.10000000000000001
          1.5 0.375 0.10000000000000001
          1.5625 0.375 0.10000000000000001
          1.625 0.375 0.10000000000000001
          1.6875 0.375 0.10000000000000001
          1.75 0.375 0.10000000000000001
          1.8125 0.375 0.10000000000000001
          1.875 0.375 0.10000000000000001
          1.9375 0.375 0.10000000000000001
          2 0.375 0.10000000000000001
          2.0625 0.375 0.10000000000000001
          2.125 0.375 0.10000000000000001
          2.1875 0.375 0.10000000000000001
          2.25 0.375 0.10000000000000001
          2.3125 0.375 0.10000000000000001
          2.375 0.375 0.10000000000000001
          2.4375 0.375 0.10000000000000001
          2.5 0.375 0.10000000000000001
          2.5625 0.375 0.10000000000000001
          2.625 0.375 0.10000000000000001
          2.6875 0.375 0.10000000000000001
          2.75 0.375 0.10000000000000001
          2.8125 0.375 0.10000000000000001
          2.875 0.375 0.10000000000000001
          2.9375 0.375 0.10000000000000001
          3 0.375 0.10000000000000001
          3.0625 0.375 0.10000000000000001
          3.125 0.375 0.10000000000000001
          3.1875 0.375 0.10000000000000001
          3.25 0.375 0.10000000000000001
          3.3125 0.375 0.10000000000000001
          3.375 0.375 0.10000000000000001
          3.4375 0.375 0.10000000000000001
          3.5 0.375 0.10000000000000001
          3.5625 0.375 0.10000000000000001
          3.625 0.375 0.10000000000000001
          3.6875 0.375 0.10000000000000001
          3.75 0.375 0.10000000000000001
          3.8125 0.375 0.10000000000000001
          3.875 0.375 0.10000000000000001
          3.9375 0.375 0.10000000000000001
          4 0.375 0.10000000000000001
          4.0625 0.375 0.10000000000000001
          4.125 0.375 0.10000000000000001
          4.1875 0.375 0.10000000000000001
          4.25 0.375 0.10000000000000001
          4.3125 0.375 0.10000000000000001
          4.375 0.375 0.10000000000000001
          4.4375 0.375 0.10000000000000001
          4.5 0.375 0.10000000000000001
          4.5625 0.375 0.10000000000000001
          4.625 0.375 0.10000000000000001
          4.6875 0.375 0.10000000000000001
          4.75 0.375 0.10000000000000001
          4.8125 0.375 0.10000000000000001
          4.875 0.375 0.10000000000000001
          4.9375 0.375 0.10000000000000001
          5 0.375 0.10000000000000001
          5.0625 0.375 0.10000000000000001
          5.125 0.375 0.10000000000000001
          5.1875 0.375 0.10000000000000001
          5.25 0.375 0.10000000000000001
          5.3125 0.375 0.10000000000000001
          5.375 0.375 0.10000000000000001
          5.4375 0.375 0.10000000000000001
          5.5 0.375 0.10000000000000001
          5.5625 0.375 0.10000000000000001
          5.625 0.375 0.10000000000000001
          5.6875 0.375 0.10000000000000001
          5.75 0.375 0.10000000000000001
          5.8125 0.375 0.10000000000000001
          5.875 0.375 0.10000000000000001
          5.9375 0.375 0.10000000000000001
          6 0.375 0.10000000000000001
          6.0625 0.375 0.10000000000000001
          6.125 0.375 0.10000000000000001
          6.1875 0.375 0.10000000000000001
          6.25 0.375 0.10000000000000001
          6.3125 0.375 0.10000000000000001
          6.375 0.375 0.10000000000000001
          6.4375 0.375 0.10000000000000001
          6.5 0.375 0.10000000000000001
          6.5625 0.375 0.10000000000000001
          6.625 0.375 0.10000000000000001
          6.6875 0.375 0.10000000000000001
          6.75 0.375 0.10000000000000001
          6.8125 0.375 0.10000000000000001
          6.875 0.375 0.10000000000000001
          6.9375 0.375 0.10000000000000001
          7 0.375 0.10000000000000001
          0 0.4375 0.10000000000000001
          0.0625 0.4375 0.10000000000000001
          0.125 0.4375 0.10000000000000001
          0.1875 0.4375 0.10000000000000001
          0.25 0.4375 0.10000000000000001
          0.3125 0.4375 0.10000000000000001
          0.375 0.4375 0.10000000000000001
          0.4375 0.4375 0.10000000000000001
          0.5 0.4375 0.10000000000000001
          0.5625 0.4375 0.10000000000000001
          0.625 0.4375 0.10000000000000001
          0.6875 0.4375 0.10000000000000001
          0.75 0.4375 0.10000000000000001
          0.8125 0.4375 0.10000000000000001
          0.875 0.4375 0.10000000000000001
          0.9375 0.4375 0.10000000000000001
          1 0.4375 0.10000000000000001
          1.0625 0.4375 0.10000000000000001
          1.125 0.4375 0.10000000000000001
          1.1875 0.4375 0.10000000000000001
          1.25 0.4375 0.10000000000000001
          1.3125 0.4375 0.10000000000000001
          1.375 0.4375 0.10000000000000001
          1.4375 0.4375 0.10000000000000001
          1.5 0.4375 0.10000000000000001
          1.5625 0.4375 0.10000000000000001
          1.625 0.4375 0.10000000000000001
          1.6875 0.4375 0.10000000000000001
          1.75 0.4375 0.10000000000000001
          1.8125 0.4375 0.10000000000000001
          1.875 0.4375 0.10000000000000001
          1.9375 0.4375 0.10000000000000001
          2 0.4375 0.10000000000000001
          2.0625 0.4375 0.10000000000000001
          2.125 0.4375 0.10000000000000001
          2.1875 0.4375 0.10000000000000001
          2.25 0.4375 0.10000000000000001
          2.3125 0.4375 0.10000000000000001
          2.375 0.4375 0.10000000000000001
          2.4375 0.4375 0.10000000000000001
          2.5 0.4375 0.10000000000000001
          2.5625 0.4375 0.10000000000000001
          2.625 0.4375 0.10000000000000001
          2.6875 0.4375 0.10000000000000001
          2.75 0.4375 0.10000000000000001
          2.8125 0.4375 0.10000000000000001
          2.875 0.4375 0.10000000000000001
          2.9375 0.4375 0.10000000000000001
          3 0.4375 0.10000000000000001
          3.0625 0.4375 0.10000000000000001
          3.125 0.4375 0.10000000000000001
          3.1875 0.4375 0.10000000000000001
          3.25 0.4375 0.10000000000000001
          3.3125 0.4375 0.10000000000000001
          3.375 0.4375 0.10000000000000001
          3.4375 0.4375 0.10000000000000001
          3.5 0.4375 0.10000000000000001
          3.5625 0.4375 0.10000000000000001
          3.625 0.4375 0.10000000000000001
          3.6875 0.4375 0.10000000000000001
          3.75 0.4375 0.10000000000000001
          3.8125 0.4375 0.10000000000000001
          3.875 0.4375 0.10000000000000001
          3.9375 0.4375 0.10000000000000001
          4 0.4375 0.10000000000000001
          4.0625 0.4375 0.10000000000000001
          4.125 0.4375 0.10000000000000001
          4.1875 0.4375 0.10000000000000001
          4.25 0.4375 0.10000000000000001
          4.3125 0.4375 0.10000000000000001
          4.375 0.4375 0.10000000000000001
          4.4375 0.4375 0.10000000000000001
          4.5 0.4375 0.10000000000000001
          4.5625 0.4375 0.10000000000000001
          4.625 0.4375 0.10000000000000001
          4.6875 0.4375 0.10000000000000001
          4.75 0.4375 0.10000000000000001
          4.8125 0.4375 0.10000000000000001
          4.875 0.4375 0.10000000000000001
          4.9375 0.4375 0.10000000000000001
          5 0.4375 0.10000000000000001
          5.0625 0.4375 0.10000000000000001
          5.125 0.4375 0.10000000000000001
          5.1875 0.4375 0.10000000000000001
          5.25 0.4375 0.10000000000000001
          5.3125 0.4375 0.10000000000000001
          5.375 0.4375 0.10000000000000001
          5.4375 0.4375 0.10000000000000001
          5.5 0.4375 0.10000000000000001
          5.5625 0.4375 0.10000000000000001
          5.625 0.4375 0.10000000000000001
          5.6875 0.4375 0.10000000000000001
          5.75 0.4375 0.10000000000000001
          5.8125 0.4375 0.10000000000000001
          5.875 0.4375 0.10000000000000001
          5.9375 0.4375 0.10000000000000001
          6 0.4375 0.10000000000000001
          6.0625 0.4375 0.10000000000000001
          6.125 0.4375 0.10000000000000001
          6.1875 0.4375 0.10000000000000001
          6.25 0.4375 0.10000000000000001
          6.3125 0.4375 0.10000000000000001
          6.375 0.4375 0.10000000000000001
          6.4375 0.4375 0.10000000000000001
          6.5 0.4375 0.10000000000000001
          6.5625 0.4375 0.10000000000000001
          6.625 0.4375 0.10000000000000001
          6.6875 0.4375 0.10000000000000001
          6.75 0.4375 0.10000000000000001
          6.8125 0.4375 0.10000000000000001
          6.875 0.4375 0.10000000000000001
          6.9375 0.4375 0.10000000000000001
          7 0.4375 0.10000000000000001
          0 0.5 0.10000000000000001
          0.0625 0.5 0.10000000000000001
          0.125 0.5 0.10000000000000001
          0.1875 0.5 0.10000000000000001
          0.25 0.5 0.10000000000000001
          0.3125 0.5 0.10000000000000001
          0.375 0.5 0.10000000000000001
          0.4375 0.5 0.10000000000000001
          0.5 0.5 0.10000000000000001
          0.5625 0.5 0.10000000000000001
          0.625 0.5 0.10000000000000001
          0.6875 0.5 0.10000000000000001
          0.75 0.5 0.10000000000000001
          0.8125 0.5 0.10000000000000001
          0.875 0.5 0.10000000000000001
          0.9375 0.5 0.10000000000000001
          1 0.5 0.10000000000000001
          1.0625 0.5 0.10000000000000001
          1.125 0.5 0.10000000000000001
          1.1875 0.5 0.10000000000000001
          1.25 0.5 0.10000000000000001
          1.3125 0.5 0.10000000000000001
          1.375 0.5 0.10000000000000001
          1.4375 0.5 0.10000000000000001
          1.5 0.5 0.10000000000000001
          1.5625 0.5 0.10000000000000001
          1.625 0.5 0.10000000000000001
          1.6875 0.5 0.10000000000000001
          1.75 0.5 0.10000000000000001
          1.8125 0.5 0.10000000000000001
          1.875 0.5 0.10000000000000001
          1.9375 0.5 0.10000000000000001
          2 0.5 0.10000000000000001
          2.0625 0.5 0.10000000000000001
          2.125 0.5 0.10000000000000001
          2.1875 0.5 0.10000000000000001
          2.25 0.5 0.10000000000000001
          2.3125 0.5 0.10000000000000001
          2.375 0.5 0.10000000000000001
          2.4375 0.5 0.10000000000000001
          2.5 0.5 0.10000000000000001
          2.5625 0.5 0.10000000000000001
          2.625 0.5 0.10000000000000001
          2.6875 0.5 0.10000000000000001
          2.75 0.5 0.10000000000000001
          2.8125 0.5 0.10000000000000001
          2.875 0.5 0.10000000000000001
          2.9375 0.5 0.10000000000000001
          3 0.5 0.10000000000000001
          3.0625 0.5 0.10000000000000001
          3.125 0.5 0.10000000000000001
          3.1875 0.5 0.10000000000000001
          3.25 0.5 0.10000000000000001
          3.3125 0.5 0.10000000000000001
          3.375 0.5 0.10000000000000001
          3.4375 0.5 0.10000000000000001
          3.5 0.5 0.10000000000000001
          3.5625 0.5 0.10000000000000001
          3.625 0.5 0.10000000000000001
          3.6875 0.5 0.10000000000000001
          3.75 0.5 0.10000000000000001
          3.8125 0.5 0.10000000000000001
          3.875 0.5 0.10000000000000001
          3.9375 0.5 0.10000000000000001
          4 0.5 0.10000000000000001
          4.0625 0.5 0.10000000000000001
          4.125 0.5 0.10000000000000001
          4.1875 0.5 0.10000000000000001
          4.25 0.5 0.10000000000000001
          4.3125 0.5 0.10000000000000001
          4.375 0.5 0.10000000000000001
          4.4375 0.5 0.10000000000000001
          4.5 0.5 0.10000000000000001
          4.5625 0.5 0.10000000000000001
          4.625 0.5 0.10000000000000001
          4.6875 0.5 0.10000000000000001
          4.75 0.5 0.10000000000000001
          4.8125 0.5 0.10000000000000001
          4.875 0.5 0.10000000000000001
          4.9375 0.5 0.10000000000000001
          5 0.5 0.10000000000000001
          5.0625 0.5 0.10000000000000001
          5.125 0.5 0.10000000000000001
          5.1875 0.5 0.10000000000000001
          5.25 0.5 0.10000000000000001
          5.3125 0.5 0.10000000000000001
          5.375 0.5 0.10000000000000001
          5.4375 0.5 0.10000000000000001
          5.5 0.5 0.10000000000000001
          5.5625 0.5 0.10000000000000001
          5.625 0.5 0.10000000000000001
          5.6875 0.5 0.10000000000000001
          5.75 0.5 0.10000000000000001
          5.8125 0.5 0.10000000000000001
          5.875 0.5 0.10000000000000001
          5.9375 0.5 0.10000000000000001
          6 0.5 0.10000000000000001
          6.0625 0.5 0.10000000000000001
          6.125 0.5 0.10000000000000001
          6.1875 0.5 0.10000000000000001
          6.25 0.5 0.10000000000000001
          6.3125 0.5 0.10000000000000001
          6.375 0.5 0.10000000000000001
          6.4375 0.5 0.10000000000000001
          6.5 0.5 0.10000000000000001
          6.5625 0.5 0.10000000000000001
          6.625 0.5 0.10000000000000001
          6.6875 0.5 0.10000000000000001
          6.75 0.5 0.10000000000000001
          6.8125 0.5 0.10000000000000001
          6.875 0.5 0.10000000000000001
          6.9375 0.5 0.10000000000000001
          7 0.5 0.10000000000000001
          0 0.5625 0.10000000000000001
          0.0625 0.5625 0.10000000000000001
          0.125 0.5625 0.10000000000000001
          0.1875 0.5625 0.10000000000000001
          0.25 0.5625 0.10000000000000001
          0.3125 0.5625 0.10000000000000001
          0.375 0.5625 0.10000000000000001
          0.4375 0.5625 0.10000000000000001
          0.5 0.5625 0.10000000000000001
          0.5625 0.5625 0.10000000000000001
          0.625 0.5625 0.10000000000000001
          0.6875 0.5625 0.10000000000000001
          0.75 0.5625 0.10000000000000001
          0.8125 0.5625 0.10000000000000001
          0.875 0.5625 0.10000000000000001
          0.9375 0.5625 0.10000000000000001
          1 0.5625 0.10000000000000001
          1.0625 0.5625 0.10000000000000001
          1.125 0.5625 0.10000000000000001
          1.1875 0.5625 0.10000000000000001
          1.25 0.5625 0.10000000000000001
          1.3125 0.5625 0.10000000000000001
          1.375 0.5625 0.10000000000000001
          1.4375 0.5625 0.10000000000000001
          1.5 0.5625 0.10000000000000001
          1.5625 0.5625 0.10000000000000001
          1.625 0.5625 0.10000000000000001
          1.6875 0.5625 0.10000000000000001
          1.75 0.5625 0.10000000000000001
          1.8125 0.5625 0.10000000000000001
          1.875 0.5625 0.10000000000000001
          1.9375 0.5625 0.10000000000000001
          2 0.5625 0.10000000000000001
          2.0625 0.5625 0.10000000000000001
          2.125 0.5625 0.10000000000000001
          2.1875 0.5625 0.10000000000000001
          2.25 0.5625 0.10000000000000001
          2.3125 0.5625 0.10000000000000001
          2.375 0.5625 0.10000000000000001
          2.4375 0.5625 0.10000000000000001
          2.5 0.5625 0.10000000000000001
          2.5625 0.5625 0.10000000000000001
          2.625 0.5625 0.10000000000000001
          2.6875 0.5625 0.10000000000000001
          2.75 0.5625 0.10000000000000001
          2.8125 0.5625 0.10000000000000001
          2.875 0.5625 0.10000000000000001
          2.9375 0.5625 0.10000000000000001
          3 0.5625 0.10000000000000001
          3.0625 0.5625 0.10000000000000001
          3.125 0.5625 0.10000000000000001
          3.1875 0.5625 0.10000000000000001
          3.25 0.5625 0.10000000000000001
          3.3125 0.5625 0.10000000000000001
          3.375 0.5625 0.10000000000000001
          3.4375 0.5625 0.10000000000000001
          3.5 0.5625 0.10000000000000001
          3.5625 0.5625 0.10000000000000001
          3.625 0.5625 0.10000000000000001
          3.6875 0.5625 0.10000000000000001
          3.75 0.5625 0.10000000000000001
          3.8125 0.5625 0.10000000000000001
          3.875 0.5625 0.10000000000000001
          3.9375 0.5625 0.10000000000000001
          4 0.5625 0.10000000000000001
          4.0625 0.5625 0.10000000000000001
          4.125 0.5625 0.10000000000000001
          4.1875 0.5625 0.10000000000000001
          4.25 0.5625 0.10000000000000001
          4.3125 0.5625 0.10000000000000001
          4.375 0.5625 0.10000000000000001
          4.4375 0.5625 0.10000000000000001
          4.5 0.5625 0.10000000000000001
          4.5625 0.5625 0.10000000000000001
          4.625 0.5625 0.10000000000000001
          4.6875 0.5625 0.10000000000000001
          4.75 0.5625 0.10000000000000001
          4.8125 0.5625 0.10000000000000001
          4.875 0.5625 0.10000000000000001
          4.9375 0.5625 0.10000000000000001
          5 0.5625 0.10000000000000001
          5.0625 0.5625 0.10000000000000001
          5.125 0.5625 0.10000000000000001
          5.1875 0.5625 0.10000000000000001
          5.25 0.5625 0.10000000000000001
          5.3125 0.5625 0.10000000000000001
          5.375 0.5625 0.10000000000000001
          5.4375 0.5625 0.10000000000000001
          5.5 0.5625 0.10000000000000001
          5.5625 0.5625 0.10000000000000001
          5.625 0.5625 0.10000000000000001
          5.6875 0.5625 0.10000000000000001
          5.75 0.5625 0.10000000000000001
          5.8125 0.5625 0.10000000000000001
          5.875 0.5625 0.10000000000000001
          5.9375 0.5625 0.10000000000000001
          6 0.5625 0.10000000000000001
          6.0625 0.5625 0.10000000000000001
          6.125 0.5625 0.10000000000000001
          6.1875 0.5625 0.10000000000000001
          6.25 0.5625 0.10000000000000001
          6.3125 0.5625 0.10000000000000001
          6.375 0.5625 0.10000000000000001
          6.4375 0.5625 0.10000000000000001
          6.5 0.5625 0.10000000000000001
          6.5625 0.5625 0.10000000000000001
          6.625 0.5625 0.10000000000000001
          6.6875 0.5625 0.10000000000000001
          6.75 0.5625 0.10000000000000001
          6.8125 0.5625 0.10000000000000001
          6.875 0.5625 0.10000000000000001
          6.9375 0.5625 0.10000000000000001
          7 0.5625 0.10000000000000001
          0 0.625 0.10000000000000001
          0.0625 0.625 0.10000000000000001
          0.125 0.625 0.10000000000000001
          0.1875 0.625 0.10000000000000001
          0.25 0.625 0.10000000000000001
          0.3125 0.625 0.10000000000000001
          0.375 0.625 0.10000000000000001
          0.4375 0.625 0.10000000000000001
          0.5 0.625 0.10000000000000001
          0.5625 0.625 0.10000000000000001
          0.625 0.625 0.10000000000000001
          0.6875 0.625 0.10000000000000001
          0.75 0.625 0.10000000000000001
          0.8125 0.625 0.10000000000000001
          0.875 0.625 0.10000000000000001
          0.9375 0.625 0.10000000000000001
          1 0.625 0.10000000000000001
          1.0625 0.625 0.10000000000000001
          1.125 0.625 0.10000000000000001
          1.1875 0.625 0.10000000000000001
          1.25 0.625 0.10000000000000001
          1.3125 0.625 0.10000000000000001
          1.375 0.625 0.10000000000000001
          1.4375 0.625 0.10000000000000001
          1.5 0.625 0.10000000000000001
          1.5625 0.625 0.10000000000000001
          1.625 0.625 0.10000000000000001
          1.6875 0.625 0.10000000000000001
          1.75 0.625 0.10000000000000001
          1.8125 0.625 0.10000000000000001
          1.875 0.625 0.10000000000000001
          1.9375 0.625 0.10000000000000001
          2 0.625 0.10000000000000001
          2.0625 0.625 0.10000000000000001
          2.125 0.625 0.10000000000000001
          2.1875 0.625 0.10000000000000001
          2.25 0.625 0.10000000000000001
          2.3125 0.625 0.10000000000000001
          2.375 0.625 0.10000000000000001
          2.4375 0.625 0.10000000000000001
          2.5 0.625 0.10000000000000001
          2.5625 0.625 0.10000000000000001
          2.625 0.625 0.10000000000000001
          2.6875 0.625 0.10000000000000001
          2.75 0.625 0.10000000000000001
          2.8125 0.625 0.10000000000000001
          2.875 0.625 0.10000000000000001
          2.9375 0.625 0.10000000000000001
          3 0.625 0.10000000000000001
          3.0625 0.625 0.10000000000000001
          3.125 0.625 0.10000000000000001
          3.1875 0.625 0.10000000000000001
          3.25 0.625 0.10000000000000001
          3.3125 0.625 0.10000000000000001
          3.375 0.625 0.10000000000000001
          3.4375 0.625 0.10000000000000001
          3.5 0.625 0.10000000000000001
          3.5625 0.625 0.10000000000000001
          3.625 0.625 0.10000000000000001
          3.6875 0.625 0.10000000000000001
          3.75 0.625 0.10000000000000001
          3.8125 0.625 0.10000000000000001
          3.875 0.625 0.10000000000000001
          3.9375 0.625 0.10000000000000001
          4 0.625 0.10000000000000001
          4.0625 0.625 0.10000000000000001
          4.125 0.625 0.10000000000000001
          4.1875 0.625 0.10000000000000001
          4.25 0.625 0.10000000000000001
          4.3125 0.625 0.10000000000000001
          4.375 0.625 0.10000000000000001
          4.4375 0.625 0.10000000000000001
          4.5 0.625 0.10000000000000001
          4.5625 0.625 0.10000000000000001
          4.625 0.625 0.10000000000000001
          4.6875 0.625 0.10000000000000001
          4.75 0.625 0.10000000000000001
          4.8125 0.625 0.10000000000000001
          4.875 0.625 0.10000000000000001
          4.9375 0.625 0.10000000000000001
          5 0.625 0.10000000000000001
          5.0625 0.625 0.10000000000000001
          5.125 0.625 0.10000000000000001
          5.1875 0.625 0.10000000000000001
          5.25 0.625 0.10000000000000001
          5.3125 0.625 0.10000000000000001
          5.375 0.625 0.10000000000000001
          5.4375 0.625 0.10000000000000001
          5.5 0.625 0.10000000000000001
          5.5625 0.625 0.10000000000000001
          5.625 0.625 0.10000000000000001
          5.6875 0.625 0.10000000000000001
          5.75 0.625 0.10000000000000001
          5.8125 0.625 0.10000000000000001
          5.875 0.625 0.10000000000000001
          5.9375 0.625 0.10000000000000001
          6 0.625 0.10000000000000001
          6.0625 0.625 0.10000000000000001
          6.125 0.625 0.10000000000000001
          6.1875 0.625 0.10000000000000001
          6.25 0.625 0.10000000000000001
          6.3125 0.625 0.10000000000000001
          6.375 0.625 0.10000000000000001
          6.4375 0.625 0.10000000000000001
          6.5 0.625 0.10000000000000001
          6.5625 0.625 0.10000000000000001
          6.625 0.625 0.10000000000000001
          6.6875 0.625 0.10000000000000001
          6.75 0.625 0.10000000000000001
          6.8125 0.625 0.10000000000000001
          6.875 0.625 0.10000000000000001
          6.9375 0.625 0.10000000000000001
          7 0.625 0.10000000000000001
          0 0.6875 0.10000000000000001
          0.0625 0.6875 0.10000000000000001
          0.125 0.6875 0.10000000000000001
          0.1875 0.6875 0.10000000000000001
          0.25 0.6875 0.10000000000000001
          0.3125 0.6875 0.10000000000000001
          0.375 0.6875 0.10000000000000001
          0.4375 0.6875 0.10000000000000001
          0.5 0.6875 0.10000000000000001
          0.5625 0.6875 0.10000000000000001
          0.625 0.6875 0.10000000000000001
          0.6875 0.6875 0.10000000000000001
          0.75 0.6875 0.10000000000000001
          0.8125 0.6875 0.10000000000000001
          0.875 0.6875 0.10000000000000001
          0.9375 0.6875 0.10000000000000001
          1 0.6875 0.10000000000000001
          1.0625 0.6875 0.10000000000000001
          1.125 0.6875 0.10000000000000001
          1.1875 0.6875 0.10000000000000001
          1.25 0.6875 0.10000000000000001
          1.3125 0.6875 0.10000000000000001
          1.375 0.6875 0.10000000000000001
          1.4375 0.6875 0.10000000000000001
          1.5 0.6875 0.10000000000000001
          1.5625 0.6875 0.10000000000000001
          1.625 0.6875 0.10000000000000001
          1.6875 0.6875 0.10000000000000001
          1.75 0.6875 0.10000000000000001
          1.8125 0.6875 0.10000000000000001
          1.875 0.6875 0.10000000000000001
          1.9375 0.6875 0.10000000000000001
          2 0.6875 0.10000000000000001
          2.0625 0.6875 0.10000000000000001
          2.125 0.6875 0.10000000000000001
          2.1875 0.6875 0.10000000000000001
          2.25 0.6875 0.10000000000000001
          2.3125 0.6875 0.10000000000000001
          2.375 0.6875 0.10000000000000001
          2.4375 0.6875 0.10000000000000001
          2.5 0.6875 0.10000000000000001
          2.5625 0.6875 0.10000000000000001
          2.625 0.6875 0.10000000000000001
          2.6875 0.6875 0.10000000000000001
          2.75 0.6875 0.10000000000000001
          2.8125 0.6875 0.10000000000000001
          2.875 0.6875 0.10000000000000001
          2.9375 0.6875 0.10000000000000001
          3 0.6875 0.10000000000000001
          3.0625 0.6875 0.10000000000000001
          3.125 0.6875 0.10000000000000001
          3.1875 0.6875 0.10000000000000001
          3.25 0.6875 0.10000000000000001
          3.3125 0.6875 0.10000000000000001
          3.375 0.6875 0.10000000000000001
          3.4375 0.6875 0.10000000000000001
          3.5 0.6875 0.10000000000000001
          3.5625 0.6875 0.10000000000000001
          3.625 0.6875 0.10000000000000001
          3.6875 0.6875 0.10000000000000001
          3.75 0.6875 0.10000000000000001
          3.8125 0.6875 0.10000000000000001
          3.875 0.6875 0.10000000000000001
          3.9375 0.6875 0.10000000000000001
          4 0.6875 0.10000000000000001
          4.0625 0.6875 0.10000000000000001
          4.125 0.6875 0.10000000000000001
          4.1875 0.6875 0.10000000000000001
          4.25 0.6875 0.10000000000000001
          4.3125 0.6875 0.10000000000000001
          4.375 0.6875 0.10000000000000001
          4.4375 0.6875 0.10000000000000001
          4.5 0.6875 0.10000000000000001
          4.5625 0.6875 0.10000000000000001
          4.625 0.6875 0.10000000000000001
          4.6875 0.6875 0.10000000000000001
          4.75 0.6875 0.10000000000000001
          4.8125 0.6875 0.10000000000000001
          4.875 0.6875 0.10000000000000001
          4.9375 0.6875 0.10000000000000001
          5 0.6875 0.10000000000000001
          5.0625 0.6875 0.10000000000000001
          5.125 0.6875 0.10000000000000001
          5.1875 0.6875 0.10000000000000001
          5.25 0.6875 0.10000000000000001
          5.3125 0.6875 0.10000000000000001
          5.375 0.6875 0.10000000000000001
          5.4375 0.6875 0.10000000000000001
          5.5 0.6875 0.10000000000000001
          5.5625 0.6875 0.10000000000000001
          5.625 0.6875 0.10000000000000001
          5.6875 0.6875 0.10000000000000001
          5.75 0.6875 0.10000000000000001
          5.8125 0.6875 0.10000000000000001
          5.875 0.6875 0.10000000000000001
          5.9375 0.6875 0.10000000000000001
          6 0.6875 0.10000000000000001
          6.0625 0.6875 0.10000000000000001
          6.125 0.6875 0.10000000000000001
          6.1875 0.6875 0.10000000000000001
          6.25 0.6875 0.10000000000000001
          6.3125 0.6875 0.10000000000000001
          6.375 0.6875 0.10000000000000001
          6.4375 0.6875 0.10000000000000001
          6.5 0.6875 0.10000000000000001
          6.5625 0.6875 0.10000000000000001
          6.625 0.6875 0.10000000000000001
          6.6875 0.6875 0.10000000000000001
          6.75 0.6875 0.10000000000000001
          6.8125 0.6875 0.10000000000000001
          6.875 0.6875 0.10000000000000001
          6.9375 0.6875 0.10000000000000001
          7 0.6875 0.10000000000000001
          0 0.75 0.10000000000000001
          0.0625 0.75 0.10000000000000001
          0.125 0.75 0.10000000000000001
          0.1875 0.75 0.10000000000000001
          0.25 0.75 0.10000000000000001
          0.3125 0.75 0.10000000000000001
          0.375 0.75 0.10000000000000001
          0.4375 0.75 0.10000000000000001
          0.5 0.75 0.10000000000000001
          0.5625 0.75 0.10000000000000001
          0.625 0.75 0.10000000000000001
          0.6875 0.75 0.10000000000000001
          0.75 0.75 0.10000000000000001
          0.8125 0.75 0.10000000000000001
          0.875 0.75 0.10000000000000001
          0.9375 0.75 0.10000000000000001
          1 0.75 0.10000000000000001
          1.0625 0.75 0.10000000000000001
          1.125 0.75 0.10000000000000001
          1.1875 0.75 0.10000000000000001
          1.25 0.75 0.10000000000000001
          1.3125 0.75 0.10000000000000001
          1.375 0.75 0.10000000000000001
          1.4375 0.75 0.10000000000000001
          1.5 0.75 0.10000000000000001
          1.5625 0.75 0.10000000000000001
          1.625 0.75 0.10000000000000001
          1.6875 0.75 0.10000000000000001
          1.75 0.75 0.10000000000000001
          1.8125 0.75 0.10000000000000001
          1.875 0.75 0.10000000000000001
          1.9375 0.75 0.10000000000000001
          2 0.75 0.10000000000000001
          2.0625 0.75 0.10000000000000001
          2.125 0.75 0.10000000000000001
          2.1875 0.75 0.10000000000000001
          2.25 0.75 0.10000000000000001
          2.3125 0.75 0.10000000000000001
          2.375 0.75 0.10000000000000001
          2.4375 0.75 0.10000000000000001
          2.5 0.75 0.10000000000000001
          2.5625 0.75 0.10000000000000001
          2.625 0.75 0.10000000000000001
          2.6875 0.75 0.10000000000000001
          2.75 0.75 0.10000000000000001
          2.8125 0.75 0.10000000000000001
          2.875 0.75 0.10000000000000001
          2.9375 0.75 0.10000000000000001
          3 0.75 0.10000000000000001
          3.0625 0.75 0.10000000000000001
          3.125 0.75 0.10000000000000001
          3.1875 0.75 0.10000000000000001
          3.25 0.75 0.10000000000000001
          3.3125 0.75 0.10000000000000001
          3.375 0.75 0.10000000000000001
          3.4375 0.75 0.10000000000000001
          3.5 0.75 0.10000000000000001
          3.5625 0.75 0.10000000000000001
          3.625 0.75 0.10000000000000001
          3.6875 0.75 0.10000000000000001
          3.75 0.75 0.10000000000000001
          3.8125 0.75 0.10000000000000001
          3.875 0.75 0.10000000000000001
          3.9375 0.75 0.10000000000000001
          4 0.75 0.10000000000000001
          4.0625 0.75 0.10000000000000001
          4.125 0.75 0.10000000000000001
          4.1875 0.75 0.10000000000000001
          4.25 0.75 0.10000000000000001
          4.3125 0.75 0.10000000000000001
          4.375 0.75 0.10000000000000001
          4.4375 0.75 0.10000000000000001
          4.5 0.75 0.10000000000000001
          4.5625 0.75 0.10000000000000001
          4.625 0.75 0.10000000000000001
          4.6875 0.75 0.10000000000000001
          4.75 0.75 0.10000000000000001
          4.8125 0.75 0.10000000000000001
          4.875 0.75 0.10000000000000001
          4.9375 0.75 0.10000000000000001
          5 0.75 0.10000000000000001
          5.0625 0.75 0.10000000000000001
          5.125 0.75 0.10000000000000001
          5.1875 0.75 0.10000000000000001
          5.25 0.75 0.10000000000000001
          5.3125 0.75 0.10000000000000001
          5.375 0.75 0.10000000000000001
          5.4375 0.75 0.10000000000000001
          5.5 0.75 0.10000000000000001
          5.5625 0.75 0.10000000000000001
          5.625 0.75 0.10000000000000001
          5.6875 0.75 0.10000000000000001
          5.75 0.75 0.10000000000000001
          5.8125 0.75 0.10000000000000001
          5.875 0.75 0.10000000000000001
          5.9375 0.75 0.10000000000000001
          6 0.75 0.10000000000000001
          6.0625 0.75 0.10000000000000001
          6.125 0.75 0.10000000000000001
          6.1875 0.75 0.10000000000000001
          6.25 0.75 0.10000000000000001
          6.3125 0.75 0.10000000000000001
          6.375 0.75 0.10000000000000001
          6.4375 0.75 0.10000000000000001
          6.5 0.75 0.10000000000000001
          6.5625 0.75 0.10000000000000001
          6.625 0.75 0.10000000000000001
          6.6875 0.75 0.10000000000000001
          6.75 0.75 0.10000000000000001
          6.8125 0.75 0.10000000000000001
          6.875 0.75 0.10000000000000001
          6.9375 0.75 0.10000000000000001
          7 0.75 0.10000000000000001
          0 0.8125 0.10000000000000001
          0.0625 0.8125 0.10000000000000001
          0.125 0.8125 0.10000000000000001
          0.1875 0.8125 0.10000000000000001
          0.25 0.8125 0.10000000000000001
          0.3125 0.8125 0.10000000000000001
          0.375 0.8125 0.10000000000000001
          0.4375 0.8125 0.10000000000000001
          0.5 0.8125 0.10000000000000001
          0.5625 0.8125 0.10000000000000001
          0.625 0.8125 0.10000000000000001
          0.6875 0.8125 0.10000000000000001
          0.75 0.8125 0.10000000000000001
          0.8125 0.8125 0.10000000000000001
          0.875 0.8125 0.10000000000000001
          0.9375 0.8125 0.10000000000000001
          1 0.8125 0.10000000000000001
          1.0625 0.8125 0.10000000000000001
          1.125 0.8125 0.10000000000000001
          1.1875 0.8125 0.10000000000000001
          1.25 0.8125 0.10000000000000001
          1.3125 0.8125 0.10000000000000001
          1.375 0.8125 0.10000000000000001
          1.4375 0.8125 0.10000000000000001
          1.5 0.8125 0.10000000000000001
          1.5625 0.8125 0.10000000000000001
          1.625 0.8125 0.10000000000000001
          1.6875 0.8125 0.10000000000000001
          1.75 0.8125 0.10000000000000001
          1.8125 0.8125 0.10000000000000001
          1.875 0.8125 0.10000000000000001
          1.9375 0.8125 0.10000000000000001
          2 0.8125 0.10000000000000001
          2.0625 0.8125 0.10000000000000001
          2.125 0.8125 0.10000000000000001
          2.1875 0.8125 0.10000000000000001
          2.25 0.8125 0.10000000000000001
          2.3125 0.8125 0.10000000000000001
          2.375 0.8125 0.10000000000000001
          2.4375 0.8125 0.10000000000000001
          2.5 0.8125 0.10000000000000001
          2.5625 0.8125 0.10000000000000001
          2.625 0.8125 0.10000000000000001
          2.6875 0.8125 0.10000000000000001
          2.75 0.8125 0.10000000000000001
          2.8125 0.8125 0.10000000000000001
          2.875 0.8125 0.10000000000000001
          2.9375 0.8125 0.10000000000000001
          3 0.8125 0.10000000000000001
          3.0625 0.8125 0.10000000000000001
          3.125 0.8125 0.10000000000000001
          3.1875 0.8125 0.10000000000000001
          3.25 0.8125 0.10000000000000001
          3.3125 0.8125 0.10000000000000001
          3.375 0.8125 0.10000000000000001
          3.4375 0.8125 0.10000000000000001
          3.5 0.8125 0.10000000000000001
          3.5625 0.8125 0.10000000000000001
          3.625 0.8125 0.10000000000000001
          3.6875 0.8125 0.10000000000000001
          3.75 0.8125 0.10000000000000001
          3.8125 0.8125 0.10000000000000001
          3.875 0.8125 0.10000000000000001
          3.9375 0.8125 0.10000000000000001
          4 0.8125 0.10000000000000001
          4.0625 0.8125 0.10000000000000001
          4.125 0.8125 0.10000000000000001
          4.1875 0.8125 0.10000000000000001
          4.25 0.8125 0.10000000000000001
          4.3125 0.8125 0.10000000000000001
          4.375 0.8125 0.10000000000000001
          4.4375 0.8125 0.10000000000000001
          4.5 0.8125 0.10000000000000001
          4.5625 0.8125 0.10000000000000001
          4.625 0.8125 0.10000000000000001
          4.6875 0.8125 0.10000000000000001
          4.75 0.8125 0.10000000000000001
          4.8125 0.8125 0.10000000000000001
          4.875 0.8125 0.10000000000000001
          4.9375 0.8125 0.10000000000000001
          5 0.8125 0.10000000000000001
          5.0625 0.8125 0.10000000000000001
          5.125 0.8125 0.10000000000000001
          5.1875 0.8125 0.10000000000000001
          5.25 0.8125 0.10000000000000001
          5.3125 0.8125 0.10000000000000001
          5.375 0.8125 0.10000000000000001
          5.4375 0.8125 0.10000000000000001
          5.5 0.8125 0.10000000000000001
          5.5625 0.8125 0.10000000000000001
          5.625 0.8125 0.10000000000000001
          5.6875 0.8125 0.10000000000000001
          5.75 0.8125 0.10000000000000001
          5.8125 0.8125 0.10000000000000001
          5.875 0.8125 0.10000000000000001
          5.9375 0.8125 0.10000000000000001
          6 0.8125 0.10000000000000001
          6.0625 0.8125 0.10000000000000001
          6.125 0.8125 0.10000000000000001
          6.1875 0.8125 0.10000000000000001
          6.25 0.8125 0.10000000000000001
          6.3125 0.8125 0.10000000000000001
          6.375 0.8125 0.10000000000000001
          6.4375 0.8125 0.10000000000000001
          6.5 0.8125 0.10000000000000001
          6.5625 0.8125 0.10000000000000001
          6.625 0.8125 0.10000000000000001
          6.6875 0.8125 0.10000000000000001
          6.75 0.8125 0.10000000000000001
          6.8125 0.8125 0.10000000000000001
          6.875 0.8125 0.10000000000000001
          6.9375 0.8125 0.10000000000000001
          7 0.8125 0.10000000000000001
          0 0.875 0.10000000000000001
          0.0625 0.875 0.10000000000000001
          0.125 0.875 0.10000000000000001
          0.1875 0.875 0.10000000000000001
          0.25 0.875 0.10000000000000001
          0.3125 0.875 0.10000000000000001
          0.375 0.875 0.10000000000000001
          0.4375 0.875 0.10000000000000001
          0.5 0.875 0.10000000000000001
          0.5625 0.875 0.10000000000000001
          0.625 0.875 0.10000000000000001
          0.6875 0.875 0.10000000000000001
          0.75 0.875 0.10000000000000001
          0.8125 0.875 0.10000000000000001
          0.875 0.875 0.10000000000000001
          0.9375 0.875 0.10000000000000001
          1 0.875 0.10000000000000001
          1.0625 0.875 0.10000000000000001
          1.125 0.875 0.10000000000000001
          1.1875 0.875 0.10000000000000001
          1.25 0.875 0.10000000000000001
          1.3125 0.875 0.10000000000000001
          1.375 0.875 0.10000000000000001
          1.4375 0.875 0.10000000000000001
          1.5 0.875 0.10000000000000001
          1.5625 0.875 0.10000000000000001
          1.625 0.875 0.10000000000000001
          1.6875 0.875 0.10000000000000001
          1.75 0.875 0.10000000000000001
          1.8125 0.875 0.10000000000000001
          1.875 0.875 0.10000000000000001
          1.9375 0.875 0.10000000000000001
          2 0.875 0.10000000000000001
          2.0625 0.875 0.10000000000000001
          2.125 0.875 0.10000000000000001
          2.1875 0.875 0.10000000000000001
          2.25 0.875 0.10000000000000001
          2.3125 0.875 0.10000000000000001
          2.375 0.875 0.10000000000000001
          2.4375 0.875 0.10000000000000001
          2.5 0.875 0.10000000000000001
          2.5625 0.875 0.10000000000000001
          2.625 0.875 0.10000000000000001
          2.6875 0.875 0.10000000000000001
          2.75 0.875 0.10000000000000001
          2.8125 0.875 0.10000000000000001
          2.875 0.875 0.10000000000000001
          2.9375 0.875 0.10000000000000001
          3 0.875 0.10000000000000001
          3.0625 0.875 0.10000000000000001
          3.125 0.875 0.10000000000000001
          3.1875 0.875 0.10000000000000001
          3.25 0.875 0.10000000000000001
          3.3125 0.875 0.10000000000000001
          3.375 0.875 0.10000000000000001
          3.4375 0.875 0.10000000000000001
          3.5 0.875 0.10000000000000001
          3.5625 0.875 0.10000000000000001
          3.625 0.875 0.10000000000000001
          3.6875 0.875 0.10000000000000001
          3.75 0.875 0.10000000000000001
          3.8125 0.875 0.10000000000000001
          3.875 0.875 0.10000000000000001
          3.9375 0.875 0.10000000000000001
          4 0.875 0.10000000000000001
          4.0625 0.875 0.10000000000000001
          4.125 0.875 0.10000000000000001
          4.1875 0.875 0.10000000000000001
          4.25 0.875 0.10000000000000001
          4.3125 0.875 0.10000000000000001
          4.375 0.875 0.10000000000000001
          4.4375 0.875 0.10000000000000001
          4.5 0.875 0.10000000000000001
          4.5625 0.875 0.10000000000000001
          4.625 0.875 0.10000000000000001
          4.6875 0.875 0.10000000000000001
          4.75 0.875 0.10000000000000001
          4.8125 0.875 0.10000000000000001
          4.875 0.875 0.10000000000000001
          4.9375 0.875 0.10000000000000001
          5 0.875 0.10000000000000001
          5.0625 0.875 0.10000000000000001
          5.125 0.875 0.10000000000000001
          5.1875 0.875 0.10000000000000001
          5.25 0.875 0.10000000000000001
          5.3125 0.875 0.10000000000000001
          5.375 0.875 0.10000000000000001
          5.4375 0.875 0.10000000000000001
          5.5 0.875 0.10000000000000001
          5.5625 0.875 0.10000000000000001
          5.625 0.875 0.10000000000000001
          5.6875 0.875 0.10000000000000001
          5.75 0.875 0.10000000000000001
          5.8125 0.875 0.10000000000000001
          5.875 0.875 0.10000000000000001
          5.9375 0.875 0.10000000000000001
          6 0.875 0.10000000000000001
          6.0625 0.875 0.10000000000000001
          6.125 0.875 0.10000000000000001
          6.1875 0.875 0.10000000000000001
          6.25 0.875 0.10000000000000001
          6.3125 0.875 0.10000000000000001
          6.375 0.875 0.10000000000000001
          6.4375 0.875 0.10000000000000001
          6.5 0.875 0.10000000000000001
          6.5625 0.875 0.10000000000000001
          6.625 0.875 0.10000000000000001
          6.6875 0.875 0.10000000000000001
          6.75 0.875 0.10000000000000001
          6.8125 0.875 0.10000000000000001
          6.875 0.875 0.10000000000000001
          6.9375 0.875 0.10000000000000001
          7 0.875 0.10000000000000001
          0 0.9375 0.10000000000000001
          0.0625 0.9375 0.10000000000000001
          0.125 0.9375 0.10000000000000001
          0.1875 0.9375 0.10000000000000001
          0.25 0.9375 0.10000000000000001
          0.3125 0.9375 0.10000000000000001
          0.375 0.9375 0.10000000000000001
          0.4375 0.9375 0.10000000000000001
          0.5 0.9375 0.10000000000000001
          0.5625 0.9375 0.10000000000000001
          0.625 0.9375 0.10000000000000001
          0.6875 0.9375 0.10000000000000001
          0.75 0.9375 0.10000000000000001
          0.8125 0.9375 0.10000000000000001
          0.875 0.9375 0.10000000000000001
          0.9375 0.9375 0.10000000000000001
          1 0.9375 0.10000000000000001
          1.0625 0.9375 0.10000000000000001
          1.125 0.9375 0.10000000000000001
          1.1875 0.9375 0.10000000000000001
          1.25 0.9375 0.10000000000000001
          1.3125 0.9375 0.10000000000000001
          1.375 0.9375 0.10000000000000001
          1.4375 0.9375 0.10000000000000001
          1.5 0.9375 0.10000000000000001
          1.5625 0.9375 0.10000000000000001
          1.625 0.9375 0.10000000000000001
          1.6875 0.9375 0.10000000000000001
          1.75 0.9375 0.10000000000000001
          1.8125 0.9375 0.10000000000000001
          1.875 0.9375 0.10000000000000001
          1.9375 0.9375 0.10000000000000001
          2 0.9375 0.10000000000000001
          2.0625 0.9375 0.10000000000000001
          2.125 0.9375 0.10000000000000001
          2.1875 0.9375 0.10000000000000001
          2.25 0.9375 0.10000000000000001
          2.3125 0.9375 0.10000000000000001
          2.375 0.9375 0.10000000000000001
          2.4375 0.9375 0.10000000000000001
          2.5 0.9375 0.10000000000000001
          2.5625 0.9375 0.10000000000000001
          2.625 0.9375 0.10000000000000001
          2.6875 0.9375 0.10000000000000001
          2.75 0.9375 0.10000000000000001
          2.8125 0.9375 0.10000000000000001
          2.875 0.9375 0.10000000000000001
          2.9375 0.9375 0.10000000000000001
          3 0.9375 0.10000000000000001
          3.0625 0.9375 0.10000000000000001
          3.125 0.9375 0.10000000000000001
          3.1875 0.9375 0.10000000000000001
          3.25 0.9375 0.10000000000000001
          3.3125 0.9375 0.10000000000000001
          3.375 0.9375 0.10000000000000001
          3.4375 0.9375 0.10000000000000001
          3.5 0.9375 0.10000000000000001
          3.5625 0.9375 0.10000000000000001
          3.625 0.9375 0.10000000000000001
          3.6875 0.9375 0.10000000000000001
          3.75 0.9375 0.10000000000000001
          3.8125 0.9375 0.10000000000000001
          3.875 0.9375 0.10000000000000001
          3.9375 0.9375 0.10000000000000001
          4 0.9375 0.10000000000000001
          4.0625 0.9375 0.10000000000000001
          4.125 0.9375 0.10000000000000001
          4.1875 0.9375 0.10000000000000001
          4.25 0.9375 0.10000000000000001
          4.3125 0.9375 0.10000000000000001
          4.375 0.9375 0.10000000000000001
          4.4375 0.9375 0.10000000000000001
          4.5 0.9375 0.10000000000000001
          4.5625 0.9375 0.10000000000000001
          4.625 0.9375 0.10000000000000001
          4.6875 0.9375 0.10000000000000001
          4.75 0.9375 0.10000000000000001
          4.8125 0.9375 0.10000000000000001
          4.875 0.9375 0.10000000000000001
          4.9375 0.9375 0.10000000000000001
          5 0.9375 0.10000000000000001
          5.0625 0.9375 0.10000000000000001
          5.125 0.9375 0.10000000000000001
          5.1875 0.9375 0.10000000000000001
          5.25 0.9375 0.10000000000000001
          5.3125 0.9375 0.10000000000000001
          5.375 0.9375 0.10000000000000001
          5.4375 0.9375 0.10000000000000001
          5.5 0.9375 0.10000000000000001
          5.5625 0.9375 0.10000000000000001
          5.625 0.9375 0.10000000000000001
          5.6875 0.9375 0.10000000000000001
          5.75 0.9375 0.10000000000000001
          5.8125 0.9375 0.10000000000000001
          5.875 0.9375 0.10000000000000001
          5.9375 0.9375 0.10000000000000001
          6 0.9375 0.10000000000000001
          6.0625 0.9375 0.10000000000000001
          6.125 0.9375 0.10000000000000001
          6.1875 0.9375 0.10000000000000001
          6.25 0.9375 0.10000000000000001
          6.3125 0.9375 0.10000000000000001
          6.375 0.9375 0.10000000000000001
          6.4375 0.9375 0.10000000000000001
          6.5 0.9375 0.10000000000000001
          6.5625 0.9375 0.10000000000000001
          6.625 0.9375 0.10000000000000001
          6.6875 0.9375 0.10000000000000001
          6.75 0.9375 0.10000000000000001
          6.8125 0.9375 0.10000000000000001
          6.875 0.9375 0.10000000000000001
          6.9375 0.9375 0.10000000000000001
          7 0.9375 0.10000000000000001
          0 1 0.10000000000000001
          0.0625 1 0.10000000000000001
          0.125 1 0.10000000000000001
          0.1875 1 0.10000000000000001
          0.25 1 0.10000000000000001
          0.3125 1 0.10000000000000001
          0.375 1 0.10000000000000001
          0.4375 1 0.10000000000000001
          0.5 1 0.10000000000000001
          0.5625 1 0.10000000000000001
          0.625 1 0.10000000000000001
          0.6875 1 0.10000000000000001
          0.75 1 0.10000000000000001
          0.8125 1 0.10000000000000001
          0.875 1 0.10000000000000001
          0.9375 1 0.10000000000000001
          1 1 0.10000000000000001
          1.0625 1 0.10000000000000001
          1.125 1 0.10000000000000001
          1.1875 1 0.10000000000000001
          1.25 1 0.10000000000000001
          1.3125 1 0.10000000000000001
          1.375 1 0.10000000000000001
          1.4375 1 0.10000000000000001
          1.5 1 0.10000000000000001
          1.5625 1 0.10000000000000001
          1.625 1 0.10000000000000001
          1.6875 1 0.10000000000000001
          1.75 1 0.10000000000000001
          1.8125 1 0.10000000000000001
          1.875 1 0.10000000000000001
          1.9375 1 0.10000000000000001
          2 1 0.10000000000000001
          2.0625 1 0.10000000000000001
          2.125 1 0.10000000000000001
          2.1875 1 0.10000000000000001
          2.25 1 0.10000000000000001
          2.3125 1 0.10000000000000001
          2.375 1 0.10000000000000001
          2.4375 1 0.10000000000000001
          2.5 1 0.10000000000000001
          2.5625 1 0.10000000000000001
          2.625 1 0.10000000000000001
          2.6875 1 0.10000000000000001
          2.75 1 0.10000000000000001
          2.8125 1 0.10000000000000001
          2.875 1 0.10000000000000001
          2.9375 1 0.10000000000000001
          3 1 0.10000000000000001
          3.0625 1 0.10000000000000001
          3.125 1 0.10000000000000001
          3.1875 1 0.10000000000000001
          3.25 1 0.10000000000000001
          3.3125 1 0.10000000000000001
          3.375 1 0.10000000000000001
          3.4375 1 0.10000000000000001
          3.5 1 0.10000000000000001
          3.5625 1 0.10000000000000001
          3.625 1 0.10000000000000001
          3.6875 1 0.10000000000000001
          3.75 1 0.10000000000000001
          3.8125 1 0.10000000000000001
          3.875 1 0.10000000000000001
          3.9375 1 0.10000000000000001
          4 1 0.10000000000000001
          4.0625 1 0.10000000000000001
          4.125 1 0.10000000000000001
          4.1875 1 0.10000000000000001
          4.25 1 0.10000000000000001
          4.3125 1 0.10000000000000001
          4.375 1 0.10000000000000001
          4.4375 1 0.10000000000000001
          4.5 1 0.10000000000000001
          4.5625 1 0.10000000000000001
          4.625 1 0.10000000000000001
          4.6875 1 0.10000000000000001
          4.75 1 0.10000000000000001
          4.8125 1 0.10000000000000001
          4.875 1 0.10000000000000001
          4.9375 1 0.10000000000000001
          5 1 0.10000000000000001
          5.0625 1 0.10000000000000001
          5.125 1 0.10000000000000001
          5.1875 1 0.10000000000000001
          5.25 1 0.10000000000000001
          5.3125 1 0.10000000000000001
          5.375 1 0.10000000000000001
          5.4375 1 0.10000000000000001
          5.5 1 0.10000000000000001
          5.5625 1 0.10000000000000001
          5.625 1 0.10000000000000001
          5.6875 1 0.10000000000000001
          5.75 1 0.10000000000000001
          5.8125 1 0.10000000000000001
          5.875 1 0.10000000000000001
          5.9375 1 0.10000000000000001
          6 1 0.10000000000000001
          6.0625 1 0.10000000000000001
          6.125 1 0.10000000000000001
          6.1875 1 0.10000000000000001
          6.25 1 0.10000000000000001
          6.3125 1 0.10000000000000001
          6.375 1 0.10000000000000001
          6.4375 1 0.10000000000000001
          6.5 1 0.10000000000000001
          6.5625 1 0.10000000000000001
          6.625 1 0.10000000000000001
          6.6875 1 0.10000000000000001
          6.75 1 0.10000000000000001
          6.8125 1 0.10000000000000001
          6.875 1 0.10000000000000001
          6.9375 1 0.10000000000000001
          7 1 0.10000000000000001
          0 1.0625 0.10000000000000001
          0.0625 1.0625 0.10000000000000001
          0.125 1.0625 0.10000000000000001
          0.1875 1.0625 0.10000000000000001
          0.25 1.0625 0.10000000000000001
          0.3125 1.0625 0.10000000000000001
          0.375 1.0625 0.10000000000000001
          0.4375 1.0625 0.10000000000000001
          0.5 1.0625 0.10000000000000001
          0.5625 1.0625 0.10000000000000001
          0.625 1.0625 0.10000000000000001
          0.6875 1.0625 0.10000000000000001
          0.75 1.0625 0.10000000000000001
          0.8125 1.0625 0.10000000000000001
          0.875 1.0625 0.10000000000000001
          0.9375 1.0625 0.10000000000000001
          1 1.0625 0.10000000000000001
          1.0625 1.0625 0.10000000000000001
          1.125 1.0625 0.10000000000000001
          1.1875 1.0625 0.10000000000000001
          1.25 1.0625 0.10000000000000001
          1.3125 1.0625 0.10000000000000001
          1.375 1.0625 0.10000000000000001
          1.4375 1.0625 0.10000000000000001
          1.5 1.0625 0.10000000000000001
          1.5625 1.0625 0.10000000000000001
          1.625 1.0625 0.10000000000000001
          1.6875 1.0625 0.10000000000000001
          1.75 1.0625 0.10000000000000001
          1.8125 1.0625 0.10000000000000001
          1.875 1.0625 0.10000000000000001
          1.9375 1.0625 0.10000000000000001
          2 1.0625 0.10000000000000001
          2.0625 1.0625 0.10000000000000001
          2.125 1.0625 0.10000000000000001
          2.1875 1.0625 0.10000000000000001
          2.25 1.0625 0.10000000000000001
          2.3125 1.0625 0.10000000000000001
          2.375 1.0625 0.10000000000000001
          2.4375 1.0625 0.10000000000000001
          2.5 1.0625 0.10000000000000001
          2.5625 1.0625 0.10000000000000001
          2.625 1.0625 0.10000000000000001
          2.6875 1.0625 0.10000000000000001
          2.75 1.0625 0.10000000000000001
          2.8125 1.0625 0.10000000000000001
          2.875 1.0625 0.10000000000000001
          2.9375 1.0625 0.10000000000000001
          3 1.0625 0.10000000000000001
          3.0625 1.0625 0.10000000000000001
          3.125 1.0625 0.10000000000000001
          3.1875 1.0625 0.10000000000000001
          3.25 1.0625 0.10000000000000001
          3.3125 1.0625 0.10000000000000001
          3.375 1.0625 0.10000000000000001
          3.4375 1.0625 0.10000000000000001
          3.5 1.0625 0.10000000000000001
          3.5625 1.0625 0.10000000000000001
          3.625 1.0625 0.10000000000000001
          3.6875 1.0625 0.10000000000000001
          3.75 1.0625 0.10000000000000001
          3.8125 1.0625 0.10000000000000001
          3.875 1.0625 0.10000000000000001
          3.9375 1.0625 0.10000000000000001
          4 1.0625 0.10000000000000001
          4.0625 1.0625 0.10000000000000001
          4.125 1.0625 0.10000000000000001
          4.1875 1.0625 0.10000000000000001
          4.25 1.0625 0.10000000000000001
          4.3125 1.0625 0.10000000000000001
          4.375 1.0625 0.10000000000000001
          4.4375 1.0625 0.10000000000000001
          4.5 1.0625 0.10000000000000001
          4.5625 1.0625 0.10000000000000001
          4.625 1.0625 0.10000000000000001
          4.6875 1.0625 0.10000000000000001
          4.75 1.0625 0.10000000000000001
          4.8125 1.0625 0.10000000000000001
          4.875 1.0625 0.10000000000000001
          4.9375 1.0625 0.10000000000000001
          5 1.0625 0.10000000000000001
          5.0625 1.0625 0.10000000000000001
          5.125 1.0625 0.10000000000000001
          5.1875 1.0625 0.10000000000000001
          5.25 1.0625 0.10000000000000001
          5.3125 1.0625 0.10000000000000001
          5.375 1.0625 0.10000000000000001
          5.4375 1.0625 0.10000000000000001
          5.5 1.0625 0.10000000000000001
          5.5625 1.0625 0.10000000000000001
          5.625 1.0625 0.10000000000000001
          5.6875 1.0625 0.10000000000000001
          5.75 1.0625 0.10000000000000001
          5.8125 1.0625 0.10000000000000001
          5.875 1.0625 0.10000000000000001
          5.9375 1.0625 0.10000000000000001
          6 1.0625 0.10000000000000001
          6.0625 1.0625 0.10000000000000001
          6.125 1.0625 0.10000000000000001
          6.1875 1.0625 0.10000000000000001
          6.25 1.0625 0.10000000000000001
          6.3125 1.0625 0.10000000000000001
          6.375 1.0625 0.10000000000000001
          6.4375 1.0625 0.10000000000000001
          6.5 1.0625 0.10000000000000001
          6.5625 1.0625 0.10000000000000001
          6.625 1.0625 0.10000000000000001
          6.6875 1.0625 0.10000000000000001
          6.75 1.0625 0.10000000000000001
          6.8125 1.0625 0.10000000000000001
          6.875 1.0625 0.10000000000000001
          6.9375 1.0625 0.10000000000000001
          7 1.0625 0.10000000000000001
          0 1.125 0.10000000000000001
          0.0625 1.125 0.10000000000000001
          0.125 1.125 0.10000000000000001
          0.1875 1.125 0.10000000000000001
          0.25 1.125 0.10000000000000001
          0.3125 1.125 0.10000000000000001
          0.375 1.125 0.10000000000000001
          0.4375 1.125 0.10000000000000001
          0.5 1.125 0.10000000000000001
          0.5625 1.125 0.10000000000000001
          0.625 1.125 0.10000000000000001
          0.6875 1.125 0.10000000000000001
          0.75 1.125 0.10000000000000001
          0.8125 1.125 0.10000000000000001
          0.875 1.125 0.10000000000000001
          0.9375 1.125 0.10000000000000001
          1 1.125 0.10000000000000001
          1.0625 1.125 0.10000000000000001
          1.125 1.125 0.10000000000000001
          1.1875 1.125 0.10000000000000001
          1.25 1.125 0.10000000000000001
          1.3125 1.125 0.10000000000000001
          1.375 1.125 0.10000000000000001
          1.4375 1.125 0.10000000000000001
          1.5 1.125 0.10000000000000001
          1.5625 1.125 0.10000000000000001
          1.625 1.125 0.10000000000000001
          1.6875 1.125 0.10000000000000001
          1.75 1.125 0.10000000000000001
          1.8125 1.125 0.10000000000000001
          1.875 1.125 0.10000000000000001
          1.9375 1.125 0.10000000000000001
          2 1.125 0.10000000000000001
          2.0625 1.125 0.10000000000000001
          2.125 1.125 0.10000000000000001
          2.1875 1.125 0.10000000000000001
          2.25 1.125 0.10000000000000001
          2.3125 1.125 0.10000000000000001
          2.375 1.125 0.10000000000000001
          2.4375 1.125 0.10000000000000001
          2.5 1.125 0.10000000000000001
          2.5625 1.125 0.10000000000000001
          2.625 1.125 0.10000000000000001
          2.6875 1.125 0.10000000000000001
          2.75 1.125 0.10000000000000001
          2.8125 1.125 0.10000000000000001
          2.875 1.125 0.10000000000000001
          2.9375 1.125 0.10000000000000001
          3 1.125 0.10000000000000001
          3.0625 1.125 0.10000000000000001
          3.125 1.125 0.10000000000000001
          3.1875 1.125 0.10000000000000001
          3.25 1.125 0.10000000000000001
          3.3125 1.125 0.10000000000000001
          3.375 1.125 0.10000000000000001
          3.4375 1.125 0.10000000000000001
          3.5 1.125 0.10000000000000001
          3.5625 1.125 0.10000000000000001
          3.625 1.125 0.10000000000000001
          3.6875 1.125 0.10000000000000001
          3.75 1.125 0.10000000000000001
          3.8125 1.125 0.10000000000000001
          3.875 1.125 0.10000000000000001
          3.9375 1.125 0.10000000000000001
          4 1.125 0.10000000000000001
          4.0625 1.125 0.10000000000000001
          4.125 1.125 0.10000000000000001
          4.1875 1.125 0.10000000000000001
          4.25 1.125 0.10000000000000001
          4.3125 1.125 0.10000000000000001
          4.375 1.125 0.10000000000000001
          4.4375 1.125 0.10000000000000001
          4.5 1.125 0.10000000000000001
          4.5625 1.125 0.10000000000000001
          4.625 1.125 0.10000000000000001
          4.6875 1.125 0.10000000000000001
          4.75 1.125 0.10000000000000001
          4.8125 1.125 0.10000000000000001
          4.875 1.125 0.10000000000000001
          4.9375 1.125 0.10000000000000001
          5 1.125 0.10000000000000001
          5.0625 1.125 0.10000000000000001
          5.125 1.125 0.10000000000000001
          5.1875 1.125 0.10000000000000001
          5.25 1.125 0.10000000000000001
          5.3125 1.125 0.10000000000000001
          5.375 1.125 0.10000000000000001
          5.4375 1.125 0.10000000000000001
          5.5 1.125 0.10000000000000001
          5.5625 1.125 0.10000000000000001
          5.625 1.125 0.10000000000000001
          5.6875 1.125 0.10000000000000001
          5.75 1.125 0.10000000000000001
          5.8125 1.125 0.10000000000000001
          5.875 1.125 0.10000000000000001
          5.9375 1.125 0.10000000000000001
          6 1.125 0.10000000000000001
          6.0625 1.125 0.10000000000000001
          6.125 1.125 0.10000000000000001
          6.1875 1.125 0.10000000000000001
          6.25 1.125 0.10000000000000001
          6.3125 1.125 0.10000000000000001
          6.375 1.125 0.10000000000000001
          6.4375 1.125 0.10000000000000001
          6.5 1.125 0.10000000000000001
          6.5625 1.125 0.10000000000000001
          6.625 1.125 0.10000000000000001
          6.6875 1.125 0.10000000000000001
          6.75 1.125 0.10000000000000001
          6.8125 1.125 0.10000000000000001
          6.875 1.125 0.10000000000000001
          6.9375 1.125 0.10000000000000001
          7 1.125 0.10000000000000001
          0 1.1875 0.10000000000000001
          0.0625 1.1875 0.10000000000000001
          0.125 1.1875 0.10000000000000001
          0.1875 1.1875 0.10000000000000001
          0.25 1.1875 0.10000000000000001
          0.3125 1.1875 0.10000000000000001
          0.375 1.1875 0.10000000000000001
          0.4375 1.1875 0.10000000000000001
          0.5 1.1875 0.10000000000000001
          0.5625 1.1875 0.10000000000000001
          0.625 1.1875 0.10000000000000001
          0.6875 1.1875 0.10000000000000001
          0.75 1.1875 0.10000000000000001
          0.8125 1.1875 0.10000000000000001
          0.875 1.1875 0.10000000000000001
          0.9375 1.1875 0.10000000000000001
          1 1.1875 0.10000000000000001
          1.0625 1.1875 0.10000000000000001
          1.125 1.1875 0.10000000000000001
          1.1875 1.1875 0.10000000000000001
          1.25 1.1875 0.10000000000000001
          1.3125 1.1875 0.10000000000000001
          1.375 1.1875 0.10000000000000001
          1.4375 1.1875 0.10000000000000001
          1.5 1.1875 0.10000000000000001
          1.5625 1.1875 0.10000000000000001
          1.625 1.1875 0.10000000000000001
          1.6875 1.1875 0.10000000000000001
          1.75 1.1875 0.10000000000000001
          1.8125 1.1875 0.10000000000000001
          1.875 1.1875 0.10000000000000001
          1.9375 1.1875 0.10000000000000001
          2 1.1875 0.10000000000000001
          2.0625 1.1875 0.10000000000000001
          2.125 1.1875 0.10000000000000001
          2.1875 1.1875 0.10000000000000001
          2.25 1.1875 0.10000000000000001
          2.3125 1.1875 0.10000000000000001
          2.375 1.1875 0.10000000000000001
          2.4375 1.1875 0.10000000000000001
          2.5 1.1875 0.10000000000000001
          2.5625 1.1875 0.10000000000000001
          2.625 1.1875 0.10000000000000001
          2.6875 1.1875 0.10000000000000001
          2.75 1.1875 0.10000000000000001
          2.8125 1.1875 0.10000000000000001
          2.875 1.1875 0.10000000000000001
          2.9375 1.1875 0.10000000000000001
          3 1.1875 0.10000000000000001
          3.0625 1.1875 0.10000000000000001
          3.125 1.1875 0.10000000000000001
          3.1875 1.1875 0.10000000000000001
          3.25 1.1875 0.10000000000000001
          3.3125 1.1875 0.10000000000000001
          3.375 1.1875 0.10000000000000001
          3.4375 1.1875 0.10000000000000001
          3.5 1.1875 0.10000000000000001
          3.5625 1.1875 0.10000000000000001
          3.625 1.1875 0.10000000000000001
          3.6875 1.1875 0.10000000000000001
          3.75 1.1875 0.10000000000000001
          3.8125 1.1875 0.10000000000000001
          3.875 1.1875 0.10000000000000001
          3.9375 1.1875 0.10000000000000001
          4 1.1875 0.10000000000000001
          4.0625 1.1875 0.10000000000000001
          4.125 1.1875 0.10000000000000001
          4.1875 1.1875 0.10000000000000001
          4.25 1.1875 0.10000000000000001
          4.3125 1.1875 0.10000000000000001
          4.375 1.1875 0.10000000000000001
          4.4375 1.1875 0.10000000000000001
          4.5 1.1875 0.10000000000000001
          4.5625 1.1875 0.10000000000000001
          4.625 1.1875 0.10000000000000001
          4.6875 1.1875 0.10000000000000001
          4.75 1.1875 0.10000000000000001
          4.8125 1.1875 0.10000000000000001
          4.875 1.1875 0.10000000000000001
          4.9375 1.1875 0.10000000000000001
          5 1.1875 0.10000000000000001
          5.0625 1.1875 0.10000000000000001
          5.125 1.1875 0.10000000000000001
          5.1875 1.1875 0.10000000000000001
          5.25 1.1875 0.10000000000000001
          5.3125 1.1875 0.10000000000000001
          5.375 1.1875 0.10000000000000001
          5.4375 1.1875 0.10000000000000001
          5.5 1.1875 0.10000000000000001
          5.5625 1.1875 0.10000000000000001
          5.625 1.1875 0.10000000000000001
          5.6875 1.1875 0.10000000000000001
          5.75 1.1875 0.10000000000000001
          5.8125 1.1875 0.10000000000000001
          5.875 1.1875 0.10000000000000001
          5.9375 1.1875 0.10000000000000001
          6 1.1875 0.10000000000000001
          6.0625 1.1875 0.10000000000000001
          6.125 1.1875 0.10000000000000001
          6.1875 1.1875 0.10000000000000001
          6.25 1.1875 0.10000000000000001
          6.3125 1.1875 0.10000000000000001
          6.375 1.1875 0.10000000000000001
          6.4375 1.1875 0.10000000000000001
          6.5 1.1875 0.10000000000000001
          6.5625 1.1875 0.10000000000000001
          6.625 1.1875 0.10000000000000001
          6.6875 1.1875 0.10000000000000001
          6.75 1.1875 0.10000000000000001
          6.8125 1.1875 0.10000000000000001
          6.875 1.1875 0.10000000000000001
          6.9375 1.1875 0.10000000000000001
          7 1.1875 0.10000000000000001
          0 1.25 0.10000000000000001
          0.0625 1.25 0.10000000000000001
          0.125 1.25 0.10000000000000001
          0.1875 1.25 0.10000000000000001
          0.25 1.25 0.10000000000000001
          0.3125 1.25 0.10000000000000001
          0.375 1.25 0.10000000000000001
          0.4375 1.25 0.10000000000000001
          0.5 1.25 0.10000000000000001
          0.5625 1.25 0.10000000000000001
          0.625 1.25 0.10000000000000001
          0.6875 1.25 0.10000000000000001
          0.75 1.25 0.10000000000000001
          0.8125 1.25 0.10000000000000001
          0.875 1.25 0.10000000000000001
          0.9375 1.25 0.10000000000000001
          1 1.25 0.10000000000000001
          1.0625 1.25 0.10000000000000001
          1.125 1.25 0.10000000000000001
          1.1875 1.25 0.10000000000000001
          1.25 1.25 0.10000000000000001
          1.3125 1.25 0.10000000000000001
          1.375 1.25 0.10000000000000001
          1.4375 1.25 0.10000000000000001
          1.5 1.25 0.10000000000000001
          1.5625 1.25 0.10000000000000001
          1.625 1.25 0.10000000000000001
          1.6875 1.25 0.10000000000000001
          1.75 1.25 0.10000000000000001
          1.8125 1.25 0.10000000000000001
          1.875 1.25 0.10000000000000001
          1.9375 1.25 0.10000000000000001
          2 1.25 0.10000000000000001
          2.0625 1.25 0.10000000000000001
          2.125 1.25 0.10000000000000001
          2.1875 1.25 0.10000000000000001
          2.25 1.25 0.10000000000000001
          2.3125 1.25 0.10000000000000001
          2.375 1.25 0.10000000000000001
          2.4375 1.25 0.10000000000000001
          2.5 1.25 0.10000000000000001
          2.5625 1.25 0.10000000000000001
          2.625 1.25 0.10000000000000001
          2.6875 1.25 0.10000000000000001
          2.75 1.25 0.10000000000000001
          2.8125 1.25 0.10000000000000001
          2.875 1.25 0.10000000000000001
          2.9375 1.25 0.10000000000000001
          3 1.25 0.10000000000000001
          3.0625 1.25 0.10000000000000001
          3.125 1.25 0.10000000000000001
          3.1875 1.25 0.10000000000000001
          3.25 1.25 0.10000000000000001
          3.3125 1.25 0.10000000000000001
          3.375 1.25 0.10000000000000001
          3.4375 1.25 0.10000000000000001
          3.5 1.25 0.10000000000000001
          3.5625 1.25 0.10000000000000001
          3.625 1.25 0.10000000000000001
          3.6875 1.25 0.10000000000000001
          3.75 1.25 0.10000000000000001
          3.8125 1.25 0.10000000000000001
          3.875 1.25 0.10000000000000001
          3.9375 1.25 0.10000000000000001
          4 1.25 0.10000000000000001
          4.0625 1.25 0.10000000000000001
          4.125 1.25 0.10000000000000001
          4.1875 1.25 0.10000000000000001
          4.25 1.25 0.10000000000000001
          4.3125 1.25 0.10000000000000001
          4.375 1.25 0.10000000000000001
          4.4375 1.25 0.10000000000000001
          4.5 1.25 0.10000000000000001
          4.5625 1.25 0.10000000000000001
          4.625 1.25 0.10000000000000001
          4.6875 1.25 0.10000000000000001
          4.75 1.25 0.10000000000000001
          4.8125 1.25 0.10000000000000001
          4.875 1.25 0.10000000000000001
          4.9375 1.25 0.10000000000000001
          5 1.25 0.10000000000000001
          5.0625 1.25 0.10000000000000001
          5.125 1.25 0.10000000000000001
          5.1875 1.25 0.10000000000000001
          5.25 1.25 0.10000000000000001
          5.3125 1.25 0.10000000000000001
          5.375 1.25 0.10000000000000001
          5.4375 1.25 0.10000000000000001
          5.5 1.25 0.10000000000000001
          5.5625 1.25 0.10000000000000001
          5.625 1.25 0.10000000000000001
          5.6875 1.25 0.10000000000000001
          5.75 1.25 0.10000000000000001
          5.8125 1.25 0.10000000000000001
          5.875 1.25 0.10000000000000001
          5.9375 1.25 0.10000000000000001
          6 1.25 0.10000000000000001
          6.0625 1.25 0.10000000000000001
          6.125 1.25 0.10000000000000001
          6.1875 1.25 0.10000000000000001
          6.25 1.25 0.10000000000000001
          6.3125 1.25 0.10000000000000001
          6.375 1.25 0.10000000000000001
          6.4375 1.25 0.10000000000000001
          6.5 1.25 0.10000000000000001
          6.5625 1.25 0.10000000000000001
          6.625 1.25 0.10000000000000001
          6.6875 1.25 0.10000000000000001
          6.75 1.25 0.10000000000000001
          6.8125 1.25 0.10000000000000001
          6.875 1.25 0.10000000000000001
          6.9375 1.25 0.10000000000000001
          7 1.25 0.10000000000000001
          0 1.3125 0.10000000000000001
          0.0625 1.3125 0.10000000000000001
          0.125 1.3125 0.10000000000000001
          0.1875 1.3125 0.10000000000000001
          0.25 1.3125 0.10000000000000001
          0.3125 1.3125 0.10000000000000001
          0.375 1.3125 0.10000000000000001
          0.4375 1.3125 0.10000000000000001
          0.5 1.3125 0.10000000000000001
          0.5625 1.3125 0.10000000000000001
          0.625 1.3125 0.10000000000000001
          0.6875 1.3125 0.10000000000000001
          0.75 1.3125 0.10000000000000001
          0.8125 1.3125 0.10000000000000001
          0.875 1.3125 0.10000000000000001
          0.9375 1.3125 0.10000000000000001
          1 1.3125 0.10000000000000001
          1.0625 1.3125 0.10000000000000001
          1.125 1.3125 0.10000000000000001
          1.1875 1.3125 0.10000000000000001
          1.25 1.3125 0.10000000000000001
          1.3125 1.3125 0.10000000000000001
          1.375 1.3125 0.10000000000000001
          1.4375 1.3125 0.10000000000000001
          1.5 1.3125 0.10000000000000001
          1.5625 1.3125 0.10000000000000001
          1.625 1.3125 0.10000000000000001
          1.6875 1.3125 0.10000000000000001
          1.75 1.3125 0.10000000000000001
          1.8125 1.3125 0.10000000000000001
          1.875 1.3125 0.10000000000000001
          1.9375 1.3125 0.10000000000000001
          2 1.3125 0.10000000000000001
          2.0625 1.3125 0.10000000000000001
          2.125 1.3125 0.10000000000000001
          2.1875 1.3125 0.10000000000000001
          2.25 1.3125 0.10000000000000001
          2.3125 1.3125 0.10000000000000001
          2.375 1.3125 0.10000000000000001
          2.4375 1.3125 0.10000000000000001
          2.5 1.3125 0.10000000000000001
          2.5625 1.3125 0.10000000000000001
          2.625 1.3125 0.10000000000000001
          2.6875 1.3125 0.10000000000000001
          2.75 1.3125 0.10000000000000001
          2.8125 1.3125 0.10000000000000001
          2.875 1.3125 0.10000000000000001
          2.9375 1.3125 0.10000000000000001
          3 1.3125 0.10000000000000001
          3.0625 1.3125 0.10000000000000001
          3.125 1.3125 0.10000000000000001
          3.1875 1.3125 0.10000000000000001
          3.25 1.3125 0.10000000000000001
          3.3125 1.3125 0.10000000000000001
          3.375 1.3125 0.10000000000000001
          3.4375 1.3125 0.10000000000000001
          3.5 1.3125 0.10000000000000001
          3.5625 1.3125 0.10000000000000001
          3.625 1.3125 0.10000000000000001
          3.6875 1.3125 0.10000000000000001
          3.75 1.3125 0.10000000000000001
          3.8125 1.3125 0.10000000000000001
          3.875 1.3125 0.10000000000000001
          3.9375 1.3125 0.10000000000000001
          4 1.3125 0.10000000000000001
          4.0625 1.3125 0.10000000000000001
          4.125 1.3125 0.10000000000000001
          4.1875 1.3125 0.10000000000000001
          4.25 1.3125 0.10000000000000001
          4.3125 1.3125 0.10000000000000001
          4.375 1.3125 0.10000000000000001
          4.4375 1.3125 0.10000000000000001
          4.5 1.3125 0.10000000000000001
          4.5625 1.3125 0.10000000000000001
          4.625 1.3125 0.10000000000000001
          4.6875 1.3125 0.10000000000000001
          4.75 1.3125 0.10000000000000001
          4.8125 1.3125 0.10000000000000001
          4.875 1.3125 0.10000000000000001
          4.9375 1.3125 0.10000000000000001
          5 1.3125 0.10000000000000001
          5.0625 1.3125 0.10000000000000001
          5.125 1.3125 0.10000000000000001
          5.1875 1.3125 0.10000000000000001
          5.25 1.3125 0.10000000000000001
          5.3125 1.3125 0.10000000000000001
          5.375 1.3125 0.10000000000000001
          5.4375 1.3125 0.10000000000000001
          5.5 1.3125 0.10000000000000001
          5.5625 1.3125 0.10000000000000001
          5.625 1.3125 0.10000000000000001
          5.6875 1.3125 0.10000000000000001
          5.75 1.3125 0.10000000000000001
          5.8125 1.3125 0.10000000000000001
          5.875 1.3125 0.10000000000000001
          5.9375 1.3125 0.10000000000000001
          6 1.3125 0.10000000000000001
          6.0625 1.3125 0.10000000000000001
          6.125 1.3125 0.10000000000000001
          6.1875 1.3125 0.10000000000000001
          6.25 1.3125 0.10000000000000001
          6.3125 1.3125 0.10000000000000001
          6.375 1.3125 0.10000000000000001
          6.4375 1.3125 0.10000000000000001
          6.5 1.3125 0.10000000000000001
          6.5625 1.3125 0.10000000000000001
          6.625 1.3125 0.10000000000000001
          6.6875 1.3125 0.10000000000000001
          6.75 1.3125 0.10000000000000001
          6.8125 1.3125 0.10000000000000001
          6.875 1.3125 0.10000000000000001
          6.9375 1.3125 0.10000000000000001
          7 1.3125 0.10000000000000001
          0 1.375 0.10000000000000001
          0.0625 1.375 0.10000000000000001
          0.125 1.375 0.10000000000000001
          0.1875 1.375 0.10000000000000001
          0.25 1.375 0.10000000000000001
          0.3125 1.375 0.10000000000000001
          0.375 1.375 0.10000000000000001
          0.4375 1.375 0.10000000000000001
          0.5 1.375 0.10000000000000001
          0.5625 1.375 0.10000000000000001
          0.625 1.375 0.10000000000000001
          0.6875 1.375 0.10000000000000001
          0.75 1.375 0.10000000000000001
          0.8125 1.375 0.10000000000000001
          0.875 1.375 0.10000000000000001
          0.9375 1.375 0.10000000000000001
          1 1.375 0.10000000000000001
          1.0625 1.375 0.10000000000000001
          1.125 1.375 0.10000000000000001
          1.1875 1.375 0.10000000000000001
          1.25 1.375 0.10000000000000001
          1.3125 1.375 0.10000000000000001
          1.375 1.375 0.10000000000000001
          1.4375 1.375 0.10000000000000001
          1.5 1.375 0.10000000000000001
          1.5625 1.375 0.10000000000000001
          1.625 1.375 0.10000000000000001
          1.6875 1.375 0.10000000000000001
          1.75 1.375 0.10000000000000001
          1.8125 1.375 0.10000000000000001
          1.875 1.375 0.10000000000000001
          1.9375 1.375 0.10000000000000001
          2 1.375 0.10000000000000001
          2.0625 1.375 0.10000000000000001
          2.125 1.375 0.10000000000000001
          2.1875 1.375 0.10000000000000001
          2.25 1.375 0.10000000000000001
          2.3125 1.375 0.10000000000000001
          2.375 1.375 0.10000000000000001
          2.4375 1.375 0.10000000000000001
          2.5 1.375 0.10000000000000001
          2.5625 1.375 0.10000000000000001
          2.625 1.375 0.10000000000000001
          2.6875 1.375 0.10000000000000001
          2.75 1.375 0.10000000000000001
          2.8125 1.375 0.10000000000000001
          2.875 1.375 0.10000000000000001
          2.9375 1.375 0.10000000000000001
          3 1.375 0.10000000000000001
          3.0625 1.375 0.10000000000000001
          3.125 1.375 0.10000000000000001
          3.1875 1.375 0.10000000000000001
          3.25 1.375 0.10000000000000001
          3.3125 1.375 0.10000000000000001
          3.375 1.375 0.10000000000000001
          3.4375 1.375 0.10000000000000001
          3.5 1.375 0.10000000000000001
          3.5625 1.375 0.10000000000000001
          3.625 1.375 0.10000000000000001
          3.6875 1.375 0.10000000000000001
          3.75 1.375 0.10000000000000001
          3.8125 1.375 0.10000000000000001
          3.875 1.375 0.10000000000000001
          3.9375 1.375 0.10000000000000001
          4 1.375 0.10000000000000001
          4.0625 1.375 0.10000000000000001
          4.125 1.375 0.10000000000000001
          4.1875 1.375 0.10000000000000001
          4.25 1.375 0.10000000000000001
          4.3125 1.375 0.10000000000000001
          4.375 1.375 0.10000000000000001
          4.4375 1.375 0.10000000000000001
          4.5 1.375 0.10000000000000001
          4.5625 1.375 0.10000000000000001
          4.625 1.375 0.10000000000000001
          4.6875 1.375 0.10000000000000001
          4.75 1.375 0.10000000000000001
          4.8125 1.375 0.10000000000000001
          4.875 1.375 0.10000000000000001
          4.9375 1.375 0.10000000000000001
          5 1.375 0.10000000000000001
          5.0625 1.375 0.10000000000000001
          5.125 1.375 0.10000000000000001
          5.1875 1.375 0.10000000000000001
          5.25 1.375 0.10000000000000001
          5.3125 1.375 0.10000000000000001
          5.375 1.375 0.10000000000000001
          5.4375 1.375 0.10000000000000001
          5.5 1.375 0.10000000000000001
          5.5625 1.375 0.10000000000000001
          5.625 1.375 0.10000000000000001
          5.6875 1.375 0.10000000000000001
          5.75 1.375 0.10000000000000001
          5.8125 1.375 0.10000000000000001
          5.875 1.375 0.10000000000000001
          5.9375 1.375 0.10000000000000001
          6 1.375 0.10000000000000001
          6.0625 1.375 0.10000000000000001
          6.125 1.375 0.10000000000000001
          6.1875 1.375 0.10000000000000001
          6.25 1.375 0.10000000000000001
          6.3125 1.375 0.10000000000000001
          6.375 1.375 0.10000000000000001
          6.4375 1.375 0.10000000000000001
          6.5 1.375 0.10000000000000001
          6.5625 1.375 0.10000000000000001
          6.625 1.375 0.10000000000000001
          6.6875 1.375 0.10000000000000001
          6.75 1.375 0.10000000000000001
          6.8125 1.375 0.10000000000000001
          6.875 1.375 0.10000000000000001
          6.9375 1.375 0.10000000000000001
          7 1.375 0.10000000000000001
          0 1.4375 0.10000000000000001
          0.0625 1.4375 0.10000000000000001
          0.125 1.4375 0.10000000000000001
          0.1875 1.4375 0.10000000000000001
          0.25 1.4375 0.10000000000000001
          0.3125 1.4375 0.10000000000000001
          0.375 1.4375 0.10000000000000001
          0.4375 1.4375 0.10000000000000001
          0.5 1.4375 0.10000000000000001
          0.5625 1.4375 0.10000000000000001
          0.625 1.4375 0.10000000000000001
          0.6875 1.4375 0.10000000000000001
          0.75 1.4375 0.10000000000000001
          0.8125 1.4375 0.10000000000000001
          0.875 1.4375 0.10000000000000001
          0.9375 1.4375 0.10000000000000001
          1 1.4375 0.10000000000000001
          1.0625 1.4375 0.10000000000000001
          1.125 1.4375 0.10000000000000001
          1.1875 1.4375 0.10000000000000001
          1.25 1.4375 0.10000000000000001
          1.3125 1.4375 0.10000000000000001
          1.375 1.4375 0.10000000000000001
          1.4375 1.4375 0.10000000000000001
          1.5 1.4375 0.10000000000000001
          1.5625 1.4375 0.10000000000000001
          1.625 1.4375 0.10000000000000001
          1.6875 1.4375 0.10000000000000001
          1.75 1.4375 0.10000000000000001
          1.8125 1.4375 0.10000000000000001
          1.875 1.4375 0.10000000000000001
          1.9375 1.4375 0.10000000000000001
          2 1.4375 0.10000000000000001
          2.0625 1.4375 0.10000000000000001
          2.125 1.4375 0.10000000000000001
          2.1875 1.4375 0.10000000000000001
          2.25 1.4375 0.10000000000000001
          2.3125 1.4375 0.10000000000000001
          2.375 1.4375 0.10000000000000001
          2.4375 1.4375 0.10000000000000001
          2.5 1.4375 0.10000000000000001
          2.5625 1.4375 0.10000000000000001
          2.625 1.4375 0.10000000000000001
          2.6875 1.4375 0.10000000000000001
          2.75 1.4375 0.10000000000000001
          2.8125 1.4375 0.10000000000000001
          2.875 1.4375 0.10000000000000001
          2.9375 1.4375 0.10000000000000001
          3 1.4375 0.10000000000000001
          3.0625 1.4375 0.10000000000000001
          3.125 1.4375 0.10000000000000001
          3.1875 1.4375 0.10000000000000001
          3.25 1.4375 0.10000000000000001
          3.3125 1.4375 0.10000000000000001
          3.375 1.4375 0.10000000000000001
          3.4375 1.4375 0.10000000000000001
          3.5 1.4375 0.10000000000000001
          3.5625 1.4375 0.10000000000000001
          3.625 1.4375 0.10000000000000001
          3.6875 1.4375 0.10000000000000001
          3.75 1.4375 0.10000000000000001
          3.8125 1.4375 0.10000000000000001
          3.875 1.4375 0.10000000000000001
          3.9375 1.4375 0.10000000000000001
          4 1.4375 0.10000000000000001
          4.0625 1.4375 0.10000000000000001
          4.125 1.4375 0.10000000000000001
          4.1875 1.4375 0.10000000000000001
          4.25 1.4375 0.10000000000000001
          4.3125 1.4375 0.10000000000000001
          4.375 1.4375 0.10000000000000001
          4.4375 1.4375 0.10000000000000001
          4.5 1.4375 0.10000000000000001
          4.5625 1.4375 0.10000000000000001
          4.625 1.4375 0.10000000000000001
          4.6875 1.4375 0.10000000000000001
          4.75 1.4375 0.10000000000000001
          4.8125 1.4375 0.10000000000000001
          4.875 1.4375 0.10000000000000001
          4.9375 1.4375 0.10000000000000001
          5 1.4375 0.10000000000000001
          5.0625 1.4375 0.10000000000000001
          5.125 1.4375 0.10000000000000001
          5.1875 1.4375 0.10000000000000001
          5.25 1.4375 0.10000000000000001
          5.3125 1.4375 0.10000000000000001
          5.375 1.4375 0.10000000000000001
          5.4375 1.4375 0.10000000000000001
          5.5 1.4375 0.10000000000000001
          5.5625 1.4375 0.10000000000000001
          5.625 1.4375 0.10000000000000001
          5.6875 1.4375 0.10000000000000001
          5.75 1.4375 0.10000000000000001
          5.8125 1.4375 0.10000000000000001
          5.875 1.4375 0.10000000000000001
          5.9375 1.4375 0.10000000000000001
          6 1.4375 0.10000000000000001
          6.0625 1.4375 0.10000000000000001
          6.125 1.4375 0.10000000000000001
          6.1875 1.4375 0.10000000000000001
          6.25 1.4375 0.10000000000000001
          6.3125 1.4375 0.10000000000000001
          6.375 1.4375 0.10000000000000001
          6.4375 1.4375 0.10000000000000001
          6.5 1.4375 0.10000000000000001
          6.5625 1.4375 0.10000000000000001
          6.625 1.4375 0.10000000000000001
          6.6875 1.4375 0.10000000000000001
          6.75 1.4375 0.10000000000000001
          6.8125 1.4375 0.10000000000000001
          6.875 1.4375 0.10000000000000001
          6.9375 1.4375 0.10000000000000001
          7 1.4375 0.10000000000000001
          0 1.5 0.10000000000000001
          0.0625 1.5 0.10000000000000001
          0.125 1.5 0.10000000000000001
          0.1875 1.5 0.10000000000000001
          0.25 1.5 0.10000000000000001
          0.3125 1.5 0.10000000000000001
          0.375 1.5 0.10000000000000001
          0.4375 1.5 0.10000000000000001
          0.5 1.5 0.10000000000000001
          0.5625 1.5 0.10000000000000001
          0.625 1.5 0.10000000000000001
          0.6875 1.5 0.10000000000000001
          0.75 1.5 0.10000000000000001
          0.8125 1.5 0.10000000000000001
          0.875 1.5 0.10000000000000001
          0.9375 1.5 0.10000000000000001
          1 1.5 0.10000000000000001
          1.0625 1.5 0.10000000000000001
          1.125 1.5 0.10000000000000001
          1.1875 1.5 0.10000000000000001
          1.25 1.5 0.10000000000000001
          1.3125 1.5 0.10000000000000001
          1.375 1.5 0.10000000000000001
          1.4375 1.5 0.10000000000000001
          1.5 1.5 0.10000000000000001
          1.5625 1.5 0.10000000000000001
          1.625 1.5 0.10000000000000001
          1.6875 1.5 0.10000000000000001
          1.75 1.5 0.10000000000000001
          1.8125 1.5 0.10000000000000001
          1.875 1.5 0.10000000000000001
          1.9375 1.5 0.10000000000000001
          2 1.5 0.10000000000000001
          2.0625 1.5 0.10000000000000001
          2.125 1.5 0.10000000000000001
          2.1875 1.5 0.10000000000000001
          2.25 1.5 0.10000000000000001
          2.3125 1.5 0.10000000000000001
          2.375 1.5 0.10000000000000001
          2.4375 1.5 0.10000000000000001
          2.5 1.5 0.10000000000000001
          2.5625 1.5 0.10000000000000001
          2.625 1.5 0.10000000000000001
          2.6875 1.5 0.10000000000000001
          2.75 1.5 0.10000000000000001
          2.8125 1.5 0.10000000000000001
          2.875 1.5 0.10000000000000001
          2.9375 1.5 0.10000000000000001
          3 1.5 0.10000000000000001
          3.0625 1.5 0.10000000000000001
          3.125 1.5 0.10000000000000001
          3.1875 1.5 0.10000000000000001
          3.25 1.5 0.10000000000000001
          3.3125 1.5 0.10000000000000001
          3.375 1.5 0.10000000000000001
          3.4375 1.5 0.10000000000000001
          3.5 1.5 0.10000000000000001
          3.5625 1.5 0.10000000000000001
          3.625 1.5 0.10000000000000001
          3.6875 1.5 0.10000000000000001
          3.75 1.5 0.10000000000000001
          3.8125 1.5 0.10000000000000001
          3.875 1.5 0.10000000000000001
          3.9375 1.5 0.10000000000000001
          4 1.5 0.10000000000000001
          4.0625 1.5 0.10000000000000001
          4.125 1.5 0.10000000000000001
          4.1875 1.5 0.10000000000000001
          4.25 1.5 0.10000000000000001
          4.3125 1.5 0.10000000000000001
          4.375 1.5 0.10000000000000001
          4.4375 1.5 0.10000000000000001
          4.5 1.5 0.10000000000000001
          4.5625 1.5 0.10000000000000001
          4.625 1.5 0.10000000000000001
          4.6875 1.5 0.10000000000000001
          4.75 1.5 0.10000000000000001
          4.8125 1.5 0.10000000000000001
          4.875 1.5 0.10000000000000001
          4.9375 1.5 0.10000000000000001
          5 1.5 0.10000000000000001
          5.0625 1.5 0.10000000000000001
          5.125 1.5 0.10000000000000001
          5.1875 1.5 0.10000000000000001
          5.25 1.5 0.10000000000000001
          5.3125 1.5 0.10000000000000001
          5.375 1.5 0.10000000000000001
          5.4375 1.5 0.10000000000000001
          5.5 1.5 0.10000000000000001
          5.5625 1.5 0.10000000000000001
          5.625 1.5 0.10000000000000001
          5.6875 1.5 0.10000000000000001
          5.75 1.5 0.10000000000000001
          5.8125 1.5 0.10000000000000001
          5.875 1.5 0.10000000000000001
          5.9375 1.5 0.10000000000000001
          6 1.5 0.10000000000000001
          6.0625 1.5 0.10000000000000001
          6.125 1.5 0.10000000000000001
          6.1875 1.5 0.10000000000000001
          6.25 1.5 0.10000000000000001
          6.3125 1.5 0.10000000000000001
          6.375 1.5 0.10000000000000001
          6.4375 1.5 0.10000000000000001
          6.5 1.5 0.10000000000000001
          6.5625 1.5 0.10000000000000001
          6.625 1.5 0.10000000000000001
          6.6875 1.5 0.10000000000000001
          6.75 1.5 0.10000000000000001
          6.8125 1.5 0.10000000000000001
          6.875 1.5 0.10000000000000001
          6.9375 1.5 0.10000000000000001
          7 1.5 0.10000000000000001
          0 1.5625 0.10000000000000001
          0.0625 1.5625 0.10000000000000001
          0.125 1.5625 0.10000000000000001
          0.1875 1.5625 0.10000000000000001
          0.25 1.5625 0.10000000000000001
          0.3125 1.5625 0.10000000000000001
          0.375 1.5625 0.10000000000000001
          0.4375 1.5625 0.10000000000000001
          0.5 1.5625 0.10000000000000001
          0.5625 1.5625 0.10000000000000001
          0.625 1.5625 0.10000000000000001
          0.6875 1.5625 0.10000000000000001
          0.75 1.5625 0.10000000000000001
          0.8125 1.5625 0.10000000000000001
          0.875 1.5625 0.10000000000000001
          0.9375 1.5625 0.10000000000000001
          1 1.5625 0.10000000000000001
          1.0625 1.5625 0.10000000000000001
          1.125 1.5625 0.10000000000000001
          1.1875 1.5625 0.10000000000000001
          1.25 1.5625 0.10000000000000001
          1.3125 1.5625 0.10000000000000001
          1.375 1.5625 0.10000000000000001
          1.4375 1.5625 0.10000000000000001
          1.5 1.5625 0.10000000000000001
          1.5625 1.5625 0.10000000000000001
          1.625 1.5625 0.10000000000000001
          1.6875 1.5625 0.10000000000000001
          1.75 1.5625 0.10000000000000001
          1.8125 1.5625 0.10000000000000001
          1.875 1.5625 0.10000000000000001
          1.9375 1.5625 0.10000000000000001
          2 1.5625 0.10000000000000001
          2.0625 1.5625 0.10000000000000001
          2.125 1.5625 0.10000000000000001
          2.1875 1.5625 0.10000000000000001
          2.25 1.5625 0.10000000000000001
          2.3125 1.5625 0.10000000000000001
          2.375 1.5625 0.10000000000000001
          2.4375 1.5625 0.10000000000000001
          2.5 1.5625 0.10000000000000001
          2.5625 1.5625 0.10000000000000001
          2.625 1.5625 0.10000000000000001
          2.6875 1.5625 0.10000000000000001
          2.75 1.5625 0.10000000000000001
          2.8125 1.5625 0.10000000000000001
          2.875 1.5625 0.10000000000000001
          2.9375 1.5625 0.10000000000000001
          3 1.5625 0.10000000000000001
          3.0625 1.5625 0.10000000000000001
          3.125 1.5625 0.10000000000000001
          3.1875 1.5625 0.10000000000000001
          3.25 1.5625 0.10000000000000001
          3.3125 1.5625 0.10000000000000001
          3.375 1.5625 0.10000000000000001
          3.4375 1.5625 0.10000000000000001
          3.5 1.5625 0.10000000000000001
          3.5625 1.5625 0.10000000000000001
          3.625 1.5625 0.10000000000000001
          3.6875 1.5625 0.10000000000000001
          3.75 1.5625 0.10000000000000001
          3.8125 1.5625 0.10000000000000001
          3.875 1.5625 0.10000000000000001
          3.9375 1.5625 0.10000000000000001
          4 1.5625 0.10000000000000001
          4.0625 1.5625 0.10000000000000001
          4.125 1.5625 0.10000000000000001
          4.1875 1.5625 0.10000000000000001
          4.25 1.5625 0.10000000000000001
          4.3125 1.5625 0.10000000000000001
          4.375 1.5625 0.10000000000000001
          4.4375 1.5625 0.10000000000000001
          4.5 1.5625 0.10000000000000001
          4.5625 1.5625 0.10000000000000001
          4.625 1.5625 0.10000000000000001
          4.6875 1.5625 0.10000000000000001
          4.75 1.5625 0.10000000000000001
          4.8125 1.5625 0.10000000000000001
          4.875 1.5625 0.10000000000000001
          4.9375 1.5625 0.10000000000000001
          5 1.5625 0.10000000000000001
          5.0625 1.5625 0.10000000000000001
          5.125 1.5625 0.10000000000000001
          5.1875 1.5625 0.10000000000000001
          5.25 1.5625 0.10000000000000001
          5.3125 1.5625 0.10000000000000001
          5.375 1.5625 0.10000000000000001
          5.4375 1.5625 0.10000000000000001
          5.5 1.5625 0.10000000000000001
          5.5625 1.5625 0.10000000000000001
          5.625 1.5625 0.10000000000000001
          5.6875 1.5625 0.10000000000000001
          5.75 1.5625 0.10000000000000001
          5.8125 1.5625 0.10000000000000001
          5.875 1.5625 0.10000000000000001
          5.9375 1.5625 0.10000000000000001
          6 1.5625 0.10000000000000001
          6.0625 1.5625 0.10000000000000001
          6.125 1.5625 0.10000000000000001
          6.1875 1.5625 0.10000000000000001
          6.25 1.5625 0.10000000000000001
          6.3125 1.5625 0.10000000000000001
          6.375 1.5625 0.10000000000000001
          6.4375 1.5625 0.10000000000000001
          6.5 1.5625 0.10000000000000001
          6.5625 1.5625 0.10000000000000001
          6.625 1.5625 0.10000000000000001
          6.6875 1.5625 0.10000000000000001
          6.75 1.5625 0.10000000000000001
          6.8125 1.5625 0.10000000000000001
          6.875 1.5625 0.10000000000000001
          6.9375 1.5625 0.10000000000000001
          7 1.5625 0.10000000000000001
          0 1.625 0.10000000000000001
          0.0625 1.625 0.10000000000000001
          0.125 1.625 0.10000000000000001
          0.1875 1.625 0.10000000000000001
          0.25 1.625 0.10000000000000001
          0.3125 1.625 0.10000000000000001
          0.375 1.625 0.10000000000000001
          0.4375 1.625 0.10000000000000001
          0.5 1.625 0.10000000000000001
          0.5625 1.625 0.10000000000000001
          0.625 1.625 0.10000000000000001
          0.6875 1.625 0.10000000000000001
          0.75 1.625 0.10000000000000001
          0.8125 1.625 0.10000000000000001
          0.875 1.625 0.10000000000000001
          0.9375 1.625 0.10000000000000001
          1 1.625 0.10000000000000001
          1.0625 1.625 0.10000000000000001
          1.125 1.625 0.10000000000000001
          1.1875 1.625 0.10000000000000001
          1.25 1.625 0.10000000000000001
          1.3125 1.625 0.10000000000000001
          1.375 1.625 0.10000000000000001
          1.4375 1.625 0.10000000000000001
          1.5 1.625 0.10000000000000001
          1.5625 1.625 0.10000000000000001
          1.625 1.625 0.10000000000000001
          1.6875 1.625 0.10000000000000001
          1.75 1.625 0.10000000000000001
          1.8125 1.625 0.10000000000000001
          1.875 1.625 0.10000000000000001
          1.9375 1.625 0.10000000000000001
          2 1.625 0.10000000000000001
          2.0625 1.625 0.10000000000000001
          2.125 1.625 0.10000000000000001
          2.1875 1.625 0.10000000000000001
          2.25 1.625 0.10000000000000001
          2.3125 1.625 0.10000000000000001
          2.375 1.625 0.10000000000000001
          2.4375 1.625 0.10000000000000001
          2.5 1.625 0.10000000000000001
          2.5625 1.625 0.10000000000000001
          2.625 1.625 0.10000000000000001
          2.6875 1.625 0.10000000000000001
          2.75 1.625 0.10000000000000001
          2.8125 1.625 0.10000000000000001
          2.875 1.625 0.10000000000000001
          2.9375 1.625 0.10000000000000001
          3 1.625 0.10000000000000001
          3.0625 1.625 0.10000000000000001
          3.125 1.625 0.10000000000000001
          3.1875 1.625 0.10000000000000001
          3.25 1.625 0.10000000000000001
          3.3125 1.625 0.10000000000000001
          3.375 1.625 0.10000000000000001
          3.4375 1.625 0.10000000000000001
          3.5 1.625 0.10000000000000001
          3.5625 1.625 0.10000000000000001
          3.625 1.625 0.10000000000000001
          3.6875 1.625 0.10000000000000001
          3.75 1.625 0.10000000000000001
          3.8125 1.625 0.10000000000000001
          3.875 1.625 0.10000000000000001
          3.9375 1.625 0.10000000000000001
          4 1.625 0.10000000000000001
          4.0625 1.625 0.10000000000000001
          4.125 1.625 0.10000000000000001
          4.1875 1.625 0.10000000000000001
          4.25 1.625 0.10000000000000001
          4.3125 1.625 0.10000000000000001
          4.375 1.625 0.10000000000000001
          4.4375 1.625 0.10000000000000001
          4.5 1.625 0.10000000000000001
          4.5625 1.625 0.10000000000000001
          4.625 1.625 0.10000000000000001
          4.6875 1.625 0.10000000000000001
          4.75 1.625 0.10000000000000001
          4.8125 1.625 0.10000000000000001
          4.875 1.625 0.10000000000000001
          4.9375 1.625 0.10000000000000001
          5 1.625 0.10000000000000001
          5.0625 1.625 0.10000000000000001
          5.125 1.625 0.10000000000000001
          5.1875 1.625 0.10000000000000001
          5.25 1.625 0.10000000000000001
          5.3125 1.625 0.10000000000000001
          5.375 1.625 0.10000000000000001
          5.4375 1.625 0.10000000000000001
          5.5 1.625 0.10000000000000001
          5.5625 1.625 0.10000000000000001
          5.625 1.625 0.10000000000000001
          5.6875 1.625 0.10000000000000001
          5.75 1.625 0.10000000000000001
          5.8125 1.625 0.10000000000000001
          5.875 1.625 0.10000000000000001
          5.9375 1.625 0.10000000000000001
          6 1.625 0.10000000000000001
          6.0625 1.625 0.10000000000000001
          6.125 1.625 0.10000000000000001
          6.1875 1.625 0.10000000000000001
          6.25 1.625 0.10000000000000001
          6.3125 1.625 0.10000000000000001
          6.375 1.625 0.10000000000000001
          6.4375 1.625 0.10000000000000001
          6.5 1.625 0.10000000000000001
          6.5625 1.625 0.10000000000000001
          6.625 1.625 0.10000000000000001
          6.6875 1.625 0.10000000000000001
          6.75 1.625 0.10000000000000001
          6.8125 1.625 0.10000000000000001
          6.875 1.625 0.10000000000000001
          6.9375 1.625 0.10000000000000001
          7 1.625 0.10000000000000001
          0 1.6875 0.10000000000000001
          0.0625 1.6875 0.10000000000000001
          0.125 1.6875 0.10000000000000001
          0.1875 1.6875 0.10000000000000001
          0.25 1.6875 0.10000000000000001
          0.3125 1.6875 0.10000000000000001
          0.375 1.6875 0.10000000000000001
          0.4375 1.6875 0.10000000000000001
          0.5 1.6875 0.10000000000000001
          0.5625 1.6875 0.10000000000000001
          0.625 1.6875 0.10000000000000001
          0.6875 1.6875 0.10000000000000001
          0.75 1.6875 0.10000000000000001
          0.8125 1.6875 0.10000000000000001
          0.875 1.6875 0.10000000000000001
          0.9375 1.6875 0.10000000000000001
          1 1.6875 0.10000000000000001
          1.0625 1.6875 0.10000000000000001
          1.125 1.6875 0.10000000000000001
          1.1875 1.6875 0.10000000000000001
          1.25 1.6875 0.10000000000000001
          1.3125 1.6875 0.10000000000000001
          1.375 1.6875 0.10000000000000001
          1.4375 1.6875 0.10000000000000001
          1.5 1.6875 0.10000000000000001
          1.5625 1.6875 0.10000000000000001
          1.625 1.6875 0.10000000000000001
          1.6875 1.6875 0.10000000000000001
          1.75 1.6875 0.10000000000000001
          1.8125 1.6875 0.10000000000000001
          1.875 1.6875 0.10000000000000001
          1.9375 1.6875 0.10000000000000001
          2 1.6875 0.10000000000000001
          2.0625 1.6875 0.10000000000000001
          2.125 1.6875 0.10000000000000001
          2.1875 1.6875 0.10000000000000001
          2.25 1.6875 0.10000000000000001
          2.3125 1.6875 0.10000000000000001
          2.375 1.6875 0.10000000000000001
          2.4375 1.6875 0.10000000000000001
          2.5 1.6875 0.10000000000000001
          2.5625 1.6875 0.10000000000000001
          2.625 1.6875 0.10000000000000001
          2.6875 1.6875 0.10000000000000001
          2.75 1.6875 0.10000000000000001
          2.8125 1.6875 0.10000000000000001
          2.875 1.6875 0.10000000000000001
          2.9375 1.6875 0.10000000000000001
          3 1.6875 0.10000000000000001
          3.0625 1.6875 0.10000000000000001
          3.125 1.6875 0.10000000000000001
          3.1875 1.6875 0.10000000000000001
          3.25 1.6875 0.10000000000000001
          3.3125 1.6875 0.10000000000000001
          3.375 1.6875 0.10000000000000001
          3.4375 1.6875 0.10000000000000001
          3.5 1.6875 0.10000000000000001
          3.5625 1.6875 0.10000000000000001
          3.625 1.6875 0.10000000000000001
          3.6875 1.6875 0.10000000000000001
          3.75 1.6875 0.10000000000000001
          3.8125 1.6875 0.10000000000000001
          3.875 1.6875 0.10000000000000001
          3.9375 1.6875 0.10000000000000001
          4 1.6875 0.10000000000000001
          4.0625 1.6875 0.10000000000000001
          4.125 1.6875 0.10000000000000001
          4.1875 1.6875 0.10000000000000001
          4.25 1.6875 0.10000000000000001
          4.3125 1.6875 0.10000000000000001
          4.375 1.6875 0.10000000000000001
          4.4375 1.6875 0.10000000000000001
          4.5 1.6875 0.10000000000000001
          4.5625 1.6875 0.10000000000000001
          4.625 1.6875 0.10000000000000001
          4.6875 1.6875 0.10000000000000001
          4.75 1.6875 0.10000000000000001
          4.8125 1.6875 0.10000000000000001
          4.875 1.6875 0.10000000000000001
          4.9375 1.6875 0.10000000000000001
          5 1.6875 0.10000000000000001
          5.0625 1.6875 0.10000000000000001
          5.125 1.6875 0.10000000000000001
          5.1875 1.6875 0.10000000000000001
          5.25 1.6875 0.10000000000000001
          5.3125 1.6875 0.10000000000000001
          5.375 1.6875 0.10000000000000001
          5.4375 1.6875 0.10000000000000001
          5.5 1.6875 0.10000000000000001
          5.5625 1.6875 0.10000000000000001
          5.625 1.6875 0.10000000000000001
          5.6875 1.6875 0.10000000000000001
          5.75 1.6875 0.10000000000000001
          5.8125 1.6875 0.10000000000000001
          5.875 1.6875 0.10000000000000001
          5.9375 1.6875 0.10000000000000001
          6 1.6875 0.10000000000000001
          6.0625 1.6875 0.10000000000000001
          6.125 1.6875 0.10000000000000001
          6.1875 1.6875 0.10000000000000001
          6.25 1.6875 0.10000000000000001
          6.3125 1.6875 0.10000000000000001
          6.375 1.6875 0.10000000000000001
          6.4375 1.6875 0.10000000000000001
          6.5 1.6875 0.10000000000000001
          6.5625 1.6875 0.10000000000000001
          6.625 1.6875 0.10000000000000001
          6.6875 1.6875 0.10000000000000001
          6.75 1.6875 0.10000000000000001
          6.8125 1.6875 0.10000000000000001
          6.875 1.6875 0.10000000000000001
          6.9375 1.6875 0.10000000000000001
          7 1.6875 0.10000000000000001
          0 1.75 0.10000000000000001
          0.0625 1.75 0.10000000000000001
          0.125 1.75 0.10000000000000001
          0.1875 1.75 0.10000000000000001
          0.25 1.75 0.10000000000000001
          0.3125 1.75 0.10000000000000001
          0.375 1.75 0.10000000000000001
          0.4375 1.75 0.10000000000000001
          0.5 1.75 0.10000000000000001
          0.5625 1.75 0.10000000000000001
          0.625 1.75 0.10000000000000001
          0.6875 1.75 0.10000000000000001
          0.75 1.75 0.10000000000000001
          0.8125 1.75 0.10000000000000001
          0.875 1.75 0.10000000000000001
          0.9375 1.75 0.10000000000000001
          1 1.75 0.10000000000000001
          1.0625 1.75 0.10000000000000001
          1.125 1.75 0.10000000000000001
          1.1875 1.75 0.10000000000000001
          1.25 1.75 0.10000000000000001
          1.3125 1.75 0.10000000000000001
          1.375 1.75 0.10000000000000001
          1.4375 1.75 0.10000000000000001
          1.5 1.75 0.10000000000000001
          1.5625 1.75 0.10000000000000001
          1.625 1.75 0.10000000000000001
          1.6875 1.75 0.10000000000000001
          1.75 1.75 0.10000000000000001
          1.8125 1.75 0.10000000000000001
          1.875 1.75 0.10000000000000001
          1.9375 1.75 0.10000000000000001
          2 1.75 0.10000000000000001
          2.0625 1.75 0.10000000000000001
          2.125 1.75 0.10000000000000001
          2.1875 1.75 0.10000000000000001
          2.25 1.75 0.10000000000000001
          2.3125 1.75 0.10000000000000001
          2.375 1.75 0.10000000000000001
          2.4375 1.75 0.10000000000000001
          2.5 1.75 0.10000000000000001
          2.5625 1.75 0.10000000000000001
          2.625 1.75 0.10000000000000001
          2.6875 1.75 0.10000000000000001
          2.75 1.75 0.10000000000000001
          2.8125 1.75 0.10000000000000001
          2.875 1.75 0.10000000000000001
          2.9375 1.75 0.10000000000000001
          3 1.75 0.10000000000000001
          3.0625 1.75 0.10000000000000001
          3.125 1.75 0.10000000000000001
          3.1875 1.75 0.10000000000000001
          3.25 1.75 0.10000000000000001
          3.3125 1.75 0.10000000000000001
          3.375 1.75 0.10000000000000001
          3.4375 1.75 0.10000000000000001
          3.5 1.75 0.10000000000000001
          3.5625 1.75 0.10000000000000001
          3.625 1.75 0.10000000000000001
          3.6875 1.75 0.10000000000000001
          3.75 1.75 0.10000000000000001
          3.8125 1.75 0.10000000000000001
          3.875 1.75 0.10000000000000001
          3.9375 1.75 0.10000000000000001
          4 1.75 0.10000000000000001
          4.0625 1.75 0.10000000000000001
          4.125 1.75 0.10000000000000001
          4.1875 1.75 0.10000000000000001
          4.25 1.75 0.10000000000000001
          4.3125 1.75 0.10000000000000001
          4.375 1.75 0.10000000000000001
          4.4375 1.75 0.10000000000000001
          4.5 1.75 0.10000000000000001
          4.5625 1.75 0.10000000000000001
          4.625 1.75 0.10000000000000001
          4.6875 1.75 0.10000000000000001
          4.75 1.75 0.10000000000000001
          4.8125 1.75 0.10000000000000001
          4.875 1.75 0.10000000000000001
          4.9375 1.75 0.10000000000000001
          5 1.75 0.10000000000000001
          5.0625 1.75 0.10000000000000001
          5.125 1.75 0.10000000000000001
          5.1875 1.75 0.10000000000000001
          5.25 1.75 0.10000000000000001
          5.3125 1.75 0.10000000000000001
          5.375 1.75 0.10000000000000001
          5.4375 1.75 0.10000000000000001
          5.5 1.75 0.10000000000000001
          5.5625 1.75 0.10000000000000001
          5.625 1.75 0.10000000000000001
          5.6875 1.75 0.10000000000000001
          5.75 1.75 0.10000000000000001
          5.8125 1.75 0.10000000000000001
          5.875 1.75 0.10000000000000001
          5.9375 1.75 0.10000000000000001
          6 1.75 0.10000000000000001
          6.0625 1.75 0.10000000000000001
          6.125 1.75 0.10000000000000001
          6.1875 1.75 0.10000000000000001
          6.25 1.75 0.10000000000000001
          6.3125 1.75 0.10000000000000001
          6.375 1.75 0.10000000000000001
          6.4375 1.75 0.10000000000000001
          6.5 1.75 0.10000000000000001
          6.5625 1.75 0.10000000000000001
          6.625 1.75 0.10000000000000001
          6.6875 1.75 0.10000000000000001
          6.75 1.75 0.10000000000000001
          6.8125 1.75 0.10000000000000001
          6.875 1.75 0.10000000000000001
          6.9375 1.75 0.10000000000000001
          7 1.75 0.10000000000000001
          0 1.8125 0.10000000000000001
          0.0625 1.8125 0.10000000000000001
          0.125 1.8125 0.10000000000000001
          0.1875 1.8125 0.10000000000000001
          0.25 1.8125 0.10000000000000001
          0.3125 1.8125 0.10000000000000001
          0.375 1.8125 0.10000000000000001
          0.4375 1.8125 0.10000000000000001
          0.5 1.8125 0.10000000000000001
          0.5625 1.8125 0.10000000000000001
          0.625 1.8125 0.10000000000000001
          0.6875 1.8125 0.10000000000000001
          0.75 1.8125 0.10000000000000001
          0.8125 1.8125 0.10000000000000001
          0.875 1.8125 0.10000000000000001
          0.9375 1.8125 0.10000000000000001
          1 1.8125 0.10000000000000001
          1.0625 1.8125 0.10000000000000001
          1.125 1.8125 0.10000000000000001
          1.1875 1.8125 0.10000000000000001
          1.25 1.8125 0.10000000000000001
          1.3125 1.8125 0.10000000000000001
          1.375 1.8125 0.10000000000000001
          1.4375 1.8125 0.10000000000000001
          1.5 1.8125 0.10000000000000001
          1.5625 1.8125 0.10000000000000001
          1.625 1.8125 0.10000000000000001
          1.6875 1.8125 0.10000000000000001
          1.75 1.8125 0.10000000000000001
          1.8125 1.8125 0.10000000000000001
          1.875 1.8125 0.10000000000000001
          1.9375 1.8125 0.10000000000000001
          2 1.8125 0.10000000000000001
          2.0625 1.8125 0.10000000000000001
          2.125 1.8125 0.10000000000000001
          2.1875 1.8125 0.10000000000000001
          2.25 1.8125 0.10000000000000001
          2.3125 1.8125 0.10000000000000001
          2.375 1.8125 0.10000000000000001
          2.4375 1.8125 0.10000000000000001
          2.5 1.8125 0.10000000000000001
          2.5625 1.8125 0.10000000000000001
          2.625 1.8125 0.10000000000000001
          2.6875 1.8125 0.10000000000000001
          2.75 1.8125 0.10000000000000001
          2.8125 1.8125 0.10000000000000001
          2.875 1.8125 0.10000000000000001
          2.9375 1.8125 0.10000000000000001
          3 1.8125 0.10000000000000001
          3.0625 1.8125 0.10000000000000001
          3.125 1.8125 0.10000000000000001
          3.1875 1.8125 0.10000000000000001
          3.25 1.8125 0.10000000000000001
          3.3125 1.8125 0.10000000000000001
          3.375 1.8125 0.10000000000000001
          3.4375 1.8125 0.10000000000000001
          3.5 1.8125 0.10000000000000001
          3.5625 1.8125 0.10000000000000001
          3.625 1.8125 0.10000000000000001
          3.6875 1.8125 0.10000000000000001
          3.75 1.8125 0.10000000000000001
          3.8125 1.8125 0.10000000000000001
          3.875 1.8125 0.10000000000000001
          3.9375 1.8125 0.10000000000000001
          4 1.8125 0.10000000000000001
          4.0625 1.8125 0.10000000000000001
          4.125 1.8125 0.10000000000000001
          4.1875 1.8125 0.10000000000000001
          4.25 1.8125 0.10000000000000001
          4.3125 1.8125 0.10000000000000001
          4.375 1.8125 0.10000000000000001
          4.4375 1.8125 0.10000000000000001
          4.5 1.8125 0.10000000000000001
          4.5625 1.8125 0.10000000000000001
          4.625 1.8125 0.10000000000000001
          4.6875 1.8125 0.10000000000000001
          4.75 1.8125 0.10000000000000001
          4.8125 1.8125 0.10000000000000001
          4.875 1.8125 0.10000000000000001
          4.9375 1.8125 0.10000000000000001
          5 1.8125 0.10000000000000001
          5.0625 1.8125 0.10000000000000001
          5.125 1.8125 0.10000000000000001
          5.1875 1.8125 0.10000000000000001
          5.25 1.8125 0.10000000000000001
          5.3125 1.8125 0.10000000000000001
          5.375 1.8125 0.10000000000000001
          5.4375 1.8125 0.10000000000000001
          5.5 1.8125 0.10000000000000001
          5.5625 1.8125 0.10000000000000001
          5.625 1.8125 0.10000000000000001
          5.6875 1.8125 0.10000000000000001
          5.75 1.8125 0.10000000000000001
          5.8125 1.8125 0.10000000000000001
          5.875 1.8125 0.10000000000000001
          5.9375 1.8125 0.10000000000000001
          6 1.8125 0.10000000000000001
          6.0625 1.8125 0.10000000000000001
          6.125 1.8125 0.10000000000000001
          6.1875 1.8125 0.10000000000000001
          6.25 1.8125 0.10000000000000001
          6.3125 1.8125 0.10000000000000001
          6.375 1.8125 0.10000000000000001
          6.4375 1.8125 0.10000000000000001
          6.5 1.8125 0.10000000000000001
          6.5625 1.8125 0.10000000000000001
          6.625 1.8125 0.10000000000000001
          6.6875 1.8125 0.10000000000000001
          6.75 1.8125 0.10000000000000001
          6.8125 1.8125 0.10000000000000001
          6.875 1.8125 0.10000000000000001
          6.9375 1.8125 0.10000000000000001
          7 1.8125 0.10000000000000001
          0 1.875 0.10000000000000001
          0.0625 1.875 0.10000000000000001
          0.125 1.875 0.10000000000000001
          0.1875 1.875 0.10000000000000001
          0.25 1.875 0.10000000000000001
          0.3125 1.875 0.10000000000000001
          0.375 1.875 0.10000000000000001
          0.4375 1.875 0.10000000000000001
          0.5 1.875 0.10000000000000001
          0.5625 1.875 0.10000000000000001
          0.625 1.875 0.10000000000000001
          0.6875 1.875 0.10000000000000001
          0.75 1.875 0.10000000000000001
          0.8125 1.875 0.10000000000000001
          0.875 1.875 0.10000000000000001
          0.9375 1.875 0.10000000000000001
          1 1.875 0.10000000000000001
          1.0625 1.875 0.10000000000000001
          1.125 1.875 0.10000000000000001
          1.1875 1.875 0.10000000000000001
          1.25 1.875 0.10000000000000001
          1.3125 1.875 0.10000000000000001
          1.375 1.875 0.10000000000000001
          1.4375 1.875 0.10000000000000001
          1.5 1.875 0.10000000000000001
          1.5625 1.875 0.10000000000000001
          1.625 1.875 0.10000000000000001
          1.6875 1.875 0.10000000000000001
          1.75 1.875 0.10000000000000001
          1.8125 1.875 0.10000000000000001
          1.875 1.875 0.10000000000000001
          1.9375 1.875 0.10000000000000001
          2 1.875 0.10000000000000001
          2.0625 1.875 0.10000000000000001
          2.125 1.875 0.10000000000000001
          2.1875 1.875 0.10000000000000001
          2.25 1.875 0.10000000000000001
          2.3125 1.875 0.10000000000000001
          2.375 1.875 0.10000000000000001
          2.4375 1.875 0.10000000000000001
          2.5 1.875 0.10000000000000001
          2.5625 1.875 0.10000000000000001
          2.625 1.875 0.10000000000000001
          2.6875 1.875 0.10000000000000001
          2.75 1.875 0.10000000000000001
          2.8125 1.875 0.10000000000000001
          2.875 1.875 0.10000000000000001
          2.9375 1.875 0.10000000000000001
          3 1.875 0.10000000000000001
          3.0625 1.875 0.10000000000000001
          3.125 1.875 0.10000000000000001
          3.1875 1.875 0.10000000000000001
          3.25 1.875 0.10000000000000001
          3.3125 1.875 0.10000000000000001
          3.375 1.875 0.10000000000000001
          3.4375 1.875 0.10000000000000001
          3.5 1.875 0.10000000000000001
          3.5625 1.875 0.10000000000000001
          3.625 1.875 0.10000000000000001
          3.6875 1.875 0.10000000000000001
          3.75 1.875 0.10000000000000001
          3.8125 1.875 0.10000000000000001
          3.875 1.875 0.10000000000000001
          3.9375 1.875 0.10000000000000001
          4 1.875 0.10000000000000001
          4.0625 1.875 0.10000000000000001
          4.125 1.875 0.10000000000000001
          4.1875 1.875 0.10000000000000001
          4.25 1.875 0.10000000000000001
          4.3125 1.875 0.10000000000000001
          4.375 1.875 0.10000000000000001
          4.4375 1.875 0.10000000000000001
          4.5 1.875 0.10000000000000001
          4.5625 1.875 0.10000000000000001
          4.625 1.875 0.10000000000000001
          4.6875 1.875 0.10000000000000001
          4.75 1.875 0.10000000000000001
          4.8125 1.875 0.10000000000000001
          4.875 1.875 0.10000000000000001
          4.9375 1.875 0.10000000000000001
          5 1.875 0.10000000000000001
          5.0625 1.875 0.10000000000000001
          5.125 1.875 0.10000000000000001
          5.1875 1.875 0.10000000000000001
          5.25 1.875 0.10000000000000001
          5.3125 1.875 0.10000000000000001
          5.375 1.875 0.10000000000000001
          5.4375 1.875 0.10000000000000001
          5.5 1.875 0.10000000000000001
          5.5625 1.875 0.10000000000000001
          5.625 1.875 0.10000000000000001
          5.6875 1.875 0.10000000000000001
          5.75 1.875 0.10000000000000001
          5.8125 1.875 0.10000000000000001
          5.875 1.875 0.10000000000000001
          5.9375 1.875 0.10000000000000001
          6 1.875 0.10000000000000001
          6.0625 1.875 0.10000000000000001
          6.125 1.875 0.10000000000000001
          6.1875 1.875 0.10000000000000001
          6.25 1.875 0.10000000000000001
          6.3125 1.875 0.10000000000000001
          6.375 1.875 0.10000000000000001
          6.4375 1.875 0.10000000000000001
          6.5 1.875 0.10000000000000001
          6.5625 1.875 0.10000000000000001
          6.625 1.875 0.10000000000000001
          6.6875 1.875 0.10000000000000001
          6.75 1.875 0.10000000000000001
          6.8125 1.875 0.10000000000000001
          6.875 1.875 0.10000000000000001
          6.9375 1.875 0.10000000000000001
          7 1.875 0.10000000000000001
          0 1.9375 0.10000000000000001
          0.0625 1.9375 0.10000000000000001
          0.125 1.9375 0.10000000000000001
          0.1875 1.9375 0.10000000000000001
          0.25 1.9375 0.10000000000000001
          0.3125 1.9375 0.10000000000000001
          0.375 1.9375 0.10000000000000001
          0.4375 1.9375 0.10000000000000001
          0.5 1.9375 0.10000000000000001
          0.5625 1.9375 0.10000000000000001
          0.625 1.9375 0.10000000000000001
          0.6875 1.9375 0.10000000000000001
          0.75 1.9375 0.10000000000000001
          0.8125 1.9375 0.10000000000000001
          0.875 1.9375 0.10000000000000001
          0.9375 1.9375 0.10000000000000001
          1 1.9375 0.10000000000000001
          1.0625 1.9375 0.10000000000000001
          1.125 1.9375 0.10000000000000001
          1.1875 1.9375 0.10000000000000001
          1.25 1.9375 0.10000000000000001
          1.3125 1.9375 0.10000000000000001
          1.375 1.9375 0.10000000000000001
          1.4375 1.9375 0.10000000000000001
          1.5 1.9375 0.10000000000000001
          1.5625 1.9375 0.10000000000000001
          1.625 1.9375 0.10000000000000001
          1.6875 1.9375 0.10000000000000001
          1.75 1.9375 0.10000000000000001
          1.8125 1.9375 0.10000000000000001
          1.875 1.9375 0.10000000000000001
          1.9375 1.9375 0.10000000000000001
          2 1.9375 0.10000000000000001
          2.0625 1.9375 0.10000000000000001
          2.125 1.9375 0.10000000000000001
          2.1875 1.9375 0.10000000000000001
          2.25 1.9375 0.10000000000000001
          2.3125 1.9375 0.10000000000000001
          2.375 1.9375 0.10000000000000001
          2.4375 1.9375 0.10000000000000001
          2.5 1.9375 0.10000000000000001
          2.5625 1.9375 0.10000000000000001
          2.625 1.9375 0.10000000000000001
          2.6875 1.9375 0.10000000000000001
          2.75 1.9375 0.10000000000000001
          2.8125 1.9375 0.10000000000000001
          2.875 1.9375 0.10000000000000001
          2.9375 1.9375 0.10000000000000001
          3 1.9375 0.10000000000000001
          3.0625 1.9375 0.10000000000000001
          3.125 1.9375 0.10000000000000001
          3.1875 1.9375 0.10000000000000001
          3.25 1.9375 0.10000000000000001
          3.3125 1.9375 0.10000000000000001
          3.375 1.9375 0.10000000000000001
          3.4375 1.9375 0.10000000000000001
          3.5 1.9375 0.10000000000000001
          3.5625 1.9375 0.10000000000000001
          3.625 1.9375 0.10000000000000001
          3.6875 1.9375 0.10000000000000001
          3.75 1.9375 0.10000000000000001
          3.8125 1.9375 0.10000000000000001
          3.875 1.9375 0.10000000000000001
          3.9375 1.9375 0.10000000000000001
          4 1.9375 0.10000000000000001
          4.0625 1.9375 0.10000000000000001
          4.125 1.9375 0.10000000000000001
          4.1875 1.9375 0.10000000000000001
          4.25 1.9375 0.10000000000000001
          4.3125 1.9375 0.10000000000000001
          4.375 1.9375 0.10000000000000001
          4.4375 1.9375 0.10000000000000001
          4.5 1.9375 0.10000000000000001
          4.5625 1.9375 0.10000000000000001
          4.625 1.9375 0.10000000000000001
          4.6875 1.9375 0.10000000000000001
          4.75 1.9375 0.10000000000000001
          4.8125 1.9375 0.10000000000000001
          4.875 1.9375 0.10000000000000001
          4.9375 1.9375 0.10000000000000001
          5 1.9375 0.10000000000000001
          5.0625 1.9375 0.10000000000000001
          5.125 1.9375 0.10000000000000001
          5.1875 1.9375 0.10000000000000001
          5.25 1.9375 0.10000000000000001
          5.3125 1.9375 0.10000000000000001
          5.375 1.9375 0.10000000000000001
          5.4375 1.9375 0.10000000000000001
          5.5 1.9375 0.10000000000000001
          5.5625 1.9375 0.10000000000000001
          5.625 1.9375 0.10000000000000001
          5.6875 1.9375 0.10000000000000001
          5.75 1.9375 0.10000000000000001
          5.8125 1.9375 0.10000000000000001
          5.875 1.9375 0.10000000000000001
          5.9375 1.9375 0.10000000000000001
          6 1.9375 0.10000000000000001
          6.0625 1.9375 0.10000000000000001
          6.125 1.9375 0.10000000000000001
          6.1875 1.9375 0.10000000000000001
          6.25 1.9375 0.10000000000000001
          6.3125 1.9375 0.10000000000000001
          6.375 1.9375 0.10000000000000001
          6.4375 1.9375 0.10000000000000001
          6.5 1.9375 0.10000000000000001
          6.5625 1.9375 0.10000000000000001
          6.625 1.9375 0.10000000000000001
          6.6875 1.9375 0.10000000000000001
          6.75 1.9375 0.10000000000000001
          6.8125 1.9375 0.10000000000000001
          6.875 1.9375 0.10000000000000001
          6.9375 1.9375 0.10000000000000001
          7 1.9375 0.10000000000000001
          0 2 0.10000000000000001
          0.0625 2 0.10000000000000001
          0.125 2 0.10000000000000001
          0.1875 2 0.10000000000000001
          0.25 2 0.10000000000000001
          0.3125 2 0.10000000000000001
          0.375 2 0.10000000000000001
          0.4375 2 0.10000000000000001
          0.5 2 0.10000000000000001
          0.5625 2 0.10000000000000001
          0.625 2 0.10000000000000001
          0.6875 2 0.10000000000000001
          0.75 2 0.10000000000000001
          0.8125 2 0.10000000000000001
          0.875 2 0.10000000000000001
          0.9375 2 0.10000000000000001
          1 2 0.10000000000000001
          1.0625 2 0.10000000000000001
          1.125 2 0.10000000000000001
          1.1875 2 0.10000000000000001
          1.25 2 0.10000000000000001
          1.3125 2 0.10000000000000001
          1.375 2 0.10000000000000001
          1.4375 2 0.10000000000000001
          1.5 2 0.10000000000000001
          1.5625 2 0.10000000000000001
          1.625 2 0.10000000000000001
          1.6875 2 0.10000000000000001
          1.75 2 0.10000000000000001
          1.8125 2 0.10000000000000001
          1.875 2 0.10000000000000001
          1.9375 2 0.10000000000000001
          2 2 0.10000000000000001
          2.0625 2 0.10000000000000001
          2.125 2 0.10000000000000001
          2.1875 2 0.10000000000000001
          2.25 2 0.10000000000000001
          2.3125 2 0.10000000000000001
          2.375 2 0.10000000000000001
          2.4375 2 0.10000000000000001
          2.5 2 0.10000000000000001
          2.5625 2 0.10000000000000001
          2.625 2 0.10000000000000001
          2.6875 2 0.10000000000000001
          2.75 2 0.10000000000000001
          2.8125 2 0.10000000000000001
          2.875 2 0.10000000000000001
          2.9375 2 0.10000000000000001
          3 2 0.10000000000000001
          3.0625 2 0.10000000000000001
          3.125 2 0.10000000000000001
          3.1875 2 0.10000000000000001
          3.25 2 0.10000000000000001
          3.3125 2 0.10000000000000001
          3.375 2 0.10000000000000001
          3.4375 2 0.10000000000000001
          3.5 2 0.10000000000000001
          3.5625 2 0.10000000000000001
          3.625 2 0.10000000000000001
          3.6875 2 0.10000000000000001
          3.75 2 0.10000000000000001
          3.8125 2 0.10000000000000001
          3.875 2 0.10000000000000001
          3.9375 2 0.10000000000000001
          4 2 0.10000000000000001
          4.0625 2 0.10000000000000001
          4.125 2 0.10000000000000001
          4.1875 2 0.10000000000000001
          4.25 2 0.10000000000000001
          4.3125 2 0.10000000000000001
          4.375 2 0.10000000000000001
          4.4375 2 0.10000000000000001
          4.5 2 0.10000000000000001
          4.5625 2 0.10000000000000001
          4.625 2 0.10000000000000001
          4.6875 2 0.10000000000000001
          4.75 2 0.10000000000000001
          4.8125 2 0.10000000000000001
          4.875 2 0.10000000000000001
          4.9375 2 0.10000000000000001
          5 2 0.10000000000000001
          5.0625 2 0.10000000000000001
          5.125 2 0.10000000000000001
          5.1875 2 0.10000000000000001
          5.25 2 0.10000000000000001
          5.3125 2 0.10000000000000001
          5.375 2 0.10000000000000001
          5.4375 2 0.10000000000000001
          5.5 2 0.10000000000000001
          5.5625 2 0.10000000000000001
          5.625 2 0.10000000000000001
          5.6875 2 0.10000000000000001
          5.75 2 0.10000000000000001
          5.8125 2 0.10000000000000001
          5.875 2 0.10000000000000001
          5.9375 2 0.10000000000000001
          6 2 0.10000000000000001
          6.0625 2 0.10000000000000001
          6.125 2 0.10000000000000001
          6.1875 2 0.10000000000000001
          6.25 2 0.10000000000000001
          6.3125 2 0.10000000000000001
          6.375 2 0.10000000000000001
          6.4375 2 0.10000000000000001
          6.5 2 0.10000000000000001
          6.5625 2 0.10000000000000001
          6.625 2 0.10000000000000001
          6.6875 2 0.10000000000000001
          6.75 2 0.10000000000000001
          6.8125 2 0.10000000000000001
          6.875 2 0.10000000000000001
          6.9375 2 0.10000000000000001
          7 2 0.10000000000000001
          0 2.0625 0.10000000000000001
          0.0625 2.0625 0.10000000000000001
          0.125 2.0625 0.10000000000000001
          0.1875 2.0625 0.10000000000000001
          0.25 2.0625 0.10000000000000001
          0.3125 2.0625 0.10000000000000001
          0.375 2.0625 0.10000000000000001
          0.4375 2.0625 0.10000000000000001
          0.5 2.0625 0.10000000000000001
          0.5625 2.0625 0.10000000000000001
          0.625 2.0625 0.10000000000000001
          0.6875 2.0625 0.10000000000000001
          0.75 2.0625 0.10000000000000001
          0.8125 2.0625 0.10000000000000001
          0.875 2.0625 0.10000000000000001
          0.9375 2.0625 0.10000000000000001
          1 2.0625 0.10000000000000001
          1.0625 2.0625 0.10000000000000001
          1.125 2.0625 0.10000000000000001
          1.1875 2.0625 0.10000000000000001
          1.25 2.0625 0.10000000000000001
          1.3125 2.0625 0.10000000000000001
          1.375 2.0625 0.10000000000000001
          1.4375 2.0625 0.10000000000000001
          1.5 2.0625 0.10000000000000001
          1.5625 2.0625 0.10000000000000001
          1.625 2.0625 0.10000000000000001
          1.6875 2.0625 0.10000000000000001
          1.75 2.0625 0.10000000000000001
          1.8125 2.0625 0.10000000000000001
          1.875 2.0625 0.10000000000000001
          1.9375 2.0625 0.10000000000000001
          2 2.0625 0.10000000000000001
          2.0625 2.0625 0.10000000000000001
          2.125 2.0625 0.10000000000000001
          2.1875 2.0625 0.10000000000000001
          2.25 2.0625 0.10000000000000001
          2.3125 2.0625 0.10000000000000001
          2.375 2.0625 0.10000000000000001
          2.4375 2.0625 0.10000000000000001
          2.5 2.0625 0.10000000000000001
          2.5625 2.0625 0.10000000000000001
          2.625 2.0625 0.10000000000000001
          2.6875 2.0625 0.10000000000000001
          2.75 2.0625 0.10000000000000001
          2.8125 2.0625 0.10000000000000001
          2.875 2.0625 0.10000000000000001
          2.9375 2.0625 0.10000000000000001
          3 2.0625 0.10000000000000001
          3.0625 2.0625 0.10000000000000001
          3.125 2.0625 0.10000000000000001
          3.1875 2.0625 0.10000000000000001
          3.25 2.0625 0.10000000000000001
          3.3125 2.0625 0.10000000000000001
          3.375 2.0625 0.10000000000000001
          3.4375 2.0625 0.10000000000000001
          3.5 2.0625 0.10000000000000001
          3.5625 2.0625 0.10000000000000001
          3.625 2.0625 0.10000000000000001
          3.6875 2.0625 0.10000000000000001
          3.75 2.0625 0.10000000000000001
          3.8125 2.0625 0.10000000000000001
          3.875 2.0625 0.10000000000000001
          3.9375 2.0625 0.10000000000000001
          4 2.0625 0.10000000000000001
          4.0625 2.0625 0.10000000000000001
          4.125 2.0625 0.10000000000000001
          4.1875 2.0625 0.10000000000000001
          4.25 2.0625 0.10000000000000001
          4.3125 2.0625 0.10000000000000001
          4.375 2.0625 0.10000000000000001
          4.4375 2.0625 0.10000000000000001
          4.5 2.0625 0.10000000000000001
          4.5625 2.0625 0.10000000000000001
          4.625 2.0625 0.10000000000000001
          4.6875 2.0625 0.10000000000000001
          4.75 2.0625 0.10000000000000001
          4.8125 2.0625 0.10000000000000001
          4.875 2.0625 0.10000000000000001
          4.9375 2.0625 0.10000000000000001
          5 2.0625 0.10000000000000001
          5.0625 2.0625 0.10000000000000001
          5.125 2.0625 0.10000000000000001
          5.1875 2.0625 0.10000000000000001
          5.25 2.0625 0.10000000000000001
          5.3125 2.0625 0.10000000000000001
          5.375 2.0625 0.10000000000000001
          5.4375 2.0625 0.10000000000000001
          5.5 2.0625 0.10000000000000001
          5.5625 2.0625 0.10000000000000001
          5.625 2.0625 0.10000000000000001
          5.6875 2.0625 0.10000000000000001
          5.75 2.0625 0.10000000000000001
          5.8125 2.0625 0.10000000000000001
          5.875 2.0625 0.10000000000000001
          5.9375 2.0625 0.10000000000000001
          6 2.0625 0.10000000000000001
          6.0625 2.0625 0.10000000000000001
          6.125 2.0625 0.10000000000000001
          6.1875 2.0625 0.10000000000000001
          6.25 2.0625 0.10000000000000001
          6.3125 2.0625 0.10000000000000001
          6.375 2.0625 0.10000000000000001
          6.4375 2.0625 0.10000000000000001
          6.5 2.0625 0.10000000000000001
          6.5625 2.0625 0.10000000000000001
          6.625 2.0625 0.10000000000000001
          6.6875 2.0625 0.10000000000000001
          6.75 2.0625 0.10000000000000001
          6.8125 2.0625 0.10000000000000001
          6.875 2.0625 0.10000000000000001
          6.9375 2.0625 0.10000000000000001
          7 2.0625 0.10000000000000001
          0 2.125 0.10000000000000001
          0.0625 2.125 0.10000000000000001
          0.125 2.125 0.10000000000000001
          0.1875 2.125 0.10000000000000001
          0.25 2.125 0.10000000000000001
          0.3125 2.125 0.10000000000000001
          0.375 2.125 0.10000000000000001
          0.4375 2.125 0.10000000000000001
          0.5 2.125 0.10000000000000001
          0.5625 2.125 0.10000000000000001
          0.625 2.125 0.10000000000000001
          0.6875 2.125 0.10000000000000001
          0.75 2.125 0.10000000000000001
          0.8125 2.125 0.10000000000000001
          0.875 2.125 0.10000000000000001
          0.9375 2.125 0.10000000000000001
          1 2.125 0.10000000000000001
          1.0625 2.125 0.10000000000000001
          1.125 2.125 0.10000000000000001
          1.1875 2.125 0.10000000000000001
          1.25 2.125 0.10000000000000001
          1.3125 2.125 0.10000000000000001
          1.375 2.125 0.10000000000000001
          1.4375 2.125 0.10000000000000001
          1.5 2.125 0.10000000000000001
          1.5625 2.125 0.10000000000000001
          1.625 2.125 0.10000000000000001
          1.6875 2.125 0.10000000000000001
          1.75 2.125 0.10000000000000001
          1.8125 2.125 0.10000000000000001
          1.875 2.125 0.10000000000000001
          1.9375 2.125 0.10000000000000001
          2 2.125 0.10000000000000001
          2.0625 2.125 0.10000000000000001
          2.125 2.125 0.10000000000000001
          2.1875 2.125 0.10000000000000001
          2.25 2.125 0.10000000000000001
          2.3125 2.125 0.10000000000000001
          2.375 2.125 0.10000000000000001
          2.4375 2.125 0.10000000000000001
          2.5 2.125 0.10000000000000001
          2.5625 2.125 0.10000000000000001
          2.625 2.125 0.10000000000000001
          2.6875 2.125 0.10000000000000001
          2.75 2.125 0.10000000000000001
          2.8125 2.125 0.10000000000000001
          2.875 2.125 0.10000000000000001
          2.9375 2.125 0.10000000000000001
          3 2.125 0.10000000000000001
          3.0625 2.125 0.10000000000000001
          3.125 2.125 0.10000000000000001
          3.1875 2.125 0.10000000000000001
          3.25 2.125 0.10000000000000001
          3.3125 2.125 0.10000000000000001
          3.375 2.125 0.10000000000000001
          3.4375 2.125 0.10000000000000001
          3.5 2.125 0.10000000000000001
          3.5625 2.125 0.10000000000000001
          3.625 2.125 0.10000000000000001
          3.6875 2.125 0.10000000000000001
          3.75 2.125 0.10000000000000001
          3.8125 2.125 0.10000000000000001
          3.875 2.125 0.10000000000000001
          3.9375 2.125 0.10000000000000001
          4 2.125 0.10000000000000001
          4.0625 2.125 0.10000000000000001
          4.125 2.125 0.10000000000000001
          4.1875 2.125 0.10000000000000001
          4.25 2.125 0.10000000000000001
          4.3125 2.125 0.10000000000000001
          4.375 2.125 0.10000000000000001
          4.4375 2.125 0.10000000000000001
          4.5 2.125 0.10000000000000001
          4.5625 2.125 0.10000000000000001
          4.625 2.125 0.10000000000000001
          4.6875 2.125 0.10000000000000001
          4.75 2.125 0.10000000000000001
          4.8125 2.125 0.10000000000000001
          4.875 2.125 0.10000000000000001
          4.9375 2.125 0.10000000000000001
          5 2.125 0.10000000000000001
          5.0625 2.125 0.10000000000000001
          5.125 2.125 0.10000000000000001
          5.1875 2.125 0.10000000000000001
          5.25 2.125 0.10000000000000001
          5.3125 2.125 0.10000000000000001
          5.375 2.125 0.10000000000000001
          5.4375 2.125 0.10000000000000001
          5.5 2.125 0.10000000000000001
          5.5625 2.125 0.10000000000000001
          5.625 2.125 0.10000000000000001
          5.6875 2.125 0.10000000000000001
          5.75 2.125 0.10000000000000001
          5.8125 2.125 0.10000000000000001
          5.875 2.125 0.10000000000000001
          5.9375 2.125 0.10000000000000001
          6 2.125 0.10000000000000001
          6.0625 2.125 0.10000000000000001
          6.125 2.125 0.10000000000000001
          6.1875 2.125 0.10000000000000001
          6.25 2.125 0.10000000000000001
          6.3125 2.125 0.10000000000000001
          6.375 2.125 0.10000000000000001
          6.4375 2.125 0.10000000000000001
          6.5 2.125 0.10000000000000001
          6.5625 2.125 0.10000000000000001
          6.625 2.125 0.10000000000000001
          6.6875 2.125 0.10000000000000001
          6.75 2.125 0.10000000000000001
          6.8125 2.125 0.10000000000000001
          6.875 2.125 0.10000000000000001
          6.9375 2.125 0.10000000000000001
          7 2.125 0.10000000000000001
          0 2.1875 0.10000000000000001
          0.0625 2.1875 0.10000000000000001
          0.125 2.1875 0.10000000000000001
          0.1875 2.1875 0.10000000000000001
          0.25 2.1875 0.10000000000000001
          0.3125 2.1875 0.10000000000000001
          0.375 2.1875 0.10000000000000001
          0.4375 2.1875 0.10000000000000001
          0.5 2.1875 0.10000000000000001
          0.5625 2.1875 0.10000000000000001
          0.625 2.1875 0.10000000000000001
          0.6875 2.1875 0.10000000000000001
          0.75 2.1875 0.10000000000000001
          0.8125 2.1875 0.10000000000000001
          0.875 2.1875 0.10000000000000001
          0.9375 2.1875 0.10000000000000001
          1 2.1875 0.10000000000000001
          1.0625 2.1875 0.10000000000000001
          1.125 2.1875 0.10000000000000001
          1.1875 2.1875 0.10000000000000001
          1.25 2.1875 0.10000000000000001
          1.3125 2.1875 0.10000000000000001
          1.375 2.1875 0.10000000000000001
          1.4375 2.1875 0.10000000000000001
          1.5 2.1875 0.10000000000000001
          1.5625 2.1875 0.10000000000000001
          1.625 2.1875 0.10000000000000001
          1.6875 2.1875 0.10000000000000001
          1.75 2.1875 0.10000000000000001
          1.8125 2.1875 0.10000000000000001
          1.875 2.1875 0.10000000000000001
          1.9375 2.1875 0.10000000000000001
          2 2.1875 0.10000000000000001
          2.0625 2.1875 0.10000000000000001
          2.125 2.1875 0.10000000000000001
          2.1875 2.1875 0.10000000000000001
          2.25 2.1875 0.10000000000000001
          2.3125 2.1875 0.10000000000000001
          2.375 2.1875 0.10000000000000001
          2.4375 2.1875 0.10000000000000001
          2.5 2.1875 0.10000000000000001
          2.5625 2.1875 0.10000000000000001
          2.625 2.1875 0.10000000000000001
          2.6875 2.1875 0.10000000000000001
          2.75 2.1875 0.10000000000000001
          2.8125 2.1875 0.10000000000000001
          2.875 2.1875 0.10000000000000001
          2.9375 2.1875 0.10000000000000001
          3 2.1875 0.10000000000000001
          3.0625 2.1875 0.10000000000000001
          3.125 2.1875 0.10000000000000001
          3.1875 2.1875 0.10000000000000001
          3.25 2.1875 0.10000000000000001
          3.3125 2.1875 0.10000000000000001
          3.375 2.1875 0.10000000000000001
          3.4375 2.1875 0.10000000000000001
          3.5 2.1875 0.10000000000000001
          3.5625 2.1875 0.10000000000000001
          3.625 2.1875 0.10000000000000001
          3.6875 2.1875 0.10000000000000001
          3.75 2.1875 0.10000000000000001
          3.8125 2.1875 0.10000000000000001
          3.875 2.1875 0.10000000000000001
          3.9375 2.1875 0.10000000000000001
          4 2.1875 0.10000000000000001
          4.0625 2.1875 0.10000000000000001
          4.125 2.1875 0.10000000000000001
          4.1875 2.1875 0.10000000000000001
          4.25 2.1875 0.10000000000000001
          4.3125 2.1875 0.10000000000000001
          4.375 2.1875 0.10000000000000001
          4.4375 2.1875 0.10000000000000001
          4.5 2.1875 0.10000000000000001
          4.5625 2.1875 0.10000000000000001
          4.625 2.1875 0.10000000000000001
          4.6875 2.1875 0.10000000000000001
          4.75 2.1875 0.10000000000000001
          4.8125 2.1875 0.10000000000000001
          4.875 2.1875 0.10000000000000001
          4.9375 2.1875 0.10000000000000001
          5 2.1875 0.10000000000000001
          5.0625 2.1875 0.10000000000000001
          5.125 2.1875 0.10000000000000001
          5.1875 2.1875 0.10000000000000001
          5.25 2.1875 0.10000000000000001
          5.3125 2.1875 0.10000000000000001
          5.375 2.1875 0.10000000000000001
          5.4375 2.1875 0.10000000000000001
          5.5 2.1875 0.10000000000000001
          5.5625 2.1875 0.10000000000000001
          5.625 2.1875 0.10000000000000001
          5.6875 2.1875 0.10000000000000001
          5.75 2.1875 0.10000000000000001
          5.8125 2.1875 0.10000000000000001
          5.875 2.1875 0.10000000000000001
          5.9375 2.1875 0.10000000000000001
          6 2.1875 0.10000000000000001
          6.0625 2.1875 0.10000000000000001
          6.125 2.1875 0.10000000000000001
          6.1875 2.1875 0.10000000000000001
          6.25 2.1875 0.10000000000000001
          6.3125 2.1875 0.10000000000000001
          6.375 2.1875 0.10000000000000001
          6.4375 2.1875 0.10000000000000001
          6.5 2.1875 0.10000000000000001
          6.5625 2.1875 0.10000000000000001
          6.625 2.1875 0.10000000000000001
          6.6875 2.1875 0.10000000000000001
          6.75 2.1875 0.10000000000000001
          6.8125 2.1875 0.10000000000000001
          6.875 2.1875 0.10000000000000001
          6.9375 2.1875 0.10000000000000001
          7 2.1875 0.10000000000000001
          0 2.25 0.10000000000000001
          0.0625 2.25 0.10000000000000001
          0.125 2.25 0.10000000000000001
          0.1875 2.25 0.10000000000000001
          0.25 2.25 0.10000000000000001
          0.3125 2.25 0.10000000000000001
          0.375 2.25 0.10000000000000001
          0.4375 2.25 0.10000000000000001
          0.5 2.25 0.10000000000000001
          0.5625 2.25 0.10000000000000001
          0.625 2.25 0.10000000000000001
          0.6875 2.25 0.10000000000000001
          0.75 2.25 0.10000000000000001
          0.8125 2.25 0.10000000000000001
          0.875 2.25 0.10000000000000001
          0.9375 2.25 0.10000000000000001
          1 2.25 0.10000000000000001
          1.0625 2.25 0.10000000000000001
          1.125 2.25 0.10000000000000001
          1.1875 2.25 0.10000000000000001
          1.25 2.25 0.10000000000000001
          1.3125 2.25 0.10000000000000001
          1.375 2.25 0.10000000000000001
          1.4375 2.25 0.10000000000000001
          1.5 2.25 0.10000000000000001
          1.5625 2.25 0.10000000000000001
          1.625 2.25 0.10000000000000001
          1.6875 2.25 0.10000000000000001
          1.75 2.25 0.10000000000000001
          1.8125 2.25 0.10000000000000001
          1.875 2.25 0.10000000000000001
          1.9375 2.25 0.10000000000000001
          2 2.25 0.10000000000000001
          2.0625 2.25 0.10000000000000001
          2.125 2.25 0.10000000000000001
          2.1875 2.25 0.10000000000000001
          2.25 2.25 0.10000000000000001
          2.3125 2.25 0.10000000000000001
          2.375 2.25 0.10000000000000001
          2.4375 2.25 0.10000000000000001
          2.5 2.25 0.10000000000000001
          2.5625 2.25 0.10000000000000001
          2.625 2.25 0.10000000000000001
          2.6875 2.25 0.10000000000000001
          2.75 2.25 0.10000000000000001
          2.8125 2.25 0.10000000000000001
          2.875 2.25 0.10000000000000001
          2.9375 2.25 0.10000000000000001
          3 2.25 0.10000000000000001
          3.0625 2.25 0.10000000000000001
          3.125 2.25 0.10000000000000001
          3.1875 2.25 0.10000000000000001
          3.25 2.25 0.10000000000000001
          3.3125 2.25 0.10000000000000001
          3.375 2.25 0.10000000000000001
          3.4375 2.25 0.10000000000000001
          3.5 2.25 0.10000000000000001
          3.5625 2.25 0.10000000000000001
          3.625 2.25 0.10000000000000001
          3.6875 2.25 0.10000000000000001
          3.75 2.25 0.10000000000000001
          3.8125 2.25 0.10000000000000001
          3.875 2.25 0.10000000000000001
          3.9375 2.25 0.10000000000000001
          4 2.25 0.10000000000000001
          4.0625 2.25 0.10000000000000001
          4.125 2.25 0.10000000000000001
          4.1875 2.25 0.10000000000000001
          4.25 2.25 0.10000000000000001
          4.3125 2.25 0.10000000000000001
          4.375 2.25 0.10000000000000001
          4.4375 2.25 0.10000000000000001
          4.5 2.25 0.10000000000000001
          4.5625 2.25 0.10000000000000001
          4.625 2.25 0.10000000000000001
          4.6875 2.25 0.10000000000000001
          4.75 2.25 0.10000000000000001
          4.8125 2.25 0.10000000000000001
          4.875 2.25 0.10000000000000001
          4.9375 2.25 0.10000000000000001
          5 2.25 0.10000000000000001
          5.0625 2.25 0.10000000000000001
          5.125 2.25 0.10000000000000001
          5.1875 2.25 0.10000000000000001
          5.25 2.25 0.10000000000000001
          5.3125 2.25 0.10000000000000001
          5.375 2.25 0.10000000000000001
          5.4375 2.25 0.10000000000000001
          5.5 2.25 0.10000000000000001
          5.5625 2.25 0.10000000000000001
          5.625 2.25 0.10000000000000001
          5.6875 2.25 0.10000000000000001
          5.75 2.25 0.10000000000000001
          5.8125 2.25 0.10000000000000001
          5.875 2.25 0.10000000000000001
          5.9375 2.25 0.10000000000000001
          6 2.25 0.10000000000000001
          6.0625 2.25 0.10000000000000001
          6.125 2.25 0.10000000000000001
          6.1875 2.25 0.10000000000000001
          6.25 2.25 0.10000000000000001
          6.3125 2.25 0.10000000000000001
          6.375 2.25 0.10000000000000001
          6.4375 2.25 0.10000000000000001
          6.5 2.25 0.10000000000000001
          6.5625 2.25 0.10000000000000001
          6.625 2.25 0.10000000000000001
          6.6875 2.25 0.10000000000000001
          6.75 2.25 0.10000000000000001
          6.8125 2.25 0.10000000000000001
          6.875 2.25 0.10000000000000001
          6.9375 2.25 0.10000000000000001
          7 2.25 0.10000000000000001
          0 2.3125 0.10000000000000001
          0.0625 2.3125 0.10000000000000001
          0.125 2.3125 0.10000000000000001
          0.1875 2.3125 0.10000000000000001
          0.25 2.3125 0.10000000000000001
          0.3125 2.3125 0.10000000000000001
          0.375 2.3125 0.10000000000000001
          0.4375 2.3125 0.10000000000000001
          0.5 2.3125 0.10000000000000001
          0.5625 2.3125 0.10000000000000001
          0.625 2.3125 0.10000000000000001
          0.6875 2.3125 0.10000000000000001
          0.75 2.3125 0.10000000000000001
          0.8125 2.3125 0.10000000000000001
          0.875 2.3125 0.10000000000000001
          0.9375 2.3125 0.10000000000000001
          1 2.3125 0.10000000000000001
          1.0625 2.3125 0.10000000000000001
          1.125 2.3125 0.10000000000000001
          1.1875 2.3125 0.10000000000000001
          1.25 2.3125 0.10000000000000001
          1.3125 2.3125 0.10000000000000001
          1.375 2.3125 0.10000000000000001
          1.4375 2.3125 0.10000000000000001
          1.5 2.3125 0.10000000000000001
          1.5625 2.3125 0.10000000000000001
          1.625 2.3125 0.10000000000000001
          1.6875 2.3125 0.10000000000000001
          1.75 2.3125 0.10000000000000001
          1.8125 2.3125 0.10000000000000001
          1.875 2.3125 0.10000000000000001
          1.9375 2.3125 0.10000000000000001
          2 2.3125 0.10000000000000001
          2.0625 2.3125 0.10000000000000001
          2.125 2.3125 0.10000000000000001
          2.1875 2.3125 0.10000000000000001
          2.25 2.3125 0.10000000000000001
          2.3125 2.3125 0.10000000000000001
          2.375 2.3125 0.10000000000000001
          2.4375 2.3125 0.10000000000000001
          2.5 2.3125 0.10000000000000001
          2.5625 2.3125 0.10000000000000001
          2.625 2.3125 0.10000000000000001
          2.6875 2.3125 0.10000000000000001
          2.75 2.3125 0.10000000000000001
          2.8125 2.3125 0.10000000000000001
          2.875 2.3125 0.10000000000000001
          2.9375 2.3125 0.10000000000000001
          3 2.3125 0.10000000000000001
          3.0625 2.3125 0.10000000000000001
          3.125 2.3125 0.10000000000000001
          3.1875 2.3125 0.10000000000000001
          3.25 2.3125 0.10000000000000001
          3.3125 2.3125 0.10000000000000001
          3.375 2.3125 0.10000000000000001
          3.4375 2.3125 0.10000000000000001
          3.5 2.3125 0.10000000000000001
          3.5625 2.3125 0.10000000000000001
          3.625 2.3125 0.10000000000000001
          3.6875 2.3125 0.10000000000000001
          3.75 2.3125 0.10000000000000001
          3.8125 2.3125 0.10000000000000001
          3.875 2.3125 0.10000000000000001
          3.9375 2.3125 0.10000000000000001
          4 2.3125 0.10000000000000001
          4.0625 2.3125 0.10000000000000001
          4.125 2.3125 0.10000000000000001
          4.1875 2.3125 0.10000000000000001
          4.25 2.3125 0.10000000000000001
          4.3125 2.3125 0.10000000000000001
          4.375 2.3125 0.10000000000000001
          4.4375 2.3125 0.10000000000000001
          4.5 2.3125 0.10000000000000001
          4.5625 2.3125 0.10000000000000001
          4.625 2.3125 0.10000000000000001
          4.6875 2.3125 0.10000000000000001
          4.75 2.3125 0.10000000000000001
          4.8125 2.3125 0.10000000000000001
          4.875 2.3125 0.10000000000000001
          4.9375 2.3125 0.10000000000000001
          5 2.3125 0.10000000000000001
          5.0625 2.3125 0.10000000000000001
          5.125 2.3125 0.10000000000000001
          5.1875 2.3125 0.10000000000000001
          5.25 2.3125 0.10000000000000001
          5.3125 2.3125 0.10000000000000001
          5.375 2.3125 0.10000000000000001
          5.4375 2.3125 0.10000000000000001
          5.5 2.3125 0.10000000000000001
          5.5625 2.3125 0.10000000000000001
          5.625 2.3125 0.10000000000000001
          5.6875 2.3125 0.10000000000000001
          5.75 2.3125 0.10000000000000001
          5.8125 2.3125 0.10000000000000001
          5.875 2.3125 0.10000000000000001
          5.9375 2.3125 0.10000000000000001
          6 2.3125 0.10000000000000001
          6.0625 2.3125 0.10000000000000001
          6.125 2.3125 0.10000000000000001
          6.1875 2.3125 0.10000000000000001
          6.25 2.3125 0.10000000000000001
          6.3125 2.3125 0.10000000000000001
          6.375 2.3125 0.10000000000000001
          6.4375 2.3125 0.10000000000000001
          6.5 2.3125 0.10000000000000001
          6.5625 2.3125 0.10000000000000001
          6.625 2.3125 0.10000000000000001
          6.6875 2.3125 0.10000000000000001
          6.75 2.3125 0.10000000000000001
          6.8125 2.3125 0.10000000000000001
          6.875 2.3125 0.10000000000000001
          6.9375 2.3125 0.10000000000000001
          7 2.3125 0.10000000000000001
          0 2.375 0.10000000000000001
          0.0625 2.375 0.10000000000000001
          0.125 2.375 0.10000000000000001
          0.1875 2.375 0.10000000000000001
          0.25 2.375 0.10000000000000001
          0.3125 2.375 0.10000000000000001
          0.375 2.375 0.10000000000000001
          0.4375 2.375 0.10000000000000001
          0.5 2.375 0.10000000000000001
          0.5625 2.375 0.10000000000000001
          0.625 2.375 0.10000000000000001
          0.6875 2.375 0.10000000000000001
          0.75 2.375 0.10000000000000001
          0.8125 2.375 0.10000000000000001
          0.875 2.375 0.10000000000000001
          0.9375 2.375 0.10000000000000001
          1 2.375 0.10000000000000001
          1.0625 2.375 0.10000000000000001
          1.125 2.375 0.10000000000000001
          1.1875 2.375 0.10000000000000001
          1.25 2.375 0.10000000000000001
          1.3125 2.375 0.10000000000000001
          1.375 2.375 0.10000000000000001
          1.4375 2.375 0.10000000000000001
          1.5 2.375 0.10000000000000001
          1.5625 2.375 0.10000000000000001
          1.625 2.375 0.10000000000000001
          1.6875 2.375 0.10000000000000001
          1.75 2.375 0.10000000000000001
          1.8125 2.375 0.10000000000000001
          1.875 2.375 0.10000000000000001
          1.9375 2.375 0.10000000000000001
          2 2.375 0.10000000000000001
          2.0625 2.375 0.10000000000000001
          2.125 2.375 0.10000000000000001
          2.1875 2.375 0.10000000000000001
          2.25 2.375 0.10000000000000001
          2.3125 2.375 0.10000000000000001
          2.375 2.375 0.10000000000000001
          2.4375 2.375 0.10000000000000001
          2.5 2.375 0.10000000000000001
          2.5625 2.375 0.10000000000000001
          2.625 2.375 0.10000000000000001
          2.6875 2.375 0.10000000000000001
          2.75 2.375 0.10000000000000001
          2.8125 2.375 0.10000000000000001
          2.875 2.375 0.10000000000000001
          2.9375 2.375 0.10000000000000001
          3 2.375 0.10000000000000001
          3.0625 2.375 0.10000000000000001
          3.125 2.375 0.10000000000000001
          3.1875 2.375 0.10000000000000001
          3.25 2.375 0.10000000000000001
          3.3125 2.375 0.10000000000000001
          3.375 2.375 0.10000000000000001
          3.4375 2.375 0.10000000000000001
          3.5 2.375 0.10000000000000001
          3.5625 2.375 0.10000000000000001
          3.625 2.375 0.10000000000000001
          3.6875 2.375 0.10000000000000001
          3.75 2.375 0.10000000000000001
          3.8125 2.375 0.10000000000000001
          3.875 2.375 0.10000000000000001
          3.9375 2.375 0.10000000000000001
          4 2.375 0.10000000000000001
          4.0625 2.375 0.10000000000000001
          4.125 2.375 0.10000000000000001
          4.1875 2.375 0.10000000000000001
          4.25 2.375 0.10000000000000001
          4.3125 2.375 0.10000000000000001
          4.375 2.375 0.10000000000000001
          4.4375 2.375 0.10000000000000001
          4.5 2.375 0.10000000000000001
          4.5625 2.375 0.10000000000000001
          4.625 2.375 0.10000000000000001
          4.6875 2.375 0.10000000000000001
          4.75 2.375 0.10000000000000001
          4.8125 2.375 0.10000000000000001
          4.875 2.375 0.10000000000000001
          4.9375 2.375 0.10000000000000001
          5 2.375 0.10000000000000001
          5.0625 2.375 0.10000000000000001
          5.125 2.375 0.10000000000000001
          5.1875 2.375 0.10000000000000001
          5.25 2.375 0.10000000000000001
          5.3125 2.375 0.10000000000000001
          5.375 2.375 0.10000000000000001
          5.4375 2.375 0.10000000000000001
          5.5 2.375 0.10000000000000001
          5.5625 2.375 0.10000000000000001
          5.625 2.375 0.10000000000000001
          5.6875 2.375 0.10000000000000001
          5.75 2.375 0.10000000000000001
          5.8125 2.375 0.10000000000000001
          5.875 2.375 0.10000000000000001
          5.9375 2.375 0.10000000000000001
          6 2.375 0.10000000000000001
          6.0625 2.375 0.10000000000000001
          6.125 2.375 0.10000000000000001
          6.1875 2.375 0.10000000000000001
          6.25 2.375 0.10000000000000001
          6.3125 2.375 0.10000000000000001
          6.375 2.375 0.10000000000000001
          6.4375 2.375 0.10000000000000001
          6.5 2.375 0.10000000000000001
          6.5625 2.375 0.10000000000000001
          6.625 2.375 0.10000000000000001
          6.6875 2.375 0.10000000000000001
          6.75 2.375 0.10000000000000001
          6.8125 2.375 0.10000000000000001
          6.875 2.375 0.10000000000000001
          6.9375 2.375 0.10000000000000001
          7 2.375 0.10000000000000001
          0 2.4375 0.10000000000000001
          0.0625 2.4375 0.10000000000000001
          0.125 2.4375 0.10000000000000001
          0.1875 2.4375 0.10000000000000001
          0.25 2.4375 0.10000000000000001
          0.3125 2.4375 0.10000000000000001
          0.375 2.4375 0.10000000000000001
          0.4375 2.4375 0.10000000000000001
          0.5 2.4375 0.10000000000000001
          0.5625 2.4375 0.10000000000000001
          0.625 2.4375 0.10000000000000001
          0.6875 2.4375 0.10000000000000001
          0.75 2.4375 0.10000000000000001
          0.8125 2.4375 0.10000000000000001
          0.875 2.4375 0.10000000000000001
          0.9375 2.4375 0.10000000000000001
          1 2.4375 0.10000000000000001
          1.0625 2.4375 0.10000000000000001
          1.125 2.4375 0.10000000000000001
          1.1875 2.4375 0.10000000000000001
          1.25 2.4375 0.10000000000000001
          1.3125 2.4375 0.10000000000000001
          1.375 2.4375 0.10000000000000001
          1.4375 2.4375 0.10000000000000001
          1.5 2.4375 0.10000000000000001
          1.5625 2.4375 0.10000000000000001
          1.625 2.4375 0.10000000000000001
          1.6875 2.4375 0.10000000000000001
          1.75 2.4375 0.10000000000000001
          1.8125 2.4375 0.10000000000000001
          1.875 2.4375 0.10000000000000001
          1.9375 2.4375 0.10000000000000001
          2 2.4375 0.10000000000000001
          2.0625 2.4375 0.10000000000000001
          2.125 2.4375 0.10000000000000001
          2.1875 2.4375 0.10000000000000001
          2.25 2.4375 0.10000000000000001
          2.3125 2.4375 0.10000000000000001
          2.375 2.4375 0.10000000000000001
          2.4375 2.4375 0.10000000000000001
          2.5 2.4375 0.10000000000000001
          2.5625 2.4375 0.10000000000000001
          2.625 2.4375 0.10000000000000001
          2.6875 2.4375 0.10000000000000001
          2.75 2.4375 0.10000000000000001
          2.8125 2.4375 0.10000000000000001
          2.875 2.4375 0.10000000000000001
          2.9375 2.4375 0.10000000000000001
          3 2.4375 0.10000000000000001
          3.0625 2.4375 0.10000000000000001
          3.125 2.4375 0.10000000000000001
          3.1875 2.4375 0.10000000000000001
          3.25 2.4375 0.10000000000000001
          3.3125 2.4375 0.10000000000000001
          3.375 2.4375 0.10000000000000001
          3.4375 2.4375 0.10000000000000001
          3.5 2.4375 0.10000000000000001
          3.5625 2.4375 0.10000000000000001
          3.625 2.4375 0.10000000000000001
          3.6875 2.4375 0.10000000000000001
          3.75 2.4375 0.10000000000000001
          3.8125 2.4375 0.10000000000000001
          3.875 2.4375 0.10000000000000001
          3.9375 2.4375 0.10000000000000001
          4 2.4375 0.10000000000000001
          4.0625 2.4375 0.10000000000000001
          4.125 2.4375 0.10000000000000001
          4.1875 2.4375 0.10000000000000001
          4.25 2.4375 0.10000000000000001
          4.3125 2.4375 0.10000000000000001
          4.375 2.4375 0.10000000000000001
          4.4375 2.4375 0.10000000000000001
          4.5 2.4375 0.10000000000000001
          4.5625 2.4375 0.10000000000000001
          4.625 2.4375 0.10000000000000001
          4.6875 2.4375 0.10000000000000001
          4.75 2.4375 0.10000000000000001
          4.8125 2.4375 0.10000000000000001
          4.875 2.4375 0.10000000000000001
          4.9375 2.4375 0.10000000000000001
          5 2.4375 0.10000000000000001
          5.0625 2.4375 0.10000000000000001
          5.125 2.4375 0.10000000000000001
          5.1875 2.4375 0.10000000000000001
          5.25 2.4375 0.10000000000000001
          5.3125 2.4375 0.10000000000000001
          5.375 2.4375 0.10000000000000001
          5.4375 2.4375 0.10000000000000001
          5.5 2.4375 0.10000000000000001
          5.5625 2.4375 0.10000000000000001
          5.625 2.4375 0.10000000000000001
          5.6875 2.4375 0.10000000000000001
          5.75 2.4375 0.10000000000000001
          5.8125 2.4375 0.10000000000000001
          5.875 2.4375 0.10000000000000001
          5.9375 2.4375 0.10000000000000001
          6 2.4375 0.10000000000000001
          6.0625 2.4375 0.10000000000000001
          6.125 2.4375 0.10000000000000001
          6.1875 2.4375 0.10000000000000001
          6.25 2.4375 0.10000000000000001
          6.3125 2.4375 0.10000000000000001
          6.375 2.4375 0.10000000000000001
          6.4375 2.4375 0.10000000000000001
          6.5 2.4375 0.10000000000000001
          6.5625 2.4375 0.10000000000000001
          6.625 2.4375 0.10000000000000001
          6.6875 2.4375 0.10000000000000001
          6.75 2.4375 0.10000000000000001
          6.8125 2.4375 0.10000000000000001
          6.875 2.4375 0.10000000000000001
          6.9375 2.4375 0.10000000000000001
          7 2.4375 0.10000000000000001
          0 2.5 0.10000000000000001
          0.0625 2.5 0.10000000000000001
          0.125 2.5 0.10000000000000001
          0.1875 2.5 0.10000000000000001
          0.25 2.5 0.10000000000000001
          0.3125 2.5 0.10000000000000001
          0.375 2.5 0.10000000000000001
          0.4375 2.5 0.10000000000000001
          0.5 2.5 0.10000000000000001
          0.5625 2.5 0.10000000000000001
          0.625 2.5 0.10000000000000001
          0.6875 2.5 0.10000000000000001
          0.75 2.5 0.10000000000000001
          0.8125 2.5 0.10000000000000001
          0.875 2.5 0.10000000000000001
          0.9375 2.5 0.10000000000000001
          1 2.5 0.10000000000000001
          1.0625 2.5 0.10000000000000001
          1.125 2.5 0.10000000000000001
          1.1875 2.5 0.10000000000000001
          1.25 2.5 0.10000000000000001
          1.3125 2.5 0.10000000000000001
          1.375 2.5 0.10000000000000001
          1.4375 2.5 0.10000000000000001
          1.5 2.5 0.10000000000000001
          1.5625 2.5 0.10000000000000001
          1.625 2.5 0.10000000000000001
          1.6875 2.5 0.10000000000000001
          1.75 2.5 0.10000000000000001
          1.8125 2.5 0.10000000000000001
          1.875 2.5 0.10000000000000001
          1.9375 2.5 0.10000000000000001
          2 2.5 0.10000000000000001
          2.0625 2.5 0.10000000000000001
          2.125 2.5 0.10000000000000001
          2.1875 2.5 0.10000000000000001
          2.25 2.5 0.10000000000000001
          2.3125 2.5 0.10000000000000001
          2.375 2.5 0.10000000000000001
          2.4375 2.5 0.10000000000000001
          2.5 2.5 0.10000000000000001
          2.5625 2.5 0.10000000000000001
          2.625 2.5 0.10000000000000001
          2.6875 2.5 0.10000000000000001
          2.75 2.5 0.10000000000000001
          2.8125 2.5 0.10000000000000001
          2.875 2.5 0.10000000000000001
          2.9375 2.5 0.10000000000000001
          3 2.5 0.10000000000000001
          3.0625 2.5 0.10000000000000001
          3.125 2.5 0.10000000000000001
          3.1875 2.5 0.10000000000000001
          3.25 2.5 0.10000000000000001
          3.3125 2.5 0.10000000000000001
          3.375 2.5 0.10000000000000001
          3.4375 2.5 0.10000000000000001
          3.5 2.5 0.10000000000000001
          3.5625 2.5 0.10000000000000001
          3.625 2.5 0.10000000000000001
          3.6875 2.5 0.10000000000000001
          3.75 2.5 0.10000000000000001
          3.8125 2.5 0.10000000000000001
          3.875 2.5 0.10000000000000001
          3.9375 2.5 0.10000000000000001
          4 2.5 0.10000000000000001
          4.0625 2.5 0.10000000000000001
          4.125 2.5 0.10000000000000001
          4.1875 2.5 0.10000000000000001
          4.25 2.5 0.10000000000000001
          4.3125 2.5 0.10000000000000001
          4.375 2.5 0.10000000000000001
          4.4375 2.5 0.10000000000000001
          4.5 2.5 0.10000000000000001
          4.5625 2.5 0.10000000000000001
          4.625 2.5 0.10000000000000001
          4.6875 2.5 0.10000000000000001
          4.75 2.5 0.10000000000000001
          4.8125 2.5 0.10000000000000001
          4.875 2.5 0.10000000000000001
          4.9375 2.5 0.10000000000000001
          5 2.5 0.10000000000000001
          5.0625 2.5 0.10000000000000001
          5.125 2.5 0.10000000000000001
          5.1875 2.5 0.10000000000000001
          5.25 2.5 0.10000000000000001
          5.3125 2.5 0.10000000000000001
          5.375 2.5 0.10000000000000001
          5.4375 2.5 0.10000000000000001
          5.5 2.5 0.10000000000000001
          5.5625 2.5 0.10000000000000001
          5.625 2.5 0.10000000000000001
          5.6875 2.5 0.10000000000000001
          5.75 2.5 0.10000000000000001
          5.8125 2.5 0.10000000000000001
          5.875 2.5 0.10000000000000001
          5.9375 2.5 0.10000000000000001
          6 2.5 0.10000000000000001
          6.0625 2.5 0.10000000000000001
          6.125 2.5 0.10000000000000001
          6.1875 2.5 0.10000000000000001
          6.25 2.5 0.10000000000000001
          6.3125 2.5 0.10000000000000001
          6.375 2.5 0.10000000000000001
          6.4375 2.5 0.10000000000000001
          6.5 2.5 0.10000000000000001
          6.5625 2.5 0.10000000000000001
          6.625 2.5 0.10000000000000001
          6.6875 2.5 0.10000000000000001
          6.75 2.5 0.10000000000000001
          6.8125 2.5 0.10000000000000001
          6.875 2.5 0.10000000000000001
          6.9375 2.5 0.10000000000000001
          7 2.5 0.10000000000000001
          0 2.5625 0.10000000000000001
          0.0625 2.5625 0.10000000000000001
          0.125 2.5625 0.10000000000000001
          0.1875 2.5625 0.10000000000000001
          0.25 2.5625 0.10000000000000001
          0.3125 2.5625 0.10000000000000001
          0.375 2.5625 0.10000000000000001
          0.4375 2.5625 0.10000000000000001
          0.5 2.5625 0.10000000000000001
          0.5625 2.5625 0.10000000000000001
          0.625 2.5625 0.10000000000000001
          0.6875 2.5625 0.10000000000000001
          0.75 2.5625 0.10000000000000001
          0.8125 2.5625 0.10000000000000001
          0.875 2.5625 0.10000000000000001
          0.9375 2.5625 0.10000000000000001
          1 2.5625 0.10000000000000001
          1.0625 2.5625 0.10000000000000001
          1.125 2.5625 0.10000000000000001
          1.1875 2.5625 0.10000000000000001
          1.25 2.5625 0.10000000000000001
          1.3125 2.5625 0.10000000000000001
          1.375 2.5625 0.10000000000000001
          1.4375 2.5625 0.10000000000000001
          1.5 2.5625 0.10000000000000001
          1.5625 2.5625 0.10000000000000001
          1.625 2.5625 0.10000000000000001
          1.6875 2.5625 0.10000000000000001
          1.75 2.5625 0.10000000000000001
          1.8125 2.5625 0.10000000000000001
          1.875 2.5625 0.10000000000000001
          1.9375 2.5625 0.10000000000000001
          2 2.5625 0.10000000000000001
          2.0625 2.5625 0.10000000000000001
          2.125 2.5625 0.10000000000000001
          2.1875 2.5625 0.10000000000000001
          2.25 2.5625 0.10000000000000001
          2.3125 2.5625 0.10000000000000001
          2.375 2.5625 0.10000000000000001
          2.4375 2.5625 0.10000000000000001
          2.5 2.5625 0.10000000000000001
          2.5625 2.5625 0.10000000000000001
          2.625 2.5625 0.10000000000000001
          2.6875 2.5625 0.10000000000000001
          2.75 2.5625 0.10000000000000001
          2.8125 2.5625 0.10000000000000001
          2.875 2.5625 0.10000000000000001
          2.9375 2.5625 0.10000000000000001
          3 2.5625 0.10000000000000001
          3.0625 2.5625 0.10000000000000001
          3.125 2.5625 0.10000000000000001
          3.1875 2.5625 0.10000000000000001
          3.25 2.5625 0.10000000000000001
          3.3125 2.5625 0.10000000000000001
          3.375 2.5625 0.10000000000000001
          3.4375 2.5625 0.10000000000000001
          3.5 2.5625 0.10000000000000001
          3.5625 2.5625 0.10000000000000001
          3.625 2.5625 0.10000000000000001
          3.6875 2.5625 0.10000000000000001
          3.75 2.5625 0.10000000000000001
          3.8125 2.5625 0.10000000000000001
          3.875 2.5625 0.10000000000000001
          3.9375 2.5625 0.10000000000000001
          4 2.5625 0.10000000000000001
          4.0625 2.5625 0.10000000000000001
          4.125 2.5625 0.10000000000000001
          4.1875 2.5625 0.10000000000000001
          4.25 2.5625 0.10000000000000001
          4.3125 2.5625 0.10000000000000001
          4.375 2.5625 0.10000000000000001
          4.4375 2.5625 0.10000000000000001
          4.5 2.5625 0.10000000000000001
          4.5625 2.5625 0.10000000000000001
          4.625 2.5625 0.10000000000000001
          4.6875 2.5625 0.10000000000000001
          4.75 2.5625 0.10000000000000001
          4.8125 2.5625 0.10000000000000001
          4.875 2.5625 0.10000000000000001
          4.9375 2.5625 0.10000000000000001
          5 2.5625 0.10000000000000001
          5.0625 2.5625 0.10000000000000001
          5.125 2.5625 0.10000000000000001
          5.1875 2.5625 0.10000000000000001
          5.25 2.5625 0.10000000000000001
          5.3125 2.5625 0.10000000000000001
          5.375 2.5625 0.10000000000000001
          5.4375 2.5625 0.10000000000000001
          5.5 2.5625 0.10000000000000001
          5.5625 2.5625 0.10000000000000001
          5.625 2.5625 0.10000000000000001
          5.6875 2.5625 0.10000000000000001
          5.75 2.5625 0.10000000000000001
          5.8125 2.5625 0.10000000000000001
          5.875 2.5625 0.10000000000000001
          5.9375 2.5625 0.10000000000000001
          6 2.5625 0.10000000000000001
          6.0625 2.5625 0.10000000000000001
          6.125 2.5625 0.10000000000000001
          6.1875 2.5625 0.10000000000000001
          6.25 2.5625 0.10000000000000001
          6.3125 2.5625 0.10000000000000001
          6.375 2.5625 0.10000000000000001
          6.4375 2.5625 0.10000000000000001
          6.5 2.5625 0.10000000000000001
          6.5625 2.5625 0.10000000000000001
          6.625 2.5625 0.10000000000000001
          6.6875 2.5625 0.10000000000000001
          6.75 2.5625 0.10000000000000001
          6.8125 2.5625 0.10000000000000001
          6.875 2.5625 0.10000000000000001
          6.9375 2.5625 0.10000000000000001
          7 2.5625 0.10000000000000001
          0 2.625 0.10000000000000001
          0.0625 2.625 0.10000000000000001
          0.125 2.625 0.10000000000000001
          0.1875 2.625 0.10000000000000001
          0.25 2.625 0.10000000000000001
          0.3125 2.625 0.10000000000000001
          0.375 2.625 0.10000000000000001
          0.4375 2.625 0.10000000000000001
          0.5 2.625 0.10000000000000001
          0.5625 2.625 0.10000000000000001
          0.625 2.625 0.10000000000000001
          0.6875 2.625 0.10000000000000001
          0.75 2.625 0.10000000000000001
          0.8125 2.625 0.10000000000000001
          0.875 2.625 0.10000000000000001
          0.9375 2.625 0.10000000000000001
          1 2.625 0.10000000000000001
          1.0625 2.625 0.10000000000000001
          1.125 2.625 0.10000000000000001
          1.1875 2.625 0.10000000000000001
          1.25 2.625 0.10000000000000001
          1.3125 2.625 0.10000000000000001
          1.375 2.625 0.10000000000000001
          1.4375 2.625 0.10000000000000001
          1.5 2.625 0.10000000000000001
          1.5625 2.625 0.10000000000000001
          1.625 2.625 0.10000000000000001
          1.6875 2.625 0.10000000000000001
          1.75 2.625 0.10000000000000001
          1.8125 2.625 0.10000000000000001
          1.875 2.625 0.10000000000000001
          1.9375 2.625 0.10000000000000001
          2 2.625 0.10000000000000001
          2.0625 2.625 0.10000000000000001
          2.125 2.625 0.10000000000000001
          2.1875 2.625 0.10000000000000001
          2.25 2.625 0.10000000000000001
          2.3125 2.625 0.10000000000000001
          2.375 2.625 0.10000000000000001
          2.4375 2.625 0.10000000000000001
          2.5 2.625 0.10000000000000001
          2.5625 2.625 0.10000000000000001
          2.625 2.625 0.10000000000000001
          2.6875 2.625 0.10000000000000001
          2.75 2.625 0.10000000000000001
          2.8125 2.625 0.10000000000000001
          2.875 2.625 0.10000000000000001
          2.9375 2.625 0.10000000000000001
          3 2.625 0.10000000000000001
          3.0625 2.625 0.10000000000000001
          3.125 2.625 0.10000000000000001
          3.1875 2.625 0.10000000000000001
          3.25 2.625 0.10000000000000001
          3.3125 2.625 0.10000000000000001
          3.375 2.625 0.10000000000000001
          3.4375 2.625 0.10000000000000001
          3.5 2.625 0.10000000000000001
          3.5625 2.625 0.10000000000000001
          3.625 2.625 0.10000000000000001
          3.6875 2.625 0.10000000000000001
          3.75 2.625 0.10000000000000001
          3.8125 2.625 0.10000000000000001
          3.875 2.625 0.10000000000000001
          3.9375 2.625 0.10000000000000001
          4 2.625 0.10000000000000001
          4.0625 2.625 0.10000000000000001
          4.125 2.625 0.10000000000000001
          4.1875 2.625 0.10000000000000001
          4.25 2.625 0.10000000000000001
          4.3125 2.625 0.10000000000000001
          4.375 2.625 0.10000000000000001
          4.4375 2.625 0.10000000000000001
          4.5 2.625 0.10000000000000001
          4.5625 2.625 0.10000000000000001
          4.625 2.625 0.10000000000000001
          4.6875 2.625 0.10000000000000001
          4.75 2.625 0.10000000000000001
          4.8125 2.625 0.10000000000000001
          4.875 2.625 0.10000000000000001
          4.9375 2.625 0.10000000000000001
          5 2.625 0.10000000000000001
          5.0625 2.625 0.10000000000000001
          5.125 2.625 0.10000000000000001
          5.1875 2.625 0.10000000000000001
          5.25 2.625 0.10000000000000001
          5.3125 2.625 0.10000000000000001
          5.375 2.625 0.10000000000000001
          5.4375 2.625 0.10000000000000001
          5.5 2.625 0.10000000000000001
          5.5625 2.625 0.10000000000000001
          5.625 2.625 0.10000000000000001
          5.6875 2.625 0.10000000000000001
          5.75 2.625 0.10000000000000001
          5.8125 2.625 0.10000000000000001
          5.875 2.625 0.10000000000000001
          5.9375 2.625 0.10000000000000001
          6 2.625 0.10000000000000001
          6.0625 2.625 0.10000000000000001
          6.125 2.625 0.10000000000000001
          6.1875 2.625 0.10000000000000001
          6.25 2.625 0.10000000000000001
          6.3125 2.625 0.10000000000000001
          6.375 2.625 0.10000000000000001
          6.4375 2.625 0.10000000000000001
          6.5 2.625 0.10000000000000001
          6.5625 2.625 0.10000000000000001
          6.625 2.625 0.10000000000000001
          6.6875 2.625 0.10000000000000001
          6.75 2.625 0.10000000000000001
          6.8125 2.625 0.10000000000000001
          6.875 2.625 0.10000000000000001
          6.9375 2.625 0.10000000000000001
          7 2.625 0.10000000000000001
          0 2.6875 0.10000000000000001
          0.0625 2.6875 0.10000000000000001
          0.125 2.6875 0.10000000000000001
          0.1875 2.6875 0.10000000000000001
          0.25 2.6875 0.10000000000000001
          0.3125 2.6875 0.10000000000000001
          0.375 2.6875 0.10000000000000001
          0.4375 2.6875 0.10000000000000001
          0.5 2.6875 0.10000000000000001
          0.5625 2.6875 0.10000000000000001
          0.625 2.6875 0.10000000000000001
          0.6875 2.6875 0.10000000000000001
          0.75 2.6875 0.10000000000000001
          0.8125 2.6875 0.10000000000000001
          0.875 2.6875 0.10000000000000001
          0.9375 2.6875 0.10000000000000001
          1 2.6875 0.10000000000000001
          1.0625 2.6875 0.10000000000000001
          1.125 2.6875 0.10000000000000001
          1.1875 2.6875 0.10000000000000001
          1.25 2.6875 0.10000000000000001
          1.3125 2.6875 0.10000000000000001
          1.375 2.6875 0.10000000000000001
          1.4375 2.6875 0.10000000000000001
          1.5 2.6875 0.10000000000000001
          1.5625 2.6875 0.10000000000000001
          1.625 2.6875 0.10000000000000001
          1.6875 2.6875 0.10000000000000001
          1.75 2.6875 0.10000000000000001
          1.8125 2.6875 0.10000000000000001
          1.875 2.6875 0.10000000000000001
          1.9375 2.6875 0.10000000000000001
          2 2.6875 0.10000000000000001
          2.0625 2.6875 0.10000000000000001
          2.125 2.6875 0.10000000000000001
          2.1875 2.6875 0.10000000000000001
          2.25 2.6875 0.10000000000000001
          2.3125 2.6875 0.10000000000000001
          2.375 2.6875 0.10000000000000001
          2.4375 2.6875 0.10000000000000001
          2.5 2.6875 0.10000000000000001
          2.5625 2.6875 0.10000000000000001
          2.625 2.6875 0.10000000000000001
          2.6875 2.6875 0.10000000000000001
          2.75 2.6875 0.10000000000000001
          2.8125 2.6875 0.10000000000000001
          2.875 2.6875 0.10000000000000001
          2.9375 2.6875 0.10000000000000001
          3 2.6875 0.10000000000000001
          3.0625 2.6875 0.10000000000000001
          3.125 2.6875 0.10000000000000001
          3.1875 2.6875 0.10000000000000001
          3.25 2.6875 0.10000000000000001
          3.3125 2.6875 0.10000000000000001
          3.375 2.6875 0.10000000000000001
          3.4375 2.6875 0.10000000000000001
          3.5 2.6875 0.10000000000000001
          3.5625 2.6875 0.10000000000000001
          3.625 2.6875 0.10000000000000001
          3.6875 2.6875 0.10000000000000001
          3.75 2.6875 0.10000000000000001
          3.8125 2.6875 0.10000000000000001
          3.875 2.6875 0.10000000000000001
          3.9375 2.6875 0.10000000000000001
          4 2.6875 0.10000000000000001
          4.0625 2.6875 0.10000000000000001
          4.125 2.6875 0.10000000000000001
          4.1875 2.6875 0.10000000000000001
          4.25 2.6875 0.10000000000000001
          4.3125 2.6875 0.10000000000000001
          4.375 2.6875 0.10000000000000001
          4.4375 2.6875 0.10000000000000001
          4.5 2.6875 0.10000000000000001
          4.5625 2.6875 0.10000000000000001
          4.625 2.6875 0.10000000000000001
          4.6875 2.6875 0.10000000000000001
          4.75 2.6875 0.10000000000000001
          4.8125 2.6875 0.10000000000000001
          4.875 2.6875 0.10000000000000001
          4.9375 2.6875 0.10000000000000001
          5 2.6875 0.10000000000000001
          5.0625 2.6875 0.10000000000000001
          5.125 2.6875 0.10000000000000001
          5.1875 2.6875 0.10000000000000001
          5.25 2.6875 0.10000000000000001
          5.3125 2.6875 0.10000000000000001
          5.375 2.6875 0.10000000000000001
          5.4375 2.6875 0.10000000000000001
          5.5 2.6875 0.10000000000000001
          5.5625 2.6875 0.10000000000000001
          5.625 2.6875 0.10000000000000001
          5.6875 2.6875 0.10000000000000001
          5.75 2.6875 0.10000000000000001
          5.8125 2.6875 0.10000000000000001
          5.875 2.6875 0.10000000000000001
          5.9375 2.6875 0.10000000000000001
          6 2.6875 0.10000000000000001
          6.0625 2.6875 0.10000000000000001
          6.125 2.6875 0.10000000000000001
          6.1875 2.6875 0.10000000000000001
          6.25 2.6875 0.10000000000000001
          6.3125 2.6875 0.10000000000000001
          6.375 2.6875 0.10000000000000001
          6.4375 2.6875 0.10000000000000001
          6.5 2.6875 0.10000000000000001
          6.5625 2.6875 0.10000000000000001
          6.625 2.6875 0.10000000000000001
          6.6875 2.6875 0.10000000000000001
          6.75 2.6875 0.10000000000000001
          6.8125 2.6875 0.10000000000000001
          6.875 2.6875 0.10000000000000001
          6.9375 2.6875 0.10000000000000001
          7 2.6875 0.10000000000000001
          0 2.75 0.10000000000000001
          0.0625 2.75 0.10000000000000001
          0.125 2.75 0.10000000000000001
          0.1875 2.75 0.10000000000000001
          0.25 2.75 0.10000000000000001
          0.3125 2.75 0.10000000000000001
          0.375 2.75 0.10000000000000001
          0.4375 2.75 0.10000000000000001
          0.5 2.75 0.10000000000000001
          0.5625 2.75 0.10000000000000001
          0.625 2.75 0.10000000000000001
          0.6875 2.75 0.10000000000000001
          0.75 2.75 0.10000000000000001
          0.8125 2.75 0.10000000000000001
          0.875 2.75 0.10000000000000001
          0.9375 2.75 0.10000000000000001
          1 2.75 0.10000000000000001
          1.0625 2.75 0.10000000000000001
          1.125 2.75 0.10000000000000001
          1.1875 2.75 0.10000000000000001
          1.25 2.75 0.10000000000000001
          1.3125 2.75 0.10000000000000001
          1.375 2.75 0.10000000000000001
          1.4375 2.75 0.10000000000000001
          1.5 2.75 0.10000000000000001
          1.5625 2.75 0.10000000000000001
          1.625 2.75 0.10000000000000001
          1.6875 2.75 0.10000000000000001
          1.75 2.75 0.10000000000000001
          1.8125 2.75 0.10000000000000001
          1.875 2.75 0.10000000000000001
          1.9375 2.75 0.10000000000000001
          2 2.75 0.10000000000000001
          2.0625 2.75 0.10000000000000001
          2.125 2.75 0.10000000000000001
          2.1875 2.75 0.10000000000000001
          2.25 2.75 0.10000000000000001
          2.3125 2.75 0.10000000000000001
          2.375 2.75 0.10000000000000001
          2.4375 2.75 0.10000000000000001
          2.5 2.75 0.10000000000000001
          2.5625 2.75 0.10000000000000001
          2.625 2.75 0.10000000000000001
          2.6875 2.75 0.10000000000000001
          2.75 2.75 0.10000000000000001
          2.8125 2.75 0.10000000000000001
          2.875 2.75 0.10000000000000001
          2.9375 2.75 0.10000000000000001
          3 2.75 0.10000000000000001
          3.0625 2.75 0.10000000000000001
          3.125 2.75 0.10000000000000001
          3.1875 2.75 0.10000000000000001
          3.25 2.75 0.10000000000000001
          3.3125 2.75 0.10000000000000001
          3.375 2.75 0.10000000000000001
          3.4375 2.75 0.10000000000000001
          3.5 2.75 0.10000000000000001
          3.5625 2.75 0.10000000000000001
          3.625 2.75 0.10000000000000001
          3.6875 2.75 0.10000000000000001
          3.75 2.75 0.10000000000000001
          3.8125 2.75 0.10000000000000001
          3.875 2.75 0.10000000000000001
          3.9375 2.75 0.10000000000000001
          4 2.75 0.10000000000000001
          4.0625 2.75 0.10000000000000001
          4.125 2.75 0.10000000000000001
          4.1875 2.75 0.10000000000000001
          4.25 2.75 0.10000000000000001
          4.3125 2.75 0.10000000000000001
          4.375 2.75 0.10000000000000001
          4.4375 2.75 0.10000000000000001
          4.5 2.75 0.10000000000000001
          4.5625 2.75 0.10000000000000001
          4.625 2.75 0.10000000000000001
          4.6875 2.75 0.10000000000000001
          4.75 2.75 0.10000000000000001
          4.8125 2.75 0.10000000000000001
          4.875 2.75 0.10000000000000001
          4.9375 2.75 0.10000000000000001
          5 2.75 0.10000000000000001
          5.0625 2.75 0.10000000000000001
          5.125 2.75 0.10000000000000001
          5.1875 2.75 0.10000000000000001
          5.25 2.75 0.10000000000000001
          5.3125 2.75 0.10000000000000001
          5.375 2.75 0.10000000000000001
          5.4375 2.75 0.10000000000000001
          5.5 2.75 0.10000000000000001
          5.5625 2.75 0.10000000000000001
          5.625 2.75 0.10000000000000001
          5.6875 2.75 0.10000000000000001
          5.75 2.75 0.10000000000000001
          5.8125 2.75 0.10000000000000001
          5.875 2.75 0.10000000000000001
          5.9375 2.75 0.10000000000000001
          6 2.75 0.10000000000000001
          6.0625 2.75 0.10000000000000001
          6.125 2.75 0.10000000000000001
          6.1875 2.75 0.10000000000000001
          6.25 2.75 0.10000000000000001
          6.3125 2.75 0.10000000000000001
          6.375 2.75 0.10000000000000001
          6.4375 2.75 0.10000000000000001
          6.5 2.75 0.10000000000000001
          6.5625 2.75 0.10000000000000001
          6.625 2.75 0.10000000000000001
          6.6875 2.75 0.10000000000000001
          6.75 2.75 0.10000000000000001
          6.8125 2.75 0.10000000000000001
          6.875 2.75 0.10000000000000001
          6.9375 2.75 0.10000000000000001
          7 2.75 0.10000000000000001
          0 2.8125 0.10000000000000001
          0.0625 2.8125 0.10000000000000001
          0.125 2.8125 0.10000000000000001
          0.1875 2.8125 0.10000000000000001
          0.25 2.8125 0.10000000000000001
          0.3125 2.8125 0.10000000000000001
          0.375 2.8125 0.10000000000000001
          0.4375 2.8125 0.10000000000000001
          0.5 2.8125 0.10000000000000001
          0.5625 2.8125 0.10000000000000001
          0.625 2.8125 0.10000000000000001
          0.6875 2.8125 0.10000000000000001
          0.75 2.8125 0.10000000000000001
          0.8125 2.8125 0.10000000000000001
          0.875 2.8125 0.10000000000000001
          0.9375 2.8125 0.10000000000000001
          1 2.8125 0.10000000000000001
          1.0625 2.8125 0.10000000000000001
          1.125 2.8125 0.10000000000000001
          1.1875 2.8125 0.10000000000000001
          1.25 2.8125 0.10000000000000001
          1.3125 2.8125 0.10000000000000001
          1.375 2.8125 0.10000000000000001
          1.4375 2.8125 0.10000000000000001
          1.5 2.8125 0.10000000000000001
          1.5625 2.8125 0.10000000000000001
          1.625 2.8125 0.10000000000000001
          1.6875 2.8125 0.10000000000000001
          1.75 2.8125 0.10000000000000001
          1.8125 2.8125 0.10000000000000001
          1.875 2.8125 0.10000000000000001
          1.9375 2.8125 0.10000000000000001
          2 2.8125 0.10000000000000001
          2.0625 2.8125 0.10000000000000001
          2.125 2.8125 0.10000000000000001
          2.1875 2.8125 0.10000000000000001
          2.25 2.8125 0.10000000000000001
          2.3125 2.8125 0.10000000000000001
          2.375 2.8125 0.10000000000000001
          2.4375 2.8125 0.10000000000000001
          2.5 2.8125 0.10000000000000001
          2.5625 2.8125 0.10000000000000001
          2.625 2.8125 0.10000000000000001
          2.6875 2.8125 0.10000000000000001
          2.75 2.8125 0.10000000000000001
          2.8125 2.8125 0.10000000000000001
          2.875 2.8125 0.10000000000000001
          2.9375 2.8125 0.10000000000000001
          3 2.8125 0.10000000000000001
          3.0625 2.8125 0.10000000000000001
          3.125 2.8125 0.10000000000000001
          3.1875 2.8125 0.10000000000000001
          3.25 2.8125 0.10000000000000001
          3.3125 2.8125 0.10000000000000001
          3.375 2.8125 0.10000000000000001
          3.4375 2.8125 0.10000000000000001
          3.5 2.8125 0.10000000000000001
          3.5625 2.8125 0.10000000000000001
          3.625 2.8125 0.10000000000000001
          3.6875 2.8125 0.10000000000000001
          3.75 2.8125 0.10000000000000001
          3.8125 2.8125 0.10000000000000001
          3.875 2.8125 0.10000000000000001
          3.9375 2.8125 0.10000000000000001
          4 2.8125 0.10000000000000001
          4.0625 2.8125 0.10000000000000001
          4.125 2.8125 0.10000000000000001
          4.1875 2.8125 0.10000000000000001
          4.25 2.8125 0.10000000000000001
          4.3125 2.8125 0.10000000000000001
          4.375 2.8125 0.10000000000000001
          4.4375 2.8125 0.10000000000000001
          4.5 2.8125 0.10000000000000001
          4.5625 2.8125 0.10000000000000001
          4.625 2.8125 0.10000000000000001
          4.6875 2.8125 0.10000000000000001
          4.75 2.8125 0.10000000000000001
          4.8125 2.8125 0.10000000000000001
          4.875 2.8125 0.10000000000000001
          4.9375 2.8125 0.10000000000000001
          5 2.8125 0.10000000000000001
          5.0625 2.8125 0.10000000000000001
          5.125 2.8125 0.10000000000000001
          5.1875 2.8125 0.10000000000000001
          5.25 2.8125 0.10000000000000001
          5.3125 2.8125 0.10000000000000001
          5.375 2.8125 0.10000000000000001
          5.4375 2.8125 0.10000000000000001
          5.5 2.8125 0.10000000000000001
          5.5625 2.8125 0.10000000000000001
          5.625 2.8125 0.10000000000000001
          5.6875 2.8125 0.10000000000000001
          5.75 2.8125 0.10000000000000001
          5.8125 2.8125 0.10000000000000001
          5.875 2.8125 0.10000000000000001
          5.9375 2.8125 0.10000000000000001
          6 2.8125 0.10000000000000001
          6.0625 2.8125 0.10000000000000001
          6.125 2.8125 0.10000000000000001
          6.1875 2.8125 0.10000000000000001
          6.25 2.8125 0.10000000000000001
          6.3125 2.8125 0.10000000000000001
          6.375 2.8125 0.10000000000000001
          6.4375 2.8125 0.10000000000000001
          6.5 2.8125 0.10000000000000001
          6.5625 2.8125 0.10000000000000001
          6.625 2.8125 0.10000000000000001
          6.6875 2.8125 0.10000000000000001
          6.75 2.8125 0.10000000000000001
          6.8125 2.8125 0.10000000000000001
          6.875 2.8125 0.10000000000000001
          6.9375 2.8125 0.10000000000000001
          7 2.8125 0.10000000000000001
          0 2.875 0.10000000000000001
          0.0625 2.875 0.10000000000000001
          0.125 2.875 0.10000000000000001
          0.1875 2.875 0.10000000000000001
          0.25 2.875 0.10000000000000001
          0.3125 2.875 0.10000000000000001
          0.375 2.875 0.10000000000000001
          0.4375 2.875 0.10000000000000001
          0.5 2.875 0.10000000000000001
          0.5625 2.875 0.10000000000000001
          0.625 2.875 0.10000000000000001
          0.6875 2.875 0.10000000000000001
          0.75 2.875 0.10000000000000001
          0.8125 2.875 0.10000000000000001
          0.875 2.875 0.10000000000000001
          0.9375 2.875 0.10000000000000001
          1 2.875 0.10000000000000001
          1.0625 2.875 0.10000000000000001
          1.125 2.875 0.10000000000000001
          1.1875 2.875 0.10000000000000001
          1.25 2.875 0.10000000000000001
          1.3125 2.875 0.10000000000000001
          1.375 2.875 0.10000000000000001
          1.4375 2.875 0.10000000000000001
          1.5 2.875 0.10000000000000001
          1.5625 2.875 0.10000000000000001
          1.625 2.875 0.10000000000000001
          1.6875 2.875 0.10000000000000001
          1.75 2.875 0.10000000000000001
          1.8125 2.875 0.10000000000000001
          1.875 2.875 0.10000000000000001
          1.9375 2.875 0.10000000000000001
          2 2.875 0.10000000000000001
          2.0625 2.875 0.10000000000000001
          2.125 2.875 0.10000000000000001
          2.1875 2.875 0.10000000000000001
          2.25 2.875 0.10000000000000001
          2.3125 2.875 0.10000000000000001
          2.375 2.875 0.10000000000000001
          2.4375 2.875 0.10000000000000001
          2.5 2.875 0.10000000000000001
          2.5625 2.875 0.10000000000000001
          2.625 2.875 0.10000000000000001
          2.6875 2.875 0.10000000000000001
          2.75 2.875 0.10000000000000001
          2.8125 2.875 0.10000000000000001
          2.875 2.875 0.10000000000000001
          2.9375 2.875 0.10000000000000001
          3 2.875 0.10000000000000001
          3.0625 2.875 0.10000000000000001
          3.125 2.875 0.10000000000000001
          3.1875 2.875 0.10000000000000001
          3.25 2.875 0.10000000000000001
          3.3125 2.875 0.10000000000000001
          3.375 2.875 0.10000000000000001
          3.4375 2.875 0.10000000000000001
          3.5 2.875 0.10000000000000001
          3.5625 2.875 0.10000000000000001
          3.625 2.875 0.10000000000000001
          3.6875 2.875 0.10000000000000001
          3.75 2.875 0.10000000000000001
          3.8125 2.875 0.10000000000000001
          3.875 2.875 0.10000000000000001
          3.9375 2.875 0.10000000000000001
          4 2.875 0.10000000000000001
          4.0625 2.875 0.10000000000000001
          4.125 2.875 0.10000000000000001
          4.1875 2.875 0.10000000000000001
          4.25 2.875 0.10000000000000001
          4.3125 2.875 0.10000000000000001
          4.375 2.875 0.10000000000000001
          4.4375 2.875 0.10000000000000001
          4.5 2.875 0.10000000000000001
          4.5625 2.875 0.10000000000000001
          4.625 2.875 0.10000000000000001
          4.6875 2.875 0.10000000000000001
          4.75 2.875 0.10000000000000001
          4.8125 2.875 0.10000000000000001
          4.875 2.875 0.10000000000000001
          4.9375 2.875 0.10000000000000001
          5 2.875 0.10000000000000001
          5.0625 2.875 0.10000000000000001
          5.125 2.875 0.10000000000000001
          5.1875 2.875 0.10000000000000001
          5.25 2.875 0.10000000000000001
          5.3125 2.875 0.10000000000000001
          5.375 2.875 0.10000000000000001
          5.4375 2.875 0.10000000000000001
          5.5 2.875 0.10000000000000001
          5.5625 2.875 0.10000000000000001
          5.625 2.875 0.10000000000000001
          5.6875 2.875 0.10000000000000001
          5.75 2.875 0.10000000000000001
          5.8125 2.875 0.10000000000000001
          5.875 2.875 0.10000000000000001
          5.9375 2.875 0.10000000000000001
          6 2.875 0.10000000000000001
          6.0625 2.875 0.10000000000000001
          6.125 2.875 0.10000000000000001
          6.1875 2.875 0.10000000000000001
          6.25 2.875 0.10000000000000001
          6.3125 2.875 0.10000000000000001
          6.375 2.875 0.10000000000000001
          6.4375 2.875 0.10000000000000001
          6.5 2.875 0.10000000000000001
          6.5625 2.875 0.10000000000000001
          6.625 2.875 0.10000000000000001
          6.6875 2.875 0.10000000000000001
          6.75 2.875 0.10000000000000001
          6.8125 2.875 0.10000000000000001
          6.875 2.875 0.10000000000000001
          6.9375 2.875 0.10000000000000001
          7 2.875 0.10000000000000001
          0 2.9375 0.10000000000000001
          0.0625 2.9375 0.10000000000000001
          0.125 2.9375 0.10000000000000001
          0.1875 2.9375 0.10000000000000001
          0.25 2.9375 0.10000000000000001
          0.3125 2.9375 0.10000000000000001
          0.375 2.9375 0.10000000000000001
          0.4375 2.9375 0.10000000000000001
          0.5 2.9375 0.10000000000000001
          0.5625 2.9375 0.10000000000000001
          0.625 2.9375 0.10000000000000001
          0.6875 2.9375 0.10000000000000001
          0.75 2.9375 0.10000000000000001
          0.8125 2.9375 0.10000000000000001
          0.875 2.9375 0.10000000000000001
          0.9375 2.9375 0.10000000000000001
          1 2.9375 0.10000000000000001
          1.0625 2.9375 0.10000000000000001
          1.125 2.9375 0.10000000000000001
          1.1875 2.9375 0.10000000000000001
          1.25 2.9375 0.10000000000000001
          1.3125 2.9375 0.10000000000000001
          1.375 2.9375 0.10000000000000001
          1.4375 2.9375 0.10000000000000001
          1.5 2.9375 0.10000000000000001
          1.5625 2.9375 0.10000000000000001
          1.625 2.9375 0.10000000000000001
          1.6875 2.9375 0.10000000000000001
          1.75 2.9375 0.10000000000000001
          1.8125 2.9375 0.10000000000000001
          1.875 2.9375 0.10000000000000001
          1.9375 2.9375 0.10000000000000001
          2 2.9375 0.10000000000000001
          2.0625 2.9375 0.10000000000000001
          2.125 2.9375 0.10000000000000001
          2.1875 2.9375 0.10000000000000001
          2.25 2.9375 0.10000000000000001
          2.3125 2.9375 0.10000000000000001
          2.375 2.9375 0.10000000000000001
          2.4375 2.9375 0.10000000000000001
          2.5 2.9375 0.10000000000000001
          2.5625 2.9375 0.10000000000000001
          2.625 2.9375 0.10000000000000001
          2.6875 2.9375 0.10000000000000001
          2.75 2.9375 0.10000000000000001
          2.8125 2.9375 0.10000000000000001
          2.875 2.9375 0.10000000000000001
          2.9375 2.9375 0.10000000000000001
          3 2.9375 0.10000000000000001
          3.0625 2.9375 0.10000000000000001
          3.125 2.9375 0.10000000000000001
          3.1875 2.9375 0.10000000000000001
          3.25 2.9375 0.10000000000000001
          3.3125 2.9375 0.10000000000000001
          3.375 2.9375 0.10000000000000001
          3.4375 2.9375 0.10000000000000001
          3.5 2.9375 0.10000000000000001
          3.5625 2.9375 0.10000000000000001
          3.625 2.9375 0.10000000000000001
          3.6875 2.9375 0.10000000000000001
          3.75 2.9375 0.10000000000000001
          3.8125 2.9375 0.10000000000000001
          3.875 2.9375 0.10000000000000001
          3.9375 2.9375 0.10000000000000001
          4 2.9375 0.10000000000000001
          4.0625 2.9375 0.10000000000000001
          4.125 2.9375 0.10000000000000001
          4.1875 2.9375 0.10000000000000001
          4.25 2.9375 0.10000000000000001
          4.3125 2.9375 0.10000000000000001
          4.375 2.9375 0.10000000000000001
          4.4375 2.9375 0.10000000000000001
          4.5 2.9375 0.10000000000000001
          4.5625 2.9375 0.10000000000000001
          4.625 2.9375 0.10000000000000001
          4.6875 2.9375 0.10000000000000001
          4.75 2.9375 0.10000000000000001
          4.8125 2.9375 0.10000000000000001
          4.875 2.9375 0.10000000000000001
          4.9375 2.9375 0.10000000000000001
          5 2.9375 0.10000000000000001
          5.0625 2.9375 0.10000000000000001
          5.125 2.9375 0.10000000000000001
          5.1875 2.9375 0.10000000000000001
          5.25 2.9375 0.10000000000000001
          5.3125 2.9375 0.10000000000000001
          5.375 2.9375 0.10000000000000001
          5.4375 2.9375 0.10000000000000001
          5.5 2.9375 0.10000000000000001
          5.5625 2.9375 0.10000000000000001
          5.625 2.9375 0.10000000000000001
          5.6875 2.9375 0.10000000000000001
          5.75 2.9375 0.10000000000000001
          5.8125 2.9375 0.10000000000000001
          5.875 2.9375 0.10000000000000001
          5.9375 2.9375 0.10000000000000001
          6 2.9375 0.10000000000000001
          6.0625 2.9375 0.10000000000000001
          6.125 2.9375 0.10000000000000001
          6.1875 2.9375 0.10000000000000001
          6.25 2.9375 0.10000000000000001
          6.3125 2.9375 0.10000000000000001
          6.375 2.9375 0.10000000000000001
          6.4375 2.9375 0.10000000000000001
          6.5 2.9375 0.10000000000000001
          6.5625 2.9375 0.10000000000000001
          6.625 2.9375 0.10000000000000001
          6.6875 2.9375 0.10000000000000001
          6.75 2.9375 0.10000000000000001
          6.8125 2.9375 0.10000000000000001
          6.875 2.9375 0.10000000000000001
          6.9375 2.9375 0.10000000000000001
          7 2.9375 0.10000000000000001
          0 3 0.10000000000000001
          0.0625 3 0.10000000000000001
          0.125 3 0.10000000000000001
          0.1875 3 0.10000000000000001
          0.25 3 0.10000000000000001
          0.3125 3 0.10000000000000001
          0.375 3 0.10000000000000001
          0.4375 3 0.10000000000000001
          0.5 3 0.10000000000000001
          0.5625 3 0.10000000000000001
          0.625 3 0.10000000000000001
          0.6875 3 0.10000000000000001
          0.75 3 0.10000000000000001
          0.8125 3 0.10000000000000001
          0.875 3 0.10000000000000001
          0.9375 3 0.10000000000000001
          1 3 0.10000000000000001
          1.0625 3 0.10000000000000001
          1.125 3 0.10000000000000001
          1.1875 3 0.10000000000000001
          1.25 3 0.10000000000000001
          1.3125 3 0.10000000000000001
          1.375 3 0.10000000000000001
          1.4375 3 0.10000000000000001
          1.5 3 0.10000000000000001
          1.5625 3 0.10000000000000001
          1.625 3 0.10000000000000001
          1.6875 3 0.10000000000000001
          1.75 3 0.10000000000000001
          1.8125 3 0.10000000000000001
          1.875 3 0.10000000000000001
          1.9375 3 0.10000000000000001
          2 3 0.10000000000000001
          2.0625 3 0.10000000000000001
          2.125 3 0.10000000000000001
          2.1875 3 0.10000000000000001
          2.25 3 0.10000000000000001
          2.3125 3 0.10000000000000001
          2.375 3 0.10000000000000001
          2.4375 3 0.10000000000000001
          2.5 3 0.10000000000000001
          2.5625 3 0.10000000000000001
          2.625 3 0.10000000000000001
          2.6875 3 0.10000000000000001
          2.75 3 0.10000000000000001
          2.8125 3 0.10000000000000001
          2.875 3 0.10000000000000001
          2.9375 3 0.10000000000000001
          3 3 0.10000000000000001
          3.0625 3 0.10000000000000001
          3.125 3 0.10000000000000001
          3.1875 3 0.10000000000000001
          3.25 3 0.10000000000000001
          3.3125 3 0.10000000000000001
          3.375 3 0.10000000000000001
          3.4375 3 0.10000000000000001
          3.5 3 0.10000000000000001
          3.5625 3 0.10000000000000001
          3.625 3 0.10000000000000001
          3.6875 3 0.10000000000000001
          3.75 3 0.10000000000000001
          3.8125 3 0.10000000000000001
          3.875 3 0.10000000000000001
          3.9375 3 0.10000000000000001
          4 3 0.10000000000000001
          4.0625 3 0.10000000000000001
          4.125 3 0.10000000000000001
          4.1875 3 0.10000000000000001
          4.25 3 0.10000000000000001
          4.3125 3 0.10000000000000001
          4.375 3 0.10000000000000001
          4.4375 3 0.10000000000000001
          4.5 3 0.10000000000000001
          4.5625 3 0.10000000000000001
          4.625 3 0.10000000000000001
          4.6875 3 0.10000000000000001
          4.75 3 0.10000000000000001
          4.8125 3 0.10000000000000001
          4.875 3 0.10000000000000001
          4.9375 3 0.10000000000000001
          5 3 0.10000000000000001
          5.0625 3 0.10000000000000001
          5.125 3 0.10000000000000001
          5.1875 3 0.10000000000000001
          5.25 3 0.10000000000000001
          5.3125 3 0.10000000000000001
          5.375 3 0.10000000000000001
          5.4375 3 0.10000000000000001
          5.5 3 0.10000000000000001
          5.5625 3 0.10000000000000001
          5.625 3 0.10000000000000001
          5.6875 3 0.10000000000000001
          5.75 3 0.10000000000000001
          5.8125 3 0.10000000000000001
          5.875 3 0.10000000000000001
          5.9375 3 0.10000000000000001
          6 3 0.10000000000000001
          6.0625 3 0.10000000000000001
          6.125 3 0.10000000000000001
          6.1875 3 0.10000000000000001
          6.25 3 0.10000000000000001
          6.3125 3 0.10000000000000001
          6.375 3 0.10000000000000001
          6.4375 3 0.10000000000000001
          6.5 3 0.10000000000000001
          6.5625 3 0.10000000000000001
          6.625 3 0.10000000000000001
          6.6875 3 0.10000000000000001
          6.75 3 0.10000000000000001
          6.8125 3 0.10000000000000001
          6.875 3 0.10000000000000001
          6.9375 3 0.10000000000000001
          7 3 0.10000000000000001
        </DataArray>
      </Points>
      <Cells>
        <DataArray type="Int64" Name="connectivity" format="ascii">
          0 2 228 226 11074 11076 11302 11300 1 115 227 113 11075 11189 11301 11187 5537 5539 5763 5765 5650 5652 5538 5764 114 11188 5651
          2 4 230 228 11076 11078 11304 11302 3 117 229 115 11077 11191 11303 11189 5539 5541 5765 5767 5652 5654 5540 5766 116 11190 5653
          4 6 232 230 11078 11080 11306 11304 5 119 231 117 11079 11193 11305 11191 5541 5543 5767 5769 5654 5656 5542 5768 118 11192 5655
          6 8 234 232 11080 11082 11308 11306 7 121 233 119 11081 11195 11307 11193 5543 5545 5769 5771 5656 5658 5544 5770 120 11194 5657
          8 10 236 234 11082 11084 11310 11308 9 123 235 121 11083 11197 11309 11195 5545 5547 5771 5773 5658 5660 5546 5772 122 11196 5659
          10 12 238 236 11084 11086 11312 11310 11 125 237 123 11085 11199 11311 11197 5547 5549 5773 5775 5660 5662 5548 5774 124 11198 5661
          12 14 240 238 11086 11088 11314 11312 13 127 239 125 11087 11201 11313 11199 5549 5551 5775 5777 5662 5664 5550 5776 126 11200 5663
          14 16 242 240 11088 11090 11316 11314 15 129 241 127 11089 11203 11315 11201 5551 5553 5777 5779 5664 5666 5552 5778 128 11202 5665
          16 18 244 242 11090 11092 11318 11316 17 131 243 129 11091 11205 11317 11203 5553 5555 5779 5781 5666 5668 5554 5780 130 11204 5667
          18 20 246 244 11092 11094 11320 11318 19 133 245 131 11093 11207 11319 11205 5555 5557 5781 5783 5668 5670 5556 5782 132 11206 5669
          20 22 248 246 11094 11096 11322 11320 21 135 247 133 11095 11209 11321 11207 5557 5559 5783 5785 5670 5672 5558 5784 134 11208 5671
          22 24 250 248 11096 11098 11324 11322 23 137 249 135 11097 11211 11323 11209 5559 5561 5785 5787 5672 5674 5560 5786 136 11210 5673
          24 26 252 250 11098 11100 11326 11324 25 139 251 137 11099 11213 11325 11211 5561 5563 5787 5789 5674 5676 5562 5788 138 11212 5675
          26 28 254 252 11100 11102 11328 11326 27 141 253 139 11101 11215 11327 11213 5563 5565 5789 5791 5676 5678 5564 5790 140 11214 5677
          28 30 256 254 11102 11104 11330 11328 29 143 255 141 11103 11217 11329 11215 5565 5567 5791 5793 5678 5680 5566 5792 142 11216 5679
          30 32 258 256 11104 11106 11332 11330 31 145 257 143 11105 11219 11331 11217 5567 5569 5793 5795 5680 5682 5568 5794 144 11218 5681
          32 34 260 258 11106 11108 11334 11332 33 147 259 145 11107 11221 11333 11219 5569 5571 5795 5797 5682 5684 5570 5796 146 11220 5683
          34 36 262 260 11108 11110 11336 11334 35 149 261 147 11109 11223 11335 11221 5571 5573 5797 5799 5684 5686 5572 5798 148 11222 5685
          36 38 264 262 11110 11112 11338 11336 37 151 263 149 11111 11225 11337 11223 5573 5575 5799 5801 5686 5688 5574 5800 150 11224 5687
          38 40 266 264 11112 11114 11340 11338 39 153 265 151 11113 11227 11339 11225 5575 5577 5801 5803 5688 5690 5576 5802 152 11226 5689
          40 42 268 266 11114 11116 11342 11340 41 155 267 153 11115 11229 11341 11227 5577 5579 5803 5805 5690 5692 5578 5804 154 11228 5691
          42 44 270 268 11116 11118 11344 11342 43 157 269 155 11117 11231 11343 11229 5579 5581 5805 5807 5692 5694 5580 5806 156 11230 5693
          44 46 272 270 11118 11120 11346 11344 45 159 271 157 11119 11233 11345 11231 5581 5583 5807 5809 5694 5696 5582 5808 158 11232 5695
          46 48 274 272 11120 11122 11348 11346 47 161 273 159 11121 11235 11347 11233 5583 5585 5809 5811 5696 5698 5584 5810 160 11234 5697
          48 50 276 274 11122 11124 11350 11348 49 163 275 161 11123 11237 11349 11235 5585 5587 5811 5813 5698 5700 5586 5812 162 11236 5699
          50 52 278 276 11124 11126 11352 11350 51 165 277 163 11125 11239 11351 11237 5587 5589 5813 5815 5700 5702 5588 5814 164 11238 5701
          52 54 280 278 11126 11128 11354 11352 53 167 279 165 11127 11241 11353 11239 5589 5591 5815 5817 5702 5704 5590 5816 166 11240 5703
          54 56 282 280 11128 11130 11356 11354 55 169 281 167 11129 11243 11355 11241 5591 5593 5817 5819 5704 5706 5592 5818 168 11242 5705
          56 58 284 282 11130 11132 11358 11356 57 171 283 169 11131 11245 11357 11243 5593 5595 5819 5821 5706 5708 5594 5820 170 11244 5707
          58 60 286 284 11132 11134 11360 11358 59 173 285 171 11133 11247 11359 11245 5595 5597 5821 5823 5708 5710 5596 5822 172 11246 5709
          60 62 288 286 11134 11136 11362 11360 61 175 287 173 11135 11249 11361 11247 5597 5599 5823 5825 5710 5712 5598 5824 174 11248 5711
          62 64 290 288 11136 11138 11364 11362 63 177 289 175 11137 11251 11363 11249 5599 5601 5825 5827 5712 5714 5600 5826 176 11250 5713
          64 66 292 290 11138 11140 11366 11364 65 179 291 177 11139 11253 11365 11251 5601 5603 5827 5829 5714 5716 5602 5828 178 11252 5715
          66 68 294 292 11140 11142 11368 11366 67 181 293 179 11141 11255 11367 11253 5603 5605 5829 5831 5716 5718 5604 5830 180 11254 5717
          68 70 296 294 11142 11144 11370 11368 69 183 295 181 11143 11257 11369 11255 5605 5607 5831 5833 5718 5720 5606 5832 182 11256 5719
          70 72 298 296 11144 11146 11372 11370 71 185 297 183 11145 11259 11371 11257 5607 5609 5833 5835 5720 5722 5608 5834 184 11258 5721
          72 74 300 298 11146 11148 11374 11372 73 187 299 185 11147 11261 11373 11259 5609 5611 5835 5837 5722 5724 5610 5836 186 11260 5723
          74 76 302 300 11148 11150 11376 11374 75 189 301 187 11149 11263 11375 11261 5611 5613 5837 5839 5724 5726 5612 5838 188 11262 5725
          76 78 304 302 11150 11152 11378 11376 77 191 303 189 11151 11265 11377 11263 5613 5615 5839 5841 5726 5728 5614 5840 190 11264 5727
          78 80 306 304 11152 11154 11380 11378 79 193 305 191 11153 11267 11379 11265 5615 5617 5841 5843 5728 5730 5616 5842 192 11266 5729
          80 82 308 306 11154 11156 11382 11380 81 195 307 193 11155 11269 11381 11267 5617 5619 5843 5845 5730 5732 5618 5844 194 11268 5731
          82 84 310 308 11156 11158 11384 11382 83 197 309 195 11157 11271 11383 11269 5619 5621 5845 5847 5732 5734 5620 5846 196 11270 5733
          84 86 312 310 11158 11160 11386 11384 85 199 311 197 11159 11273 11385 11271 5621 5623 5847 5849 5734 5736 5622 5848 198 11272 5735
          86 88 314 312 11160 11162 11388 11386 87 201 313 199 11161 11275 11387 11273 5623 5625 5849 5851 5736 5738 5624 5850 200 11274 5737
          88 90 316 314 11162 11164 11390 11388 89 203 315 201 11163 11277 11389 11275 5625 5627 5851 5853 5738 5740 5626 5852 202 11276 5739
          90 92 318 316 11164 11166 11392 11390 91 205 317 203 11165 11279 11391 11277 5627 5629 5853 5855 5740 5742 5628 5854 204 11278 5741
          92 94 320 318 11166 11168 11394 11392 93 207 319 205 11167 11281 11393 11279 5629 5631 5855 5857 5742 5744 5630 5856 206 11280 5743
          94 96 322 320 11168 11170 11396 11394 95 209 321 207 11169 11283 11395 11281 5631 5633 5857 5859 5744 5746 5632 5858 208 11282 5745
          96 98 324 322 11170 11172 11398 11396 97 211 323 209 11171 11285 11397 11283 5633 5635 5859 5861 5746 5748 5634 5860 210 11284 5747
          98 100 326 324 11172 11174 11400 11398 99 213 325 211 11173 11287 11399 11285 5635 5637 5861 5863 5748 5750 5636 5862 212 11286 5749
          100 102 328 326 11174 11176 11402 11400 101 215 327 213 11175 11289 11401 11287 5637 5639 5863 5865 5750 5752 5638 5864 214 11288 5751
          102 104 330 328 11176 11178 11404 11402 103 217 329 215 11177 11291 11403 11289 5639 5641 5865 5867 5752 5754 5640 5866 216 11290 5753
          104 106 332 330 11178 11180 11406 11404 105 219 331 217 11179 11293 11405 11291 5641 5643 5867 5869 5754 5756 5642 5868 218 11292 5755
          106 108 334 332 11180 11182 11408 11406 107 221 333 219 11181 11295 11407 11293 5643 5645 5869 5871 5756 5758 5644 5870 220 11294 5757
          108 110 336 334 11182 11184 11410 11408 109 223 335 221 11183 11297 11409 11295 5645 5647 5871 5873 5758 5760 5646 5872 222 11296 5759
          110 112 338 336 11184 11186 11412 11410 111 225 337 223 11185 11299 11411 11297 5647 5649 5873 5875 5760 5762 5648 5874 224 11298 5761
          226 228 454 452 11300 11302 11528 11526 227 341 453 339 11301 11415 11527 11413 5763 5765 5989 5991 5876 5878 5764 5990 340 11414 5877
          228 230 456 454 11302 11304 11530 11528 229 343 455 341 11303 11417 11529 11415 5765 5767 5991 5993 5878 5880 5766 5992 342 11416 5879
          230 232 458 456 11304 11306 11532 11530 231 345 457 343 11305 11419 11531 11417 5767 5769 5993 5995 5880 5882 5768 5994 344 11418 5881
          232 234 460 458 11306 11308 11534 11532 233 347 459 345 11307 11421 11533 11419 5769 5771 5995 5997 5882 5884 5770 5996 346 11420 5883
          234 236 462 460 11308 11310 11536 11534 235 349 461 347 11309 11423 11535 11421 5771 5773 5997 5999 5884 5886 5772 5998 348 11422 5885
          236 238 464 462 11310 11312 11538 11536 237 351 463 349 11311 11425 11537 11423 5773 5775 5999 6001 5886 5888 5774 6000 350 11424 5887
          238 240 466 464 11312 11314 11540 11538 239 353 465 351 11313 11427 11539 11425 5775 5777 6001 6003 5888 5890 5776 6002 352 11426 5889
          240 242 468 466 11314 11316 11542 11540 241 355 467 353 11315 11429 11541 11427 5777 5779 6003 6005 5890 5892 5778 6004 354 11428 5891
          242 244 470 468 11316 11318 11544 11542 243 357 469 355 11317 11431 11543 11429 5779 5781 6005 6007 5892 5894 5780 6006 356 11430 5893
          244 246 472 470 11318 11320 11546 11544 245 359 471 357 11319 11433 11545 11431 5781 5783 6007 6009 5894 5896 5782 6008 358 11432 5895
          246 248 474 472 11320 11322 11548 11546 247 361 473 359 11321 11435 11547 11433 5783 5785 6009 6011 5896 5898 5784 6010 360 11434 5897
          248 250 476 474 11322 11324 11550 11548 249 363 475 361 11323 11437 11549 11435 5785 5787 6011 6013 5898 5900 5786 6012 362 11436 5899
          250 252 478 476 11324 11326 11552 11550 251 365 477 363 11325 11439 11551 11437 5787 5789 6013 6015 5900 5902 5788 6014 364 11438 5901
          252 254 480 478 11326 11328 11554 11552 253 367 479 365 11327 11441 11553 11439 5789 5791 6015 6017 5902 5904 5790 6016 366 11440 5903
          254 256 482 480 11328 11330 11556 11554 255 369 481 367 11329 11443 11555 11441 5791 5793 6017 6019 5904 5906 5792 6018 368 11442 5905
          256 258 484 482 11330 11332 11558 11556 257 371 483 369 11331 11445 11557 11443 5793 5795 6019 6021 5906 5908 5794 6020 370 11444 5907
          258 260 486 484 11332 11334 11560 11558 259 373 485 371 11333 11447 11559 11445 5795 5797 6021 6023 5908 5910 5796 6022 372 11446 5909
          260 262 488 486 11334 11336 11562 11560 261 375 487 373 11335 11449 11561 11447 5797 5799 6023 6025 5910 5912 5798 6024 374 11448 5911
          262 264 490 488 11336 11338 11564 11562 263 377 489 375 11337 11451 11563 11449 5799 5801 6025 6027 5912 5914 5800 6026 376 11450 5913
          264 266 492 490 11338 11340 11566 11564 265 379 491 377 11339 11453 11565 11451 5801 5803 6027 6029 5914 5916 5802 6028 378 11452 5915
          266 268 494 492 11340 11342 11568 11566 267 381 493 379 11341 11455 11567 11453 5803 5805 6029 6031 5916 5918 5804 6030 380 11454 5917
          268 270 496 494 11342 11344 11570 11568 269 383 495 381 11343 11457 11569 11455 5805 5807 6031 6033 5918 5920 5806 6032 382 11456 5919
          270 272 498 496 11344 11346 11572 11570 271 385 497 383 11345 11459 11571 11457 5807 5809 6033 6035 5920 5922 5808 6034 384 11458 5921
          272 274 500 498 11346 11348 11574 11572 273 387 499 385 11347 11461 11573 11459 5809 5811 6035 6037 5922 5924 5810 6036 386 11460 5923
          274 276 502 500 11348 11350 11576 11574 275 389 501 387 11349 11463 11575 11461 5811 5813 6037 6039 5924 5926 5812 6038 388 11462 5925
          276 278 504 502 11350 11352 11578 11576 277 391 503 389 11351 11465 11577 11463 5813 5815 6039 6041 5926 5928 5814 6040 390 11464 5927
          278 280 506 504 11352 11354 11580 11578 279 393 505 391 11353 11467 11579 11465 5815 5817 6041 6043 5928 5930 5816 6042 392 11466 5929
          280 282 508 506 11354 11356 11582 11580 281 395 507 393 11355 11469 11581 11467 5817 5819 6043 6045 5930 5932 5818 6044 394 11468 5931
          282 284 510 508 11356 11358 11584 11582 283 397 509 395 11357 11471 11583 11469 5819 5821 6045 6047 5932 5934 5820 6046 396 11470 5933
          284 286 512 510 11358 11360 11586 11584 285 399 511 397 11359 11473 11585 11471 5821 5823 6047 6049 5934 5936 5822 6048 398 11472 5935
          286 288 514 512 11360 11362 11588 11586 287 401 513 399 11361 11475 11587 11473 5823 5825 6049 6051 5936 5938 5824 6050 400 11474 5937
          288 290 516 514 11362 11364 11590 11588 289 403 515 401 11363 11477 11589 11475 5825 5827 6051 6053 5938 5940 5826 6052 402 11476 5939
          290 292 518 516 11364 11366 11592 11590 291 405 517 403 11365 11479 11591 11477 5827 5829 6053 6055 5940 5942 5828 6054 404 11478 5941
          292 294 520 518 11366 11368 11594 11592 293 407 519 405 11367 11481 11593 11479 5829 5831 6055 6057 5942 5944 5830 6056 406 11480 5943
          294 296 522 520 11368 11370 11596 11594 295 409 521 407 11369 11483 11595 11481 5831 5833 6057 6059 5944 5946 5832 6058 408 11482 5945
          296 298 524 522 11370 11372 11598 11596 297 411 523 409 11371 11485 11597 11483 5833 5835 6059 6061 5946 5948 5834 6060 410 11484 5947
          298 300 526 524 11372 11374 11600 11598 299 413 525 411 11373 11487 11599 11485 5835 5837 6061 6063 5948 5950 5836 6062 412 11486 5949
          300 302 528 526 11374 11376 11602 11600 301 415 527 413 11375 11489 11601 11487 5837 5839 6063 6065 5950 5952 5838 6064 414 11488 5951
          302 304 530 528 11376 11378 11604 11602 303 417 529 415 11377 11491 11603 11489 5839 5841 6065 6067 5952 5954 5840 6066 416 11490 5953
          304 306 532 530 11378 11380 11606 11604 305 419 531 417 11379 11493 11605 11491 5841 5843 6067 6069 5954 5956 5842 6068 418 11492 5955
          306 308 534 532 11380 11382 11608 11606 307 421 533 419 11381 11495 11607 11493 5843 5845 6069 6071 5956 5958 5844 6070 420 11494 5957
          308 310 536 534 11382 11384 11610 11608 309 423 535 421 11383 11497 11609 11495 5845 5847 6071 6073 5958 5960 5846 6072 422 11496 5959
          310 312 538 536 11384 11386 11612 11610 311 425 537 423 11385 11499 11611 11497 5847 5849 6073 6075 5960 5962 5848 6074 424 11498 5961
          312 314 540 538 11386 11388 11614 11612 313 427 539 425 11387 11501 11613 11499 5849 5851 6075 6077 5962 5964 5850 6076 426 11500 5963
          314 316 542 540 11388 11390 11616 11614 315 429 541 427 11389 11503 11615 11501 5851 5853 6077 6079 5964 5966 5852 6078 428 11502 5965
          316 318 544 542 11390 11392 11618 11616 317 431 543 429 11391 11505 11617 11503 5853 5855 6079 6081 5966 5968 5854 6080 430 11504 5967
          318 320 546 544 11392 11394 11620 11618 319 433 545 431 11393 11507 11619 11505 5855 5857 6081 6083 5968 5970 5856 6082 432 11506 5969
          320 322 548 546 11394 11396 11622 11620 321 435 547 433 11395 11509 11621 11507 5857 5859 6083 6085 5970 5972 5858 6084 434 11508 5971
          322 324 550 548 11396 11398 11624 11622 323 437 549 435 11397 11511 11623 11509 5859 5861 6085 6087 5972 5974 5860 6086 436 11510 5973
          324 326 552 550 11398 11400 11626 11624 325 439 551 437 11399 11513 11625 11511 5861 5863 6087 6089 5974 5976 5862 6088 438 11512 5975
          326 328 554 552 11400 11402 11628 11626 327 441 553 439 11401 11515 11627 11513 5863 5865 6089 6091 5976 5978 5864 6090 440 11514 5977
          328 330 556 554 11402 11404 11630 11628 329 443 555 441 11403 11517 11629 11515 5865 5867 6091 6093 5978 5980 5866 6092 442 11516 5979
          330 332 558 556 11404 11406 11632 11630 331 445 557 443 11405 11519 11631 11517 5867 5869 6093 6095 5980 5982 5868 6094 444 11518 5981
          332 334 560 558 11406 11408 11634 11632 333 447 559 445 11407 11521 11633 11519 5869 5871 6095 6097 5982 5984 5870 6096 446 11520 5983
          334 336 562 560 11408 11410 11636 11634 335 449 561 447 11409 11523 11635 11521 5871 5873 6097 6099 5984 5986 5872 6098 448 11522 5985
          336 338 564 562 11410 11412 11638 11636 337 451 563 449 11411 11525 11637 11523 5873 5875 6099 6101 5986 5988 5874 6100 450 11524 5987
          452 454 680 678 11526 11528 11754 11752 453 567 679 565 11527 11641 11753 11639 5989 5991 6215 6217 6102 6104 5990 6216 566 11640 6103
          454 456 682 680 11528 11530 11756 11754 455 569 681 567 11529 11643 11755 11641 5991 5993 6217 6219 6104 6106 5992 6218 568 11642 6105
          456 458 684 682 11530 11532 11758 11756 457 571 683 569 11531 11645 11757 11643 5993 5995 6219 6221 6106 6108 5994 6220 570 11644 6107
          458 460 686 684 11532 11534 11760 11758 459 573 685 571 11533 11647 11759 11645 5995 5997 6221 6223 6108 6110 5996 6222 572 11646 6109
          460 462 688 686 11534 11536 11762 11760 461 575 687 573 11535 11649 11761 11647 5997 5999 6223 6225 6110 6112 5998 6224 574 11648 6111
          462 464 690 688 11536 11538 11764 11762 463 577 689 575 11537 11651 11763 11649 5999 6001 6225 6227 6112 6114 6000 6226 576 11650 6113
          464 466 692 690 11538 11540 11766 11764 465 579 691 577 11539 11653 11765 11651 6001 6003 6227 6229 6114 6116 6002 6228 578 11652 6115
          466 468 694 692 11540 11542 11768 11766 467 581 693 579 11541 11655 11767 11653 6003 6005 6229 6231 6116 6118 6004 6230 580 11654 6117
          468 470 696 694 11542 11544 11770 11768 469 583 695 581 11543 11657 11769 11655 6005 6007 6231 6233 6118 6120 6006 6232 582 11656 6119
          470 472 698 696 11544 11546 11772 11770 471 585 697 583 11545 11659 11771 11657 6007 6009 6233 6235 6120 6122 6008 6234 584 11658 6121
          472 474 700 698 11546 11548 11774 11772 473 587 699 585 11547 11661 11773 11659 6009 6011 6235 6237 6122 6124 6010 6236 586 11660 6123
          474 476 702 700 11548 11550 11776 11774 475 589 701 587 11549 11663 11775 11661 6011 6013 6237 6239 6124 6126 6012 6238 588 11662 6125
          476 478 704 702 11550 11552 11778 11776 477 591 703 589 11551 11665 11777 11663 6013 6015 6239 6241 6126 6128 6014 6240 590 11664 6127
          478 480 706 704 11552 11554 11780 11778 479 593 705 591 11553 11667 11779 11665 6015 6017 6241 6243 6128 6130 6016 6242 592 11666 6129
          480 482 708 706 11554 11556 11782 11780 481 595 707 593 11555 11669 11781 11667 6017 6019 6243 6245 6130 6132 6018 6244 594 11668 6131
          482 484 710 708 11556 11558 11784 11782 483 597 709 595 11557 11671 11783 11669 6019 6021 6245 6247 6132 6134 6020 6246 596 11670 6133
          484 486 712 710 11558 11560 11786 11784 485 599 711 597 11559 11673 11785 11671 6021 6023 6247 6249 6134 6136 6022 6248 598 11672 6135
          486 488 714 712 11560 11562 11788 11786 487 601 713 599 11561 11675 11787 11673 6023 6025 6249 6251 6136 6138 6024 6250 600 11674 6137
          488 490 716 714 11562 11564 11790 11788 489 603 715 601 11563 11677 11789 11675 6025 6027 6251 6253 6138 6140 6026 6252 602 11676 6139
          490 492 718 716 11564 11566 11792 11790 491 605 717 603 11565 11679 11791 11677 6027 6029 6253 6255 6140 6142 6028 6254 604 11678 6141
          492 494 720 718 11566 11568 11794 11792 493 607 719 605 11567 11681 11793 11679 6029 6031 6255 6257 6142 6144 6030 6256 606 11680 6143
          494 496 722 720 11568 11570 11796 11794 495 609 721 607 11569 11683 11795 11681 6031 6033 6257 6259 6144 6146 6032 6258 608 11682 6145
          496 498 724 722 11570 11572 11798 11796 497 611 723 609 11571 11685 11797 11683 6033 6035 6259 6261 6146 6148 6034 6260 610 11684 6147
          498 500 726 724 11572 11574 11800 11798 499 613 725 611 11573 11687 11799 11685 6035 6037 6261 6263 6148 6150 6036 6262 612 11686 6149
          500 502 728 726 11574 11576 11802 11800 501 615 727 613 11575 11689 11801 11687 6037 6039 6263 6265 6150 6152 6038 6264 614 11688 6151
          502 504 730 728 11576 11578 11804 11802 503 617 729 615 11577 11691 11803 11689 6039 6041 6265 6267 6152 6154 6040 6266 616 11690 6153
          504 506 732 730 11578 11580 11806 11804 505 619 731 617 11579 11693 11805 11691 6041 6043 6267 6269 6154 6156 6042 6268 618 11692 6155
          506 508 734 732 11580 11582 11808 11806 507 621 733 619 11581 11695 11807 11693 6043 6045 6269 6271 6156 6158 6044 6270 620 11694 6157
          508 510 736 734 11582 11584 11810 11808 509 623 735 621 11583 11697 11809 11695 6045 6047 6271 6273 6158 6160 6046 6272 622 11696 6159
          510 512 738 736 11584 11586 11812 11810 511 625 737 623 11585 11699 11811 11697 6047 6049 6273 6275 6160 6162 6048 6274 624 11698 6161
          512 514 740 738 11586 11588 11814 11812 513 627 739 625 11587 11701 11813 11699 6049 6051 6275 6277 6162 6164 6050 6276 626 11700 6163
          514 516 742 740 11588 11590 11816 11814 515 629 741 627 11589 11703 11815 11701 6051 6053 6277 6279 6164 6166 6052 6278 628 11702 6165
          516 518 744 742 11590 11592 11818 11816 517 631 743 629 11591 11705 11817 11703 6053 6055 6279 6281 6166 6168 6054 6280 630 11704 6167
          518 520 746 744 11592 11594 11820 11818 519 633 745 631 11593 11707 11819 11705 6055 6057 6281 6283 6168 6170 6056 6282 632 11706 6169
          520 522 748 746 11594 11596 11822 11820 521 635 747 633 11595 11709 11821 11707 6057 6059 6283 6285 6170 6172 6058 6284 634 11708 6171
          522 524 750 748 11596 11598 11824 11822 523 637 749 635 11597 11711 11823 11709 6059 6061 6285 6287 6172 6174 6060 6286 636 11710 6173
          524 526 752 750 11598 11600 11826 11824 525 639 751 637 11599 11713 11825 11711 6061 6063 6287 6289 6174 6176 6062 6288 638 11712 6175
          526 528 754 752 11600 11602 11828 11826 527 641 753 639 11601 11715 11827 11713 6063 6065 6289 6291 6176 6178 6064 6290 640 11714 6177
          528 530 756 754 11602 11604 11830 11828 529 643 755 641 11603 11717 11829 11715 6065 6067 6291 6293 6178 6180 6066 6292 642 11716 6179
          530 532 758 756 11604 11606 11832 11830 531 645 757 643 11605 11719 11831 11717 6067 6069 6293 6295 6180 6182 6068 6294 644 11718 6181
          532 534 760 758 11606 11608 11834 11832 533 647 759 645 11607 11721 11833 11719 6069 6071 6295 6297 6182 6184 6070 6296 646 11720 6183
          534 536 762 760 11608 11610 11836 11834 535 649 761 647 11609 11723 11835 11721 6071 6073 6297 6299 6184 6186 6072 6298 648 11722 6185
          536 538 764 762 11610 11612 11838 11836 537 651 763 649 11611 11725 11837 11723 6073 6075 6299 6301 6186 6188 6074 6300 650 11724 6187
          538 540 766 764 11612 11614 11840 11838 539 653 765 651 11613 11727 11839 11725 6075 6077 6301 6303 6188 6190 6076 6302 652 11726 6189
          540 542 768 766 11614 11616 11842 11840 541 655 767 653 11615 11729 11841 11727 6077 6079 6303 6305 6190 6192 6078 6304 654 11728 6191
          542 544 770 768 11616 11618 11844 11842 543 657 769 655 11617 11731 11843 11729 6079 6081 6305 6307 6192 6194 6080 6306 656 11730 6193
          544 546 772 770 11618 11620 11846 11844 545 659 771 657 11619 11733 11845 11731 6081 6083 6307 6309 6194 6196 6082 6308 658 11732 6195
          546 548 774 772 11620 11622 11848 11846 547 661 773 659 11621 11735 11847 11733 6083 6085 6309 6311 6196 6198 6084 6310 660 11734 6197
          548 550 776 774 11622 11624 11850 11848 549 663 775 661 11623 11737 11849 11735 6085 6087 6311 6313 6198 6200 6086 6312 662 11736 6199
          550 552 778 776 11624 11626 11852 11850 551 665 777 663 11625 11739 11851 11737 6087 6089 6313 6315 6200 6202 6088 6314 664 11738 6201
          552 554 780 778 11626 11628 11854 11852 553 667 779 665 11627 11741 11853 11739 6089 6091 6315 6317 6202 6204 6090 6316 666 11740 6203
          554 556 782 780 11628 11630 11856 11854 555 669 781 667 11629 11743 11855 11741 6091 6093 6317 6319 6204 6206 6092 6318 668 11742 6205
          556 558 784 782 11630 11632 11858 11856 557 671 783 669 11631 11745 11857 11743 6093 6095 6319 6321 6206 6208 6094 6320 670 11744 6207
          558 560 786 784 11632 11634 11860 11858 559 673 785 671 11633 11747 11859 11745 6095 6097 6321 6323 6208 6210 6096 6322 672 11746 6209
          560 562 788 786 11634 11636 11862 11860 561 675 787 673 11635 11749 11861 11747 6097 6099 6323 6325 6210 6212 6098 6324 674 11748 6211
          562 564 790 788 11636 11638 11864 11862 563 677 789 675 11637 11751 11863 11749 6099 6101 6325 6327 6212 6214 6100 6326 676 11750 6213
          678 680 906 904 11752 11754 11980 11978 679 793 905 791 11753 11867 11979 11865 6215 6217 6441 6443 6328 6330 6216 6442 792 11866 6329
          680 682 908 906 11754 11756 11982 11980 681 795 907 793 11755 11869 11981 11867 6217 6219 6443 6445 6330 6332 6218 6444 794 11868 6331
          682 684 910 908 11756 11758 11984 11982 683 797 909 795 11757 11871 11983 11869 6219 6221 6445 6447 6332 6334 6220 6446 796 11870 6333
          684 686 912 910 11758 11760 11986 11984 685 799 911 797 11759 11873 11985 11871 6221 6223 6447 6449 6334 6336 6222 6448 798 11872 6335
          686 688 914 912 11760 11762 11988 11986 687 801 913 799 11761 11875 11987 11873 6223 6225 6449 6451 6336 6338 6224 6450 800 11874 6337
          688 690 916 914 11762 11764 11990 11988 689 803 915 801 11763 11877 11989 11875 6225 6227 6451 6453 6338 6340 6226 6452 802 11876 6339
          690 692 918 916 11764 11766 11992 11990 691 805 917 803 11765 11879 11991 11877 6227 6229 6453 6455 6340 6342 6228 6454 804 11878 6341
          692 694 920 918 11766 11768 11994 11992 693 807 919 805 11767 11881 11993 11879 6229 6231 6455 6457 6342 6344 6230 6456 806 11880 6343
          694 696 922 920 11768 11770 11996 11994 695 809 921 807 11769 11883 11995 11881 6231 6233 6457 6459 6344 6346 6232 6458 808 11882 6345
          696 698 924 922 11770 11772 11998 11996 697 811 923 809 11771 11885 11997 11883 6233 6235 6459 6461 6346 6348 6234 6460 810 11884 6347
          698 700 926 924 11772 11774 12000 11998 699 813 925 811 11773 11887 11999 11885 6235 6237 6461 6463 6348 6350 6236 6462 812 11886 6349
          700 702 928 926 11774 11776 12002 12000 701 815 927 813 11775 11889 12001 11887 6237 6239 6463 6465 6350 6352 6238 6464 814 11888 6351
          702 704 930 928 11776 11778 12004 12002 703 817 929 815 11777 11891 12003 11889 6239 6241 6465 6467 6352 6354 6240 6466 816 11890 6353
          704 706 932 930 11778 11780 12006 12004 705 819 931 817 11779 11893 12005 11891 6241 6243 6467 6469 6354 6356 6242 6468 818 11892 6355
          706 708 934 932 11780 11782 12008 12006 707 821 933 819 11781 11895 12007 11893 6243 6245 6469 6471 6356 6358 6244 6470 820 11894 6357
          708 710 936 934 11782 11784 12010 12008 709 823 935 821 11783 11897 12009 11895 6245 6247 6471 6473 6358 6360 6246 6472 822 11896 6359
          710 712 938 936 11784 11786 12012 12010 711 825 937 823 11785 11899 12011 11897 6247 6249 6473 6475 6360 6362 6248 6474 824 11898 6361
          712 714 940 938 11786 11788 12014 12012 713 827 939 825 11787 11901 12013 11899 6249 6251 6475 6477 6362 6364 6250 6476 826 11900 6363
          714 716 942 940 11788 11790 12016 12014 715 829 941 827 11789 11903 12015 11901 6251 6253 6477 6479 6364 6366 6252 6478 828 11902 6365
          716 718 944 942 11790 11792 12018 12016 717 831 943 829 11791 11905 12017 11903 6253 6255 6479 6481 6366 6368 6254 6480 830 11904 6367
          718 720 946 944 11792 11794 12020 12018 719 833 945 831 11793 11907 12019 11905 6255 6257 6481 6483 6368 6370 6256 6482 832 11906 6369
          720 722 948 946 11794 11796 12022 12020 721 835 947 833 11795 11909 12021 11907 6257 6259 6483 6485 6370 6372 6258 6484 834 11908 6371
          722 724 950 948 11796 11798 12024 12022 723 837 949 835 11797 11911 12023 11909 6259 6261 6485 6487 6372 6374 6260 6486 836 11910 6373
          724 726 952 950 11798 11800 12026 12024 725 839 951 837 11799 11913 12025 11911 6261 6263 6487 6489 6374 6376 6262 6488 838 11912 6375
          726 728 954 952 11800 11802 12028 12026 727 841 953 839 11801 11915 12027 11913 6263 6265 6489 6491 6376 6378 6264 6490 840 11914 6377
          728 730 956 954 11802 11804 12030 12028 729 843 955 841 11803 11917 12029 11915 6265 6267 6491 6493 6378 6380 6266 6492 842 11916 6379
          730 732 958 956 11804 11806 12032 12030 731 845 957 843 11805 11919 12031 11917 6267 6269 6493 6495 6380 6382 6268 6494 844 11918 6381
          732 734 960 958 11806 11808 12034 12032 733 847 959 845 11807 11921 12033 11919 6269 6271 6495 6497 6382 6384 6270 6496 846 11920 6383
          734 736 962 960 11808 11810 12036 12034 735 849 961 847 11809 11923 12035 11921 6271 6273 6497 6499 6384 6386 6272 6498 848 11922 6385
          736 738 964 962 11810 11812 12038 12036 737 851 963 849 11811 11925 12037 11923 6273 6275 6499 6501 6386 6388 6274 6500 850 11924 6387
          738 740 966 964 11812 11814 12040 12038 739 853 965 851 11813 11927 12039 11925 6275 6277 6501 6503 6388 6390 6276 6502 852 11926 6389
          740 742 968 966 11814 11816 12042 12040 741 855 967 853 11815 11929 12041 11927 6277 6279 6503 6505 6390 6392 6278 6504 854 11928 6391
          742 744 970 968 11816 11818 12044 12042 743 857 969 855 11817 11931 12043 11929 6279 6281 6505 6507 6392 6394 6280 6506 856 11930 6393
          744 746 972 970 11818 11820 12046 12044 745 859 971 857 11819 11933 12045 11931 6281 6283 6507 6509 6394 6396 6282 6508 858 11932 6395
          746 748 974 972 11820 11822 12048 12046 747 861 973 859 11821 11935 12047 11933 6283 6285 6509 6511 6396 6398 6284 6510 860 11934 6397
          748 750 976 974 11822 11824 12050 12048 749 863 975 861 11823 11937 12049 11935 6285 6287 6511 6513 6398 6400 6286 6512 862 11936 6399
          750 752 978 976 11824 11826 12052 12050 751 865 977 863 11825 11939 12051 11937 6287 6289 6513 6515 6400 6402 6288 6514 864 11938 6401
          752 754 980 978 11826 11828 12054 12052 753 867 979 865 11827 11941 12053 11939 6289 6291 6515 6517 6402 6404 6290 6516 866 11940 6403
          754 756 982 980 11828 11830 12056 12054 755 869 981 867 11829 11943 12055 11941 6291 6293 6517 6519 6404 6406 6292 6518 868 11942 6405
          756 758 984 982 11830 11832 12058 12056 757 871 983 869 11831 11945 12057 11943 6293 6295 6519 6521 6406 6408 6294 6520 870 11944 6407
          758 760 986 984 11832 11834 12060 12058 759 873 985 871 11833 11947 12059 11945 6295 6297 6521 6523 6408 6410 6296 6522 872 11946 6409
          760 762 988 986 11834 11836 12062 12060 761 875 987 873 11835 11949 12061 11947 6297 6299 6523 6525 6410 6412 6298 6524 874 11948 6411
          762 764 990 988 11836 11838 12064 12062 763 877 989 875 11837 11951 12063 11949 6299 6301 6525 6527 6412 6414 6300 6526 876 11950 6413
          764 766 992 990 11838 11840 12066 12064 765 879 991 877 11839 11953 12065 11951 6301 6303 6527 6529 6414 6416 6302 6528 878 11952 6415
          766 768 994 992 11840 11842 12068 12066 767 881 993 879 11841 11955 12067 11953 6303 6305 6529 6531 6416 6418 6304 6530 880 11954 6417
          768 770 996 994 11842 11844 12070 12068 769 883 995 881 11843 11957 12069 11955 6305 6307 6531 6533 6418 6420 6306 6532 882 11956 6419
          770 772 998 996 11844 11846 12072 12070 771 885 997 883 11845 11959 12071 11957 6307 6309 6533 6535 6420 6422 6308 6534 884 11958 6421
          772 774 1000 998 11846 11848 12074 12072 773 887 999 885 11847 11961 12073 11959 6309 6311 6535 6537 6422 6424 6310 6536 886 11960 6423
          774 776 1002 1000 11848 11850 12076 12074 775 889 1001 887 11849 11963 12075 11961 6311 6313 6537 6539 6424 6426 6312 6538 888 11962 6425
          776 778 1004 1002 11850 11852 12078 12076 777 891 1003 889 11851 11965 12077 11963 6313 6315 6539 6541 6426 6428 6314 6540 890 11964 6427
          778 780 1006 1004 11852 11854 12080 12078 779 893 1005 891 11853 11967 12079 11965 6315 6317 6541 6543 6428 6430 6316 6542 892 11966 6429
          780 782 1008 1006 11854 11856 12082 12080 781 895 1007 893 11855 11969 12081 11967 6317 6319 6543 6545 6430 6432 6318 6544 894 11968 6431
          782 784 1010 1008 11856 11858 12084 12082 783 897 1009 895 11857 11971 12083 11969 6319 6321 6545 6547 6432 6434 6320 6546 896 11970 6433
          784 786 1012 1010 11858 11860 12086 12084 785 899 1011 897 11859 11973 12085 11971 6321 6323 6547 6549 6434 6436 6322 6548 898 11972 6435
          786 788 1014 1012 11860 11862 12088 12086 787 901 1013 899 11861 11975 12087 11973 6323 6325 6549 6551 6436 6438 6324 6550 900 11974 6437
          788 790 1016 1014 11862 11864 12090 12088 789 903 1015 901 11863 11977 12089 11975 6325 6327 6551 6553 6438 6440 6326 6552 902 11976 6439
          904 906 1132 1130 11978 11980 12206 12204 905 1019 1131 1017 11979 12093 12205 12091 6441 6443 6667 6669 6554 6556 6442 6668 1018 12092 6555
          906 908 1134 1132 11980 11982 12208 12206 907 1021 1133 1019 11981 12095 12207 12093 6443 6445 6669 6671 6556 6558 6444 6670 1020 12094 6557
          908 910 1136 1134 11982 11984 12210 12208 909 1023 1135 1021 11983 12097 12209 12095 6445 6447 6671 6673 6558 6560 6446 6672 1022 12096 6559
          910 912 1138 1136 11984 11986 12212 12210 911 1025 1137 1023 11985 12099 12211 12097 6447 6449 6673 6675 6560 6562 6448 6674 1024 12098 6561
          912 914 1140 1138 11986 11988 12214 12212 913 1027 1139 1025 11987 12101 12213 12099 6449 6451 6675 6677 6562 6564 6450 6676 1026 12100 6563
          914 916 1142 1140 11988 11990 12216 12214 915 1029 1141 1027 11989 12103 12215 12101 6451 6453 6677 6679 6564 6566 6452 6678 1028 12102 6565
          916 918 1144 1142 11990 11992 12218 12216 917 1031 1143 1029 11991 12105 12217 12103 6453 6455 6679 6681 6566 6568 6454 6680 1030 12104 6567
          918 920 1146 1144 11992 11994 12220 12218 919 1033 1145 1031 11993 12107 12219 12105 6455 6457 6681 6683 6568 6570 6456 6682 1032 12106 6569
          920 922 1148 1146 11994 11996 12222 12220 921 1035 1147 1033 11995 12109 12221 12107 6457 6459 6683 6685 6570 6572 6458 6684 1034 12108 6571
          922 924 1150 1148 11996 11998 12224 12222 923 1037 1149 1035 11997 12111 12223 12109 6459 6461 6685 6687 6572 6574 6460 6686 1036 12110 6573
          924 926 1152 1150 11998 12000 12226 12224 925 1039 1151 1037 11999 12113 12225 12111 6461 6463 6687 6689 6574 6576 6462 6688 1038 12112 6575
          926 928 1154 1152 12000 12002 12228 12226 927 1041 1153 1039 12001 12115 12227 12113 6463 6465 6689 6691 6576 6578 6464 6690 1040 12114 6577
          928 930 1156 1154 12002 12004 12230 12228 929 1043 1155 1041 12003 12117 12229 12115 6465 6467 6691 6693 6578 6580 6466 6692 1042 12116 6579
          930 932 1158 1156 12004 12006 12232 12230 931 1045 1157 1043 12005 12119 12231 12117 6467 6469 6693 6695 6580 6582 6468 6694 1044 12118 6581
          932 934 1160 1158 12006 12008 12234 12232 933 1047 1159 1045 12007 12121 12233 12119 6469 6471 6695 6697 6582 6584 6470 6696 1046 12120 6583
          934 936 1162 1160 12008 12010 12236 12234 935 1049 1161 1047 12009 12123 12235 12121 6471 6473 6697 6699 6584 6586 6472 6698 1048 12122 6585
          936 938 1164 1162 12010 12012 12238 12236 937 1051 1163 1049 12011 12125 12237 12123 6473 6475 6699 6701 6586 6588 6474 6700 1050 12124 6587
          938 940 1166 1164 12012 12014 12240 12238 939 1053 1165 1051 12013 12127 12239 12125 6475 6477 6701 6703 6588 6590 6476 6702 1052 12126 6589
          940 942 1168 1166 12014 12016 12242 12240 941 1055 1167 1053 12015 12129 12241 12127 6477 6479 6703 6705 6590 6592 6478 6704 1054 12128 6591
          942 944 1170 1168 12016 12018 12244 12242 943 1057 1169 1055 12017 12131 12243 12129 6479 6481 6705 6707 6592 6594 6480 6706 1056 12130 6593
          944 946 1172 1170 12018 12020 12246 12244 945 1059 1171 1057 12019 12133 12245 12131 6481 6483 6707 6709 6594 6596 6482 6708 1058 12132 6595
          946 948 1174 1172 12020 12022 12248 12246 947 1061 1173 1059 12021 12135 12247 12133 6483 6485 6709 6711 6596 6598 6484 6710 1060 12134 6597
          948 950 1176 1174 12022 12024 12250 12248 949 1063 1175 1061 12023 12137 12249 12135 6485 6487 6711 6713 6598 6600 6486 6712 1062 12136 6599
          950 952 1178 1176 12024 12026 12252 12250 951 1065 1177 1063 12025 12139 12251 12137 6487 6489 6713 6715 6600 6602 6488 6714 1064 12138 6601
          952 954 1180 1178 12026 12028 12254 12252 953 1067 1179 1065 12027 12141 12253 12139 6489 6491 6715 6717 6602 6604 6490 6716 1066 12140 6603
          954 956 1182 1180 12028 12030 12256 12254 955 1069 1181 1067 12029 12143 12255 12141 6491 6493 6717 6719 6604 6606 6492 6718 1068 12142 6605
          956 958 1184 1182 12030 12032 12258 12256 957 1071 1183 1069 12031 12145 12257 12143 6493 6495 6719 6721 6606 6608 6494 6720 1070 12144 6607
          958 960 1186 1184 12032 12034 12260 12258 959 1073 1185 1071 12033 12147 12259 12145 6495 6497 6721 6723 6608 6610 6496 6722 1072 12146 6609
          960 962 1188 1186 12034 12036 12262 12260 961 1075 1187 1073 12035 12149 12261 12147 6497 6499 6723 6725 6610 6612 6498 6724 1074 12148 6611
          962 964 1190 1188 12036 12038 12264 12262 963 1077 1189 1075 12037 12151 12263 12149 6499 6501 6725 6727 6612 6614 6500 6726 1076 12150 6613
          964 966 1192 1190 12038 12040 12266 12264 965 1079 1191 1077 12039 12153 12265 12151 6501 6503 6727 6729 6614 6616 6502 6728 1078 12152 6615
          966 968 1194 1192 12040 12042 12268 12266 967 1081 1193 1079 12041 12155 12267 12153 6503 6505 6729 6731 6616 6618 6504 6730 1080 12154 6617
          968 970 1196 1194 12042 12044 12270 12268 969 1083 1195 1081 12043 12157 12269 12155 6505 6507 6731 6733 6618 6620 6506 6732 1082 12156 6619
          970 972 1198 1196 12044 12046 12272 12270 971 1085 1197 1083 12045 12159 12271 12157 6507 6509 6733 6735 6620 6622 6508 6734 1084 12158 6621
          972 974 1200 1198 12046 12048 12274 12272 973 1087 1199 1085 12047 12161 12273 12159 6509 6511 6735 6737 6622 6624 6510 6736 1086 12160 6623
          974 976 1202 1200 12048 12050 12276 12274 975 1089 1201 1087 12049 12163 12275 12161 6511 6513 6737 6739 6624 6626 6512 6738 1088 12162 6625
          976 978 1204 1202 12050 12052 12278 12276 977 1091 1203 1089 12051 12165 12277 12163 6513 6515 6739 6741 6626 6628 6514 6740 1090 12164 6627
          978 980 1206 1204 12052 12054 12280 12278 979 1093 1205 1091 12053 12167 12279 12165 6515 6517 6741 6743 6628 6630 6516 6742 1092 12166 6629
          980 982 1208 1206 12054 12056 12282 12280 981 1095 1207 1093 12055 12169 12281 12167 6517 6519 6743 6745 6630 6632 6518 6744 1094 12168 6631
          982 984 1210 1208 12056 12058 12284 12282 983 1097 1209 1095 12057 12171 12283 12169 6519 6521 6745 6747 6632 6634 6520 6746 1096 12170 6633
          984 986 1212 1210 12058 12060 12286 12284 985 1099 1211 1097 12059 12173 12285 12171 6521 6523 6747 6749 6634 6636 6522 6748 1098 12172 6635
          986 988 1214 1212 12060 12062 12288 12286 987 1101 1213 1099 12061 12175 12287 12173 6523 6525 6749 6751 6636 6638 6524 6750 1100 12174 6637
          988 990 1216 1214 12062 12064 12290 12288 989 1103 1215 1101 12063 12177 12289 12175 6525 6527 6751 6753 6638 6640 6526 6752 1102 12176 6639
          990 992 1218 1216 12064 12066 12292 12290 991 1105 1217 1103 12065 12179 12291 12177 6527 6529 6753 6755 6640 6642 6528 6754 1104 12178 6641
          992 994 1220 1218 12066 12068 12294 12292 993 1107 1219 1105 12067 12181 12293 12179 6529 6531 6755 6757 6642 6644 6530 6756 1106 12180 6643
          994 996 1222 1220 12068 12070 12296 12294 995 1109 1221 1107 12069 12183 12295 12181 6531 6533 6757 6759 6644 6646 6532 6758 1108 12182 6645
          996 998 1224 1222 12070 12072 12298 12296 997 1111 1223 1109 12071 12185 12297 12183 6533 6535 6759 6761 6646 6648 6534 6760 1110 12184 6647
          998 1000 1226 1224 12072 12074 12300 12298 999 1113 1225 1111 12073 12187 12299 12185 6535 6537 6761 6763 6648 6650 6536 6762 1112 12186 6649
          1000 1002 1228 1226 12074 12076 12302 12300 1001 1115 1227 1113 12075 12189 12301 12187 6537 6539 6763 6765 6650 6652 6538 6764 1114 12188 6651
          1002 1004 1230 1228 12076 12078 12304 12302 1003 1117 1229 1115 12077 12191 12303 12189 6539 6541 6765 6767 6652 6654 6540 6766 1116 12190 6653
          1004 1006 1232 1230 12078 12080 12306 12304 1005 1119 1231 1117 12079 12193 12305 12191 6541 6543 6767 6769 6654 6656 6542 6768 1118 12192 6655
          1006 1008 1234 1232 12080 12082 12308 12306 1007 1121 1233 1119 12081 12195 12307 12193 6543 6545 6769 6771 6656 6658 6544 6770 1120 12194 6657
          1008 1010 1236 1234 12082 12084 12310 12308 1009 1123 1235 1121 12083 12197 12309 12195 6545 6547 6771 6773 6658 6660 6546 6772 1122 12196 6659
          1010 1012 1238 1236 12084 12086 12312 12310 1011 1125 1237 1123 12085 12199 12311 12197 6547 6549 6773 6775 6660 6662 6548 6774 1124 12198 6661
          1012 1014 1240 1238 12086 12088 12314 12312 1013 1127 1239 1125 12087 12201 12313 12199 6549 6551 6775 6777 6662 6664 6550 6776 1126 12200 6663
          1014 1016 1242 1240 12088 12090 12316 12314 1015 1129 1241 1127 12089 12203 12315 12201 6551 6553 6777 6779 6664 6666 6552 6778 1128 12202 6665
          1130 1132 1358 1356 12204 12206 12432 12430 1131 1245 1357 1243 12205 12319 12431 12317 6667 6669 6893 6895 6780 6782 6668 6894 1244 12318 6781
          1132 1134 1360 1358 12206 12208 12434 12432 1133 1247 1359 1245 12207 12321 12433 12319 6669 6671 6895 6897 6782 6784 6670 6896 1246 12320 6783
          1134 1136 1362 1360 12208 12210 12436 12434 1135 1249 1361 1247 12209 12323 12435 12321 6671 6673 6897 6899 6784 6786 6672 6898 1248 12322 6785
          1136 1138 1364 1362 12210 12212 12438 12436 1137 1251 1363 1249 12211 12325 12437 12323 6673 6675 6899 6901 6786 6788 6674 6900 1250 12324 6787
          1138 1140 1366 1364 12212 12214 12440 12438 1139 1253 1365 1251 12213 12327 12439 12325 6675 6677 6901 6903 6788 6790 6676 6902 1252 12326 6789
          1140 1142 1368 1366 12214 12216 12442 12440 1141 1255 1367 1253 12215 12329 12441 12327 6677 6679 6903 6905 6790 6792 6678 6904 1254 12328 6791
          1142 1144 1370 1368 12216 12218 12444 12442 1143 1257 1369 1255 12217 12331 12443 12329 6679 6681 6905 6907 6792 6794 6680 6906 1256 12330 6793
          1144 1146 1372 1370 12218 12220 12446 12444 1145 1259 1371 1257 12219 12333 12445 12331 6681 6683 6907 6909 6794 6796 6682 6908 1258 12332 6795
          1146 1148 1374 1372 12220 12222 12448 12446 1147 1261 1373 1259 12221 12335 12447 12333 6683 6685 6909 6911 6796 6798 6684 6910 1260 12334 6797
          1148 1150 1376 1374 12222 12224 12450 12448 1149 1263 1375 1261 12223 12337 12449 12335 6685 6687 6911 6913 6798 6800 6686 6912 1262 12336 6799
          1150 1152 1378 1376 12224 12226 12452 12450 1151 1265 1377 1263 12225 12339 12451 12337 6687 6689 6913 6915 6800 6802 6688 6914 1264 12338 6801
          1152 1154 1380 1378 12226 12228 12454 12452 1153 1267 1379 1265 12227 12341 12453 12339 6689 6691 6915 6917 6802 6804 6690 6916 1266 12340 6803
          1154 1156 1382 1380 12228 12230 12456 12454 1155 1269 1381 1267 12229 12343 12455 12341 6691 6693 6917 6919 6804 6806 6692 6918 1268 12342 6805
          1156 1158 1384 1382 12230 12232 12458 12456 1157 1271 1383 1269 12231 12345 12457 12343 6693 6695 6919 6921 6806 6808 6694 6920 1270 12344 6807
          1158 1160 1386 1384 12232 12234 12460 12458 1159 1273 1385 1271 12233 12347 12459 12345 6695 6697 6921 6923 6808 6810 6696 6922 1272 12346 6809
          1160 1162 1388 1386 12234 12236 12462 12460 1161 1275 1387 1273 12235 12349 12461 12347 6697 6699 6923 6925 6810 6812 6698 6924 1274 12348 6811
          1162 1164 1390 1388 12236 12238 12464 12462 1163 1277 1389 1275 12237 12351 12463 12349 6699 6701 6925 6927 6812 6814 6700 6926 1276 12350 6813
          1164 1166 1392 1390 12238 12240 12466 12464 1165 1279 1391 1277 12239 12353 12465 12351 6701 6703 6927 6929 6814 6816 6702 6928 1278 12352 6815
          1166 1168 1394 1392 12240 12242 12468 12466 1167 1281 1393 1279 12241 12355 12467 12353 6703 6705 6929 6931 6816 6818 6704 6930 1280 12354 6817
          1168 1170 1396 1394 12242 12244 12470 12468 1169 1283 1395 1281 12243 12357 12469 12355 6705 6707 6931 6933 6818 6820 6706 6932 1282 12356 6819
          1170 1172 1398 1396 12244 12246 12472 12470 1171 1285 1397 1283 12245 12359 12471 12357 6707 6709 6933 6935 6820 6822 6708 6934 1284 12358 6821
          1172 1174 1400 1398 12246 12248 12474 12472 1173 1287 1399 1285 12247 12361 12473 12359 6709 6711 6935 6937 6822 6824 6710 6936 1286 12360 6823
          1174 1176 1402 1400 12248 12250 12476 12474 1175 1289 1401 1287 12249 12363 12475 12361 6711 6713 6937 6939 6824 6826 6712 6938 1288 12362 6825
          1176 1178 1404 1402 12250 12252 12478 12476 1177 1291 1403 1289 12251 12365 12477 12363 6713 6715 6939 6941 6826 6828 6714 6940 1290 12364 6827
          1178 1180 1406 1404 12252 12254 12480 12478 1179 1293 1405 1291 12253 12367 12479 12365 6715 6717 6941 6943 6828 6830 6716 6942 1292 12366 6829
          1180 1182 1408 1406 12254 12256 12482 12480 1181 1295 1407 1293 12255 12369 12481 12367 6717 6719 6943 6945 6830 6832 6718 6944 1294 12368 6831
          1182 1184 1410 1408 12256 12258 12484 12482 1183 1297 1409 1295 12257 12371 12483 12369 6719 6721 6945 6947 6832 6834 6720 6946 1296 12370 6833
          1184 1186 1412 1410 12258 12260 12486 12484 1185 1299 1411 1297 12259 12373 12485 12371 6721 6723 6947 6949 6834 6836 6722 6948 1298 12372 6835
          1186 1188 1414 1412 12260 12262 12488 12486 1187 1301 1413 1299 12261 12375 12487 12373 6723 6725 6949 6951 6836 6838 6724 6950 1300 12374 6837
          1188 1190 1416 1414 12262 12264 12490 12488 1189 1303 1415 1301 12263 12377 12489 12375 6725 6727 6951 6953 6838 6840 6726 6952 1302 12376 6839
          1190 1192 1418 1416 12264 12266 12492 12490 1191 1305 1417 1303 12265 12379 12491 12377 6727 6729 6953 6955 6840 6842 6728 6954 1304 12378 6841
          1192 1194 1420 1418 12266 12268 12494 12492 1193 1307 1419 1305 12267 12381 12493 12379 6729 6731 6955 6957 6842 6844 6730 6956 1306 12380 6843
          1194 1196 1422 1420 12268 12270 12496 12494 1195 1309 1421 1307 12269 12383 12495 12381 6731 6733 6957 6959 6844 6846 6732 6958 1308 12382 6845
          1196 1198 1424 1422 12270 12272 12498 12496 1197 1311 1423 1309 12271 12385 12497 12383 6733 6735 6959 6961 6846 6848 6734 6960 1310 12384 6847
          1198 1200 1426 1424 12272 12274 12500 12498 1199 1313 1425 1311 12273 12387 12499 12385 6735 6737 6961 6963 6848 6850 6736 6962 1312 12386 6849
          1200 1202 1428 1426 12274 12276 12502 12500 1201 1315 1427 1313 12275 12389 12501 12387 6737 6739 6963 6965 6850 6852 6738 6964 1314 12388 6851
          1202 1204 1430 1428 12276 12278 12504 12502 1203 1317 1429 1315 12277 12391 12503 12389 6739 6741 6965 6967 6852 6854 6740 6966 1316 12390 6853
          1204 1206 1432 1430 12278 12280 12506 12504 1205 1319 1431 1317 12279 12393 12505 12391 6741 6743 6967 6969 6854 6856 6742 6968 1318 12392 6855
          1206 1208 1434 1432 12280 12282 12508 12506 1207 1321 1433 1319 12281 12395 12507 12393 6743 6745 6969 6971 6856 6858 6744 6970 1320 12394 6857
          1208 1210 1436 1434 12282 12284 12510 12508 1209 1323 1435 1321 12283 12397 12509 12395 6745 6747 6971 6973 6858 6860 6746 6972 1322 12396 6859
          1210 1212 1438 1436 12284 12286 12512 12510 1211 1325 1437 1323 12285 12399 12511 12397 6747 6749 6973 6975 6860 6862 6748 6974 1324 12398 6861
          1212 1214 1440 1438 12286 12288 12514 12512 1213 1327 1439 1325 12287 12401 12513 12399 6749 6751 6975 6977 6862 6864 6750 6976 1326 12400 6863
          1214 1216 1442 1440 12288 12290 12516 12514 1215 1329 1441 1327 12289 12403 12515 12401 6751 6753 6977 6979 6864 6866 6752 6978 1328 12402 6865
          1216 1218 1444 1442 12290 12292 12518 12516 1217 1331 1443 1329 12291 12405 12517 12403 6753 6755 6979 6981 6866 6868 6754 6980 1330 12404 6867
          1218 1220 1446 1444 12292 12294 12520 12518 1219 1333 1445 1331 12293 12407 12519 12405 6755 6757 6981 6983 6868 6870 6756 6982 1332 12406 6869
          1220 1222 1448 1446 12294 12296 12522 12520 1221 1335 1447 1333 12295 12409 12521 12407 6757 6759 6983 6985 6870 6872 6758 6984 1334 12408 6871
          1222 1224 1450 1448 12296 12298 12524 12522 1223 1337 1449 1335 12297 12411 12523 12409 6759 6761 6985 6987 6872 6874 6760 6986 1336 12410 6873
          1224 1226 1452 1450 12298 12300 12526 12524 1225 1339 1451 1337 12299 12413 12525 12411 6761 6763 6987 6989 6874 6876 6762 6988 1338 12412 6875
          1226 1228 1454 1452 12300 12302 12528 12526 1227 1341 1453 1339 12301 12415 12527 12413 6763 6765 6989 6991 6876 6878 6764 6990 1340 12414 6877
          1228 1230 1456 1454 12302 12304 12530 12528 1229 1343 1455 1341 12303 12417 12529 12415 6765 6767 6991 6993 6878 6880 6766 6992 1342 12416 6879
          1230 1232 1458 1456 12304 12306 12532 12530 1231 1345 1457 1343 12305 12419 12531 12417 6767 6769 6993 6995 6880 6882 6768 6994 1344 12418 6881
          1232 1234 1460 1458 12306 12308 12534 12532 1233 1347 1459 1345 12307 12421 12533 12419 6769 6771 6995 6997 6882 6884 6770 6996 1346 12420 6883
          1234 1236 1462 1460 12308 12310 12536 12534 1235 1349 1461 1347 12309 12423 12535 12421 6771 6773 6997 6999 6884 6886 6772 6998 1348 12422 6885
          1236 1238 1464 1462 12310 12312 12538 12536 1237 1351 1463 1349 12311 12425 12537 12423 6773 6775 6999 7001 6886 6888 6774 7000 1350 12424 6887
          1238 1240 1466 1464 12312 12314 12540 12538 1239 1353 1465 1351 12313 12427 12539 12425 6775 6777 7001 7003 6888 6890 6776 7002 1352 12426 6889
          1240 1242 1468 1466 12314 12316 12542 12540 1241 1355 1467 1353 12315 12429 12541 12427 6777 6779 7003 7005 6890 6892 6778 7004 1354 12428 6891
          1356 1358 1584 1582 12430 12432 12658 12656 1357 1471 1583 1469 12431 12545 12657 12543 6893 6895 7119 7121 7006 7008 6894 7120 1470 12544 7007
          1358 1360 1586 1584 12432 12434 12660 12658 1359 1473 1585 1471 12433 12547 12659 12545 6895 6897 7121 7123 7008 7010 6896 7122 1472 12546 7009
          1360 1362 1588 1586 12434 12436 12662 12660 1361 1475 1587 1473 12435 12549 12661 12547 6897 6899 7123 7125 7010 7012 6898 7124 1474 12548 7011
          1362 1364 1590 1588 12436 12438 12664 12662 1363 1477 1589 1475 12437 12551 12663 12549 6899 6901 7125 7127 7012 7014 6900 7126 1476 12550 7013
          1364 1366 1592 1590 12438 12440 12666 12664 1365 1479 1591 1477 12439 12553 12665 12551 6901 6903 7127 7129 7014 7016 6902 7128 1478 12552 7015
          1366 1368 1594 1592 12440 12442 12668 12666 1367 1481 1593 1479 12441 12555 12667 12553 6903 6905 7129 7131 7016 7018 6904 7130 1480 12554 7017
          1368 1370 1596 1594 12442 12444 12670 12668 1369 1483 1595 1481 12443 12557 12669 12555 6905 6907 7131 7133 7018 7020 6906 7132 1482 12556 7019
          1370 1372 1598 1596 12444 12446 12672 12670 1371 1485 1597 1483 12445 12559 12671 12557 6907 6909 7133 7135 7020 7022 6908 7134 1484 12558 7021
          1372 1374 1600 1598 12446 12448 12674 12672 1373 1487 1599 1485 12447 12561 12673 12559 6909 6911 7135 7137 7022 7024 6910 7136 1486 12560 7023
          1374 1376 1602 1600 12448 12450 12676 12674 1375 1489 1601 1487 12449 12563 12675 12561 6911 6913 7137 7139 7024 7026 6912 7138 1488 12562 7025
          1376 1378 1604 1602 12450 12452 12678 12676 1377 1491 1603 1489 12451 12565 12677 12563 6913 6915 7139 7141 7026 7028 6914 7140 1490 12564 7027
          1378 1380 1606 1604 12452 12454 12680 12678 1379 1493 1605 1491 12453 12567 12679 12565 6915 6917 7141 7143 7028 7030 6916 7142 1492 12566 7029
          1380 1382 1608 1606 12454 12456 12682 12680 1381 1495 1607 1493 12455 12569 12681 12567 6917 6919 7143 7145 7030 7032 6918 7144 1494 12568 7031
          1382 1384 1610 1608 12456 12458 12684 12682 1383 1497 1609 1495 12457 12571 12683 12569 6919 6921 7145 7147 7032 7034 6920 7146 1496 12570 7033
          1384 1386 1612 1610 12458 12460 12686 12684 1385 1499 1611 1497 12459 12573 12685 12571 6921 6923 7147 7149 7034 7036 6922 7148 1498 12572 7035
          1386 1388 1614 1612 12460 12462 12688 12686 1387 1501 1613 1499 12461 12575 12687 12573 6923 6925 7149 7151 7036 7038 6924 7150 1500 12574 7037
          1388 1390 1616 1614 12462 12464 12690 12688 1389 1503 1615 1501 12463 12577 12689 12575 6925 6927 7151 7153 7038 7040 6926 7152 1502 12576 7039
          1390 1392 1618 1616 12464 12466 12692 12690 1391 1505 1617 1503 12465 12579 12691 12577 6927 6929 7153 7155 7040 7042 6928 7154 1504 12578 7041
          1392 1394 1620 1618 12466 12468 12694 12692 1393 1507 1619 1505 12467 12581 12693 12579 6929 6931 7155 7157 7042 7044 6930 7156 1506 12580 7043
          1394 1396 1622 1620 12468 12470 12696 12694 1395 1509 1621 1507 12469 12583 12695 12581 6931 6933 7157 7159 7044 7046 6932 7158 1508 12582 7045
          1396 1398 1624 1622 12470 12472 12698 12696 1397 1511 1623 1509 12471 12585 12697 12583 6933 6935 7159 7161 7046 7048 6934 7160 1510 12584 7047
          1398 1400 1626 1624 12472 12474 12700 12698 1399 1513 1625 1511 12473 12587 12699 12585 6935 6937 7161 7163 7048 7050 6936 7162 1512 12586 7049
          1400 1402 1628 1626 12474 12476 12702 12700 1401 1515 1627 1513 12475 12589 12701 12587 6937 6939 7163 7165 7050 7052 6938 7164 1514 12588 7051
          1402 1404 1630 1628 12476 12478 12704 12702 1403 1517 1629 1515 12477 12591 12703 12589 6939 6941 7165 7167 7052 7054 6940 7166 1516 12590 7053
          1404 1406 1632 1630 12478 12480 12706 12704 1405 1519 1631 1517 12479 12593 12705 12591 6941 6943 7167 7169 7054 7056 6942 7168 1518 12592 7055
          1406 1408 1634 1632 12480 12482 12708 12706 1407 1521 1633 1519 12481 12595 12707 12593 6943 6945 7169 7171 7056 7058 6944 7170 1520 12594 7057
          1408 1410 1636 1634 12482 12484 12710 12708 1409 1523 1635 1521 12483 12597 12709 12595 6945 6947 7171 7173 7058 7060 6946 7172 1522 12596 7059
          1410 1412 1638 1636 12484 12486 12712 12710 1411 1525 1637 1523 12485 12599 12711 12597 6947 6949 7173 7175 7060 7062 6948 7174 1524 12598 7061
          1412 1414 1640 1638 12486 12488 12714 12712 1413 1527 1639 1525 12487 12601 12713 12599 6949 6951 7175 7177 7062 7064 6950 7176 1526 12600 7063
          1414 1416 1642 1640 12488 12490 12716 12714 1415 1529 1641 1527 12489 12603 12715 12601 6951 6953 7177 7179 7064 7066 6952 7178 1528 12602 7065
          1416 1418 1644 1642 12490 12492 12718 12716 1417 1531 1643 1529 12491 12605 12717 12603 6953 6955 7179 7181 7066 7068 6954 7180 1530 12604 7067
          1418 1420 1646 1644 12492 12494 12720 12718 1419 1533 1645 1531 12493 12607 12719 12605 6955 6957 7181 7183 7068 7070 6956 7182 1532 12606 7069
          1420 1422 1648 1646 12494 12496 12722 12720 1421 1535 1647 1533 12495 12609 12721 12607 6957 6959 7183 7185 7070 7072 6958 7184 1534 12608 7071
          1422 1424 1650 1648 12496 12498 12724 12722 1423 1537 1649 1535 12497 12611 12723 12609 6959 6961 7185 7187 7072 7074 6960 7186 1536 12610 7073
          1424 1426 1652 1650 12498 12500 12726 12724 1425 1539 1651 1537 12499 12613 12725 12611 6961 6963 7187 7189 7074 7076 6962 7188 1538 12612 7075
          1426 1428 1654 1652 12500 12502 12728 12726 1427 1541 1653 1539 12501 12615 12727 12613 6963 6965 7189 7191 7076 7078 6964 7190 1540 12614 7077
          1428 1430 1656 1654 12502 12504 12730 12728 1429 1543 1655 1541 12503 12617 12729 12615 6965 6967 7191 7193 7078 7080 6966 7192 1542 12616 7079
          1430 1432 1658 1656 12504 12506 12732 12730 1431 1545 1657 1543 12505 12619 12731 12617 6967 6969 7193 7195 7080 7082 6968 7194 1544 12618 7081
          1432 1434 1660 1658 12506 12508 12734 12732 1433 1547 1659 1545 12507 12621 12733 12619 6969 6971 7195 7197 7082 7084 6970 7196 1546 12620 7083
          1434 1436 1662 1660 12508 12510 12736 12734 1435 1549 1661 1547 12509 12623 12735 12621 6971 6973 7197 7199 7084 7086 6972 7198 1548 12622 7085
          1436 1438 1664 1662 12510 12512 12738 12736 1437 1551 1663 1549 12511 12625 12737 12623 6973 6975 7199 7201 7086 7088 6974 7200 1550 12624 7087
          1438 1440 1666 1664 12512 12514 12740 12738 1439 1553 1665 1551 12513 12627 12739 12625 6975 6977 7201 7203 7088 7090 6976 7202 1552 12626 7089
          1440 1442 1668 1666 12514 12516 12742 12740 1441 1555 1667 1553 12515 12629 12741 12627 6977 6979 7203 7205 7090 7092 6978 7204 1554 12628 7091
          1442 1444 1670 1668 12516 12518 12744 12742 1443 1557 1669 1555 12517 12631 12743 12629 6979 6981 7205 7207 7092 7094 6980 7206 1556 12630 7093
          1444 1446 1672 1670 12518 12520 12746 12744 1445 1559 1671 1557 12519 12633 12745 12631 6981 6983 7207 7209 7094 7096 6982 7208 1558 12632 7095
          1446 1448 1674 1672 12520 12522 12748 12746 1447 1561 1673 1559 12521 12635 12747 12633 6983 6985 7209 7211 7096 7098 6984 7210 1560 12634 7097
          1448 1450 1676 1674 12522 12524 12750 12748 1449 1563 1675 1561 12523 12637 12749 12635 6985 6987 7211 7213 7098 7100 6986 7212 1562 12636 7099
          1450 1452 1678 1676 12524 12526 12752 12750 1451 1565 1677 1563 12525 12639 12751 12637 6987 6989 7213 7215 7100 7102 6988 7214 1564 12638 7101
          1452 1454 1680 1678 12526 12528 12754 12752 1453 1567 1679 1565 12527 12641 12753 12639 6989 6991 7215 7217 7102 7104 6990 7216 1566 12640 7103
          1454 1456 1682 1680 12528 12530 12756 12754 1455 1569 1681 1567 12529 12643 12755 12641 6991 6993 7217 7219 7104 7106 6992 7218 1568 12642 7105
          1456 1458 1684 1682 12530 12532 12758 12756 1457 1571 1683 1569 12531 12645 12757 12643 6993 6995 7219 7221 7106 7108 6994 7220 1570 12644 7107
          1458 1460 1686 1684 12532 12534 12760 12758 1459 1573 1685 1571 12533 12647 12759 12645 6995 6997 7221 7223 7108 7110 6996 7222 1572 12646 7109
          1460 1462 1688 1686 12534 12536 12762 12760 1461 1575 1687 1573 12535 12649 12761 12647 6997 6999 7223 7225 7110 7112 6998 7224 1574 12648 7111
          1462 1464 1690 1688 12536 12538 12764 12762 1463 1577 1689 1575 12537 12651 12763 12649 6999 7001 7225 7227 7112 7114 7000 7226 1576 12650 7113
          1464 1466 1692 1690 12538 12540 12766 12764 1465 1579 1691 1577 12539 12653 12765 12651 7001 7003 7227 7229 7114 7116 7002 7228 1578 12652 7115
          1466 1468 1694 1692 12540 12542 12768 12766 1467 1581 1693 1579 12541 12655 12767 12653 7003 7005 7229 7231 7116 7118 7004 7230 1580 12654 7117
          1582 1584 1810 1808 12656 12658 12884 12882 1583 1697 1809 1695 12657 12771 12883 12769 7119 7121 7345 7347 7232 7234 7120 7346 1696 12770 7233
          1584 1586 1812 1810 12658 12660 12886 12884 1585 1699 1811 1697 12659 12773 12885 12771 7121 7123 7347 7349 7234 7236 7122 7348 1698 12772 7235
          1586 1588 1814 1812 12660 12662 12888 12886 1587 1701 1813 1699 12661 12775 12887 12773 7123 7125 7349 7351 7236 7238 7124 7350 1700 12774 7237
          1588 1590 1816 1814 12662 12664 12890 12888 1589 1703 1815 1701 12663 12777 12889 12775 7125 7127 7351 7353 7238 7240 7126 7352 1702 12776 7239
          1590 1592 1818 1816 12664 12666 12892 12890 1591 1705 1817 1703 12665 12779 12891 12777 7127 7129 7353 7355 7240 7242 7128 7354 1704 12778 7241
          1592 1594 1820 1818 12666 12668 12894 12892 1593 1707 1819 1705 12667 12781 12893 12779 7129 7131 7355 7357 7242 7244 7130 7356 1706 12780 7243
          1594 1596 1822 1820 12668 12670 12896 12894 1595 1709 1821 1707 12669 12783 12895 12781 7131 7133 7357 7359 7244 7246 7132 7358 1708 12782 7245
          1596 1598 1824 1822 12670 12672 12898 12896 1597 1711 1823 1709 12671 12785 12897 12783 7133 7135 7359 7361 7246 7248 7134 7360 1710 12784 7247
          1598 1600 1826 1824 12672 12674 12900 12898 1599 1713 1825 1711 12673 12787 12899 12785 7135 7137 7361 7363 7248 7250 7136 7362 1712 12786 7249
          1600 1602 1828 1826 12674 12676 12902 12900 1601 1715 1827 1713 12675 12789 12901 12787 7137 7139 7363 7365 7250 7252 7138 7364 1714 12788 7251
          1602 1604 1830 1828 12676 12678 12904 12902 1603 1717 1829 1715 12677 12791 12903 12789 7139 7141 7365 7367 7252 7254 7140 7366 1716 12790 7253
          1604 1606 1832 1830 12678 12680 12906 12904 1605 1719 1831 1717 12679 12793 12905 12791 7141 7143 7367 7369 7254 7256 7142 7368 1718 12792 7255
          1606 1608 1834 1832 12680 12682 12908 12906 1607 1721 1833 1719 12681 12795 12907 12793 7143 7145 7369 7371 7256 7258 7144 7370 1720 12794 7257
          1608 1610 1836 1834 12682 12684 12910 12908 1609 1723 1835 1721 12683 12797 12909 12795 7145 7147 7371 7373 7258 7260 7146 7372 1722 12796 7259
          1610 1612 1838 1836 12684 12686 12912 12910 1611 1725 1837 1723 12685 12799 12911 12797 7147 7149 7373 7375 7260 7262 7148 7374 1724 12798 7261
          1612 1614 1840 1838 12686 12688 12914 12912 1613 1727 1839 1725 12687 12801 12913 12799 7149 7151 7375 7377 7262 7264 7150 7376 1726 12800 7263
          1614 1616 1842 1840 12688 12690 12916 12914 1615 1729 1841 1727 12689 12803 12915 12801 7151 7153 7377 7379 7264 7266 7152 7378 1728 12802 7265
          1616 1618 1844 1842 12690 12692 12918 12916 1617 1731 1843 1729 12691 12805 12917 12803 7153 7155 7379 7381 7266 7268 7154 7380 1730 12804 7267
          1618 1620 1846 1844 12692 12694 12920 12918 1619 1733 1845 1731 12693 12807 12919 12805 7155 7157 7381 7383 7268 7270 7156 7382 1732 12806 7269
          1620 1622 1848 1846 12694 12696 12922 12920 1621 1735 1847 1733 12695 12809 12921 12807 7157 7159 7383 7385 7270 7272 7158 7384 1734 12808 7271
          1622 1624 1850 1848 12696 12698 12924 12922 1623 1737 1849 1735 12697 12811 12923 12809 7159 7161 7385 7387 7272 7274 7160 7386 1736 12810 7273
          1624 1626 1852 1850 12698 12700 12926 12924 1625 1739 1851 1737 12699 12813 12925 12811 7161 7163 7387 7389 7274 7276 7162 7388 1738 12812 7275
          1626 1628 1854 1852 12700 12702 12928 12926 1627 1741 1853 1739 12701 12815 12927 12813 7163 7165 7389 7391 7276 7278 7164 7390 1740 12814 7277
          1628 1630 1856 1854 12702 12704 12930 12928 1629 1743 1855 1741 12703 12817 12929 12815 7165 7167 7391 7393 7278 7280 7166 7392 1742 12816 7279
          1630 1632 1858 1856 12704 12706 12932 12930 1631 1745 1857 1743 12705 12819 12931 12817 7167 7169 7393 7395 7280 7282 7168 7394 1744 12818 7281
          1632 1634 1860 1858 12706 12708 12934 12932 1633 1747 1859 1745 12707 12821 12933 12819 7169 7171 7395 7397 7282 7284 7170 7396 1746 12820 7283
          1634 1636 1862 1860 12708 12710 12936 12934 1635 1749 1861 1747 12709 12823 12935 12821 7171 7173 7397 7399 7284 7286 7172 7398 1748 12822 7285
          1636 1638 1864 1862 12710 12712 12938 12936 1637 1751 1863 1749 12711 12825 12937 12823 7173 7175 7399 7401 7286 7288 7174 7400 1750 12824 7287
          1638 1640 1866 1864 12712 12714 12940 12938 1639 1753 1865 1751 12713 12827 12939 12825 7175 7177 7401 7403 7288 7290 7176 7402 1752 12826 7289
          1640 1642 1868 1866 12714 12716 12942 12940 1641 1755 1867 1753 12715 12829 12941 12827 7177 7179 7403 7405 7290 7292 7178 7404 1754 12828 7291
          1642 1644 1870 1868 12716 12718 12944 12942 1643 1757 1869 1755 12717 12831 12943 12829 7179 7181 7405 7407 7292 7294 7180 7406 1756 12830 7293
          1644 1646 1872 1870 12718 12720 12946 12944 1645 1759 1871 1757 12719 12833 12945 12831 7181 7183 7407 7409 7294 7296 7182 7408 1758 12832 7295
          1646 1648 1874 1872 12720 12722 12948 12946 1647 1761 1873 1759 12721 12835 12947 12833 7183 7185 7409 7411 7296 7298 7184 7410 1760 12834 7297
          1648 1650 1876 1874 12722 12724 12950 12948 1649 1763 1875 1761 12723 12837 12949 12835 7185 7187 7411 7413 7298 7300 7186 7412 1762 12836 7299
          1650 1652 1878 1876 12724 12726 12952 12950 1651 1765 1877 1763 12725 12839 12951 12837 7187 7189 7413 7415 7300 7302 7188 7414 1764 12838 7301
          1652 1654 1880 1878 12726 12728 12954 12952 1653 1767 1879 1765 12727 12841 12953 12839 7189 7191 7415 7417 7302 7304 7190 7416 1766 12840 7303
          1654 1656 1882 1880 12728 12730 12956 12954 1655 1769 1881 1767 12729 12843 12955 12841 7191 7193 7417 7419 7304 7306 7192 7418 1768 12842 7305
          1656 1658 1884 1882 12730 12732 12958 12956 1657 1771 1883 1769 12731 12845 12957 12843 7193 7195 7419 7421 7306 7308 7194 7420 1770 12844 7307
          1658 1660 1886 1884 12732 12734 12960 12958 1659 1773 1885 1771 12733 12847 12959 12845 7195 7197 7421 7423 7308 7310 7196 7422 1772 12846 7309
          1660 1662 1888 1886 12734 12736 12962 12960 1661 1775 1887 1773 12735 12849 12961 12847 7197 7199 7423 7425 7310 7312 7198 7424 1774 12848 7311
          1662 1664 1890 1888 12736 12738 12964 12962 1663 1777 1889 1775 12737 12851 12963 12849 7199 7201 7425 7427 7312 7314 7200 7426 1776 12850 7313
          1664 1666 1892 1890 12738 12740 12966 12964 1665 1779 1891 1777 12739 12853 12965 12851 7201 7203 7427 7429 7314 7316 7202 7428 1778 12852 7315
          1666 1668 1894 1892 12740 12742 12968 12966 1667 1781 1893 1779 12741 12855 12967 12853 7203 7205 7429 7431 7316 7318 7204 7430 1780 12854 7317
          1668 1670 1896 1894 12742 12744 12970 12968 1669 1783 1895 1781 12743 12857 12969 12855 7205 7207 7431 7433 7318 7320 7206 7432 1782 12856 7319
          1670 1672 1898 1896 12744 12746 12972 12970 1671 1785 1897 1783 12745 12859 12971 12857 7207 7209 7433 7435 7320 7322 7208 7434 1784 12858 7321
          1672 1674 1900 1898 12746 12748 12974 12972 1673 1787 1899 1785 12747 12861 12973 12859 7209 7211 7435 7437 7322 7324 7210 7436 1786 12860 7323
          1674 1676 1902 1900 12748 12750 12976 12974 1675 1789 1901 1787 12749 12863 12975 12861 7211 7213 7437 7439 7324 7326 7212 7438 1788 12862 7325
          1676 1678 1904 1902 12750 12752 12978 12976 1677 1791 1903 1789 12751 12865 12977 12863 7213 7215 7439 7441 7326 7328 7214 7440 1790 12864 7327
          1678 1680 1906 1904 12752 12754 12980 12978 1679 1793 1905 1791 12753 12867 12979 12865 7215 7217 7441 7443 7328 7330 7216 7442 1792 12866 7329
          1680 1682 1908 1906 12754 12756 12982 12980 1681 1795 1907 1793 12755 12869 12981 12867 7217 7219 7443 7445 7330 7332 7218 7444 1794 12868 7331
          1682 1684 1910 1908 12756 12758 12984 12982 1683 1797 1909 1795 12757 12871 12983 12869 7219 7221 7445 7447 7332 7334 7220 7446 1796 12870 7333
          1684 1686 1912 1910 12758 12760 12986 12984 1685 1799 1911 1797 12759 12873 12985 12871 7221 7223 7447 7449 7334 7336 7222 7448 1798 12872 7335
          1686 1688 1914 1912 12760 12762 12988 12986 1687 1801 1913 1799 12761 12875 12987 12873 7223 7225 7449 7451 7336 7338 7224 7450 1800 12874 7337
          1688 1690 1916 1914 12762 12764 12990 12988 1689 1803 1915 1801 12763 12877 12989 12875 7225 7227 7451 7453 7338 7340 7226 7452 1802 12876 7339
          1690 1692 1918 1916 12764 12766 12992 12990 1691 1805 1917 1803 12765 12879 12991 12877 7227 7229 7453 7455 7340 7342 7228 7454 1804 12878 7341
          1692 1694 1920 1918 12766 12768 12994 12992 1693 1807 1919 1805 12767 12881 12993 12879 7229 7231 7455 7457 7342 7344 7230 7456 1806 12880 7343
          1808 1810 2036 2034 12882 12884 13110 13108 1809 1923 2035 1921 12883 12997 13109 12995 7345 7347 7571 7573 7458 7460 7346 7572 1922 12996 7459
          1810 1812 2038 2036 12884 12886 13112 13110 1811 1925 2037 1923 12885 12999 13111 12997 7347 7349 7573 7575 7460 7462 7348 7574 1924 12998 7461
          1812 1814 2040 2038 12886 12888 13114 13112 1813 1927 2039 1925 12887 13001 13113 12999 7349 7351 7575 7577 7462 7464 7350 7576 1926 13000 7463
          1814 1816 2042 2040 12888 12890 13116 13114 1815 1929 2041 1927 12889 13003 13115 13001 7351 7353 7577 7579 7464 7466 7352 7578 1928 13002 7465
          1816 1818 2044 2042 12890 12892 13118 13116 1817 1931 2043 1929 12891 13005 13117 13003 7353 7355 7579 7581 7466 7468 7354 7580 1930 13004 7467
          1818 1820 2046 2044 12892 12894 13120 13118 1819 1933 2045 1931 12893 13007 13119 13005 7355 7357 7581 7583 7468 7470 7356 7582 1932 13006 7469
          1820 1822 2048 2046 12894 12896 13122 13120 1821 1935 2047 1933 12895 13009 13121 13007 7357 7359 7583 7585 7470 7472 7358 7584 1934 13008 7471
          1822 1824 2050 2048 12896 12898 13124 13122 1823 1937 2049 1935 12897 13011 13123 13009 7359 7361 7585 7587 7472 7474 7360 7586 1936 13010 7473
          1824 1826 2052 2050 12898 12900 13126 13124 1825 1939 2051 1937 12899 13013 13125 13011 7361 7363 7587 7589 7474 7476 7362 7588 1938 13012 7475
          1826 1828 2054 2052 12900 12902 13128 13126 1827 1941 2053 1939 12901 13015 13127 13013 7363 7365 7589 7591 7476 7478 7364 7590 1940 13014 7477
          1828 1830 2056 2054 12902 12904 13130 13128 1829 1943 2055 1941 12903 13017 13129 13015 7365 7367 7591 7593 7478 7480 7366 7592 1942 13016 7479
          1830 1832 2058 2056 12904 12906 13132 13130 1831 1945 2057 1943 12905 13019 13131 13017 7367 7369 7593 7595 7480 7482 7368 7594 1944 13018 7481
          1832 1834 2060 2058 12906 12908 13134 13132 1833 1947 2059 1945 12907 13021 13133 13019 7369 7371 7595 7597 7482 7484 7370 7596 1946 13020 7483
          1834 1836 2062 2060 12908 12910 13136 13134 1835 1949 2061 1947 12909 13023 13135 13021 7371 7373 7597 7599 7484 7486 7372 7598 1948 13022 7485
          1836 1838 2064 2062 12910 12912 13138 13136 1837 1951 2063 1949 12911 13025 13137 13023 7373 7375 7599 7601 7486 7488 7374 7600 1950 13024 7487
          1838 1840 2066 2064 12912 12914 13140 13138 1839 1953 2065 1951 12913 13027 13139 13025 7375 7377 7601 7603 7488 7490 7376 7602 1952 13026 7489
          1840 1842 2068 2066 12914 12916 13142 13140 1841 1955 2067 1953 12915 13029 13141 13027 7377 7379 7603 7605 7490 7492 7378 7604 1954 13028 7491
          1842 1844 2070 2068 12916 12918 13144 13142 1843 1957 2069 1955 12917 13031 13143 13029 7379 7381 7605 7607 7492 7494 7380 7606 1956 13030 7493
          1844 1846 2072 2070 12918 12920 13146 13144 1845 1959 2071 1957 12919 13033 13145 13031 7381 7383 7607 7609 7494 7496 7382 7608 1958 13032 7495
          1846 1848 2074 2072 12920 12922 13148 13146 1847 1961 2073 1959 12921 13035 13147 13033 7383 7385 7609 7611 7496 7498 7384 7610 1960 13034 7497
          1848 1850 2076 2074 12922 12924 13150 13148 1849 1963 2075 1961 12923 13037 13149 13035 7385 7387 7611 7613 7498 7500 7386 7612 1962 13036 7499
          1850 1852 2078 2076 12924 12926 13152 13150 1851 1965 2077 1963 12925 13039 13151 13037 7387 7389 7613 7615 7500 7502 7388 7614 1964 13038 7501
          1852 1854 2080 2078 12926 12928 13154 13152 1853 1967 2079 1965 12927 13041 13153 13039 7389 7391 7615 7617 7502 7504 7390 7616 1966 13040 7503
          1854 1856 2082 2080 12928 12930 13156 13154 1855 1969 2081 1967 12929 13043 13155 13041 7391 7393 7617 7619 7504 7506 7392 7618 1968 13042 7505
          1856 1858 2084 2082 12930 12932 13158 13156 1857 1971 2083 1969 12931 13045 13157 13043 7393 7395 7619 7621 7506 7508 7394 7620 1970 13044 7507
          1858 1860 2086 2084 12932 12934 13160 13158 1859 1973 2085 1971 12933 13047 13159 13045 7395 7397 7621 7623 7508 7510 7396 7622 1972 13046 7509
          1860 1862 2088 2086 12934 12936 13162 13160 1861 1975 2087 1973 12935 13049 13161 13047 7397 7399 7623 7625 7510 7512 7398 7624 1974 13048 7511
          1862 1864 2090 2088 12936 12938 13164 13162 1863 1977 2089 1975 12937 13051 13163 13049 7399 7401 7625 7627 7512 7514 7400 7626 1976 13050 7513
          1864 1866 2092 2090 12938 12940 13166 13164 1865 1979 2091 1977 12939 13053 13165 13051 7401 7403 7627 7629 7514 7516 7402 7628 1978 13052 7515
          1866 1868 2094 2092 12940 12942 13168 13166 1867 1981 2093 1979 12941 13055 13167 13053 7403 7405 7629 7631 7516 7518 7404 7630 1980 13054 7517
          1868 1870 2096 2094 12942 12944 13170 13168 1869 1983 2095 1981 12943 13057 13169 13055 7405 7407 7631 7633 7518 7520 7406 7632 1982 13056 7519
          1870 1872 2098 2096 12944 12946 13172 13170 1871 1985 2097 1983 12945 13059 13171 13057 7407 7409 7633 7635 7520 7522 7408 7634 1984 13058 7521
          1872 1874 2100 2098 12946 12948 13174 13172 1873 1987 2099 1985 12947 13061 13173 13059 7409 7411 7635 7637 7522 7524 7410 7636 1986 13060 7523
          1874 1876 2102 2100 12948 12950 13176 13174 1875 1989 2101 1987 12949 13063 13175 13061 7411 7413 7637 7639 7524 7526 7412 7638 1988 13062 7525
          1876 1878 2104 2102 12950 12952 13178 13176 1877 1991 2103 1989 12951 13065 13177 13063 7413 7415 7639 7641 7526 7528 7414 7640 1990 13064 7527
          1878 1880 2106 2104 12952 12954 13180 13178 1879 1993 2105 1991 12953 13067 13179 13065 7415 7417 7641 7643 7528 7530 7416 7642 1992 13066 7529
          1880 1882 2108 2106 12954 12956 13182 13180 1881 1995 2107 1993 12955 13069 13181 13067 7417 7419 7643 7645 7530 7532 7418 7644 1994 13068 7531
          1882 1884 2110 2108 12956 12958 13184 13182 1883 1997 2109 1995 12957 13071 13183 13069 7419 7421 7645 7647 7532 7534 7420 7646 1996 13070 7533
          1884 1886 2112 2110 12958 12960 13186 13184 1885 1999 2111 1997 12959 13073 13185 13071 7421 7423 7647 7649 7534 7536 7422 7648 1998 13072 7535
          1886 1888 2114 2112 12960 12962 13188 13186 1887 2001 2113 1999 12961 13075 13187 13073 7423 7425 7649 7651 7536 7538 7424 7650 2000 13074 7537
          1888 1890 2116 2114 12962 12964 13190 13188 1889 2003 2115 2001 12963 13077 13189 13075 7425 7427 7651 7653 7538 7540 7426 7652 2002 13076 7539
          1890 1892 2118 2116 12964 12966 13192 13190 1891 2005 2117 2003 12965 13079 13191 13077 7427 7429 7653 7655 7540 7542 7428 7654 2004 13078 7541
          1892 1894 2120 2118 12966 12968 13194 13192 1893 2007 2119 2005 12967 13081 13193 13079 7429 7431 7655 7657 7542 7544 7430 7656 2006 13080 7543
          1894 1896 2122 2120 12968 12970 13196 13194 1895 2009 2121 2007 12969 13083 13195 13081 7431 7433 7657 7659 7544 7546 7432 7658 2008 13082 7545
          1896 1898 2124 2122 12970 12972 13198 13196 1897 2011 2123 2009 12971 13085 13197 13083 7433 7435 7659 7661 7546 7548 7434 7660 2010 13084 7547
          1898 1900 2126 2124 12972 12974 13200 13198 1899 2013 2125 2011 12973 13087 13199 13085 7435 7437 7661 7663 7548 7550 7436 7662 2012 13086 7549
          1900 1902 2128 2126 12974 12976 13202 13200 1901 2015 2127 2013 12975 13089 13201 13087 7437 7439 7663 7665 7550 7552 7438 7664 2014 13088 7551
          1902 1904 2130 2128 12976 12978 13204 13202 1903 2017 2129 2015 12977 13091 13203 13089 7439 7441 7665 7667 7552 7554 7440 7666 2016 13090 7553
          1904 1906 2132 2130 12978 12980 13206 13204 1905 2019 2131 2017 12979 13093 13205 13091 7441 7443 7667 7669 7554 7556 7442 7668 2018 13092 7555
          1906 1908 2134 2132 12980 12982 13208 13206 1907 2021 2133 2019 12981 13095 13207 13093 7443 7445 7669 7671 7556 7558 7444 7670 2020 13094 7557
          1908 1910 2136 2134 12982 12984 13210 13208 1909 2023 2135 2021 12983 13097 13209 13095 7445 7447 7671 7673 7558 7560 7446 7672 2022 13096 7559
          1910 1912 2138 2136 12984 12986 13212 13210 1911 2025 2137 2023 12985 13099 13211 13097 7447 7449 7673 7675 7560 7562 7448 7674 2024 13098 7561
          1912 1914 2140 2138 12986 12988 13214 13212 1913 2027 2139 2025 12987 13101 13213 13099 7449 7451 7675 7677 7562 7564 7450 7676 2026 13100 7563
          1914 1916 2142 2140 12988 12990 13216 13214 1915 2029 2141 2027 12989 13103 13215 13101 7451 7453 7677 7679 7564 7566 7452 7678 2028 13102 7565
          1916 1918 2144 2142 12990 12992 13218 13216 1917 2031 2143 2029 12991 13105 13217 13103 7453 7455 7679 7681 7566 7568 7454 7680 2030 13104 7567
          1918 1920 2146 2144 12992 12994 13220 13218 1919 2033 2145 2031 12993 13107 13219 13105 7455 7457 7681 7683 7568 7570 7456 7682 2032 13106 7569
          2034 2036 2262 2260 13108 13110 13336 13334 2035 2149 2261 2147 13109 13223 13335 13221 7571 7573 7797 7799 7684 7686 7572 7798 2148 13222 7685
          2036 2038 2264 2262 13110 13112 13338 13336 2037 2151 2263 2149 13111 13225 13337 13223 7573 7575 7799 7801 7686 7688 7574 7800 2150 13224 7687
          2038 2040 2266 2264 13112 13114 13340 13338 2039 2153 2265 2151 13113 13227 13339 13225 7575 7577 7801 7803 7688 7690 7576 7802 2152 13226 7689
          2040 2042 2268 2266 13114 13116 13342 13340 2041 2155 2267 2153 13115 13229 13341 13227 7577 7579 7803 7805 7690 7692 7578 7804 2154 13228 7691
          2042 2044 2270 2268 13116 13118 13344 13342 2043 2157 2269 2155 13117 13231 13343 13229 7579 7581 7805 7807 7692 7694 7580 7806 2156 13230 7693
          2044 2046 2272 2270 13118 13120 13346 13344 2045 2159 2271 2157 13119 13233 13345 13231 7581 7583 7807 7809 7694 7696 7582 7808 2158 13232 7695
          2046 2048 2274 2272 13120 13122 13348 13346 2047 2161 2273 2159 13121 13235 13347 13233 7583 7585 7809 7811 7696 7698 7584 7810 2160 13234 7697
          2048 2050 2276 2274 13122 13124 13350 13348 2049 2163 2275 2161 13123 13237 13349 13235 7585 7587 7811 7813 7698 7700 7586 7812 2162 13236 7699
          2050 2052 2278 2276 13124 13126 13352 13350 2051 2165 2277 2163 13125 13239 13351 13237 7587 7589 7813 7815 7700 7702 7588 7814 2164 13238 7701
          2052 2054 2280 2278 13126 13128 13354 13352 2053 2167 2279 2165 13127 13241 13353 13239 7589 7591 7815 7817 7702 7704 7590 7816 2166 13240 7703
          2054 2056 2282 2280 13128 13130 13356 13354 2055 2169 2281 2167 13129 13243 13355 13241 7591 7593 7817 7819 7704 7706 7592 7818 2168 13242 7705
          2056 2058 2284 2282 13130 13132 13358 13356 2057 2171 2283 2169 13131 13245 13357 13243 7593 7595 7819 7821 7706 7708 7594 7820 2170 13244 7707
          2058 2060 2286 2284 13132 13134 13360 13358 2059 2173 2285 2171 13133 13247 13359 13245 7595 7597 7821 7823 7708 7710 7596 7822 2172 13246 7709
          2060 2062 2288 2286 13134 13136 13362 13360 2061 2175 2287 2173 13135 13249 13361 13247 7597 7599 7823 7825 7710 7712 7598 7824 2174 13248 7711
          2062 2064 2290 2288 13136 13138 13364 13362 2063 2177 2289 2175 13137 13251 13363 13249 7599 7601 7825 7827 7712 7714 7600 7826 2176 13250 7713
          2064 2066 2292 2290 13138 13140 13366 13364 2065 2179 2291 2177 13139 13253 13365 13251 7601 7603 7827 7829 7714 7716 7602 7828 2178 13252 7715
          2066 2068 2294 2292 13140 13142 13368 13366 2067 2181 2293 2179 13141 13255 13367 13253 7603 7605 7829 7831 7716 7718 7604 7830 2180 13254 7717
          2068 2070 2296 2294 13142 13144 13370 13368 2069 2183 2295 2181 13143 13257 13369 13255 7605 7607 7831 7833 7718 7720 7606 7832 2182 13256 7719
          2070 2072 2298 2296 13144 13146 13372 13370 2071 2185 2297 2183 13145 13259 13371 13257 7607 7609 7833 7835 7720 7722 7608 7834 2184 13258 7721
          2072 2074 2300 2298 13146 13148 13374 13372 2073 2187 2299 2185 13147 13261 13373 13259 7609 7611 7835 7837 7722 7724 7610 7836 2186 13260 7723
          2074 2076 2302 2300 13148 13150 13376 13374 2075 2189 2301 2187 13149 13263 13375 13261 7611 7613 7837 7839 7724 7726 7612 7838 2188 13262 7725
          2076 2078 2304 2302 13150 13152 13378 13376 2077 2191 2303 2189 13151 13265 13377 13263 7613 7615 7839 7841 7726 7728 7614 7840 2190 13264 7727
          2078 2080 2306 2304 13152 13154 13380 13378 2079 2193 2305 2191 13153 13267 13379 13265 7615 7617 7841 7843 7728 7730 7616 7842 2192 13266 7729
          2080 2082 2308 2306 13154 13156 13382 13380 2081 2195 2307 2193 13155 13269 13381 13267 7617 7619 7843 7845 7730 7732 7618 7844 2194 13268 7731
          2082 2084 2310 2308 13156 13158 13384 13382 2083 2197 2309 2195 13157 13271 13383 13269 7619 7621 7845 7847 7732 7734 7620 7846 2196 13270 7733
          2084 2086 2312 2310 13158 13160 13386 13384 2085 2199 2311 2197 13159 13273 13385 13271 7621 7623 7847 7849 7734 7736 7622 7848 2198 13272 7735
          2086 2088 2314 2312 13160 13162 13388 13386 2087 2201 2313 2199 13161 13275 13387 13273 7623 7625 7849 7851 7736 7738 7624 7850 2200 13274 7737
          2088 2090 2316 2314 13162 13164 13390 13388 2089 2203 2315 2201 13163 13277 13389 13275 7625 7627 7851 7853 7738 7740 7626 7852 2202 13276 7739
          2090 2092 2318 2316 13164 13166 13392 13390 2091 2205 2317 2203 13165 13279 13391 13277 7627 7629 7853 7855 7740 7742 7628 7854 2204 13278 7741
          2092 2094 2320 2318 13166 13168 13394 13392 2093 2207 2319 2205 13167 13281 13393 13279 7629 7631 7855 7857 7742 7744 7630 7856 2206 13280 7743
          2094 2096 2322 2320 13168 13170 13396 13394 2095 2209 2321 2207 13169 13283 13395 13281 7631 7633 7857 7859 7744 7746 7632 7858 2208 13282 7745
          2096 2098 2324 2322 13170 13172 13398 13396 2097 2211 2323 2209 13171 13285 13397 13283 7633 7635 7859 7861 7746 7748 7634 7860 2210 13284 7747
          2098 2100 2326 2324 13172 13174 13400 13398 2099 2213 2325 2211 13173 13287 13399 13285 7635 7637 7861 7863 7748 7750 7636 7862 2212 13286 7749
          2100 2102 2328 2326 13174 13176 13402 13400 2101 2215 2327 2213 13175 13289 13401 13287 7637 7639 7863 7865 7750 7752 7638 7864 2214 13288 7751
          2102 2104 2330 2328 13176 13178 13404 13402 2103 2217 2329 2215 13177 13291 13403 13289 7639 7641 7865 7867 7752 7754 7640 7866 2216 13290 7753
          2104 2106 2332 2330 13178 13180 13406 13404 2105 2219 2331 2217 13179 13293 13405 13291 7641 7643 7867 7869 7754 7756 7642 7868 2218 13292 7755
          2106 2108 2334 2332 13180 13182 13408 13406 2107 2221 2333 2219 13181 13295 13407 13293 7643 7645 7869 7871 7756 7758 7644 7870 2220 13294 7757
          2108 2110 2336 2334 13182 13184 13410 13408 2109 2223 2335 2221 13183 13297 13409 13295 7645 7647 7871 7873 7758 7760 7646 7872 2222 13296 7759
          2110 2112 2338 2336 13184 13186 13412 13410 2111 2225 2337 2223 13185 13299 13411 13297 7647 7649 7873 7875 7760 7762 7648 7874 2224 13298 7761
          2112 2114 2340 2338 13186 13188 13414 13412 2113 2227 2339 2225 13187 13301 13413 13299 7649 7651 7875 7877 7762 7764 7650 7876 2226 13300 7763
          2114 2116 2342 2340 13188 13190 13416 13414 2115 2229 2341 2227 13189 13303 13415 13301 7651 7653 7877 7879 7764 7766 7652 7878 2228 13302 7765
          2116 2118 2344 2342 13190 13192 13418 13416 2117 2231 2343 2229 13191 13305 13417 13303 7653 7655 7879 7881 7766 7768 7654 7880 2230 13304 7767
          2118 2120 2346 2344 13192 13194 13420 13418 2119 2233 2345 2231 13193 13307 13419 13305 7655 7657 7881 7883 7768 7770 7656 7882 2232 13306 7769
          2120 2122 2348 2346 13194 13196 13422 13420 2121 2235 2347 2233 13195 13309 13421 13307 7657 7659 7883 7885 7770 7772 7658 7884 2234 13308 7771
          2122 2124 2350 2348 13196 13198 13424 13422 2123 2237 2349 2235 13197 13311 13423 13309 7659 7661 7885 7887 7772 7774 7660 7886 2236 13310 7773
          2124 2126 2352 2350 13198 13200 13426 13424 2125 2239 2351 2237 13199 13313 13425 13311 7661 7663 7887 7889 7774 7776 7662 7888 2238 13312 7775
          2126 2128 2354 2352 13200 13202 13428 13426 2127 2241 2353 2239 13201 13315 13427 13313 7663 7665 7889 7891 7776 7778 7664 7890 2240 13314 7777
          2128 2130 2356 2354 13202 13204 13430 13428 2129 2243 2355 2241 13203 13317 13429 13315 7665 7667 7891 7893 7778 7780 7666 7892 2242 13316 7779
          2130 2132 2358 2356 13204 13206 13432 13430 2131 2245 2357 2243 13205 13319 13431 13317 7667 7669 7893 7895 7780 7782 7668 7894 2244 13318 7781
          2132 2134 2360 2358 13206 13208 13434 13432 2133 2247 2359 2245 13207 13321 13433 13319 7669 7671 7895 7897 7782 7784 7670 7896 2246 13320 7783
          2134 2136 2362 2360 13208 13210 13436 13434 2135 2249 2361 2247 13209 13323 13435 13321 7671 7673 7897 7899 7784 7786 7672 7898 2248 13322 7785
          2136 2138 2364 2362 13210 13212 13438 13436 2137 2251 2363 2249 13211 13325 13437 13323 7673 7675 7899 7901 7786 7788 7674 7900 2250 13324 7787
          2138 2140 2366 2364 13212 13214 13440 13438 2139 2253 2365 2251 13213 13327 13439 13325 7675 7677 7901 7903 7788 7790 7676 7902 2252 13326 7789
          2140 2142 2368 2366 13214 13216 13442 13440 2141 2255 2367 2253 13215 13329 13441 13327 7677 7679 7903 7905 7790 7792 7678 7904 2254 13328 7791
          2142 2144 2370 2368 13216 13218 13444 13442 2143 2257 2369 2255 13217 13331 13443 13329 7679 7681 7905 7907 7792 7794 7680 7906 2256 13330 7793
          2144 2146 2372 2370 13218 13220 13446 13444 2145 2259 2371 2257 13219 13333 13445 13331 7681 7683 7907 7909 7794 7796 7682 7908 2258 13332 7795
          2260 2262 2488 2486 13334 13336 13562 13560 2261 2375 2487 2373 13335 13449 13561 13447 7797 7799 8023 8025 7910 7912 7798 8024 2374 13448 7911
          2262 2264 2490 2488 13336 13338 13564 13562 2263 2377 2489 2375 13337 13451 13563 13449 7799 7801 8025 8027 7912 7914 7800 8026 2376 13450 7913
          2264 2266 2492 2490 13338 13340 13566 13564 2265 2379 2491 2377 13339 13453 13565 13451 7801 7803 8027 8029 7914 7916 7802 8028 2378 13452 7915
          2266 2268 2494 2492 13340 13342 13568 13566 2267 2381 2493 2379 13341 13455 13567 13453 7803 7805 8029 8031 7916 7918 7804 8030 2380 13454 7917
          2268 2270 2496 2494 13342 13344 13570 13568 2269 2383 2495 2381 13343 13457 13569 13455 7805 7807 8031 8033 7918 7920 7806 8032 2382 13456 7919
          2270 2272 2498 2496 13344 13346 13572 13570 2271 2385 2497 2383 13345 13459 13571 13457 7807 7809 8033 8035 7920 7922 7808 8034 2384 13458 7921
          2272 2274 2500 2498 13346 13348 13574 13572 2273 2387 2499 2385 13347 13461 13573 13459 7809 7811 8035 8037 7922 7924 7810 8036 2386 13460 7923
          2274 2276 2502 2500 13348 13350 13576 13574 2275 2389 2501 2387 13349 13463 13575 13461 7811 7813 8037 8039 7924 7926 7812 8038 2388 13462 7925
          2276 2278 2504 2502 13350 13352 13578 13576 2277 2391 2503 2389 13351 13465 13577 13463 7813 7815 8039 8041 7926 7928 7814 8040 2390 13464 7927
          2278 2280 2506 2504 13352 13354 13580 13578 2279 2393 2505 2391 13353 13467 13579 13465 7815 7817 8041 8043 7928 7930 7816 8042 2392 13466 7929
          2280 2282 2508 2506 13354 13356 13582 13580 2281 2395 2507 2393 13355 13469 13581 13467 7817 7819 8043 8045 7930 7932 7818 8044 2394 13468 7931
          2282 2284 2510 2508 13356 13358 13584 13582 2283 2397 2509 2395 13357 13471 13583 13469 7819 7821 8045 8047 7932 7934 7820 8046 2396 13470 7933
          2284 2286 2512 2510 13358 13360 13586 13584 2285 2399 2511 2397 13359 13473 13585 13471 7821 7823 8047 8049 7934 7936 7822 8048 2398 13472 7935
          2286 2288 2514 2512 13360 13362 13588 13586 2287 2401 2513 2399 13361 13475 13587 13473 7823 7825 8049 8051 7936 7938 7824 8050 2400 13474 7937
          2288 2290 2516 2514 13362 13364 13590 13588 2289 2403 2515 2401 13363 13477 13589 13475 7825 7827 8051 8053 7938 7940 7826 8052 2402 13476 7939
          2290 2292 2518 2516 13364 13366 13592 13590 2291 2405 2517 2403 13365 13479 13591 13477 7827 7829 8053 8055 7940 7942 7828 8054 2404 13478 7941
          2292 2294 2520 2518 13366 13368 13594 13592 2293 2407 2519 2405 13367 13481 13593 13479 7829 7831 8055 8057 7942 7944 7830 8056 2406 13480 7943
          2294 2296 2522 2520 13368 13370 13596 13594 2295 2409 2521 2407 13369 13483 13595 13481 7831 7833 8057 8059 7944 7946 7832 8058 2408 13482 7945
          2296 2298 2524 2522 13370 13372 13598 13596 2297 2411 2523 2409 13371 13485 13597 13483 7833 7835 8059 8061 7946 7948 7834 8060 2410 13484 7947
          2298 2300 2526 2524 13372 13374 13600 13598 2299 2413 2525 2411 13373 13487 13599 13485 7835 7837 8061 8063 7948 7950 7836 8062 2412 13486 7949
          2300 2302 2528 2526 13374 13376 13602 13600 2301 2415 2527 2413 13375 13489 13601 13487 7837 7839 8063 8065 7950 7952 7838 8064 2414 13488 7951
          2302 2304 2530 2528 13376 13378 13604 13602 2303 2417 2529 2415 13377 13491 13603 13489 7839 7841 8065 8067 7952 7954 7840 8066 2416 13490 7953
          2304 2306 2532 2530 13378 13380 13606 13604 2305 2419 2531 2417 13379 13493 13605 13491 7841 7843 8067 8069 7954 7956 7842 8068 2418 13492 7955
          2306 2308 2534 2532 13380 13382 13608 13606 2307 2421 2533 2419 13381 13495 13607 13493 7843 7845 8069 8071 7956 7958 7844 8070 2420 13494 7957
          2308 2310 2536 2534 13382 13384 13610 13608 2309 2423 2535 2421 13383 13497 13609 13495 7845 7847 8071 8073 7958 7960 7846 8072 2422 13496 7959
          2310 2312 2538 2536 13384 13386 13612 13610 2311 2425 2537 2423 13385 13499 13611 13497 7847 7849 8073 8075 7960 7962 7848 8074 2424 13498 7961
          2312 2314 2540 2538 13386 13388 13614 13612 2313 2427 2539 2425 13387 13501 13613 13499 7849 7851 8075 8077 7962 7964 7850 8076 2426 13500 7963
          2314 2316 2542 2540 13388 13390 13616 13614 2315 2429 2541 2427 13389 13503 13615 13501 7851 7853 8077 8079 7964 7966 7852 8078 2428 13502 7965
          2316 2318 2544 2542 13390 13392 13618 13616 2317 2431 2543 2429 13391 13505 13617 13503 7853 7855 8079 8081 7966 7968 7854 8080 2430 13504 7967
          2318 2320 2546 2544 13392 13394 13620 13618 2319 2433 2545 2431 13393 13507 13619 13505 7855 7857 8081 8083 7968 7970 7856 8082 2432 13506 7969
          2320 2322 2548 2546 13394 13396 13622 13620 2321 2435 2547 2433 13395 13509 13621 13507 7857 7859 8083 8085 7970 7972 7858 8084 2434 13508 7971
          2322 2324 2550 2548 13396 13398 13624 13622 2323 2437 2549 2435 13397 13511 13623 13509 7859 7861 8085 8087 7972 7974 7860 8086 2436 13510 7973
          2324 2326 2552 2550 13398 13400 13626 13624 2325 2439 2551 2437 13399 13513 13625 13511 7861 7863 8087 8089 7974 7976 7862 8088 2438 13512 7975
          2326 2328 2554 2552 13400 13402 13628 13626 2327 2441 2553 2439 13401 13515 13627 13513 7863 7865 8089 8091 7976 7978 7864 8090 2440 13514 7977
          2328 2330 2556 2554 13402 13404 13630 13628 2329 2443 2555 2441 13403 13517 13629 13515 7865 7867 8091 8093 7978 7980 7866 8092 2442 13516 7979
          2330 2332 2558 2556 13404 13406 13632 13630 2331 2445 2557 2443 13405 13519 13631 13517 7867 7869 8093 8095 7980 7982 7868 8094 2444 13518 7981
          2332 2334 2560 2558 13406 13408 13634 13632 2333 2447 2559 2445 13407 13521 13633 13519 7869 7871 8095 8097 7982 7984 7870 8096 2446 13520 7983
          2334 2336 2562 2560 13408 13410 13636 13634 2335 2449 2561 2447 13409 13523 13635 13521 7871 7873 8097 8099 7984 7986 7872 8098 2448 13522 7985
          2336 2338 2564 2562 13410 13412 13638 13636 2337 2451 2563 2449 13411 13525 13637 13523 7873 7875 8099 8101 7986 7988 7874 8100 2450 13524 7987
          2338 2340 2566 2564 13412 13414 13640 13638 2339 2453 2565 2451 13413 13527 13639 13525 7875 7877 8101 8103 7988 7990 7876 8102 2452 13526 7989
          2340 2342 2568 2566 13414 13416 13642 13640 2341 2455 2567 2453 13415 13529 13641 13527 7877 7879 8103 8105 7990 7992 7878 8104 2454 13528 7991
          2342 2344 2570 2568 13416 13418 13644 13642 2343 2457 2569 2455 13417 13531 13643 13529 7879 7881 8105 8107 7992 7994 7880 8106 2456 13530 7993
          2344 2346 2572 2570 13418 13420 13646 13644 2345 2459 2571 2457 13419 13533 13645 13531 7881 7883 8107 8109 7994 7996 7882 8108 2458 13532 7995
          2346 2348 2574 2572 13420 13422 13648 13646 2347 2461 2573 2459 13421 13535 13647 13533 7883 7885 8109 8111 7996 7998 7884 8110 2460 13534 7997
          2348 2350 2576 2574 13422 13424 13650 13648 2349 2463 2575 2461 13423 13537 13649 13535 7885 7887 8111 8113 7998 8000 7886 8112 2462 13536 7999
          2350 2352 2578 2576 13424 13426 13652 13650 2351 2465 2577 2463 13425 13539 13651 13537 7887 7889 8113 8115 8000 8002 7888 8114 2464 13538 8001
          2352 2354 2580 2578 13426 13428 13654 13652 2353 2467 2579 2465 13427 13541 13653 13539 7889 7891 8115 8117 8002 8004 7890 8116 2466 13540 8003
          2354 2356 2582 2580 13428 13430 13656 13654 2355 2469 2581 2467 13429 13543 13655 13541 7891 7893 8117 8119 8004 8006 7892 8118 2468 13542 8005
          2356 2358 2584 2582 13430 13432 13658 13656 2357 2471 2583 2469 13431 13545 13657 13543 7893 7895 8119 8121 8006 8008 7894 8120 2470 13544 8007
          2358 2360 2586 2584 13432 13434 13660 13658 2359 2473 2585 2471 13433 13547 13659 13545 7895 7897 8121 8123 8008 8010 7896 8122 2472 13546 8009
          2360 2362 2588 2586 13434 13436 13662 13660 2361 2475 2587 2473 13435 13549 13661 13547 7897 7899 8123 8125 8010 8012 7898 8124 2474 13548 8011
          2362 2364 2590 2588 13436 13438 13664 13662 2363 2477 2589 2475 13437 13551 13663 13549 7899 7901 8125 8127 8012 8014 7900 8126 2476 13550 8013
          2364 2366 2592 2590 13438 13440 13666 13664 2365 2479 2591 2477 13439 13553 13665 13551 7901 7903 8127 8129 8014 8016 7902 8128 2478 13552 8015
          2366 2368 2594 2592 13440 13442 13668 13666 2367 2481 2593 2479 13441 13555 13667 13553 7903 7905 8129 8131 8016 8018 7904 8130 2480 13554 8017
          2368 2370 2596 2594 13442 13444 13670 13668 2369 2483 2595 2481 13443 13557 13669 13555 7905 7907 8131 8133 8018 8020 7906 8132 2482 13556 8019
          2370 2372 2598 2596 13444 13446 13672 13670 2371 2485 2597 2483 13445 13559 13671 13557 7907 7909 8133 8135 8020 8022 7908 8134 2484 13558 8021
          2486 2488 2714 2712 13560 13562 13788 13786 2487 2601 2713 2599 13561 13675 13787 13673 8023 8025 8249 8251 8136 8138 8024 8250 2600 13674 8137
          2488 2490 2716 2714 13562 13564 13790 13788 2489 2603 2715 2601 13563 13677 13789 13675 8025 8027 8251 8253 8138 8140 8026 8252 2602 13676 8139
          2490 2492 2718 2716 13564 13566 13792 13790 2491 2605 2717 2603 13565 13679 13791 13677 8027 8029 8253 8255 8140 8142 8028 8254 2604 13678 8141
          2492 2494 2720 2718 13566 13568 13794 13792 2493 2607 2719 2605 13567 13681 13793 13679 8029 8031 8255 8257 8142 8144 8030 8256 2606 13680 8143
          2494 2496 2722 2720 13568 13570 13796 13794 2495 2609 2721 2607 13569 13683 13795 13681 8031 8033 8257 8259 8144 8146 8032 8258 2608 13682 8145
          2496 2498 2724 2722 13570 13572 13798 13796 2497 2611 2723 2609 13571 13685 13797 13683 8033 8035 8259 8261 8146 8148 8034 8260 2610 13684 8147
          2498 2500 2726 2724 13572 13574 13800 13798 2499 2613 2725 2611 13573 13687 13799 13685 8035 8037 8261 8263 8148 8150 8036 8262 2612 13686 8149
          2500 2502 2728 2726 13574 13576 13802 13800 2501 2615 2727 2613 13575 13689 13801 13687 8037 8039 8263 8265 8150 8152 8038 8264 2614 13688 8151
          2502 2504 2730 2728 13576 13578 13804 13802 2503 2617 2729 2615 13577 13691 13803 13689 8039 8041 8265 8267 8152 8154 8040 8266 2616 13690 8153
          2504 2506 2732 2730 13578 13580 13806 13804 2505 2619 2731 2617 13579 13693 13805 13691 8041 8043 8267 8269 8154 8156 8042 8268 2618 13692 8155
          2506 2508 2734 2732 13580 13582 13808 13806 2507 2621 2733 2619 13581 13695 13807 13693 8043 8045 8269 8271 8156 8158 8044 8270 2620 13694 8157
          2508 2510 2736 2734 13582 13584 13810 13808 2509 2623 2735 2621 13583 13697 13809 13695 8045 8047 8271 8273 8158 8160 8046 8272 2622 13696 8159
          2510 2512 2738 2736 13584 13586 13812 13810 2511 2625 2737 2623 13585 13699 13811 13697 8047 8049 8273 8275 8160 8162 8048 8274 2624 13698 8161
          2512 2514 2740 2738 13586 13588 13814 13812 2513 2627 2739 2625 13587 13701 13813 13699 8049 8051 8275 8277 8162 8164 8050 8276 2626 13700 8163
          2514 2516 2742 2740 13588 13590 13816 13814 2515 2629 2741 2627 13589 13703 13815 13701 8051 8053 8277 8279 8164 8166 8052 8278 2628 13702 8165
          2516 2518 2744 2742 13590 13592 13818 13816 2517 2631 2743 2629 13591 13705 13817 13703 8053 8055 8279 8281 8166 8168 8054 8280 2630 13704 8167
          2518 2520 2746 2744 13592 13594 13820 13818 2519 2633 2745 2631 13593 13707 13819 13705 8055 8057 8281 8283 8168 8170 8056 8282 2632 13706 8169
          2520 2522 2748 2746 13594 13596 13822 13820 2521 2635 2747 2633 13595 13709 13821 13707 8057 8059 8283 8285 8170 8172 8058 8284 2634 13708 8171
          2522 2524 2750 2748 13596 13598 13824 13822 2523 2637 2749 2635 13597 13711 13823 13709 8059 8061 8285 8287 8172 8174 8060 8286 2636 13710 8173
          2524 2526 2752 2750 13598 13600 13826 13824 2525 2639 2751 2637 13599 13713 13825 13711 8061 8063 8287 8289 8174 8176 8062 8288 2638 13712 8175
          2526 2528 2754 2752 13600 13602 13828 13826 2527 2641 2753 2639 13601 13715 13827 13713 8063 8065 8289 8291 8176 8178 8064 8290 2640 13714 8177
          2528 2530 2756 2754 13602 13604 13830 13828 2529 2643 2755 2641 13603 13717 13829 13715 8065 8067 8291 8293 8178 8180 8066 8292 2642 13716 8179
          2530 2532 2758 2756 13604 13606 13832 13830 2531 2645 2757 2643 13605 13719 13831 13717 8067 8069 8293 8295 8180 8182 8068 8294 2644 13718 8181
          2532 2534 2760 2758 13606 13608 13834 13832 2533 2647 2759 2645 13607 13721 13833 13719 8069 8071 8295 8297 8182 8184 8070 8296 2646 13720 8183
          2534 2536 2762 2760 13608 13610 13836 13834 2535 2649 2761 2647 13609 13723 13835 13721 8071 8073 8297 8299 8184 8186 8072 8298 2648 13722 8185
          2536 2538 2764 2762 13610 13612 13838 13836 2537 2651 2763 2649 13611 13725 13837 13723 8073 8075 8299 8301 8186 8188 8074 8300 2650 13724 8187
          2538 2540 2766 2764 13612 13614 13840 13838 2539 2653 2765 2651 13613 13727 13839 13725 8075 8077 8301 8303 8188 8190 8076 8302 2652 13726 8189
          2540 2542 2768 2766 13614 13616 13842 13840 2541 2655 2767 2653 13615 13729 13841 13727 8077 8079 8303 8305 8190 8192 8078 8304 2654 13728 8191
          2542 2544 2770 2768 13616 13618 13844 13842 2543 2657 2769 2655 13617 13731 13843 13729 8079 8081 8305 8307 8192 8194 8080 8306 2656 13730 8193
          2544 2546 2772 2770 13618 13620 13846 13844 2545 2659 2771 2657 13619 13733 13845 13731 8081 8083 8307 8309 8194 8196 8082 8308 2658 13732 8195
          2546 2548 2774 2772 13620 13622 13848 13846 2547 2661 2773 2659 13621 13735 13847 13733 8083 8085 8309 8311 8196 8198 8084 8310 2660 13734 8197
          2548 2550 2776 2774 13622 13624 13850 13848 2549 2663 2775 2661 13623 13737 13849 13735 8085 8087 8311 8313 8198 8200 8086 8312 2662 13736 8199
          2550 2552 2778 2776 13624 13626 13852 13850 2551 2665 2777 2663 13625 13739 13851 13737 8087 8089 8313 8315 8200 8202 8088 8314 2664 13738 8201
          2552 2554 2780 2778 13626 13628 13854 13852 2553 2667 2779 2665 13627 13741 13853 13739 8089 8091 8315 8317 8202 8204 8090 8316 2666 13740 8203
          2554 2556 2782 2780 13628 13630 13856 13854 2555 2669 2781 2667 13629 13743 13855 13741 8091 8093 8317 8319 8204 8206 8092 8318 2668 13742 8205
          2556 2558 2784 2782 13630 13632 13858 13856 2557 2671 2783 2669 13631 13745 13857 13743 8093 8095 8319 8321 8206 8208 8094 8320 2670 13744 8207
          2558 2560 2786 2784 13632 13634 13860 13858 2559 2673 2785 2671 13633 13747 13859 13745 8095 8097 8321 8323 8208 8210 8096 8322 2672 13746 8209
          2560 2562 2788 2786 13634 13636 13862 13860 2561 2675 2787 2673 13635 13749 13861 13747 8097 8099 8323 8325 8210 8212 8098 8324 2674 13748 8211
          2562 2564 2790 2788 13636 13638 13864 13862 2563 2677 2789 2675 13637 13751 13863 13749 8099 8101 8325 8327 8212 8214 8100 8326 2676 13750 8213
          2564 2566 2792 2790 13638 13640 13866 13864 2565 2679 2791 2677 13639 13753 13865 13751 8101 8103 8327 8329 8214 8216 8102 8328 2678 13752 8215
          2566 2568 2794 2792 13640 13642 13868 13866 2567 2681 2793 2679 13641 13755 13867 13753 8103 8105 8329 8331 8216 8218 8104 8330 2680 13754 8217
          2568 2570 2796 2794 13642 13644 13870 13868 2569 2683 2795 2681 13643 13757 13869 13755 8105 8107 8331 8333 8218 8220 8106 8332 2682 13756 8219
          2570 2572 2798 2796 13644 13646 13872 13870 2571 2685 2797 2683 13645 13759 13871 13757 8107 8109 8333 8335 8220 8222 8108 8334 2684 13758 8221
          2572 2574 2800 2798 13646 13648 13874 13872 2573 2687 2799 2685 13647 13761 13873 13759 8109 8111 8335 8337 8222 8224 8110 8336 2686 13760 8223
          2574 2576 2802 2800 13648 13650 13876 13874 2575 2689 2801 2687 13649 13763 13875 13761 8111 8113 8337 8339 8224 8226 8112 8338 2688 13762 8225
          2576 2578 2804 2802 13650 13652 13878 13876 2577 2691 2803 2689 13651 13765 13877 13763 8113 8115 8339 8341 8226 8228 8114 8340 2690 13764 8227
          2578 2580 2806 2804 13652 13654 13880 13878 2579 2693 2805 2691 13653 13767 13879 13765 8115 8117 8341 8343 8228 8230 8116 8342 2692 13766 8229
          2580 2582 2808 2806 13654 13656 13882 13880 2581 2695 2807 2693 13655 13769 13881 13767 8117 8119 8343 8345 8230 8232 8118 8344 2694 13768 8231
          2582 2584 2810 2808 13656 13658 13884 13882 2583 2697 2809 2695 13657 13771 13883 13769 8119 8121 8345 8347 8232 8234 8120 8346 2696 13770 8233
          2584 2586 2812 2810 13658 13660 13886 13884 2585 2699 2811 2697 13659 13773 13885 13771 8121 8123 8347 8349 8234 8236 8122 8348 2698 13772 8235
          2586 2588 2814 2812 13660 13662 13888 13886 2587 2701 2813 2699 13661 13775 13887 13773 8123 8125 8349 8351 8236 8238 8124 8350 2700 13774 8237
          2588 2590 2816 2814 13662 13664 13890 13888 2589 2703 2815 2701 13663 13777 13889 13775 8125 8127 8351 8353 8238 8240 8126 8352 2702 13776 8239
          2590 2592 2818 2816 13664 13666 13892 13890 2591 2705 2817 2703 13665 13779 13891 13777 8127 8129 8353 8355 8240 8242 8128 8354 2704 13778 8241
          2592 2594 2820 2818 13666 13668 13894 13892 2593 2707 2819 2705 13667 13781 13893 13779 8129 8131 8355 8357 8242 8244 8130 8356 2706 13780 8243
          2594 2596 2822 2820 13668 13670 13896 13894 2595 2709 2821 2707 13669 13783 13895 13781 8131 8133 8357 8359 8244 8246 8132 8358 2708 13782 8245
          2596 2598 2824 2822 13670 13672 13898 13896 2597 2711 2823 2709 13671 13785 13897 13783 8133 8135 8359 8361 8246 8248 8134 8360 2710 13784 8247
          2712 2714 2940 2938 13786 13788 14014 14012 2713 2827 2939 2825 13787 13901 14013 13899 8249 8251 8475 8477 8362 8364 8250 8476 2826 13900 8363
          2714 2716 2942 2940 13788 13790 14016 14014 2715 2829 2941 2827 13789 13903 14015 13901 8251 8253 8477 8479 8364 8366 8252 8478 2828 13902 8365
          2716 2718 2944 2942 13790 13792 14018 14016 2717 2831 2943 2829 13791 13905 14017 13903 8253 8255 8479 8481 8366 8368 8254 8480 2830 13904 8367
          2718 2720 2946 2944 13792 13794 14020 14018 2719 2833 2945 2831 13793 13907 14019 13905 8255 8257 8481 8483 8368 8370 8256 8482 2832 13906 8369
          2720 2722 2948 2946 13794 13796 14022 14020 2721 2835 2947 2833 13795 13909 14021 13907 8257 8259 8483 8485 8370 8372 8258 8484 2834 13908 8371
          2722 2724 2950 2948 13796 13798 14024 14022 2723 2837 2949 2835 13797 13911 14023 13909 8259 8261 8485 8487 8372 8374 8260 8486 2836 13910 8373
          2724 2726 2952 2950 13798 13800 14026 14024 2725 2839 2951 2837 13799 13913 14025 13911 8261 8263 8487 8489 8374 8376 8262 8488 2838 13912 8375
          2726 2728 2954 2952 13800 13802 14028 14026 2727 2841 2953 2839 13801 13915 14027 13913 8263 8265 8489 8491 8376 8378 8264 8490 2840 13914 8377
          2728 2730 2956 2954 13802 13804 14030 14028 2729 2843 2955 2841 13803 13917 14029 13915 8265 8267 8491 8493 8378 8380 8266 8492 2842 13916 8379
          2730 2732 2958 2956 13804 13806 14032 14030 2731 2845 2957 2843 13805 13919 14031 13917 8267 8269 8493 8495 8380 8382 8268 8494 2844 13918 8381
          2732 2734 2960 2958 13806 13808 14034 14032 2733 2847 2959 2845 13807 13921 14033 13919 8269 8271 8495 8497 8382 8384 8270 8496 2846 13920 8383
          2734 2736 2962 2960 13808 13810 14036 14034 2735 2849 2961 2847 13809 13923 14035 13921 8271 8273 8497 8499 8384 8386 8272 8498 2848 13922 8385
          2736 2738 2964 2962 13810 13812 14038 14036 2737 2851 2963 2849 13811 13925 14037 13923 8273 8275 8499 8501 8386 8388 8274 8500 2850 13924 8387
          2738 2740 2966 2964 13812 13814 14040 14038 2739 2853 2965 2851 13813 13927 14039 13925 8275 8277 8501 8503 8388 8390 8276 8502 2852 13926 8389
          2740 2742 2968 2966 13814 13816 14042 14040 2741 2855 2967 2853 13815 13929 14041 13927 8277 8279 8503 8505 8390 8392 8278 8504 2854 13928 8391
          2742 2744 2970 2968 13816 13818 14044 14042 2743 2857 2969 2855 13817 13931 14043 13929 8279 8281 8505 8507 8392 8394 8280 8506 2856 13930 8393
          2744 2746 2972 2970 13818 13820 14046 14044 2745 2859 2971 2857 13819 13933 14045 13931 8281 8283 8507 8509 8394 8396 8282 8508 2858 13932 8395
          2746 2748 2974 2972 13820 13822 14048 14046 2747 2861 2973 2859 13821 13935 14047 13933 8283 8285 8509 8511 8396 8398 8284 8510 2860 13934 8397
          2748 2750 2976 2974 13822 13824 14050 14048 2749 2863 2975 2861 13823 13937 14049 13935 8285 8287 8511 8513 8398 8400 8286 8512 2862 13936 8399
          2750 2752 2978 2976 13824 13826 14052 14050 2751 2865 2977 2863 13825 13939 14051 13937 8287 8289 8513 8515 8400 8402 8288 8514 2864 13938 8401
          2752 2754 2980 2978 13826 13828 14054 14052 2753 2867 2979 2865 13827 13941 14053 13939 8289 8291 8515 8517 8402 8404 8290 8516 2866 13940 8403
          2754 2756 2982 2980 13828 13830 14056 14054 2755 2869 2981 2867 13829 13943 14055 13941 8291 8293 8517 8519 8404 8406 8292 8518 2868 13942 8405
          2756 2758 2984 2982 13830 13832 14058 14056 2757 2871 2983 2869 13831 13945 14057 13943 8293 8295 8519 8521 8406 8408 8294 8520 2870 13944 8407
          2758 2760 2986 2984 13832 13834 14060 14058 2759 2873 2985 2871 13833 13947 14059 13945 8295 8297 8521 8523 8408 8410 8296 8522 2872 13946 8409
          2760 2762 2988 2986 13834 13836 14062 14060 2761 2875 2987 2873 13835 13949 14061 13947 8297 8299 8523 8525 8410 8412 8298 8524 2874 13948 8411
          2762 2764 2990 2988 13836 13838 14064 14062 2763 2877 2989 2875 13837 13951 14063 13949 8299 8301 8525 8527 8412 8414 8300 8526 2876 13950 8413
          2764 2766 2992 2990 13838 13840 14066 14064 2765 2879 2991 2877 13839 13953 14065 13951 8301 8303 8527 8529 8414 8416 8302 8528 2878 13952 8415
          2766 2768 2994 2992 13840 13842 14068 14066 2767 2881 2993 2879 13841 13955 14067 13953 8303 8305 8529 8531 8416 8418 8304 8530 2880 13954 8417
          2768 2770 2996 2994 13842 13844 14070 14068 2769 2883 2995 2881 13843 13957 14069 13955 8305 8307 8531 8533 8418 8420 8306 8532 2882 13956 8419
          2770 2772 2998 2996 13844 13846 14072 14070 2771 2885 2997 2883 13845 13959 14071 13957 8307 8309 8533 8535 8420 8422 8308 8534 2884 13958 8421
          2772 2774 3000 2998 13846 13848 14074 14072 2773 2887 2999 2885 13847 13961 14073 13959 8309 8311 8535 8537 8422 8424 8310 8536 2886 13960 8423
          2774 2776 3002 3000 13848 13850 14076 14074 2775 2889 3001 2887 13849 13963 14075 13961 8311 8313 8537 8539 8424 8426 8312 8538 2888 13962 8425
          2776 2778 3004 3002 13850 13852 14078 14076 2777 2891 3003 2889 13851 13965 14077 13963 8313 8315 8539 8541 8426 8428 8314 8540 2890 13964 8427
          2778 2780 3006 3004 13852 13854 14080 14078 2779 2893 3005 2891 13853 13967 14079 13965 8315 8317 8541 8543 8428 8430 8316 8542 2892 13966 8429
          2780 2782 3008 3006 13854 13856 14082 14080 2781 2895 3007 2893 13855 13969 14081 13967 8317 8319 8543 8545 8430 8432 8318 8544 2894 13968 8431
          2782 2784 3010 3008 13856 13858 14084 14082 2783 2897 3009 2895 13857 13971 14083 13969 8319 8321 8545 8547 8432 8434 8320 8546 2896 13970 8433
          2784 2786 3012 3010 13858 13860 14086 14084 2785 2899 3011 2897 13859 13973 14085 13971 8321 8323 8547 8549 8434 8436 8322 8548 2898 13972 8435
          2786 2788 3014 3012 13860 13862 14088 14086 2787 2901 3013 2899 13861 13975 14087 13973 8323 8325 8549 8551 8436 8438 8324 8550 2900 13974 8437
          2788 2790 3016 3014 13862 13864 14090 14088 2789 2903 3015 2901 13863 13977 14089 13975 8325 8327 8551 8553 8438 8440 8326 8552 2902 13976 8439
          2790 2792 3018 3016 13864 13866 14092 14090 2791 2905 3017 2903 13865 13979 14091 13977 8327 8329 8553 8555 8440 8442 8328 8554 2904 13978 8441
          2792 2794 3020 3018 13866 13868 14094 14092 2793 2907 3019 2905 13867 13981 14093 13979 8329 8331 8555 8557 8442 8444 8330 8556 2906 13980 8443
          2794 2796 3022 3020 13868 13870 14096 14094 2795 2909 3021 2907 13869 13983 14095 13981 8331 8333 8557 8559 8444 8446 8332 8558 2908 13982 8445
          2796 2798 3024 3022 13870 13872 14098 14096 2797 2911 3023 2909 13871 13985 14097 13983 8333 8335 8559 8561 8446 8448 8334 8560 2910 13984 8447
          2798 2800 3026 3024 13872 13874 14100 14098 2799 2913 3025 2911 13873 13987 14099 13985 8335 8337 8561 8563 8448 8450 8336 8562 2912 13986 8449
          2800 2802 3028 3026 13874 13876 14102 14100 2801 2915 3027 2913 13875 13989 14101 13987 8337 8339 8563 8565 8450 8452 8338 8564 2914 13988 8451
          2802 2804 3030 3028 13876 13878 14104 14102 2803 2917 3029 2915 13877 13991 14103 13989 8339 8341 8565 8567 8452 8454 8340 8566 2916 13990 8453
          2804 2806 3032 3030 13878 13880 14106 14104 2805 2919 3031 2917 13879 13993 14105 13991 8341 8343 8567 8569 8454 8456 8342 8568 2918 13992 8455
          2806 2808 3034 3032 13880 13882 14108 14106 2807 2921 3033 2919 13881 13995 14107 13993 8343 8345 8569 8571 8456 8458 8344 8570 2920 13994 8457
          2808 2810 3036 3034 13882 13884 14110 14108 2809 2923 3035 2921 13883 13997 14109 13995 8345 8347 8571 8573 8458 8460 8346 8572 2922 13996 8459
          2810 2812 3038 3036 13884 13886 14112 14110 2811 2925 3037 2923 13885 13999 14111 13997 8347 8349 8573 8575 8460 8462 8348 8574 2924 13998 8461
          2812 2814 3040 3038 13886 13888 14114 14112 2813 2927 3039 2925 13887 14001 14113 13999 8349 8351 8575 8577 8462 8464 8350 8576 2926 14000 8463
          2814 2816 3042 3040 13888 13890 14116 14114 2815 2929 3041 2927 13889 14003 14115 14001 8351 8353 8577 8579 8464 8466 8352 8578 2928 14002 8465
          2816 2818 3044 3042 13890 13892 14118 14116 2817 2931 3043 2929 13891 14005 14117 14003 8353 8355 8579 8581 8466 8468 8354 8580 2930 14004 8467
          2818 2820 3046 3044 13892 13894 14120 14118 2819 2933 3045 2931 13893 14007 14119 14005 8355 8357 8581 8583 8468 8470 8356 8582 2932 14006 8469
          2820 2822 3048 3046 13894 13896 14122 14120 2821 2935 3047 2933 13895 14009 14121 14007 8357 8359 8583 8585 8470 8472 8358 8584 2934 14008 8471
          2822 2824 3050 3048 13896 13898 14124 14122 2823 2937 3049 2935 13897 14011 14123 14009 8359 8361 8585 8587 8472 8474 8360 8586 2936 14010 8473
          2938 2940 3166 3164 14012 14014 14240 14238 2939 3053 3165 3051 14013 14127 14239 14125 8475 8477 8701 8703 8588 8590 8476 8702 3052 14126 8589
          2940 2942 3168 3166 14014 14016 14242 14240 2941 3055 3167 3053 14015 14129 14241 14127 8477 8479 8703 8705 8590 8592 8478 8704 3054 14128 8591
          2942 2944 3170 3168 14016 14018 14244 14242 2943 3057 3169 3055 14017 14131 14243 14129 8479 8481 8705 8707 8592 8594 8480 8706 3056 14130 8593
          2944 2946 3172 3170 14018 14020 14246 14244 2945 3059 3171 3057 14019 14133 14245 14131 8481 8483 8707 8709 8594 8596 8482 8708 3058 14132 8595
          2946 2948 3174 3172 14020 14022 14248 14246 2947 3061 3173 3059 14021 14135 14247 14133 8483 8485 8709 8711 8596 8598 8484 8710 3060 14134 8597
          2948 2950 3176 3174 14022 14024 14250 14248 2949 3063 3175 3061 14023 14137 14249 14135 8485 8487 8711 8713 8598 8600 8486 8712 3062 14136 8599
          2950 2952 3178 3176 14024 14026 14252 14250 2951 3065 3177 3063 14025 14139 14251 14137 8487 8489 8713 8715 8600 8602 8488 8714 3064 14138 8601
          2952 2954 3180 3178 14026 14028 14254 14252 2953 3067 3179 3065 14027 14141 14253 14139 8489 8491 8715 8717 8602 8604 8490 8716 3066 14140 8603
          2954 2956 3182 3180 14028 14030 14256 14254 2955 3069 3181 3067 14029 14143 14255 14141 8491 8493 8717 8719 8604 8606 8492 8718 3068 14142 8605
          2956 2958 3184 3182 14030 14032 14258 14256 2957 3071 3183 3069 14031 14145 14257 14143 8493 8495 8719 8721 8606 8608 8494 8720 3070 14144 8607
          2958 2960 3186 3184 14032 14034 14260 14258 2959 3073 3185 3071 14033 14147 14259 14145 8495 8497 8721 8723 8608 8610 8496 8722 3072 14146 8609
          2960 2962 3188 3186 14034 14036 14262 14260 2961 3075 3187 3073 14035 14149 14261 14147 8497 8499 8723 8725 8610 8612 8498 8724 3074 14148 8611
          2962 2964 3190 3188 14036 14038 14264 14262 2963 3077 3189 3075 14037 14151 14263 14149 8499 8501 8725 8727 8612 8614 8500 8726 3076 14150 8613
          2964 2966 3192 3190 14038 14040 14266 14264 2965 3079 3191 3077 14039 14153 14265 14151 8501 8503 8727 8729 8614 8616 8502 8728 3078 14152 8615
          2966 2968 3194 3192 14040 14042 14268 14266 2967 3081 3193 3079 14041 14155 14267 14153 8503 8505 8729 8731 8616 8618 8504 8730 3080 14154 8617
          2968 2970 3196 3194 14042 14044 14270 14268 2969 3083 3195 3081 14043 14157 14269 14155 8505 8507 8731 8733 8618 8620 8506 8732 3082 14156 8619
          2970 2972 3198 3196 14044 14046 14272 14270 2971 3085 3197 3083 14045 14159 14271 14157 8507 8509 8733 8735 8620 8622 8508 8734 3084 14158 8621
          2972 2974 3200 3198 14046 14048 14274 14272 2973 3087 3199 3085 14047 14161 14273 14159 8509 8511 8735 8737 8622 8624 8510 8736 3086 14160 8623
          2974 2976 3202 3200 14048 14050 14276 14274 2975 3089 3201 3087 14049 14163 14275 14161 8511 8513 8737 8739 8624 8626 8512 8738 3088 14162 8625
          2976 2978 3204 3202 14050 14052 14278 14276 2977 3091 3203 3089 14051 14165 14277 14163 8513 8515 8739 8741 8626 8628 8514 8740 3090 14164 8627
          2978 2980 3206 3204 14052 14054 14280 14278 2979 3093 3205 3091 14053 14167 14279 14165 8515 8517 8741 8743 8628 8630 8516 8742 3092 14166 8629
          2980 2982 3208 3206 14054 14056 14282 14280 2981 3095 3207 3093 14055 14169 14281 14167 8517 8519 8743 8745 8630 8632 8518 8744 3094 14168 8631
          2982 2984 3210 3208 14056 14058 14284 14282 2983 3097 3209 3095 14057 14171 14283 14169 8519 8521 8745 8747 8632 8634 8520 8746 3096 14170 8633
          2984 2986 3212 3210 14058 14060 14286 14284 2985 3099 3211 3097 14059 14173 14285 14171 8521 8523 8747 8749 8634 8636 8522 8748 3098 14172 8635
          2986 2988 3214 3212 14060 14062 14288 14286 2987 3101 3213 3099 14061 14175 14287 14173 8523 8525 8749 8751 8636 8638 8524 8750 3100 14174 8637
          2988 2990 3216 3214 14062 14064 14290 14288 2989 3103 3215 3101 14063 14177 14289 14175 8525 8527 8751 8753 8638 8640 8526 8752 3102 14176 8639
          2990 2992 3218 3216 14064 14066 14292 14290 2991 3105 3217 3103 14065 14179 14291 14177 8527 8529 8753 8755 8640 8642 8528 8754 3104 14178 8641
          2992 2994 3220 3218 14066 14068 14294 14292 2993 3107 3219 3105 14067 14181 14293 14179 8529 8531 8755 8757 8642 8644 8530 8756 3106 14180 8643
          2994 2996 3222 3220 14068 14070 14296 14294 2995 3109 3221 3107 14069 14183 14295 14181 8531 8533 8757 8759 8644 8646 8532 8758 3108 14182 8645
          2996 2998 3224 3222 14070 14072 14298 14296 2997 3111 3223 3109 14071 14185 14297 14183 8533 8535 8759 8761 8646 8648 8534 8760 3110 14184 8647
          2998 3000 3226 3224 14072 14074 14300 14298 2999 3113 3225 3111 14073 14187 14299 14185 8535 8537 8761 8763 8648 8650 8536 8762 3112 14186 8649
          3000 3002 3228 3226 14074 14076 14302 14300 3001 3115 3227 3113 14075 14189 14301 14187 8537 8539 8763 8765 8650 8652 8538 8764 3114 14188 8651
          3002 3004 3230 3228 14076 14078 14304 14302 3003 3117 3229 3115 14077 14191 14303 14189 8539 8541 8765 8767 8652 8654 8540 8766 3116 14190 8653
          3004 3006 3232 3230 14078 14080 14306 14304 3005 3119 3231 3117 14079 14193 14305 14191 8541 8543 8767 8769 8654 8656 8542 8768 3118 14192 8655
          3006 3008 3234 3232 14080 14082 14308 14306 3007 3121 3233 3119 14081 14195 14307 14193 8543 8545 8769 8771 8656 8658 8544 8770 3120 14194 8657
          3008 3010 3236 3234 14082 14084 14310 14308 3009 3123 3235 3121 14083 14197 14309 14195 8545 8547 8771 8773 8658 8660 8546 8772 3122 14196 8659
          3010 3012 3238 3236 14084 14086 14312 14310 3011 3125 3237 3123 14085 14199 14311 14197 8547 8549 8773 8775 8660 8662 8548 8774 3124 14198 8661
          3012 3014 3240 3238 14086 14088 14314 14312 3013 3127 3239 3125 14087 14201 14313 14199 8549 8551 8775 8777 8662 8664 8550 8776 3126 14200 8663
          3014 3016 3242 3240 14088 14090 14316 14314 3015 3129 3241 3127 14089 14203 14315 14201 8551 8553 8777 8779 8664 8666 8552 8778 3128 14202 8665
          3016 3018 3244 3242 14090 14092 14318 14316 3017 3131 3243 3129 14091 14205 14317 14203 8553 8555 8779 8781 8666 8668 8554 8780 3130 14204 8667
          3018 3020 3246 3244 14092 14094 14320 14318 3019 3133 3245 3131 14093 14207 14319 14205 8555 8557 8781 8783 8668 8670 8556 8782 3132 14206 8669
          3020 3022 3248 3246 14094 14096 14322 14320 3021 3135 3247 3133 14095 14209 14321 14207 8557 8559 8783 8785 8670 8672 8558 8784 3134 14208 8671
          3022 3024 3250 3248 14096 14098 14324 14322 3023 3137 3249 3135 14097 14211 14323 14209 8559 8561 8785 8787 8672 8674 8560 8786 3136 14210 8673
          3024 3026 3252 3250 14098 14100 14326 14324 3025 3139 3251 3137 14099 14213 14325 14211 8561 8563 8787 8789 8674 8676 8562 8788 3138 14212 8675
          3026 3028 3254 3252 14100 14102 14328 14326 3027 3141 3253 3139 14101 14215 14327 14213 8563 8565 8789 8791 8676 8678 8564 8790 3140 14214 8677
          3028 3030 3256 3254 14102 14104 14330 14328 3029 3143 3255 3141 14103 14217 14329 14215 8565 8567 8791 8793 8678 8680 8566 8792 3142 14216 8679
          3030 3032 3258 3256 14104 14106 14332 14330 3031 3145 3257 3143 14105 14219 14331 14217 8567 8569 8793 8795 8680 8682 8568 8794 3144 14218 8681
          3032 3034 3260 3258 14106 14108 14334 14332 3033 3147 3259 3145 14107 14221 14333 14219 8569 8571 8795 8797 8682 8684 8570 8796 3146 14220 8683
          3034 3036 3262 3260 14108 14110 14336 14334 3035 3149 3261 3147 14109 14223 14335 14221 8571 8573 8797 8799 8684 8686 8572 8798 3148 14222 8685
          3036 3038 3264 3262 14110 14112 14338 14336 3037 3151 3263 3149 14111 14225 14337 14223 8573 8575 8799 8801 8686 8688 8574 8800 3150 14224 8687
          3038 3040 3266 3264 14112 14114 14340 14338 3039 3153 3265 3151 14113 14227 14339 14225 8575 8577 8801 8803 8688 8690 8576 8802 3152 14226 8689
          3040 3042 3268 3266 14114 14116 14342 14340 3041 3155 3267 3153 14115 14229 14341 14227 8577 8579 8803 8805 8690 8692 8578 8804 3154 14228 8691
          3042 3044 3270 3268 14116 14118 14344 14342 3043 3157 3269 3155 14117 14231 14343 14229 8579 8581 8805 8807 8692 8694 8580 8806 3156 14230 8693
          3044 3046 3272 3270 14118 14120 14346 14344 3045 3159 3271 3157 14119 14233 14345 14231 8581 8583 8807 8809 8694 8696 8582 8808 3158 14232 8695
          3046 3048 3274 3272 14120 14122 14348 14346 3047 3161 3273 3159 14121 14235 14347 14233 8583 8585 8809 8811 8696 8698 8584 8810 3160 14234 8697
          3048 3050 3276 3274 14122 14124 14350 14348 3049 3163 3275 3161 14123 14237 14349 14235 8585 8587 8811 8813 8698 8700 8586 8812 3162 14236 8699
          3164 3166 3392 3390 14238 14240 14466 14464 3165 3279 3391 3277 14239 14353 14465 14351 8701 8703 8927 8929 8814 8816 8702 8928 3278 14352 8815
          3166 3168 3394 3392 14240 14242 14468 14466 3167 3281 3393 3279 14241 14355 14467 14353 8703 8705 8929 8931 8816 8818 8704 8930 3280 14354 8817
          3168 3170 3396 3394 14242 14244 14470 14468 3169 3283 3395 3281 14243 14357 14469 14355 8705 8707 8931 8933 8818 8820 8706 8932 3282 14356 8819
          3170 3172 3398 3396 14244 14246 14472 14470 3171 3285 3397 3283 14245 14359 14471 14357 8707 8709 8933 8935 8820 8822 8708 8934 3284 14358 8821
          3172 3174 3400 3398 14246 14248 14474 14472 3173 3287 3399 3285 14247 14361 14473 14359 8709 8711 8935 8937 8822 8824 8710 8936 3286 14360 8823
          3174 3176 3402 3400 14248 14250 14476 14474 3175 3289 3401 3287 14249 14363 14475 14361 8711 8713 8937 8939 8824 8826 8712 8938 3288 14362 8825
          3176 3178 3404 3402 14250 14252 14478 14476 3177 3291 3403 3289 14251 14365 14477 14363 8713 8715 8939 8941 8826 8828 8714 8940 3290 14364 8827
          3178 3180 3406 3404 14252 14254 14480 14478 3179 3293 3405 3291 14253 14367 14479 14365 8715 8717 8941 8943 8828 8830 8716 8942 3292 14366 8829
          3180 3182 3408 3406 14254 14256 14482 14480 3181 3295 3407 3293 14255 14369 14481 14367 8717 8719 8943 8945 8830 8832 8718 8944 3294 14368 8831
          3182 3184 3410 3408 14256 14258 14484 14482 3183 3297 3409 3295 14257 14371 14483 14369 8719 8721 8945 8947 8832 8834 8720 8946 3296 14370 8833
          3184 3186 3412 3410 14258 14260 14486 14484 3185 3299 3411 3297 14259 14373 14485 14371 8721 8723 8947 8949 8834 8836 8722 8948 3298 14372 8835
          3186 3188 3414 3412 14260 14262 14488 14486 3187 3301 3413 3299 14261 14375 14487 14373 8723 8725 8949 8951 8836 8838 8724 8950 3300 14374 8837
          3188 3190 3416 3414 14262 14264 14490 14488 3189 3303 3415 3301 14263 14377 14489 14375 8725 8727 8951 8953 8838 8840 8726 8952 3302 14376 8839
          3190 3192 3418 3416 14264 14266 14492 14490 3191 3305 3417 3303 14265 14379 14491 14377 8727 8729 8953 8955 8840 8842 8728 8954 3304 14378 8841
          3192 3194 3420 3418 14266 14268 14494 14492 3193 3307 3419 3305 14267 14381 14493 14379 8729 8731 8955 8957 8842 8844 8730 8956 3306 14380 8843
          3194 3196 3422 3420 14268 14270 14496 14494 3195 3309 3421 3307 14269 14383 14495 14381 8731 8733 8957 8959 8844 8846 8732 8958 3308 14382 8845
          3196 3198 3424 3422 14270 14272 14498 14496 3197 3311 3423 3309 14271 14385 14497 14383 8733 8735 8959 8961 8846 8848 8734 8960 3310 14384 8847
          3198 3200 3426 3424 14272 14274 14500 14498 3199 3313 3425 3311 14273 14387 14499 14385 8735 8737 8961 8963 8848 8850 8736 8962 3312 14386 8849
          3200 3202 3428 3426 14274 14276 14502 14500 3201 3315 3427 3313 14275 14389 14501 14387 8737 8739 8963 8965 8850 8852 8738 8964 3314 14388 8851
          3202 3204 3430 3428 14276 14278 14504 14502 3203 3317 3429 3315 14277 14391 14503 14389 8739 8741 8965 8967 8852 8854 8740 8966 3316 14390 8853
          3204 3206 3432 3430 14278 14280 14506 14504 3205 3319 3431 3317 14279 14393 14505 14391 8741 8743 8967 8969 8854 8856 8742 8968 3318 14392 8855
          3206 3208 3434 3432 14280 14282 14508 14506 3207 3321 3433 3319 14281 14395 14507 14393 8743 8745 8969 8971 8856 8858 8744 8970 3320 14394 8857
          3208 3210 3436 3434 14282 14284 14510 14508 3209 3323 3435 3321 14283 14397 14509 14395 8745 8747 8971 8973 8858 8860 8746 8972 3322 14396 8859
          3210 3212 3438 3436 14284 14286 14512 14510 3211 3325 3437 3323 14285 14399 14511 14397 8747 8749 8973 8975 8860 8862 8748 8974 3324 14398 8861
          3212 3214 3440 3438 14286 14288 14514 14512 3213 3327 3439 3325 14287 14401 14513 14399 8749 8751 8975 8977 8862 8864 8750 8976 3326 14400 8863
          3214 3216 3442 3440 14288 14290 14516 14514 3215 3329 3441 3327 14289 14403 14515 14401 8751 8753 8977 8979 8864 8866 8752 8978 3328 14402 8865
          3216 3218 3444 3442 14290 14292 14518 14516 3217 3331 3443 3329 14291 14405 14517 14403 8753 8755 8979 8981 8866 8868 8754 8980 3330 14404 8867
          3218 3220 3446 3444 14292 14294 14520 14518 3219 3333 3445 3331 14293 14407 14519 14405 8755 8757 8981 8983 8868 8870 8756 8982 3332 14406 8869
          3220 3222 3448 3446 14294 14296 14522 14520 3221 3335 3447 3333 14295 14409 14521 14407 8757 8759 8983 8985 8870 8872 8758 8984 3334 14408 8871
          3222 3224 3450 3448 14296 14298 14524 14522 3223 3337 3449 3335 14297 14411 14523 14409 8759 8761 8985 8987 8872 8874 8760 8986 3336 14410 8873
          3224 3226 3452 3450 14298 14300 14526 14524 3225 3339 3451 3337 14299 14413 14525 14411 8761 8763 8987 8989 8874 8876 8762 8988 3338 14412 8875
          3226 3228 3454 3452 14300 14302 14528 14526 3227 3341 3453 3339 14301 14415 14527 14413 8763 8765 8989 8991 8876 8878 8764 8990 3340 14414 8877
          3228 3230 3456 3454 14302 14304 14530 14528 3229 3343 3455 3341 14303 14417 14529 14415 8765 8767 8991 8993 8878 8880 8766 8992 3342 14416 8879
          3230 3232 3458 3456 14304 14306 14532 14530 3231 3345 3457 3343 14305 14419 14531 14417 8767 8769 8993 8995 8880 8882 8768 8994 3344 14418 8881
          3232 3234 3460 3458 14306 14308 14534 14532 3233 3347 3459 3345 14307 14421 14533 14419 8769 8771 8995 8997 8882 8884 8770 8996 3346 14420 8883
          3234 3236 3462 3460 14308 14310 14536 14534 3235 3349 3461 3347 14309 14423 14535 14421 8771 8773 8997 8999 8884 8886 8772 8998 3348 14422 8885
          3236 3238 3464 3462 14310 14312 14538 14536 3237 3351 3463 3349 14311 14425 14537 14423 8773 8775 8999 9001 8886 8888 8774 9000 3350 14424 8887
          3238 3240 3466 3464 14312 14314 14540 14538 3239 3353 3465 3351 14313 14427 14539 14425 8775 8777 9001 9003 8888 8890 8776 9002 3352 14426 8889
          3240 3242 3468 3466 14314 14316 14542 14540 3241 3355 3467 3353 14315 14429 14541 14427 8777 8779 9003 9005 8890 8892 8778 9004 3354 14428 8891
          3242 3244 3470 3468 14316 14318 14544 14542 3243 3357 3469 3355 14317 14431 14543 14429 8779 8781 9005 9007 8892 8894 8780 9006 3356 14430 8893
          3244 3246 3472 3470 14318 14320 14546 14544 3245 3359 3471 3357 14319 14433 14545 14431 8781 8783 9007 9009 8894 8896 8782 9008 3358 14432 8895
          3246 3248 3474 3472 14320 14322 14548 14546 3247 3361 3473 3359 14321 14435 14547 14433 8783 8785 9009 9011 8896 8898 8784 9010 3360 14434 8897
          3248 3250 3476 3474 14322 14324 14550 14548 3249 3363 3475 3361 14323 14437 14549 14435 8785 8787 9011 9013 8898 8900 8786 9012 3362 14436 8899
          3250 3252 3478 3476 14324 14326 14552 14550 3251 3365 3477 3363 14325 14439 14551 14437 8787 8789 9013 9015 8900 8902 8788 9014 3364 14438 8901
          3252 3254 3480 3478 14326 14328 14554 14552 3253 3367 3479 3365 14327 14441 14553 14439 8789 8791 9015 9017 8902 8904 8790 9016 3366 14440 8903
          3254 3256 3482 3480 14328 14330 14556 14554 3255 3369 3481 3367 14329 14443 14555 14441 8791 8793 9017 9019 8904 8906 8792 9018 3368 14442 8905
          3256 3258 3484 3482 14330 14332 14558 14556 3257 3371 3483 3369 14331 14445 14557 14443 8793 8795 9019 9021 8906 8908 8794 9020 3370 14444 8907
          3258 3260 3486 3484 14332 14334 14560 14558 3259 3373 3485 3371 14333 14447 14559 14445 8795 8797 9021 9023 8908 8910 8796 9022 3372 14446 8909
          3260 3262 3488 3486 14334 14336 14562 14560 3261 3375 3487 3373 14335 14449 14561 14447 8797 8799 9023 9025 8910 8912 8798 9024 3374 14448 8911
          3262 3264 3490 3488 14336 14338 14564 14562 3263 3377 3489 3375 14337 14451 14563 14449 8799 8801 9025 9027 8912 8914 8800 9026 3376 14450 8913
          3264 3266 3492 3490 14338 14340 14566 14564 3265 3379 3491 3377 14339 14453 14565 14451 8801 8803 9027 9029 8914 8916 8802 9028 3378 14452 8915
          3266 3268 3494 3492 14340 14342 14568 14566 3267 3381 3493 3379 14341 14455 14567 14453 8803 8805 9029 9031 8916 8918 8804 9030 3380 14454 8917
          3268 3270 3496 3494 14342 14344 14570 14568 3269 3383 3495 3381 14343 14457 14569 14455 8805 8807 9031 9033 8918 8920 8806 9032 3382 14456 8919
          3270 3272 3498 3496 14344 14346 14572 14570 3271 3385 3497 3383 14345 14459 14571 14457 8807 8809 9033 9035 8920 8922 8808 9034 3384 14458 8921
          3272 3274 3500 3498 14346 14348 14574 14572 3273 3387 3499 3385 14347 14461 14573 14459 8809 8811 9035 9037 8922 8924 8810 9036 3386 14460 8923
          3274 3276 3502 3500 14348 14350 14576 14574 3275 3389 3501 3387 14349 14463 14575 14461 8811 8813 9037 9039 8924 8926 8812 9038 3388 14462 8925
          3390 3392 3618 3616 14464 14466 14692 14690 3391 3505 3617 3503 14465 14579 14691 14577 8927 8929 9153 9155 9040 9042 8928 9154 3504 14578 9041
          3392 3394 3620 3618 14466 14468 14694 14692 3393 3507 3619 3505 14467 14581 14693 14579 8929 8931 9155 9157 9042 9044 8930 9156 3506 14580 9043
          3394 3396 3622 3620 14468 14470 14696 14694 3395 3509 3621 3507 14469 14583 14695 14581 8931 8933 9157 9159 9044 9046 8932 9158 3508 14582 9045
          3396 3398 3624 3622 14470 14472 14698 14696 3397 3511 3623 3509 14471 14585 14697 14583 8933 8935 9159 9161 9046 9048 8934 9160 3510 14584 9047
          3398 3400 3626 3624 14472 14474 14700 14698 3399 3513 3625 3511 14473 14587 14699 14585 8935 8937 9161 9163 9048 9050 8936 9162 3512 14586 9049
          3400 3402 3628 3626 14474 14476 14702 14700 3401 3515 3627 3513 14475 14589 14701 14587 8937 8939 9163 9165 9050 9052 8938 9164 3514 14588 9051
          3402 3404 3630 3628 14476 14478 14704 14702 3403 3517 3629 3515 14477 14591 14703 14589 8939 8941 9165 9167 9052 9054 8940 9166 3516 14590 9053
          3404 3406 3632 3630 14478 14480 14706 14704 3405 3519 3631 3517 14479 14593 14705 14591 8941 8943 9167 9169 9054 9056 8942 9168 3518 14592 9055
          3406 3408 3634 3632 14480 14482 14708 14706 3407 3521 3633 3519 14481 14595 14707 14593 8943 8945 9169 9171 9056 9058 8944 9170 3520 14594 9057
          3408 3410 3636 3634 14482 14484 14710 14708 3409 3523 3635 3521 14483 14597 14709 14595 8945 8947 9171 9173 9058 9060 8946 9172 3522 14596 9059
          3410 3412 3638 3636 14484 14486 14712 14710 3411 3525 3637 3523 14485 14599 14711 14597 8947 8949 9173 9175 9060 9062 8948 9174 3524 14598 9061
          3412 3414 3640 3638 14486 14488 14714 14712 3413 3527 3639 3525 14487 14601 14713 14599 8949 8951 9175 9177 9062 9064 8950 9176 3526 14600 9063
          3414 3416 3642 3640 14488 14490 14716 14714 3415 3529 3641 3527 14489 14603 14715 14601 8951 8953 9177 9179 9064 9066 8952 9178 3528 14602 9065
          3416 3418 3644 3642 14490 14492 14718 14716 3417 3531 3643 3529 14491 14605 14717 14603 8953 8955 9179 9181 9066 9068 8954 9180 3530 14604 9067
          3418 3420 3646 3644 14492 14494 14720 14718 3419 3533 3645 3531 14493 14607 14719 14605 8955 8957 9181 9183 9068 9070 8956 9182 3532 14606 9069
          3420 3422 3648 3646 14494 14496 14722 14720 3421 3535 3647 3533 14495 14609 14721 14607 8957 8959 9183 9185 9070 9072 8958 9184 3534 14608 9071
          3422 3424 3650 3648 14496 14498 14724 14722 3423 3537 3649 3535 14497 14611 14723 14609 8959 8961 9185 9187 9072 9074 8960 9186 3536 14610 9073
          3424 3426 3652 3650 14498 14500 14726 14724 3425 3539 3651 3537 14499 14613 14725 14611 8961 8963 9187 9189 9074 9076 8962 9188 3538 14612 9075
          3426 3428 3654 3652 14500 14502 14728 14726 3427 3541 3653 3539 14501 14615 14727 14613 8963 8965 9189 9191 9076 9078 8964 9190 3540 14614 9077
          3428 3430 3656 3654 14502 14504 14730 14728 3429 3543 3655 3541 14503 14617 14729 14615 8965 8967 9191 9193 9078 9080 8966 9192 3542 14616 9079
          3430 3432 3658 3656 14504 14506 14732 14730 3431 3545 3657 3543 14505 14619 14731 14617 8967 8969 9193 9195 9080 9082 8968 9194 3544 14618 9081
          3432 3434 3660 3658 14506 14508 14734 14732 3433 3547 3659 3545 14507 14621 14733 14619 8969 8971 9195 9197 9082 9084 8970 9196 3546 14620 9083
          3434 3436 3662 3660 14508 14510 14736 14734 3435 3549 3661 3547 14509 14623 14735 14621 8971 8973 9197 9199 9084 9086 8972 9198 3548 14622 9085
          3436 3438 3664 3662 14510 14512 14738 14736 3437 3551 3663 3549 14511 14625 14737 14623 8973 8975 9199 9201 9086 9088 8974 9200 3550 14624 9087
          3438 3440 3666 3664 14512 14514 14740 14738 3439 3553 3665 3551 14513 14627 14739 14625 8975 8977 9201 9203 9088 9090 8976 9202 3552 14626 9089
          3440 3442 3668 3666 14514 14516 14742 14740 3441 3555 3667 3553 14515 14629 14741 14627 8977 8979 9203 9205 9090 9092 8978 9204 3554 14628 9091
          3442 3444 3670 3668 14516 14518 14744 14742 3443 3557 3669 3555 14517 14631 14743 14629 8979 8981 9205 9207 9092 9094 8980 9206 3556 14630 9093
          3444 3446 3672 3670 14518 14520 14746 14744 3445 3559 3671 3557 14519 14633 14745 14631 8981 8983 9207 9209 9094 9096 8982 9208 3558 14632 9095
          3446 3448 3674 3672 14520 14522 14748 14746 3447 3561 3673 3559 14521 14635 14747 14633 8983 8985 9209 9211 9096 9098 8984 9210 3560 14634 9097
          3448 3450 3676 3674 14522 14524 14750 14748 3449 3563 3675 3561 14523 14637 14749 14635 8985 8987 9211 9213 9098 9100 8986 9212 3562 14636 9099
          3450 3452 3678 3676 14524 14526 14752 14750 3451 3565 3677 3563 14525 14639 14751 14637 8987 8989 9213 9215 9100 9102 8988 9214 3564 14638 9101
          3452 3454 3680 3678 14526 14528 14754 14752 3453 3567 3679 3565 14527 14641 14753 14639 8989 8991 9215 9217 9102 9104 8990 9216 3566 14640 9103
          3454 3456 3682 3680 14528 14530 14756 14754 3455 3569 3681 3567 14529 14643 14755 14641 8991 8993 9217 9219 9104 9106 8992 9218 3568 14642 9105
          3456 3458 3684 3682 14530 14532 14758 14756 3457 3571 3683 3569 14531 14645 14757 14643 8993 8995 9219 9221 9106 9108 8994 9220 3570 14644 9107
          3458 3460 3686 3684 14532 14534 14760 14758 3459 3573 3685 3571 14533 14647 14759 14645 8995 8997 9221 9223 9108 9110 8996 9222 3572 14646 9109
          3460 3462 3688 3686 14534 14536 14762 14760 3461 3575 3687 3573 14535 14649 14761 14647 8997 8999 9223 9225 9110 9112 8998 9224 3574 14648 9111
          3462 3464 3690 3688 14536 14538 14764 14762 3463 3577 3689 3575 14537 14651 14763 14649 8999 9001 9225 9227 9112 9114 9000 9226 3576 14650 9113
          3464 3466 3692 3690 14538 14540 14766 14764 3465 3579 3691 3577 14539 14653 14765 14651 9001 9003 9227 9229 9114 9116 9002 9228 3578 14652 9115
          3466 3468 3694 3692 14540 14542 14768 14766 3467 3581 3693 3579 14541 14655 14767 14653 9003 9005 9229 9231 9116 9118 9004 9230 3580 14654 9117
          3468 3470 3696 3694 14542 14544 14770 14768 3469 3583 3695 3581 14543 14657 14769 14655 9005 9007 9231 9233 9118 9120 9006 9232 3582 14656 9119
          3470 3472 3698 3696 14544 14546 14772 14770 3471 3585 3697 3583 14545 14659 14771 14657 9007 9009 9233 9235 9120 9122 9008 9234 3584 14658 9121
          3472 3474 3700 3698 14546 14548 14774 14772 3473 3587 3699 3585 14547 14661 14773 14659 9009 9011 9235 9237 9122 9124 9010 9236 3586 14660 9123
          3474 3476 3702 3700 14548 14550 14776 14774 3475 3589 3701 3587 14549 14663 14775 14661 9011 9013 9237 9239 9124 9126 9012 9238 3588 14662 9125
          3476 3478 3704 3702 14550 14552 14778 14776 3477 3591 3703 3589 14551 14665 14777 14663 9013 9015 9239 9241 9126 9128 9014 9240 3590 14664 9127
          3478 3480 3706 3704 14552 14554 14780 14778 3479 3593 3705 3591 14553 14667 14779 14665 9015 9017 9241 9243 9128 9130 9016 9242 3592 14666 9129
          3480 3482 3708 3706 14554 14556 14782 14780 3481 3595 3707 3593 14555 14669 14781 14667 9017 9019 9243 9245 9130 9132 9018 9244 3594 14668 9131
          3482 3484 3710 3708 14556 14558 14784 14782 3483 3597 3709 3595 14557 14671 14783 14669 9019 9021 9245 9247 9132 9134 9020 9246 3596 14670 9133
          3484 3486 3712 3710 14558 14560 14786 14784 3485 3599 3711 3597 14559 14673 14785 14671 9021 9023 9247 9249 9134 9136 9022 9248 3598 14672 9135
          3486 3488 3714 3712 14560 14562 14788 14786 3487 3601 3713 3599 14561 14675 14787 14673 9023 9025 9249 9251 9136 9138 9024 9250 3600 14674 9137
          3488 3490 3716 3714 14562 14564 14790 14788 3489 3603 3715 3601 14563 14677 14789 14675 9025 9027 9251 9253 9138 9140 9026 9252 3602 14676 9139
          3490 3492 3718 3716 14564 14566 14792 14790 3491 3605 3717 3603 14565 14679 14791 14677 9027 9029 9253 9255 9140 9142 9028 9254 3604 14678 9141
          3492 3494 3720 3718 14566 14568 14794 14792 3493 3607 3719 3605 14567 14681 14793 14679 9029 9031 9255 9257 9142 9144 9030 9256 3606 14680 9143
          3494 3496 3722 3720 14568 14570 14796 14794 3495 3609 3721 3607 14569 14683 14795 14681 9031 9033 9257 9259 9144 9146 9032 9258 3608 14682 9145
          3496 3498 3724 3722 14570 14572 14798 14796 3497 3611 3723 3609 14571 14685 14797 14683 9033 9035 9259 9261 9146 9148 9034 9260 3610 14684 9147
          3498 3500 3726 3724 14572 14574 14800 14798 3499 3613 3725 3611 14573 14687 14799 14685 9035 9037 9261 9263 9148 9150 9036 9262 3612 14686 9149
          3500 3502 3728 3726 14574 14576 14802 14800 3501 3615 3727 3613 14575 14689 14801 14687 9037 9039 9263 9265 9150 9152 9038 9264 3614 14688 9151
          3616 3618 3844 3842 14690 14692 14918 14916 3617 3731 3843 3729 14691 14805 14917 14803 9153 9155 9379 9381 9266 9268 9154 9380 3730 14804 9267
          3618 3620 3846 3844 14692 14694 14920 14918 3619 3733 3845 3731 14693 14807 14919 14805 9155 9157 9381 9383 9268 9270 9156 9382 3732 14806 9269
          3620 3622 3848 3846 14694 14696 14922 14920 3621 3735 3847 3733 14695 14809 14921 14807 9157 9159 9383 9385 9270 9272 9158 9384 3734 14808 9271
          3622 3624 3850 3848 14696 14698 14924 14922 3623 3737 3849 3735 14697 14811 14923 14809 9159 9161 9385 9387 9272 9274 9160 9386 3736 14810 9273
          3624 3626 3852 3850 14698 14700 14926 14924 3625 3739 3851 3737 14699 14813 14925 14811 9161 9163 9387 9389 9274 9276 9162 9388 3738 14812 9275
          3626 3628 3854 3852 14700 14702 14928 14926 3627 3741 3853 3739 14701 14815 14927 14813 9163 9165 9389 9391 9276 9278 9164 9390 3740 14814 9277
          3628 3630 3856 3854 14702 14704 14930 14928 3629 3743 3855 3741 14703 14817 14929 14815 9165 9167 9391 9393 9278 9280 9166 9392 3742 14816 9279
          3630 3632 3858 3856 14704 14706 14932 14930 3631 3745 3857 3743 14705 14819 14931 14817 9167 9169 9393 9395 9280 9282 9168 9394 3744 14818 9281
          3632 3634 3860 3858 14706 14708 14934 14932 3633 3747 3859 3745 14707 14821 14933 14819 9169 9171 9395 9397 9282 9284 9170 9396 3746 14820 9283
          3634 3636 3862 3860 14708 14710 14936 14934 3635 3749 3861 3747 14709 14823 14935 14821 9171 9173 9397 9399 9284 9286 9172 9398 3748 14822 9285
          3636 3638 3864 3862 14710 14712 14938 14936 3637 3751 3863 3749 14711 14825 14937 14823 9173 9175 9399 9401 9286 9288 9174 9400 3750 14824 9287
          3638 3640 3866 3864 14712 14714 14940 14938 3639 3753 3865 3751 14713 14827 14939 14825 9175 9177 9401 9403 9288 9290 9176 9402 3752 14826 9289
          3640 3642 3868 3866 14714 14716 14942 14940 3641 3755 3867 3753 14715 14829 14941 14827 9177 9179 9403 9405 9290 9292 9178 9404 3754 14828 9291
          3642 3644 3870 3868 14716 14718 14944 14942 3643 3757 3869 3755 14717 14831 14943 14829 9179 9181 9405 9407 9292 9294 9180 9406 3756 14830 9293
          3644 3646 3872 3870 14718 14720 14946 14944 3645 3759 3871 3757 14719 14833 14945 14831 9181 9183 9407 9409 9294 9296 9182 9408 3758 14832 9295
          3646 3648 3874 3872 14720 14722 14948 14946 3647 3761 3873 3759 14721 14835 14947 14833 9183 9185 9409 9411 9296 9298 9184 9410 3760 14834 9297
          3648 3650 3876 3874 14722 14724 14950 14948 3649 3763 3875 3761 14723 14837 14949 14835 9185 9187 9411 9413 9298 9300 9186 9412 3762 14836 9299
          3650 3652 3878 3876 14724 14726 14952 14950 3651 3765 3877 3763 14725 14839 14951 14837 9187 9189 9413 9415 9300 9302 9188 9414 3764 14838 9301
          3652 3654 3880 3878 14726 14728 14954 14952 3653 3767 3879 3765 14727 14841 14953 14839 9189 9191 9415 9417 9302 9304 9190 9416 3766 14840 9303
          3654 3656 3882 3880 14728 14730 14956 14954 3655 3769 3881 3767 14729 14843 14955 14841 9191 9193 9417 9419 9304 9306 9192 9418 3768 14842 9305
          3656 3658 3884 3882 14730 14732 14958 14956 3657 3771 3883 3769 14731 14845 14957 14843 9193 9195 9419 9421 9306 9308 9194 9420 3770 14844 9307
          3658 3660 3886 3884 14732 14734 14960 14958 3659 3773 3885 3771 14733 14847 14959 14845 9195 9197 9421 9423 9308 9310 9196 9422 3772 14846 9309
          3660 3662 3888 3886 14734 14736 14962 14960 3661 3775 3887 3773 14735 14849 14961 14847 9197 9199 9423 9425 9310 9312 9198 9424 3774 14848 9311
          3662 3664 3890 3888 14736 14738 14964 14962 3663 3777 3889 3775 14737 14851 14963 14849 9199 9201 9425 9427 9312 9314 9200 9426 3776 14850 9313
          3664 3666 3892 3890 14738 14740 14966 14964 3665 3779 3891 3777 14739 14853 14965 14851 9201 9203 9427 9429 9314 9316 9202 9428 3778 14852 9315
          3666 3668 3894 3892 14740 14742 14968 14966 3667 3781 3893 3779 14741 14855 14967 14853 9203 9205 9429 9431 9316 9318 9204 9430 3780 14854 9317
          3668 3670 3896 3894 14742 14744 14970 14968 3669 3783 3895 3781 14743 14857 14969 14855 9205 9207 9431 9433 9318 9320 9206 9432 3782 14856 9319
          3670 3672 3898 3896 14744 14746 14972 14970 3671 3785 3897 3783 14745 14859 14971 14857 9207 9209 9433 9435 9320 9322 9208 9434 3784 14858 9321
          3672 3674 3900 3898 14746 14748 14974 14972 3673 3787 3899 3785 14747 14861 14973 14859 9209 9211 9435 9437 9322 9324 9210 9436 3786 14860 9323
          3674 3676 3902 3900 14748 14750 14976 14974 3675 3789 3901 3787 14749 14863 14975 14861 9211 9213 9437 9439 9324 9326 9212 9438 3788 14862 9325
          3676 3678 3904 3902 14750 14752 14978 14976 3677 3791 3903 3789 14751 14865 14977 14863 9213 9215 9439 9441 9326 9328 9214 9440 3790 14864 9327
          3678 3680 3906 3904 14752 14754 14980 14978 3679 3793 3905 3791 14753 14867 14979 14865 9215 9217 9441 9443 9328 9330 9216 9442 3792 14866 9329
          3680 3682 3908 3906 14754 14756 14982 14980 3681 3795 3907 3793 14755 14869 14981 14867 9217 9219 9443 9445 9330 9332 9218 9444 3794 14868 9331
          3682 3684 3910 3908 14756 14758 14984 14982 3683 3797 3909 3795 14757 14871 14983 14869 9219 9221 9445 9447 9332 9334 9220 9446 3796 14870 9333
          3684 3686 3912 3910 14758 14760 14986 14984 3685 3799 3911 3797 14759 14873 14985 14871 9221 9223 9447 9449 9334 9336 9222 9448 3798 14872 9335
          3686 3688 3914 3912 14760 14762 14988 14986 3687 3801 3913 3799 14761 14875 14987 14873 9223 9225 9449 9451 9336 9338 9224 9450 3800 14874 9337
          3688 3690 3916 3914 14762 14764 14990 14988 3689 3803 3915 3801 14763 14877 14989 14875 9225 9227 9451 9453 9338 9340 9226 9452 3802 14876 9339
          3690 3692 3918 3916 14764 14766 14992 14990 3691 3805 3917 3803 14765 14879 14991 14877 9227 9229 9453 9455 9340 9342 9228 9454 3804 14878 9341
          3692 3694 3920 3918 14766 14768 14994 14992 3693 3807 3919 3805 14767 14881 14993 14879 9229 9231 9455 9457 9342 9344 9230 9456 3806 14880 9343
          3694 3696 3922 3920 14768 14770 14996 14994 3695 3809 3921 3807 14769 14883 14995 14881 9231 9233 9457 9459 9344 9346 9232 9458 3808 14882 9345
          3696 3698 3924 3922 14770 14772 14998 14996 3697 3811 3923 3809 14771 14885 14997 14883 9233 9235 9459 9461 9346 9348 9234 9460 3810 14884 9347
          3698 3700 3926 3924 14772 14774 15000 14998 3699 3813 3925 3811 14773 14887 14999 14885 9235 9237 9461 9463 9348 9350 9236 9462 3812 14886 9349
          3700 3702 3928 3926 14774 14776 15002 15000 3701 3815 3927 3813 14775 14889 15001 14887 9237 9239 9463 9465 9350 9352 9238 9464 3814 14888 9351
          3702 3704 3930 3928 14776 14778 15004 15002 3703 3817 3929 3815 14777 14891 15003 14889 9239 9241 9465 9467 9352 9354 9240 9466 3816 14890 9353
          3704 3706 3932 3930 14778 14780 15006 15004 3705 3819 3931 3817 14779 14893 15005 14891 9241 9243 9467 9469 9354 9356 9242 9468 3818 14892 9355
          3706 3708 3934 3932 14780 14782 15008 15006 3707 3821 3933 3819 14781 14895 15007 14893 9243 9245 9469 9471 9356 9358 9244 9470 3820 14894 9357
          3708 3710 3936 3934 14782 14784 15010 15008 3709 3823 3935 3821 14783 14897 15009 14895 9245 9247 9471 9473 9358 9360 9246 9472 3822 14896 9359
          3710 3712 3938 3936 14784 14786 15012 15010 3711 3825 3937 3823 14785 14899 15011 14897 9247 9249 9473 9475 9360 9362 9248 9474 3824 14898 9361
          3712 3714 3940 3938 14786 14788 15014 15012 3713 3827 3939 3825 14787 14901 15013 14899 9249 9251 9475 9477 9362 9364 9250 9476 3826 14900 9363
          3714 3716 3942 3940 14788 14790 15016 15014 3715 3829 3941 3827 14789 14903 15015 14901 9251 9253 9477 9479 9364 9366 9252 9478 3828 14902 9365
          3716 3718 3944 3942 14790 14792 15018 15016 3717 3831 3943 3829 14791 14905 15017 14903 9253 9255 9479 9481 9366 9368 9254 9480 3830 14904 9367
          3718 3720 3946 3944 14792 14794 15020 15018 3719 3833 3945 3831 14793 14907 15019 14905 9255 9257 9481 9483 9368 9370 9256 9482 3832 14906 9369
          3720 3722 3948 3946 14794 14796 15022 15020 3721 3835 3947 3833 14795 14909 15021 14907 9257 9259 9483 9485 9370 9372 9258 9484 3834 14908 9371
          3722 3724 3950 3948 14796 14798 15024 15022 3723 3837 3949 3835 14797 14911 15023 14909 9259 9261 9485 9487 9372 9374 9260 9486 3836 14910 9373
          3724 3726 3952 3950 14798 14800 15026 15024 3725 3839 3951 3837 14799 14913 15025 14911 9261 9263 9487 9489 9374 9376 9262 9488 3838 14912 9375
          3726 3728 3954 3952 14800 14802 15028 15026 3727 3841 3953 3839 14801 14915 15027 14913 9263 9265 9489 9491 9376 9378 9264 9490 3840 14914 9377
          3842 3844 4070 4068 14916 14918 15144 15142 3843 3957 4069 3955 14917 15031 15143 15029 9379 9381 9605 9607 9492 9494 9380 9606 3956 15030 9493
          3844 3846 4072 4070 14918 14920 15146 15144 3845 3959 4071 3957 14919 15033 15145 15031 9381 9383 9607 9609 9494 9496 9382 9608 3958 15032 9495
          3846 3848 4074 4072 14920 14922 15148 15146 3847 3961 4073 3959 14921 15035 15147 15033 9383 9385 9609 9611 9496 9498 9384 9610 3960 15034 9497
          3848 3850 4076 4074 14922 14924 15150 15148 3849 3963 4075 3961 14923 15037 15149 15035 9385 9387 9611 9613 9498 9500 9386 9612 3962 15036 9499
          3850 3852 4078 4076 14924 14926 15152 15150 3851 3965 4077 3963 14925 15039 15151 15037 9387 9389 9613 9615 9500 9502 9388 9614 3964 15038 9501
          3852 3854 4080 4078 14926 14928 15154 15152 3853 3967 4079 3965 14927 15041 15153 15039 9389 9391 9615 9617 9502 9504 9390 9616 3966 15040 9503
          3854 3856 4082 4080 14928 14930 15156 15154 3855 3969 4081 3967 14929 15043 15155 15041 9391 9393 9617 9619 9504 9506 9392 9618 3968 15042 9505
          3856 3858 4084 4082 14930 14932 15158 15156 3857 3971 4083 3969 14931 15045 15157 15043 9393 9395 9619 9621 9506 9508 9394 9620 3970 15044 9507
          3858 3860 4086 4084 14932 14934 15160 15158 3859 3973 4085 3971 14933 15047 15159 15045 9395 9397 9621 9623 9508 9510 9396 9622 3972 15046 9509
          3860 3862 4088 4086 14934 14936 15162 15160 3861 3975 4087 3973 14935 15049 15161 15047 9397 9399 9623 9625 9510 9512 9398 9624 3974 15048 9511
          3862 3864 4090 4088 14936 14938 15164 15162 3863 3977 4089 3975 14937 15051 15163 15049 9399 9401 9625 9627 9512 9514 9400 9626 3976 15050 9513
          3864 3866 4092 4090 14938 14940 15166 15164 3865 3979 4091 3977 14939 15053 15165 15051 9401 9403 9627 9629 9514 9516 9402 9628 3978 15052 9515
          3866 3868 4094 4092 14940 14942 15168 15166 3867 3981 4093 3979 14941 15055 15167 15053 9403 9405 9629 9631 9516 9518 9404 9630 3980 15054 9517
          3868 3870 4096 4094 14942 14944 15170 15168 3869 3983 4095 3981 14943 15057 15169 15055 9405 9407 9631 9633 9518 9520 9406 9632 3982 15056 9519
          3870 3872 4098 4096 14944 14946 15172 15170 3871 3985 4097 3983 14945 15059 15171 15057 9407 9409 9633 9635 9520 9522 9408 9634 3984 15058 9521
          3872 3874 4100 4098 14946 14948 15174 15172 3873 3987 4099 3985 14947 15061 15173 15059 9409 9411 9635 9637 9522 9524 9410 9636 3986 15060 9523
          3874 3876 4102 4100 14948 14950 15176 15174 3875 3989 4101 3987 14949 15063 15175 15061 9411 9413 9637 9639 9524 9526 9412 9638 3988 15062 9525
          3876 3878 4104 4102 14950 14952 15178 15176 3877 3991 4103 3989 14951 15065 15177 15063 9413 9415 9639 9641 9526 9528 9414 9640 3990 15064 9527
          3878 3880 4106 4104 14952 14954 15180 15178 3879 3993 4105 3991 14953 15067 15179 15065 9415 9417 9641 9643 9528 9530 9416 9642 3992 15066 9529
          3880 3882 4108 4106 14954 14956 15182 15180 3881 3995 4107 3993 14955 15069 15181 15067 9417 9419 9643 9645 9530 9532 9418 9644 3994 15068 9531
          3882 3884 4110 4108 14956 14958 15184 15182 3883 3997 4109 3995 14957 15071 15183 15069 9419 9421 9645 9647 9532 9534 9420 9646 3996 15070 9533
          3884 3886 4112 4110 14958 14960 15186 15184 3885 3999 4111 3997 14959 15073 15185 15071 9421 9423 9647 9649 9534 9536 9422 9648 3998 15072 9535
          3886 3888 4114 4112 14960 14962 15188 15186 3887 4001 4113 3999 14961 15075 15187 15073 9423 9425 9649 9651 9536 9538 9424 9650 4000 15074 9537
          3888 3890 4116 4114 14962 14964 15190 15188 3889 4003 4115 4001 14963 15077 15189 15075 9425 9427 9651 9653 9538 9540 9426 9652 4002 15076 9539
          3890 3892 4118 4116 14964 14966 15192 15190 3891 4005 4117 4003 14965 15079 15191 15077 9427 9429 9653 9655 9540 9542 9428 9654 4004 15078 9541
          3892 3894 4120 4118 14966 14968 15194 15192 3893 4007 4119 4005 14967 15081 15193 15079 9429 9431 9655 9657 9542 9544 9430 9656 4006 15080 9543
          3894 3896 4122 4120 14968 14970 15196 15194 3895 4009 4121 4007 14969 15083 15195 15081 9431 9433 9657 9659 9544 9546 9432 9658 4008 15082 9545
          3896 3898 4124 4122 14970 14972 15198 15196 3897 4011 4123 4009 14971 15085 15197 15083 9433 9435 9659 9661 9546 9548 9434 9660 4010 15084 9547
          3898 3900 4126 4124 14972 14974 15200 15198 3899 4013 4125 4011 14973 15087 15199 15085 9435 9437 9661 9663 9548 9550 9436 9662 4012 15086 9549
          3900 3902 4128 4126 14974 14976 15202 15200 3901 4015 4127 4013 14975 15089 15201 15087 9437 9439 9663 9665 9550 9552 9438 9664 4014 15088 9551
          3902 3904 4130 4128 14976 14978 15204 15202 3903 4017 4129 4015 14977 15091 15203 15089 9439 9441 9665 9667 9552 9554 9440 9666 4016 15090 9553
          3904 3906 4132 4130 14978 14980 15206 15204 3905 4019 4131 4017 14979 15093 15205 15091 9441 9443 9667 9669 9554 9556 9442 9668 4018 15092 9555
          3906 3908 4134 4132 14980 14982 15208 15206 3907 4021 4133 4019 14981 15095 15207 15093 9443 9445 9669 9671 9556 9558 9444 9670 4020 15094 9557
          3908 3910 4136 4134 14982 14984 15210 15208 3909 4023 4135 4021 14983 15097 15209 15095 9445 9447 9671 9673 9558 9560 9446 9672 4022 15096 9559
          3910 3912 4138 4136 14984 14986 15212 15210 3911 4025 4137 4023 14985 15099 15211 15097 9447 9449 9673 9675 9560 9562 9448 9674 4024 15098 9561
          3912 3914 4140 4138 14986 14988 15214 15212 3913 4027 4139 4025 14987 15101 15213 15099 9449 9451 9675 9677 9562 9564 9450 9676 4026 15100 9563
          3914 3916 4142 4140 14988 14990 15216 15214 3915 4029 4141 4027 14989 15103 15215 15101 9451 9453 9677 9679 9564 9566 9452 9678 4028 15102 9565
          3916 3918 4144 4142 14990 14992 15218 15216 3917 4031 4143 4029 14991 15105 15217 15103 9453 9455 9679 9681 9566 9568 9454 9680 4030 15104 9567
          3918 3920 4146 4144 14992 14994 15220 15218 3919 4033 4145 4031 14993 15107 15219 15105 9455 9457 9681 9683 9568 9570 9456 9682 4032 15106 9569
          3920 3922 4148 4146 14994 14996 15222 15220 3921 4035 4147 4033 14995 15109 15221 15107 9457 9459 9683 9685 9570 9572 9458 9684 4034 15108 9571
          3922 3924 4150 4148 14996 14998 15224 15222 3923 4037 4149 4035 14997 15111 15223 15109 9459 9461 9685 9687 9572 9574 9460 9686 4036 15110 9573
          3924 3926 4152 4150 14998 15000 15226 15224 3925 4039 4151 4037 14999 15113 15225 15111 9461 9463 9687 9689 9574 9576 9462 9688 4038 15112 9575
          3926 3928 4154 4152 15000 15002 15228 15226 3927 4041 4153 4039 15001 15115 15227 15113 9463 9465 9689 9691 9576 9578 9464 9690 4040 15114 9577
          3928 3930 4156 4154 15002 15004 15230 15228 3929 4043 4155 4041 15003 15117 15229 15115 9465 9467 9691 9693 9578 9580 9466 9692 4042 15116 9579
          3930 3932 4158 4156 15004 15006 15232 15230 3931 4045 4157 4043 15005 15119 15231 15117 9467 9469 9693 9695 9580 9582 9468 9694 4044 15118 9581
          3932 3934 4160 4158 15006 15008 15234 15232 3933 4047 4159 4045 15007 15121 15233 15119 9469 9471 9695 9697 9582 9584 9470 9696 4046 15120 9583
          3934 3936 4162 4160 15008 15010 15236 15234 3935 4049 4161 4047 15009 15123 15235 15121 9471 9473 9697 9699 9584 9586 9472 9698 4048 15122 9585
          3936 3938 4164 4162 15010 15012 15238 15236 3937 4051 4163 4049 15011 15125 15237 15123 9473 9475 9699 9701 9586 9588 9474 9700 4050 15124 9587
          3938 3940 4166 4164 15012 15014 15240 15238 3939 4053 4165 4051 15013 15127 15239 15125 9475 9477 9701 9703 9588 9590 9476 9702 4052 15126 9589
          3940 3942 4168 4166 15014 15016 15242 15240 3941 4055 4167 4053 15015 15129 15241 15127 9477 9479 9703 9705 9590 9592 9478 9704 4054 15128 9591
          3942 3944 4170 4168 15016 15018 15244 15242 3943 4057 4169 4055 15017 15131 15243 15129 9479 9481 9705 9707 9592 9594 9480 9706 4056 15130 9593
          3944 3946 4172 4170 15018 15020 15246 15244 3945 4059 4171 4057 15019 15133 15245 15131 9481 9483 9707 9709 9594 9596 9482 9708 4058 15132 9595
          3946 3948 4174 4172 15020 15022 15248 15246 3947 4061 4173 4059 15021 15135 15247 15133 9483 9485 9709 9711 9596 9598 9484 9710 4060 15134 9597
          3948 3950 4176 4174 15022 15024 15250 15248 3949 4063 4175 4061 15023 15137 15249 15135 9485 9487 9711 9713 9598 9600 9486 9712 4062 15136 9599
          3950 3952 4178 4176 15024 15026 15252 15250 3951 4065 4177 4063 15025 15139 15251 15137 9487 9489 9713 9715 9600 9602 9488 9714 4064 15138 9601
          3952 3954 4180 4178 15026 15028 15254 15252 3953 4067 4179 4065 15027 15141 15253 15139 9489 9491 9715 9717 9602 9604 9490 9716 4066 15140 9603
          4068 4070 4296 4294 15142 15144 15370 15368 4069 4183 4295 4181 15143 15257 15369 15255 9605 9607 9831 9833 9718 9720 9606 9832 4182 15256 9719
          4070 4072 4298 4296 15144 15146 15372 15370 4071 4185 4297 4183 15145 15259 15371 15257 9607 9609 9833 9835 9720 9722 9608 9834 4184 15258 9721
          4072 4074 4300 4298 15146 15148 15374 15372 4073 4187 4299 4185 15147 15261 15373 15259 9609 9611 9835 9837 9722 9724 9610 9836 4186 15260 9723
          4074 4076 4302 4300 15148 15150 15376 15374 4075 4189 4301 4187 15149 15263 15375 15261 9611 9613 9837 9839 9724 9726 9612 9838 4188 15262 9725
          4076 4078 4304 4302 15150 15152 15378 15376 4077 4191 4303 4189 15151 15265 15377 15263 9613 9615 9839 9841 9726 9728 9614 9840 4190 15264 9727
          4078 4080 4306 4304 15152 15154 15380 15378 4079 4193 4305 4191 15153 15267 15379 15265 9615 9617 9841 9843 9728 9730 9616 9842 4192 15266 9729
          4080 4082 4308 4306 15154 15156 15382 15380 4081 4195 4307 4193 15155 15269 15381 15267 9617 9619 9843 9845 9730 9732 9618 9844 4194 15268 9731
          4082 4084 4310 4308 15156 15158 15384 15382 4083 4197 4309 4195 15157 15271 15383 15269 9619 9621 9845 9847 9732 9734 9620 9846 4196 15270 9733
          4084 4086 4312 4310 15158 15160 15386 15384 4085 4199 4311 4197 15159 15273 15385 15271 9621 9623 9847 9849 9734 9736 9622 9848 4198 15272 9735
          4086 4088 4314 4312 15160 15162 15388 15386 4087 4201 4313 4199 15161 15275 15387 15273 9623 9625 9849 9851 9736 9738 9624 9850 4200 15274 9737
          4088 4090 4316 4314 15162 15164 15390 15388 4089 4203 4315 4201 15163 15277 15389 15275 9625 9627 9851 9853 9738 9740 9626 9852 4202 15276 9739
          4090 4092 4318 4316 15164 15166 15392 15390 4091 4205 4317 4203 15165 15279 15391 15277 9627 9629 9853 9855 9740 9742 9628 9854 4204 15278 9741
          4092 4094 4320 4318 15166 15168 15394 15392 4093 4207 4319 4205 15167 15281 15393 15279 9629 9631 9855 9857 9742 9744 9630 9856 4206 15280 9743
          4094 4096 4322 4320 15168 15170 15396 15394 4095 4209 4321 4207 15169 15283 15395 15281 9631 9633 9857 9859 9744 9746 9632 9858 4208 15282 9745
          4096 4098 4324 4322 15170 15172 15398 15396 4097 4211 4323 4209 15171 15285 15397 15283 9633 9635 9859 9861 9746 9748 9634 9860 4210 15284 9747
          4098 4100 4326 4324 15172 15174 15400 15398 4099 4213 4325 4211 15173 15287 15399 15285 9635 9637 9861 9863 9748 9750 9636 9862 4212 15286 9749
          4100 4102 4328 4326 15174 15176 15402 15400 4101 4215 4327 4213 15175 15289 15401 15287 9637 9639 9863 9865 9750 9752 9638 9864 4214 15288 9751
          4102 4104 4330 4328 15176 15178 15404 15402 4103 4217 4329 4215 15177 15291 15403 15289 9639 9641 9865 9867 9752 9754 9640 9866 4216 15290 9753
          4104 4106 4332 4330 15178 15180 15406 15404 4105 4219 4331 4217 15179 15293 15405 15291 9641 9643 9867 9869 9754 9756 9642 9868 4218 15292 9755
          4106 4108 4334 4332 15180 15182 15408 15406 4107 4221 4333 4219 15181 15295 15407 15293 9643 9645 9869 9871 9756 9758 9644 9870 4220 15294 9757
          4108 4110 4336 4334 15182 15184 15410 15408 4109 4223 4335 4221 15183 15297 15409 15295 9645 9647 9871 9873 9758 9760 9646 9872 4222 15296 9759
          4110 4112 4338 4336 15184 15186 15412 15410 4111 4225 4337 4223 15185 15299 15411 15297 9647 9649 9873 9875 9760 9762 9648 9874 4224 15298 9761
          4112 4114 4340 4338 15186 15188 15414 15412 4113 4227 4339 4225 15187 15301 15413 15299 9649 9651 9875 9877 9762 9764 9650 9876 4226 15300 9763
          4114 4116 4342 4340 15188 15190 15416 15414 4115 4229 4341 4227 15189 15303 15415 15301 9651 9653 9877 9879 9764 9766 9652 9878 4228 15302 9765
          4116 4118 4344 4342 15190 15192 15418 15416 4117 4231 4343 4229 15191 15305 15417 15303 9653 9655 9879 9881 9766 9768 9654 9880 4230 15304 9767
          4118 4120 4346 4344 15192 15194 15420 15418 4119 4233 4345 4231 15193 15307 15419 15305 9655 9657 9881 9883 9768 9770 9656 9882 4232 15306 9769
          4120 4122 4348 4346 15194 15196 15422 15420 4121 4235 4347 4233 15195 15309 15421 15307 9657 9659 9883 9885 9770 9772 9658 9884 4234 15308 9771
          4122 4124 4350 4348 15196 15198 15424 15422 4123 4237 4349 4235 15197 15311 15423 15309 9659 9661 9885 9887 9772 9774 9660 9886 4236 15310 9773
          4124 4126 4352 4350 15198 15200 15426 15424 4125 4239 4351 4237 15199 15313 15425 15311 9661 9663 9887 9889 9774 9776 9662 9888 4238 15312 9775
          4126 4128 4354 4352 15200 15202 15428 15426 4127 4241 4353 4239 15201 15315 15427 15313 9663 9665 9889 9891 9776 9778 9664 9890 4240 15314 9777
          4128 4130 4356 4354 15202 15204 15430 15428 4129 4243 4355 4241 15203 15317 15429 15315 9665 9667 9891 9893 9778 9780 9666 9892 4242 15316 9779
          4130 4132 4358 4356 15204 15206 15432 15430 4131 4245 4357 4243 15205 15319 15431 15317 9667 9669 9893 9895 9780 9782 9668 9894 4244 15318 9781
          4132 4134 4360 4358 15206 15208 15434 15432 4133 4247 4359 4245 15207 15321 15433 15319 9669 9671 9895 9897 9782 9784 9670 9896 4246 15320 9783
          4134 4136 4362 4360 15208 15210 15436 15434 4135 4249 4361 4247 15209 15323 15435 15321 9671 9673 9897 9899 9784 9786 9672 9898 4248 15322 9785
          4136 4138 4364 4362 15210 15212 15438 15436 4137 4251 4363 4249 15211 15325 15437 15323 9673 9675 9899 9901 9786 9788 9674 9900 4250 15324 9787
          4138 4140 4366 4364 15212 15214 15440 15438 4139 4253 4365 4251 15213 15327 15439 15325 9675 9677 9901 9903 9788 9790 9676 9902 4252 15326 9789
          4140 4142 4368 4366 15214 15216 15442 15440 4141 4255 4367 4253 15215 15329 15441 15327 9677 9679 9903 9905 9790 9792 9678 9904 4254 15328 9791
          4142 4144 4370 4368 15216 15218 15444 15442 4143 4257 4369 4255 15217 15331 15443 15329 9679 9681 9905 9907 9792 9794 9680 9906 4256 15330 9793
          4144 4146 4372 4370 15218 15220 15446 15444 4145 4259 4371 4257 15219 15333 15445 15331 9681 9683 9907 9909 9794 9796 9682 9908 4258 15332 9795
          4146 4148 4374 4372 15220 15222 15448 15446 4147 4261 4373 4259 15221 15335 15447 15333 9683 9685 9909 9911 9796 9798 9684 9910 4260 15334 9797
          4148 4150 4376 4374 15222 15224 15450 15448 4149 4263 4375 4261 15223 15337 15449 15335 9685 9687 9911 9913 9798 9800 9686 9912 4262 15336 9799
          4150 4152 4378 4376 15224 15226 15452 15450 4151 4265 4377 4263 15225 15339 15451 15337 9687 9689 9913 9915 9800 9802 9688 9914 4264 15338 9801
          4152 4154 4380 4378 15226 15228 15454 15452 4153 4267 4379 4265 15227 15341 15453 15339 9689 9691 9915 9917 9802 9804 9690 9916 4266 15340 9803
          4154 4156 4382 4380 15228 15230 15456 15454 4155 4269 4381 4267 15229 15343 15455 15341 9691 9693 9917 9919 9804 9806 9692 9918 4268 15342 9805
          4156 4158 4384 4382 15230 15232 15458 15456 4157 4271 4383 4269 15231 15345 15457 15343 9693 9695 9919 9921 9806 9808 9694 9920 4270 15344 9807
          4158 4160 4386 4384 15232 15234 15460 15458 4159 4273 4385 4271 15233 15347 15459 15345 9695 9697 9921 9923 9808 9810 9696 9922 4272 15346 9809
          4160 4162 4388 4386 15234 15236 15462 15460 4161 4275 4387 4273 15235 15349 15461 15347 9697 9699 9923 9925 9810 9812 9698 9924 4274 15348 9811
          4162 4164 4390 4388 15236 15238 15464 15462 4163 4277 4389 4275 15237 15351 15463 15349 9699 9701 9925 9927 9812 9814 9700 9926 4276 15350 9813
          4164 4166 4392 4390 15238 15240 15466 15464 4165 4279 4391 4277 15239 15353 15465 15351 9701 9703 9927 9929 9814 9816 9702 9928 4278 15352 9815
          4166 4168 4394 4392 15240 15242 15468 15466 4167 4281 4393 4279 15241 15355 15467 15353 9703 9705 9929 9931 9816 9818 9704 9930 4280 15354 9817
          4168 4170 4396 4394 15242 15244 15470 15468 4169 4283 4395 4281 15243 15357 15469 15355 9705 9707 9931 9933 9818 9820 9706 9932 4282 15356 9819
          4170 4172 4398 4396 15244 15246 15472 15470 4171 4285 4397 4283 15245 15359 15471 15357 9707 9709 9933 9935 9820 9822 9708 9934 4284 15358 9821
          4172 4174 4400 4398 15246 15248 15474 15472 4173 4287 4399 4285 15247 15361 15473 15359 9709 9711 9935 9937 9822 9824 9710 9936 4286 15360 9823
          4174 4176 4402 4400 15248 15250 15476 15474 4175 4289 4401 4287 15249 15363 15475 15361 9711 9713 9937 9939 9824 9826 9712 9938 4288 15362 9825
          4176 4178 4404 4402 15250 15252 15478 15476 4177 4291 4403 4289 15251 15365 15477 15363 9713 9715 9939 9941 9826 9828 9714 9940 4290 15364 9827
          4178 4180 4406 4404 15252 15254 15480 15478 4179 4293 4405 4291 15253 15367 15479 15365 9715 9717 9941 9943 9828 9830 9716 9942 4292 15366 9829
          4294 4296 4522 4520 15368 15370 15596 15594 4295 4409 4521 4407 15369 15483 15595 15481 9831 9833 10057 10059 9944 9946 9832 10058 4408 15482 9945
          4296 4298 4524 4522 15370 15372 15598 15596 4297 4411 4523 4409 15371 15485 15597 15483 9833 9835 10059 10061 9946 9948 9834 10060 4410 15484 9947
          4298 4300 4526 4524 15372 15374 15600 15598 4299 4413 4525 4411 15373 15487 15599 15485 9835 9837 10061 10063 9948 9950 9836 10062 4412 15486 9949
          4300 4302 4528 4526 15374 15376 15602 15600 4301 4415 4527 4413 15375 15489 15601 15487 9837 9839 10063 10065 9950 9952 9838 10064 4414 15488 9951
          4302 4304 4530 4528 15376 15378 15604 15602 4303 4417 4529 4415 15377 15491 15603 15489 9839 9841 10065 10067 9952 9954 9840 10066 4416 15490 9953
          4304 4306 4532 4530 15378 15380 15606 15604 4305 4419 4531 4417 15379 15493 15605 15491 9841 9843 10067 10069 9954 9956 9842 10068 4418 15492 9955
          4306 4308 4534 4532 15380 15382 15608 15606 4307 4421 4533 4419 15381 15495 15607 15493 9843 9845 10069 10071 9956 9958 9844 10070 4420 15494 9957
          4308 4310 4536 4534 15382 15384 15610 15608 4309 4423 4535 4421 15383 15497 15609 15495 9845 9847 10071 10073 9958 9960 9846 10072 4422 15496 9959
          4310 4312 4538 4536 15384 15386 15612 15610 4311 4425 4537 4423 15385 15499 15611 15497 9847 9849 10073 10075 9960 9962 9848 10074 4424 15498 9961
          4312 4314 4540 4538 15386 15388 15614 15612 4313 4427 4539 4425 15387 15501 15613 15499 9849 9851 10075 10077 9962 9964 9850 10076 4426 15500 9963
          4314 4316 4542 4540 15388 15390 15616 15614 4315 4429 4541 4427 15389 15503 15615 15501 9851 9853 10077 10079 9964 9966 9852 10078 4428 15502 9965
          4316 4318 4544 4542 15390 15392 15618 15616 4317 4431 4543 4429 15391 15505 15617 15503 9853 9855 10079 10081 9966 9968 9854 10080 4430 15504 9967
          4318 4320 4546 4544 15392 15394 15620 15618 4319 4433 4545 4431 15393 15507 15619 15505 9855 9857 10081 10083 9968 9970 9856 10082 4432 15506 9969
          4320 4322 4548 4546 15394 15396 15622 15620 4321 4435 4547 4433 15395 15509 15621 15507 9857 9859 10083 10085 9970 9972 9858 10084 4434 15508 9971
          4322 4324 4550 4548 15396 15398 15624 15622 4323 4437 4549 4435 15397 15511 15623 15509 9859 9861 10085 10087 9972 9974 9860 10086 4436 15510 9973
          4324 4326 4552 4550 15398 15400 15626 15624 4325 4439 4551 4437 15399 15513 15625 15511 9861 9863 10087 10089 9974 9976 9862 10088 4438 15512 9975
          4326 4328 4554 4552 15400 15402 15628 15626 4327 4441 4553 4439 15401 15515 15627 15513 9863 9865 10089 10091 9976 9978 9864 10090 4440 15514 9977
          4328 4330 4556 4554 15402 15404 15630 15628 4329 4443 4555 4441 15403 15517 15629 15515 9865 9867 10091 10093 9978 9980 9866 10092 4442 15516 9979
          4330 4332 4558 4556 15404 15406 15632 15630 4331 4445 4557 4443 15405 15519 15631 15517 9867 9869 10093 10095 9980 9982 9868 10094 4444 15518 9981
          4332 4334 4560 4558 15406 15408 15634 15632 4333 4447 4559 4445 15407 15521 15633 15519 9869 9871 10095 10097 9982 9984 9870 10096 4446 15520 9983
          4334 4336 4562 4560 15408 15410 15636 15634 4335 4449 4561 4447 15409 15523 15635 15521 9871 9873 10097 10099 9984 9986 9872 10098 4448 15522 9985
          4336 4338 4564 4562 15410 15412 15638 15636 4337 4451 4563 4449 15411 15525 15637 15523 9873 9875 10099 10101 9986 9988 9874 10100 4450 15524 9987
          4338 4340 4566 4564 15412 15414 15640 15638 4339 4453 4565 4451 15413 15527 15639 15525 9875 9877 10101 10103 9988 9990 9876 10102 4452 15526 9989
          4340 4342 4568 4566 15414 15416 15642 15640 4341 4455 4567 4453 15415 15529 15641 15527 9877 9879 10103 10105 9990 9992 9878 10104 4454 15528 9991
          4342 4344 4570 4568 15416 15418 15644 15642 4343 4457 4569 4455 15417 15531 15643 15529 9879 9881 10105 10107 9992 9994 9880 10106 4456 15530 9993
          4344 4346 4572 4570 15418 15420 15646 15644 4345 4459 4571 4457 15419 15533 15645 15531 9881 9883 10107 10109 9994 9996 9882 10108 4458 15532 9995
          4346 4348 4574 4572 15420 15422 15648 15646 4347 4461 4573 4459 15421 15535 15647 15533 9883 9885 10109 10111 9996 9998 9884 10110 4460 15534 9997
          4348 4350 4576 4574 15422 15424 15650 15648 4349 4463 4575 4461 15423 15537 15649 15535 9885 9887 10111 10113 9998 10000 9886 10112 4462 15536 9999
          4350 4352 4578 4576 15424 15426 15652 15650 4351 4465 4577 4463 15425 15539 15651 15537 9887 9889 10113 10115 10000 10002 9888 10114 4464 15538 10001
          4352 4354 4580 4578 15426 15428 15654 15652 4353 4467 4579 4465 15427 15541 15653 15539 9889 9891 10115 10117 10002 10004 9890 10116 4466 15540 10003
          4354 4356 4582 4580 15428 15430 15656 15654 4355 4469 4581 4467 15429 15543 15655 15541 9891 9893 10117 10119 10004 10006 9892 10118 4468 15542 10005
          4356 4358 4584 4582 15430 15432 15658 15656 4357 4471 4583 4469 15431 15545 15657 15543 9893 9895 10119 10121 10006 10008 9894 10120 4470 15544 10007
          4358 4360 4586 4584 15432 15434 15660 15658 4359 4473 4585 4471 15433 15547 15659 15545 9895 9897 10121 10123 10008 10010 9896 10122 4472 15546 10009
          4360 4362 4588 4586 15434 15436 15662 15660 4361 4475 4587 4473 15435 15549 15661 15547 9897 9899 10123 10125 10010 10012 9898 10124 4474 15548 10011
          4362 4364 4590 4588 15436 15438 15664 15662 4363 4477 4589 4475 15437 15551 15663 15549 9899 9901 10125 10127 10012 10014 9900 10126 4476 15550 10013
          4364 4366 4592 4590 15438 15440 15666 15664 4365 4479 4591 4477 15439 15553 15665 15551 9901 9903 10127 10129 10014 10016 9902 10128 4478 15552 10015
          4366 4368 4594 4592 15440 15442 15668 15666 4367 4481 4593 4479 15441 15555 15667 15553 9903 9905 10129 10131 10016 10018 9904 10130 4480 15554 10017
          4368 4370 4596 4594 15442 15444 15670 15668 4369 4483 4595 4481 15443 15557 15669 15555 9905 9907 10131 10133 10018 10020 9906 10132 4482 15556 10019
          4370 4372 4598 4596 15444 15446 15672 15670 4371 4485 4597 4483 15445 15559 15671 15557 9907 9909 10133 10135 10020 10022 9908 10134 4484 15558 10021
          4372 4374 4600 4598 15446 15448 15674 15672 4373 4487 4599 4485 15447 15561 15673 15559 9909 9911 10135 10137 10022 10024 9910 10136 4486 15560 10023
          4374 4376 4602 4600 15448 15450 15676 15674 4375 4489 4601 4487 15449 15563 15675 15561 9911 9913 10137 10139 10024 10026 9912 10138 4488 15562 10025
          4376 4378 4604 4602 15450 15452 15678 15676 4377 4491 4603 4489 15451 15565 15677 15563 9913 9915 10139 10141 10026 10028 9914 10140 4490 15564 10027
          4378 4380 4606 4604 15452 15454 15680 15678 4379 4493 4605 4491 15453 15567 15679 15565 9915 9917 10141 10143 10028 10030 9916 10142 4492 15566 10029
          4380 4382 4608 4606 15454 15456 15682 15680 4381 4495 4607 4493 15455 15569 15681 15567 9917 9919 10143 10145 10030 10032 9918 10144 4494 15568 10031
          4382 4384 4610 4608 15456 15458 15684 15682 4383 4497 4609 4495 15457 15571 15683 15569 9919 9921 10145 10147 10032 10034 9920 10146 4496 15570 10033
          4384 4386 4612 4610 15458 15460 15686 15684 4385 4499 4611 4497 15459 15573 15685 15571 9921 9923 10147 10149 10034 10036 9922 10148 4498 15572 10035
          4386 4388 4614 4612 15460 15462 15688 15686 4387 4501 4613 4499 15461 15575 15687 15573 9923 9925 10149 10151 10036 10038 9924 10150 4500 15574 10037
          4388 4390 4616 4614 15462 15464 15690 15688 4389 4503 4615 4501 15463 15577 15689 15575 9925 9927 10151 10153 10038 10040 9926 10152 4502 15576 10039
          4390 4392 4618 4616 15464 15466 15692 15690 4391 4505 4617 4503 15465 15579 15691 15577 9927 9929 10153 10155 10040 10042 9928 10154 4504 15578 10041
          4392 4394 4620 4618 15466 15468 15694 15692 4393 4507 4619 4505 15467 15581 15693 15579 9929 9931 10155 10157 10042 10044 9930 10156 4506 15580 10043
          4394 4396 4622 4620 15468 15470 15696 15694 4395 4509 4621 4507 15469 15583 15695 15581 9931 9933 10157 10159 10044 10046 9932 10158 4508 15582 10045
          4396 4398 4624 4622 15470 15472 15698 15696 4397 4511 4623 4509 15471 15585 15697 15583 9933 9935 10159 10161 10046 10048 9934 10160 4510 15584 10047
          4398 4400 4626 4624 15472 15474 15700 15698 4399 4513 4625 4511 15473 15587 15699 15585 9935 9937 10161 10163 10048 10050 9936 10162 4512 15586 10049
          4400 4402 4628 4626 15474 15476 15702 15700 4401 4515 4627 4513 15475 15589 15701 15587 9937 9939 10163 10165 10050 10052 9938 10164 4514 15588 10051
          4402 4404 4630 4628 15476 15478 15704 15702 4403 4517 4629 4515 15477 15591 15703 15589 9939 9941 10165 10167 10052 10054 9940 10166 4516 15590 10053
          4404 4406 4632 4630 15478 15480 15706 15704 4405 4519 4631 4517 15479 15593 15705 15591 9941 9943 10167 10169 10054 10056 9942 10168 4518 15592 10055
          4520 4522 4748 4746 15594 15596 15822 15820 4521 4635 4747 4633 15595 15709 15821 15707 10057 10059 10283 10285 10170 10172 10058 10284 4634 15708 10171
          4522 4524 4750 4748 15596 15598 15824 15822 4523 4637 4749 4635 15597 15711 15823 15709 10059 10061 10285 10287 10172 10174 10060 10286 4636 15710 10173
          4524 4526 4752 4750 15598 15600 15826 15824 4525 4639 4751 4637 15599 15713 15825 15711 10061 10063 10287 10289 10174 10176 10062 10288 4638 15712 10175
          4526 4528 4754 4752 15600 15602 15828 15826 4527 4641 4753 4639 15601 15715 15827 15713 10063 10065 10289 10291 10176 10178 10064 10290 4640 15714 10177
          4528 4530 4756 4754 15602 15604 15830 15828 4529 4643 4755 4641 15603 15717 15829 15715 10065 10067 10291 10293 10178 10180 10066 10292 4642 15716 10179
          4530 4532 4758 4756 15604 15606 15832 15830 4531 4645 4757 4643 15605 15719 15831 15717 10067 10069 10293 10295 10180 10182 10068 10294 4644 15718 10181
          4532 4534 4760 4758 15606 15608 15834 15832 4533 4647 4759 4645 15607 15721 15833 15719 10069 10071 10295 10297 10182 10184 10070 10296 4646 15720 10183
          4534 4536 4762 4760 15608 15610 15836 15834 4535 4649 4761 4647 15609 15723 15835 15721 10071 10073 10297 10299 10184 10186 10072 10298 4648 15722 10185
          4536 4538 4764 4762 15610 15612 15838 15836 4537 4651 4763 4649 15611 15725 15837 15723 10073 10075 10299 10301 10186 10188 10074 10300 4650 15724 10187
          4538 4540 4766 4764 15612 15614 15840 15838 4539 4653 4765 4651 15613 15727 15839 15725 10075 10077 10301 10303 10188 10190 10076 10302 4652 15726 10189
          4540 4542 4768 4766 15614 15616 15842 15840 4541 4655 4767 4653 15615 15729 15841 15727 10077 10079 10303 10305 10190 10192 10078 10304 4654 15728 10191
          4542 4544 4770 4768 15616 15618 15844 15842 4543 4657 4769 4655 15617 15731 15843 15729 10079 10081 10305 10307 10192 10194 10080 10306 4656 15730 10193
          4544 4546 4772 4770 15618 15620 15846 15844 4545 4659 4771 4657 15619 15733 15845 15731 10081 10083 10307 10309 10194 10196 10082 10308 4658 15732 10195
          4546 4548 4774 4772 15620 15622 15848 15846 4547 4661 4773 4659 15621 15735 15847 15733 10083 10085 10309 10311 10196 10198 10084 10310 4660 15734 10197
          4548 4550 4776 4774 15622 15624 15850 15848 4549 4663 4775 4661 15623 15737 15849 15735 10085 10087 10311 10313 10198 10200 10086 10312 4662 15736 10199
          4550 4552 4778 4776 15624 15626 15852 15850 4551 4665 4777 4663 15625 15739 15851 15737 10087 10089 10313 10315 10200 10202 10088 10314 4664 15738 10201
          4552 4554 4780 4778 15626 15628 15854 15852 4553 4667 4779 4665 15627 15741 15853 15739 10089 10091 10315 10317 10202 10204 10090 10316 4666 15740 10203
          4554 4556 4782 4780 15628 15630 15856 15854 4555 4669 4781 4667 15629 15743 15855 15741 10091 10093 10317 10319 10204 10206 10092 10318 4668 15742 10205
          4556 4558 4784 4782 15630 15632 15858 15856 4557 4671 4783 4669 15631 15745 15857 15743 10093 10095 10319 10321 10206 10208 10094 10320 4670 15744 10207
          4558 4560 4786 4784 15632 15634 15860 15858 4559 4673 4785 4671 15633 15747 15859 15745 10095 10097 10321 10323 10208 10210 10096 10322 4672 15746 10209
          4560 4562 4788 4786 15634 15636 15862 15860 4561 4675 4787 4673 15635 15749 15861 15747 10097 10099 10323 10325 10210 10212 10098 10324 4674 15748 10211
          4562 4564 4790 4788 15636 15638 15864 15862 4563 4677 4789 4675 15637 15751 15863 15749 10099 10101 10325 10327 10212 10214 10100 10326 4676 15750 10213
          4564 4566 4792 4790 15638 15640 15866 15864 4565 4679 4791 4677 15639 15753 15865 15751 10101 10103 10327 10329 10214 10216 10102 10328 4678 15752 10215
          4566 4568 4794 4792 15640 15642 15868 15866 4567 4681 4793 4679 15641 15755 15867 15753 10103 10105 10329 10331 10216 10218 10104 10330 4680 15754 10217
          4568 4570 4796 4794 15642 15644 15870 15868 4569 4683 4795 4681 15643 15757 15869 15755 10105 10107 10331 10333 10218 10220 10106 10332 4682 15756 10219
          4570 4572 4798 4796 15644 15646 15872 15870 4571 4685 4797 4683 15645 15759 15871 15757 10107 10109 10333 10335 10220 10222 10108 10334 4684 15758 10221
          4572 4574 4800 4798 15646 15648 15874 15872 4573 4687 4799 4685 15647 15761 15873 15759 10109 10111 10335 10337 10222 10224 10110 10336 4686 15760 10223
          4574 4576 4802 4800 15648 15650 15876 15874 4575 4689 4801 4687 15649 15763 15875 15761 10111 10113 10337 10339 10224 10226 10112 10338 4688 15762 10225
          4576 4578 4804 4802 15650 15652 15878 15876 4577 4691 4803 4689 15651 15765 15877 15763 10113 10115 10339 10341 10226 10228 10114 10340 4690 15764 10227
          4578 4580 4806 4804 15652 15654 15880 15878 4579 4693 4805 4691 15653 15767 15879 15765 10115 10117 10341 10343 10228 10230 10116 10342 4692 15766 10229
          4580 4582 4808 4806 15654 15656 15882 15880 4581 4695 4807 4693 15655 15769 15881 15767 10117 10119 10343 10345 10230 10232 10118 10344 4694 15768 10231
          4582 4584 4810 4808 15656 15658 15884 15882 4583 4697 4809 4695 15657 15771 15883 15769 10119 10121 10345 10347 10232 10234 10120 10346 4696 15770 10233
          4584 4586 4812 4810 15658 15660 15886 15884 4585 4699 4811 4697 15659 15773 15885 15771 10121 10123 10347 10349 10234 10236 10122 10348 4698 15772 10235
          4586 4588 4814 4812 15660 15662 15888 15886 4587 4701 4813 4699 15661 15775 15887 15773 10123 10125 10349 10351 10236 10238 10124 10350 4700 15774 10237
          4588 4590 4816 4814 15662 15664 15890 15888 4589 4703 4815 4701 15663 15777 15889 15775 10125 10127 10351 10353 10238 10240 10126 10352 4702 15776 10239
          4590 4592 4818 4816 15664 15666 15892 15890 4591 4705 4817 4703 15665 15779 15891 15777 10127 10129 10353 10355 10240 10242 10128 10354 4704 15778 10241
          4592 4594 4820 4818 15666 15668 15894 15892 4593 4707 4819 4705 15667 15781 15893 15779 10129 10131 10355 10357 10242 10244 10130 10356 4706 15780 10243
          4594 4596 4822 4820 15668 15670 15896 15894 4595 4709 4821 4707 15669 15783 15895 15781 10131 10133 10357 10359 10244 10246 10132 10358 4708 15782 10245
          4596 4598 4824 4822 15670 15672 15898 15896 4597 4711 4823 4709 15671 15785 15897 15783 10133 10135 10359 10361 10246 10248 10134 10360 4710 15784 10247
          4598 4600 4826 4824 15672 15674 15900 15898 4599 4713 4825 4711 15673 15787 15899 15785 10135 10137 10361 10363 10248 10250 10136 10362 4712 15786 10249
          4600 4602 4828 4826 15674 15676 15902 15900 4601 4715 4827 4713 15675 15789 15901 15787 10137 10139 10363 10365 10250 10252 10138 10364 4714 15788 10251
          4602 4604 4830 4828 15676 15678 15904 15902 4603 4717 4829 4715 15677 15791 15903 15789 10139 10141 10365 10367 10252 10254 10140 10366 4716 15790 10253
          4604 4606 4832 4830 15678 15680 15906 15904 4605 4719 4831 4717 15679 15793 15905 15791 10141 10143 10367 10369 10254 10256 10142 10368 4718 15792 10255
          4606 4608 4834 4832 15680 15682 15908 15906 4607 4721 4833 4719 15681 15795 15907 15793 10143 10145 10369 10371 10256 10258 10144 10370 4720 15794 10257
          4608 4610 4836 4834 15682 15684 15910 15908 4609 4723 4835 4721 15683 15797 15909 15795 10145 10147 10371 10373 10258 10260 10146 10372 4722 15796 10259
          4610 4612 4838 4836 15684 15686 15912 15910 4611 4725 4837 4723 15685 15799 15911 15797 10147 10149 10373 10375 10260 10262 10148 10374 4724 15798 10261
          4612 4614 4840 4838 15686 15688 15914 15912 4613 4727 4839 4725 15687 15801 15913 15799 10149 10151 10375 10377 10262 10264 10150 10376 4726 15800 10263
          4614 4616 4842 4840 15688 15690 15916 15914 4615 4729 4841 4727 15689 15803 15915 15801 10151 10153 10377 10379 10264 10266 10152 10378 4728 15802 10265
          4616 4618 4844 4842 15690 15692 15918 15916 4617 4731 4843 4729 15691 15805 15917 15803 10153 10155 10379 10381 10266 10268 10154 10380 4730 15804 10267
          4618 4620 4846 4844 15692 15694 15920 15918 4619 4733 4845 4731 15693 15807 15919 15805 10155 10157 10381 10383 10268 10270 10156 10382 4732 15806 10269
          4620 4622 4848 4846 15694 15696 15922 15920 4621 4735 4847 4733 15695 15809 15921 15807 10157 10159 10383 10385 10270 10272 10158 10384 4734 15808 10271
          4622 4624 4850 4848 15696 15698 15924 15922 4623 4737 4849 4735 15697 15811 15923 15809 10159 10161 10385 10387 10272 10274 10160 10386 4736 15810 10273
          4624 4626 4852 4850 15698 15700 15926 15924 4625 4739 4851 4737 15699 15813 15925 15811 10161 10163 10387 10389 10274 10276 10162 10388 4738 15812 10275
          4626 4628 4854 4852 15700 15702 15928 15926 4627 4741 4853 4739 15701 15815 15927 15813 10163 10165 10389 10391 10276 10278 10164 10390 4740 15814 10277
          4628 4630 4856 4854 15702 15704 15930 15928 4629 4743 4855 4741 15703 15817 15929 15815 10165 10167 10391 10393 10278 10280 10166 10392 4742 15816 10279
          4630 4632 4858 4856 15704 15706 15932 15930 4631 4745 4857 4743 15705 15819 15931 15817 10167 10169 10393 10395 10280 10282 10168 10394 4744 15818 10281
          4746 4748 4974 4972 15820 15822 16048 16046 4747 4861 4973 4859 15821 15935 16047 15933 10283 10285 10509 10511 10396 10398 10284 10510 4860 15934 10397
          4748 4750 4976 4974 15822 15824 16050 16048 4749 4863 4975 4861 15823 15937 16049 15935 10285 10287 10511 10513 10398 10400 10286 10512 4862 15936 10399
          4750 4752 4978 4976 15824 15826 16052 16050 4751 4865 4977 4863 15825 15939 16051 15937 10287 10289 10513 10515 10400 10402 10288 10514 4864 15938 10401
          4752 4754 4980 4978 15826 15828 16054 16052 4753 4867 4979 4865 15827 15941 16053 15939 10289 10291 10515 10517 10402 10404 10290 10516 4866 15940 10403
          4754 4756 4982 4980 15828 15830 16056 16054 4755 4869 4981 4867 15829 15943 16055 15941 10291 10293 10517 10519 10404 10406 10292 10518 4868 15942 10405
          4756 4758 4984 4982 15830 15832 16058 16056 4757 4871 4983 4869 15831 15945 16057 15943 10293 10295 10519 10521 10406 10408 10294 10520 4870 15944 10407
          4758 4760 4986 4984 15832 15834 16060 16058 4759 4873 4985 4871 15833 15947 16059 15945 10295 10297 10521 10523 10408 10410 10296 10522 4872 15946 10409
          4760 4762 4988 4986 15834 15836 16062 16060 4761 4875 4987 4873 15835 15949 16061 15947 10297 10299 10523 10525 10410 10412 10298 10524 4874 15948 10411
          4762 4764 4990 4988 15836 15838 16064 16062 4763 4877 4989 4875 15837 15951 16063 15949 10299 10301 10525 10527 10412 10414 10300 10526 4876 15950 10413
          4764 4766 4992 4990 15838 15840 16066 16064 4765 4879 4991 4877 15839 15953 16065 15951 10301 10303 10527 10529 10414 10416 10302 10528 4878 15952 10415
          4766 4768 4994 4992 15840 15842 16068 16066 4767 4881 4993 4879 15841 15955 16067 15953 10303 10305 10529 10531 10416 10418 10304 10530 4880 15954 10417
          4768 4770 4996 4994 15842 15844 16070 16068 4769 4883 4995 4881 15843 15957 16069 15955 10305 10307 10531 10533 10418 10420 10306 10532 4882 15956 10419
          4770 4772 4998 4996 15844 15846 16072 16070 4771 4885 4997 4883 15845 15959 16071 15957 10307 10309 10533 10535 10420 10422 10308 10534 4884 15958 10421
          4772 4774 5000 4998 15846 15848 16074 16072 4773 4887 4999 4885 15847 15961 16073 15959 10309 10311 10535 10537 10422 10424 10310 10536 4886 15960 10423
          4774 4776 5002 5000 15848 15850 16076 16074 4775 4889 5001 4887 15849 15963 16075 15961 10311 10313 10537 10539 10424 10426 10312 10538 4888 15962 10425
          4776 4778 5004 5002 15850 15852 16078 16076 4777 4891 5003 4889 15851 15965 16077 15963 10313 10315 10539 10541 10426 10428 10314 10540 4890 15964 10427
          4778 4780 5006 5004 15852 15854 16080 16078 4779 4893 5005 4891 15853 15967 16079 15965 10315 10317 10541 10543 10428 10430 10316 10542 4892 15966 10429
          4780 4782 5008 5006 15854 15856 16082 16080 4781 4895 5007 4893 15855 15969 16081 15967 10317 10319 10543 10545 10430 10432 10318 10544 4894 15968 10431
          4782 4784 5010 5008 15856 15858 16084 16082 4783 4897 5009 4895 15857 15971 16083 15969 10319 10321 10545 10547 10432 10434 10320 10546 4896 15970 10433
          4784 4786 5012 5010 15858 15860 16086 16084 4785 4899 5011 4897 15859 15973 16085 15971 10321 10323 10547 10549 10434 10436 10322 10548 4898 15972 10435
          4786 4788 5014 5012 15860 15862 16088 16086 4787 4901 5013 4899 15861 15975 16087 15973 10323 10325 10549 10551 10436 10438 10324 10550 4900 15974 10437
          4788 4790 5016 5014 15862 15864 16090 16088 4789 4903 5015 4901 15863 15977 16089 15975 10325 10327 10551 10553 10438 10440 10326 10552 4902 15976 10439
          4790 4792 5018 5016 15864 15866 16092 16090 4791 4905 5017 4903 15865 15979 16091 15977 10327 10329 10553 10555 10440 10442 10328 10554 4904 15978 10441
          4792 4794 5020 5018 15866 15868 16094 16092 4793 4907 5019 4905 15867 15981 16093 15979 10329 10331 10555 10557 10442 10444 10330 10556 4906 15980 10443
          4794 4796 5022 5020 15868 15870 16096 16094 4795 4909 5021 4907 15869 15983 16095 15981 10331 10333 10557 10559 10444 10446 10332 10558 4908 15982 10445
          4796 4798 5024 5022 15870 15872 16098 16096 4797 4911 5023 4909 15871 15985 16097 15983 10333 10335 10559 10561 10446 10448 10334 10560 4910 15984 10447
          4798 4800 5026 5024 15872 15874 16100 16098 4799 4913 5025 4911 15873 15987 16099 15985 10335 10337 10561 10563 10448 10450 10336 10562 4912 15986 10449
          4800 4802 5028 5026 15874 15876 16102 16100 4801 4915 5027 4913 15875 15989 16101 15987 10337 10339 10563 10565 10450 10452 10338 10564 4914 15988 10451
          4802 4804 5030 5028 15876 15878 16104 16102 4803 4917 5029 4915 15877 15991 16103 15989 10339 10341 10565 10567 10452 10454 10340 10566 4916 15990 10453
          4804 4806 5032 5030 15878 15880 16106 16104 4805 4919 5031 4917 15879 15993 16105 15991 10341 10343 10567 10569 10454 10456 10342 10568 4918 15992 10455
          4806 4808 5034 5032 15880 15882 16108 16106 4807 4921 5033 4919 15881 15995 16107 15993 10343 10345 10569 10571 10456 10458 10344 10570 4920 15994 10457
          4808 4810 5036 5034 15882 15884 16110 16108 4809 4923 5035 4921 15883 15997 16109 15995 10345 10347 10571 10573 10458 10460 10346 10572 4922 15996 10459
          4810 4812 5038 5036 15884 15886 16112 16110 4811 4925 5037 4923 15885 15999 16111 15997 10347 10349 10573 10575 10460 10462 10348 10574 4924 15998 10461
          4812 4814 5040 5038 15886 15888 16114 16112 4813 4927 5039 4925 15887 16001 16113 15999 10349 10351 10575 10577 10462 10464 10350 10576 4926 16000 10463
          4814 4816 5042 5040 15888 15890 16116 16114 4815 4929 5041 4927 15889 16003 16115 16001 10351 10353 10577 10579 10464 10466 10352 10578 4928 16002 10465
          4816 4818 5044 5042 15890 15892 16118 16116 4817 4931 5043 4929 15891 16005 16117 16003 10353 10355 10579 10581 10466 10468 10354 10580 4930 16004 10467
          4818 4820 5046 5044 15892 15894 16120 16118 4819 4933 5045 4931 15893 16007 16119 16005 10355 10357 10581 10583 10468 10470 10356 10582 4932 16006 10469
          4820 4822 5048 5046 15894 15896 16122 16120 4821 4935 5047 4933 15895 16009 16121 16007 10357 10359 10583 10585 10470 10472 10358 10584 4934 16008 10471
          4822 4824 5050 5048 15896 15898 16124 16122 4823 4937 5049 4935 15897 16011 16123 16009 10359 10361 10585 10587 10472 10474 10360 10586 4936 16010 10473
          4824 4826 5052 5050 15898 15900 16126 16124 4825 4939 5051 4937 15899 16013 16125 16011 10361 10363 10587 10589 10474 10476 10362 10588 4938 16012 10475
          4826 4828 5054 5052 15900 15902 16128 16126 4827 4941 5053 4939 15901 16015 16127 16013 10363 10365 10589 10591 10476 10478 10364 10590 4940 16014 10477
          4828 4830 5056 5054 15902 15904 16130 16128 4829 4943 5055 4941 15903 16017 16129 16015 10365 10367 10591 10593 10478 10480 10366 10592 4942 16016 10479
          4830 4832 5058 5056 15904 15906 16132 16130 4831 4945 5057 4943 15905 16019 16131 16017 10367 10369 10593 10595 10480 10482 10368 10594 4944 16018 10481
          4832 4834 5060 5058 15906 15908 16134 16132 4833 4947 5059 4945 15907 16021 16133 16019 10369 10371 10595 10597 10482 10484 10370 10596 4946 16020 10483
          4834 4836 5062 5060 15908 15910 16136 16134 4835 4949 5061 4947 15909 16023 16135 16021 10371 10373 10597 10599 10484 10486 10372 10598 4948 16022 10485
          4836 4838 5064 5062 15910 15912 16138 16136 4837 4951 5063 4949 15911 16025 16137 16023 10373 10375 10599 10601 10486 10488 10374 10600 4950 16024 10487
          4838 4840 5066 5064 15912 15914 16140 16138 4839 4953 5065 4951 15913 16027 16139 16025 10375 10377 10601 10603 10488 10490 10376 10602 4952 16026 10489
          4840 4842 5068 5066 15914 15916 16142 16140 4841 4955 5067 4953 15915 16029 16141 16027 10377 10379 10603 10605 10490 10492 10378 10604 4954 16028 10491
          4842 4844 5070 5068 15916 15918 16144 16142 4843 4957 5069 4955 15917 16031 16143 16029 10379 10381 10605 10607 10492 10494 10380 10606 4956 16030 10493
          4844 4846 5072 5070 15918 15920 16146 16144 4845 4959 5071 4957 15919 16033 16145 16031 10381 10383 10607 10609 10494 10496 10382 10608 4958 16032 10495
          4846 4848 5074 5072 15920 15922 16148 16146 4847 4961 5073 4959 15921 16035 16147 16033 10383 10385 10609 10611 10496 10498 10384 10610 4960 16034 10497
          4848 4850 5076 5074 15922 15924 16150 16148 4849 4963 5075 4961 15923 16037 16149 16035 10385 10387 10611 10613 10498 10500 10386 10612 4962 16036 10499
          4850 4852 5078 5076 15924 15926 16152 16150 4851 4965 5077 4963 15925 16039 16151 16037 10387 10389 10613 10615 10500 10502 10388 10614 4964 16038 10501
          4852 4854 5080 5078 15926 15928 16154 16152 4853 4967 5079 4965 15927 16041 16153 16039 10389 10391 10615 10617 10502 10504 10390 10616 4966 16040 10503
          4854 4856 5082 5080 15928 15930 16156 16154 4855 4969 5081 4967 15929 16043 16155 16041 10391 10393 10617 10619 10504 10506 10392 10618 4968 16042 10505
          4856 4858 5084 5082 15930 15932 16158 16156 4857 4971 5083 4969 15931 16045 16157 16043 10393 10395 10619 10621 10506 10508 10394 10620 4970 16044 10507
          4972 4974 5200 5198 16046 16048 16274 16272 4973 5087 5199 5085 16047 16161 16273 16159 10509 10511 10735 10737 10622 10624 10510 10736 5086 16160 10623
          4974 4976 5202 5200 16048 16050 16276 16274 4975 5089 5201 5087 16049 16163 16275 16161 10511 10513 10737 10739 10624 10626 10512 10738 5088 16162 10625
          4976 4978 5204 5202 16050 16052 16278 16276 4977 5091 5203 5089 16051 16165 16277 16163 10513 10515 10739 10741 10626 10628 10514 10740 5090 16164 10627
          4978 4980 5206 5204 16052 16054 16280 16278 4979 5093 5205 5091 16053 16167 16279 16165 10515 10517 10741 10743 10628 10630 10516 10742 5092 16166 10629
          4980 4982 5208 5206 16054 16056 16282 16280 4981 5095 5207 5093 16055 16169 16281 16167 10517 10519 10743 10745 10630 10632 10518 10744 5094 16168 10631
          4982 4984 5210 5208 16056 16058 16284 16282 4983 5097 5209 5095 16057 16171 16283 16169 10519 10521 10745 10747 10632 10634 10520 10746 5096 16170 10633
          4984 4986 5212 5210 16058 16060 16286 16284 4985 5099 5211 5097 16059 16173 16285 16171 10521 10523 10747 10749 10634 10636 10522 10748 5098 16172 10635
          4986 4988 5214 5212 16060 16062 16288 16286 4987 5101 5213 5099 16061 16175 16287 16173 10523 10525 10749 10751 10636 10638 10524 10750 5100 16174 10637
          4988 4990 5216 5214 16062 16064 16290 16288 4989 5103 5215 5101 16063 16177 16289 16175 10525 10527 10751 10753 10638 10640 10526 10752 5102 16176 10639
          4990 4992 5218 5216 16064 16066 16292 16290 4991 5105 5217 5103 16065 16179 16291 16177 10527 10529 10753 10755 10640 10642 10528 10754 5104 16178 10641
          4992 4994 5220 5218 16066 16068 16294 16292 4993 5107 5219 5105 16067 16181 16293 16179 10529 10531 10755 10757 10642 10644 10530 10756 5106 16180 10643
          4994 4996 5222 5220 16068 16070 16296 16294 4995 5109 5221 5107 16069 16183 16295 16181 10531 10533 10757 10759 10644 10646 10532 10758 5108 16182 10645
          4996 4998 5224 5222 16070 16072 16298 16296 4997 5111 5223 5109 16071 16185 16297 16183 10533 10535 10759 10761 10646 10648 10534 10760 5110 16184 10647
          4998 5000 5226 5224 16072 16074 16300 16298 4999 5113 5225 5111 16073 16187 16299 16185 10535 10537 10761 10763 10648 10650 10536 10762 5112 16186 10649
          5000 5002 5228 5226 16074 16076 16302 16300 5001 5115 5227 5113 16075 16189 16301 16187 10537 10539 10763 10765 10650 10652 10538 10764 5114 16188 10651
          5002 5004 5230 5228 16076 16078 16304 16302 5003 5117 5229 5115 16077 16191 16303 16189 10539 10541 10765 10767 10652 10654 10540 10766 5116 16190 10653
          5004 5006 5232 5230 16078 16080 16306 16304 5005 5119 5231 5117 16079 16193 16305 16191 10541 10543 10767 10769 10654 10656 10542 10768 5118 16192 10655
          5006 5008 5234 5232 16080 16082 16308 16306 5007 5121 5233 5119 16081 16195 16307 16193 10543 10545 10769 10771 10656 10658 10544 10770 5120 16194 10657
          5008 5010 5236 5234 16082 16084 16310 16308 5009 5123 5235 5121 16083 16197 16309 16195 10545 10547 10771 10773 10658 10660 10546 10772 5122 16196 10659
          5010 5012 5238 5236 16084 16086 16312 16310 5011 5125 5237 5123 16085 16199 16311 16197 10547 10549 10773 10775 10660 10662 10548 10774 5124 16198 10661
          5012 5014 5240 5238 16086 16088 16314 16312 5013 5127 5239 5125 16087 16201 16313 16199 10549 10551 10775 10777 10662 10664 10550 10776 5126 16200 10663
          5014 5016 5242 5240 16088 16090 16316 16314 5015 5129 5241 5127 16089 16203 16315 16201 10551 10553 10777 10779 10664 10666 10552 10778 5128 16202 10665
          5016 5018 5244 5242 16090 16092 16318 16316 5017 5131 5243 5129 16091 16205 16317 16203 10553 10555 10779 10781 10666 10668 10554 10780 5130 16204 10667
          5018 5020 5246 5244 16092 16094 16320 16318 5019 5133 5245 5131 16093 16207 16319 16205 10555 10557 10781 10783 10668 10670 10556 10782 5132 16206 10669
          5020 5022 5248 5246 16094 16096 16322 16320 5021 5135 5247 5133 16095 16209 16321 16207 10557 10559 10783 10785 10670 10672 10558 10784 5134 16208 10671
          5022 5024 5250 5248 16096 16098 16324 16322 5023 5137 5249 5135 16097 16211 16323 16209 10559 10561 10785 10787 10672 10674 10560 10786 5136 16210 10673
          5024 5026 5252 5250 16098 16100 16326 16324 5025 5139 5251 5137 16099 16213 16325 16211 10561 10563 10787 10789 10674 10676 10562 10788 5138 16212 10675
          5026 5028 5254 5252 16100 16102 16328 16326 5027 5141 5253 5139 16101 16215 16327 16213 10563 10565 10789 10791 10676 10678 10564 10790 5140 16214 10677
          5028 5030 5256 5254 16102 16104 16330 16328 5029 5143 5255 5141 16103 16217 16329 16215 10565 10567 10791 10793 10678 10680 10566 10792 5142 16216 10679
          5030 5032 5258 5256 16104 16106 16332 16330 5031 5145 5257 5143 16105 16219 16331 16217 10567 10569 10793 10795 10680 10682 10568 10794 5144 16218 10681
          5032 5034 5260 5258 16106 16108 16334 16332 5033 5147 5259 5145 16107 16221 16333 16219 10569 10571 10795 10797 10682 10684 10570 10796 5146 16220 10683
          5034 5036 5262 5260 16108 16110 16336 16334 5035 5149 5261 5147 16109 16223 16335 16221 10571 10573 10797 10799 10684 10686 10572 10798 5148 16222 10685
          5036 5038 5264 5262 16110 16112 16338 16336 5037 5151 5263 5149 16111 16225 16337 16223 10573 10575 10799 10801 10686 10688 10574 10800 5150 16224 10687
          5038 5040 5266 5264 16112 16114 16340 16338 5039 5153 5265 5151 16113 16227 16339 16225 10575 10577 10801 10803 10688 10690 10576 10802 5152 16226 10689
          5040 5042 5268 5266 16114 16116 16342 16340 5041 5155 5267 5153 16115 16229 16341 16227 10577 10579 10803 10805 10690 10692 10578 10804 5154 16228 10691
          5042 5044 5270 5268 16116 16118 16344 16342 5043 5157 5269 5155 16117 16231 16343 16229 10579 10581 10805 10807 10692 10694 10580 10806 5156 16230 10693
          5044 5046 5272 5270 16118 16120 16346 16344 5045 5159 5271 5157 16119 16233 16345 16231 10581 10583 10807 10809 10694 10696 10582 10808 5158 16232 10695
          5046 5048 5274 5272 16120 16122 16348 16346 5047 5161 5273 5159 16121 16235 16347 16233 10583 10585 10809 10811 10696 10698 10584 10810 5160 16234 10697
          5048 5050 5276 5274 16122 16124 16350 16348 5049 5163 5275 5161 16123 16237 16349 16235 10585 10587 10811 10813 10698 10700 10586 10812 5162 16236 10699
          5050 5052 5278 5276 16124 16126 16352 16350 5051 5165 5277 5163 16125 16239 16351 16237 10587 10589 10813 10815 10700 10702 10588 10814 5164 16238 10701
          5052 5054 5280 5278 16126 16128 16354 16352 5053 5167 5279 5165 16127 16241 16353 16239 10589 10591 10815 10817 10702 10704 10590 10816 5166 16240 10703
          5054 5056 5282 5280 16128 16130 16356 16354 5055 5169 5281 5167 16129 16243 16355 16241 10591 10593 10817 10819 10704 10706 10592 10818 5168 16242 10705
          5056 5058 5284 5282 16130 16132 16358 16356 5057 5171 5283 5169 16131 16245 16357 16243 10593 10595 10819 10821 10706 10708 10594 10820 5170 16244 10707
          5058 5060 5286 5284 16132 16134 16360 16358 5059 5173 5285 5171 16133 16247 16359 16245 10595 10597 10821 10823 10708 10710 10596 10822 5172 16246 10709
          5060 5062 5288 5286 16134 16136 16362 16360 5061 5175 5287 5173 16135 16249 16361 16247 10597 10599 10823 10825 10710 10712 10598 10824 5174 16248 10711
          5062 5064 5290 5288 16136 16138 16364 16362 5063 5177 5289 5175 16137 16251 16363 16249 10599 10601 10825 10827 10712 10714 10600 10826 5176 16250 10713
          5064 5066 5292 5290 16138 16140 16366 16364 5065 5179 5291 5177 16139 16253 16365 16251 10601 10603 10827 10829 10714 10716 10602 10828 5178 16252 10715
          5066 5068 5294 5292 16140 16142 16368 16366 5067 5181 5293 5179 16141 16255 16367 16253 10603 10605 10829 10831 10716 10718 10604 10830 5180 16254 10717
          5068 5070 5296 5294 16142 16144 16370 16368 5069 5183 5295 5181 16143 16257 16369 16255 10605 10607 10831 10833 10718 10720 10606 10832 5182 16256 10719
          5070 5072 5298 5296 16144 16146 16372 16370 5071 5185 5297 5183 16145 16259 16371 16257 10607 10609 10833 10835 10720 10722 10608 10834 5184 16258 10721
          5072 5074 5300 5298 16146 16148 16374 16372 5073 5187 5299 5185 16147 16261 16373 16259 10609 10611 10835 10837 10722 10724 10610 10836 5186 16260 10723
          5074 5076 5302 5300 16148 16150 16376 16374 5075 5189 5301 5187 16149 16263 16375 16261 10611 10613 10837 10839 10724 10726 10612 10838 5188 16262 10725
          5076 5078 5304 5302 16150 16152 16378 16376 5077 5191 5303 5189 16151 16265 16377 16263 10613 10615 10839 10841 10726 10728 10614 10840 5190 16264 10727
          5078 5080 5306 5304 16152 16154 16380 16378 5079 5193 5305 5191 16153 16267 16379 16265 10615 10617 10841 10843 10728 10730 10616 10842 5192 16266 10729
          5080 5082 5308 5306 16154 16156 16382 16380 5081 5195 5307 5193 16155 16269 16381 16267 10617 10619 10843 10845 10730 10732 10618 10844 5194 16268 10731
          5082 5084 5310 5308 16156 16158 16384 16382 5083 5197 5309 5195 16157 16271 16383 16269 10619 10621 10845 10847 10732 10734 10620 10846 5196 16270 10733
          5198 5200 5426 5424 16272 16274 16500 16498 5199 5313 5425 5311 16273 16387 16499 16385 10735 10737 10961 10963 10848 10850 10736 10962 5312 16386 10849
          5200 5202 5428 5426 16274 16276 16502 16500 5201 5315 5427 5313 16275 16389 16501 16387 10737 10739 10963 10965 10850 10852 10738 10964 5314 16388 10851
          5202 5204 5430 5428 16276 16278 16504 16502 5203 5317 5429 5315 16277 16391 16503 16389 10739 10741 10965 10967 10852 10854 10740 10966 5316 16390 10853
          5204 5206 5432 5430 16278 16280 16506 16504 5205 5319 5431 5317 16279 16393 16505 16391 10741 10743 10967 10969 10854 10856 10742 10968 5318 16392 10855
          5206 5208 5434 5432 16280 16282 16508 16506 5207 5321 5433 5319 16281 16395 16507 16393 10743 10745 10969 10971 10856 10858 10744 10970 5320 16394 10857
          5208 5210 5436 5434 16282 16284 16510 16508 5209 5323 5435 5321 16283 16397 16509 16395 10745 10747 10971 10973 10858 10860 10746 10972 5322 16396 10859
          5210 5212 5438 5436 16284 16286 16512 16510 5211 5325 5437 5323 16285 16399 16511 16397 10747 10749 10973 10975 10860 10862 10748 10974 5324 16398 10861
          5212 5214 5440 5438 16286 16288 16514 16512 5213 5327 5439 5325 16287 16401 16513 16399 10749 10751 10975 10977 10862 10864 10750 10976 5326 16400 10863
          5214 5216 5442 5440 16288 16290 16516 16514 5215 5329 5441 5327 16289 16403 16515 16401 10751 10753 10977 10979 10864 10866 10752 10978 5328 16402 10865
          5216 5218 5444 5442 16290 16292 16518 16516 5217 5331 5443 5329 16291 16405 16517 16403 10753 10755 10979 10981 10866 10868 10754 10980 5330 16404 10867
          5218 5220 5446 5444 16292 16294 16520 16518 5219 5333 5445 5331 16293 16407 16519 16405 10755 10757 10981 10983 10868 10870 10756 10982 5332 16406 10869
          5220 5222 5448 5446 16294 16296 16522 16520 5221 5335 5447 5333 16295 16409 16521 16407 10757 10759 10983 10985 10870 10872 10758 10984 5334 16408 10871
          5222 5224 5450 5448 16296 16298 16524 16522 5223 5337 5449 5335 16297 16411 16523 16409 10759 10761 10985 10987 10872 10874 10760 10986 5336 16410 10873
          5224 5226 5452 5450 16298 16300 16526 16524 5225 5339 5451 5337 16299 16413 16525 16411 10761 10763 10987 10989 10874 10876 10762 10988 5338 16412 10875
          5226 5228 5454 5452 16300 16302 16528 16526 5227 5341 5453 5339 16301 16415 16527 16413 10763 10765 10989 10991 10876 10878 10764 10990 5340 16414 10877
          5228 5230 5456 5454 16302 16304 16530 16528 5229 5343 5455 5341 16303 16417 16529 16415 10765 10767 10991 10993 10878 10880 10766 10992 5342 16416 10879
          5230 5232 5458 5456 16304 16306 16532 16530 5231 5345 5457 5343 16305 16419 16531 16417 10767 10769 10993 10995 10880 10882 10768 10994 5344 16418 10881
          5232 5234 5460 5458 16306 16308 16534 16532 5233 5347 5459 5345 16307 16421 16533 16419 10769 10771 10995 10997 10882 10884 10770 10996 5346 16420 10883
          5234 5236 5462 5460 16308 16310 16536 16534 5235 5349 5461 5347 16309 16423 16535 16421 10771 10773 10997 10999 10884 10886 10772 10998 5348 16422 10885
          5236 5238 5464 5462 16310 16312 16538 16536 5237 5351 5463 5349 16311 16425 16537 16423 10773 10775 10999 11001 10886 10888 10774 11000 5350 16424 10887
          5238 5240 5466 5464 16312 16314 16540 16538 5239 5353 5465 5351 16313 16427 16539 16425 10775 10777 11001 11003 10888 10890 10776 11002 5352 16426 10889
          5240 5242 5468 5466 16314 16316 16542 16540 5241 5355 5467 5353 16315 16429 16541 16427 10777 10779 11003 11005 10890 10892 10778 11004 5354 16428 10891
          5242 5244 5470 5468 16316 16318 16544 16542 5243 5357 5469 5355 16317 16431 16543 16429 10779 10781 11005 11007 10892 10894 10780 11006 5356 16430 10893
          5244 5246 5472 5470 16318 16320 16546 16544 5245 5359 5471 5357 16319 16433 16545 16431 10781 10783 11007 11009 10894 10896 10782 11008 5358 16432 10895
          5246 5248 5474 5472 16320 16322 16548 16546 5247 5361 5473 5359 16321 16435 16547 16433 10783 10785 11009 11011 10896 10898 10784 11010 5360 16434 10897
          5248 5250 5476 5474 16322 16324 16550 16548 5249 5363 5475 5361 16323 16437 16549 16435 10785 10787 11011 11013 10898 10900 10786 11012 5362 16436 10899
          5250 5252 5478 5476 16324 16326 16552 16550 5251 5365 5477 5363 16325 16439 16551 16437 10787 10789 11013 11015 10900 10902 10788 11014 5364 16438 10901
          5252 5254 5480 5478 16326 16328 16554 16552 5253 5367 5479 5365 16327 16441 16553 16439 10789 10791 11015 11017 10902 10904 10790 11016 5366 16440 10903
          5254 5256 5482 5480 16328 16330 16556 16554 5255 5369 5481 5367 16329 16443 16555 16441 10791 10793 11017 11019 10904 10906 10792 11018 5368 16442 10905
          5256 5258 5484 5482 16330 16332 16558 16556 5257 5371 5483 5369 16331 16445 16557 16443 10793 10795 11019 11021 10906 10908 10794 11020 5370 16444 10907
          5258 5260 5486 5484 16332 16334 16560 16558 5259 5373 5485 5371 16333 16447 16559 16445 10795 10797 11021 11023 10908 10910 10796 11022 5372 16446 10909
          5260 5262 5488 5486 16334 16336 16562 16560 5261 5375 5487 5373 16335 16449 16561 16447 10797 10799 11023 11025 10910 10912 10798 11024 5374 16448 10911
          5262 5264 5490 5488 16336 16338 16564 16562 5263 5377 5489 5375 16337 16451 16563 16449 10799 10801 11025 11027 10912 10914 10800 11026 5376 16450 10913
          5264 5266 5492 5490 16338 16340 16566 16564 5265 5379 5491 5377 16339 16453 16565 16451 10801 10803 11027 11029 10914 10916 10802 11028 5378 16452 10915
          5266 5268 5494 5492 16340 16342 16568 16566 5267 5381 5493 5379 16341 16455 16567 16453 10803 10805 11029 11031 10916 10918 10804 11030 5380 16454 10917
          5268 5270 5496 5494 16342 16344 16570 16568 5269 5383 5495 5381 16343 16457 16569 16455 10805 10807 11031 11033 10918 10920 10806 11032 5382 16456 10919
          5270 5272 5498 5496 16344 16346 16572 16570 5271 5385 5497 5383 16345 16459 16571 16457 10807 10809 11033 11035 10920 10922 10808 11034 5384 16458 10921
          5272 5274 5500 5498 16346 16348 16574 16572 5273 5387 5499 5385 16347 16461 16573 16459 10809 10811 11035 11037 10922 10924 10810 11036 5386 16460 10923
          5274 5276 5502 5500 16348 16350 16576 16574 5275 5389 5501 5387 16349 16463 16575 16461 10811 10813 11037 11039 10924 10926 10812 11038 5388 16462 10925
          5276 5278 5504 5502 16350 16352 16578 16576 5277 5391 5503 5389 16351 16465 16577 16463 10813 10815 11039 11041 10926 10928 10814 11040 5390 16464 10927
          5278 5280 5506 5504 16352 16354 16580 16578 5279 5393 5505 5391 16353 16467 16579 16465 10815 10817 11041 11043 10928 10930 10816 11042 5392 16466 10929
          5280 5282 5508 5506 16354 16356 16582 16580 5281 5395 5507 5393 16355 16469 16581 16467 10817 10819 11043 11045 10930 10932 10818 11044 5394 16468 10931
          5282 5284 5510 5508 16356 16358 16584 16582 5283 5397 5509 5395 16357 16471 16583 16469 10819 10821 11045 11047 10932 10934 10820 11046 5396 16470 10933
          5284 5286 5512 5510 16358 16360 16586 16584 5285 5399 5511 5397 16359 16473 16585 16471 10821 10823 11047 11049 10934 10936 10822 11048 5398 16472 10935
          5286 5288 5514 5512 16360 16362 16588 16586 5287 5401 5513 5399 16361 16475 16587 16473 10823 10825 11049 11051 10936 10938 10824 11050 5400 16474 10937
          5288 5290 5516 5514 16362 16364 16590 16588 5289 5403 5515 5401 16363 16477 16589 16475 10825 10827 11051 11053 10938 10940 10826 11052 5402 16476 10939
          5290 5292 5518 5516 16364 16366 16592 16590 5291 5405 5517 5403 16365 16479 16591 16477 10827 10829 11053 11055 10940 10942 10828 11054 5404 16478 10941
          5292 5294 5520 5518 16366 16368 16594 16592 5293 5407 5519 5405 16367 16481 16593 16479 10829 10831 11055 11057 10942 10944 10830 11056 5406 16480 10943
          5294 5296 5522 5520 16368 16370 16596 16594 5295 5409 5521 5407 16369 16483 16595 16481 10831 10833 11057 11059 10944 10946 10832 11058 5408 16482 10945
          5296 5298 5524 5522 16370 16372 16598 16596 5297 5411 5523 5409 16371 16485 16597 16483 10833 10835 11059 11061 10946 10948 10834 11060 5410 16484 10947
          5298 5300 5526 5524 16372 16374 16600 16598 5299 5413 5525 5411 16373 16487 16599 16485 10835 10837 11061 11063 10948 10950 10836 11062 5412 16486 10949
          5300 5302 5528 5526 16374 16376 16602 16600 5301 5415 5527 5413 16375 16489 16601 16487 10837 10839 11063 11065 10950 10952 10838 11064 5414 16488 10951
          5302 5304 5530 5528 16376 16378 16604 16602 5303 5417 5529 5415 16377 16491 16603 16489 10839 10841 11065 11067 10952 10954 10840 11066 5416 16490 10953
          5304 5306 5532 5530 16378 16380 16606 16604 5305 5419 5531 5417 16379 16493 16605 16491 10841 10843 11067 11069 10954 10956 10842 11068 5418 16492 10955
          5306 5308 5534 5532 16380 16382 16608 16606 5307 5421 5533 5419 16381 16495 16607 16493 10843 10845 11069 11071 10956 10958 10844 11070 5420 16494 10957
          5308 5310 5536 5534 16382 16384 16610 16608 5309 5423 5535 5421 16383 16497 16609 16495 10845 10847 11071 11073 10958 10960 10846 11072 5422 16496 10959
        </DataArray>
        <DataArray type="Int64" Name="offsets" format="ascii">
          27
          54
          81
          108
          135
          162
          189
          216
          243
          270
          297
          324
          351
          378
          405
          432
          459
          486
          513
          540
          567
          594
          621
          648
          675
          702
          729
          756
          783
          810
          837
          864
          891
          918
          945
          972
          999
          1026
          1053
          1080
          1107
          1134
          1161
          1188
          1215
          1242
          1269
          1296
          1323
          1350
          1377
          1404
          1431
          1458
          1485
          1512
          1539
          1566
          1593
          1620
          1647
          1674
          1701
          1728
          1755
          1782
          1809
          1836
          1863
          1890
          1917
          1944
          1971
          1998
          2025
          2052
          2079
          2106
          2133
          2160
          2187
          2214
          2241
          2268
          2295
          2322
          2349
          2376
          2403
          2430
          2457
          2484
          2511
          2538
          2565
          2592
          2619
          2646
          2673
          2700
          2727
          2754
          2781
          2808
          2835
          2862
          2889
          2916
          2943
          2970
          2997
          3024
          3051
          3078
          3105
          3132
          3159
          3186
          3213
          3240
          3267
          3294
          3321
          3348
          3375
          3402
          3429
          3456
          3483
          3510
          3537
          3564
          3591
          3618
          3645
          3672
          3699
          3726
          3753
          3780
          3807
          3834
          3861
          3888
          3915
          3942
          3969
          3996
          4023
          4050
          4077
          4104
          4131
          4158
          4185
          4212
          4239
          4266
          4293
          4320
          4347
          4374
          4401
          4428
          4455
          4482
          4509
          4536
          4563
          4590
          4617
          4644
          4671
          4698
          4725
          4752
          4779
          4806
          4833
          4860
          4887
          4914
          4941
          4968
          4995
          5022
          5049
          5076
          5103
          5130
          5157
          5184
          5211
          5238
          5265
          5292
          5319
          5346
          5373
          5400
          5427
          5454
          5481
          5508
          5535
          5562
          5589
          5616
          5643
          5670
          5697
          5724
          5751
          5778
          5805
          5832
          5859
          5886
          5913
          5940
          5967
          5994
          6021
          6048
          6075
          6102
          6129
          6156
          6183
          6210
          6237
          6264
          6291
          6318
          6345
          6372
          6399
          6426
          6453
          6480
          6507
          6534
          6561
          6588
          6615
          6642
          6669
          6696
          6723
          6750
          6777
          6804
          6831
          6858
          6885
          6912
          6939
          6966
          6993
          7020
          7047
          7074
          7101
          7128
          7155
          7182
          7209
          7236
          7263
          7290
          7317
          7344
          7371
          7398
          7425
          7452
          7479
          7506
          7533
          7560
          7587
          7614
          7641
          7668
          7695
          7722
          7749
          7776
          7803
          7830
          7857
          7884
          7911
          7938
          7965
          7992
          8019
          8046
          8073
          8100
          8127
          8154
          8181
          8208
          8235
          8262
          8289
          8316
          8343
          8370
          8397
          8424
          8451
          8478
          8505
          8532
          8559
          8586
          8613
          8640
          8667
          8694
          8721
          8748
          8775
          8802
          8829
          8856
          8883
          8910
          8937
          8964
          8991
          9018
          9045
          9072
          9099
          9126
          9153
          9180
          9207
          9234
          9261
          9288
          9315
          9342
          9369
          9396
          9423
          9450
          9477
          9504
          9531
          9558
          9585
          9612
          9639
          9666
          9693
          9720
          9747
          9774
          9801
          9828
          9855
          9882
          9909
          9936
          9963
          9990
          10017
          10044
          10071
          10098
          10125
          10152
          10179
          10206
          10233
          10260
          10287
          10314
          10341
          10368
          10395
          10422
          10449
          10476
          10503
          10530
          10557
          10584
          10611
          10638
          10665
          10692
          10719
          10746
          10773
          10800
          10827
          10854
          10881
          10908
          10935
          10962
          10989
          11016
          11043
          11070
          11097
          11124
          11151
          11178
          11205
          11232
          11259
          11286
          11313
          11340
          11367
          11394
          11421
          11448
          11475
          11502
          11529
          11556
          11583
          11610
          11637
          11664
          11691
          11718
          11745
          11772
          11799
          11826
          11853
          11880
          11907
          11934
          11961
          11988
          12015
          12042
          12069
          12096
          12123
          12150
          12177
          12204
          12231
          12258
          12285
          12312
          12339
          12366
          12393
          12420
          12447
          12474
          12501
          12528
          12555
          12582
          12609
          12636
          12663
          12690
          12717
          12744
          12771
          12798
          12825
          12852
          12879
          12906
          12933
          12960
          12987
          13014
          13041
          13068
          13095
          13122
          13149
          13176
          13203
          13230
          13257
          13284
          13311
          13338
          13365
          13392
          13419
          13446
          13473
          13500
          13527
          13554
          13581
          13608
          13635
          13662
          13689
          13716
          13743
          13770
          13797
          13824
          13851
          13878
          13905
          13932
          13959
          13986
          14013
          14040
          14067
          14094
          14121
          14148
          14175
          14202
          14229
          14256
          14283
          14310
          14337
          14364
          14391
          14418
          14445
          14472
          14499
          14526
          14553
          14580
          14607
          14634
          14661
          14688
          14715
          14742
          14769
          14796
          14823
          14850
          14877
          14904
          14931
          14958
          14985
          15012
          15039
          15066
          15093
          15120
          15147
          15174
          15201
          15228
          15255
          15282
          15309
          15336
          15363
          15390
          15417
          15444
          15471
          15498
          15525
          15552
          15579
          15606
          15633
          15660
          15687
          15714
          15741
          15768
          15795
          15822
          15849
          15876
          15903
          15930
          15957
          15984
          16011
          16038
          16065
          16092
          16119
          16146
          16173
          16200
          16227
          16254
          16281
          16308
          16335
          16362
          16389
          16416
          16443
          16470
          16497
          16524
          16551
          16578
          16605
          16632
          16659
          16686
          16713
          16740
          16767
          16794
          16821
          16848
          16875
          16902
          16929
          16956
          16983
          17010
          17037
          17064
          17091
          17118
          17145
          17172
          17199
          17226
          17253
          17280
          17307
          17334
          17361
          17388
          17415
          17442
          17469
          17496
          17523
          17550
          17577
          17604
          17631
          17658
          17685
          17712
          17739
          17766
          17793
          17820
          17847
          17874
          17901
          17928
          17955
          17982
          18009
          18036
          18063
          18090
          18117
          18144
          18171
          18198
          18225
          18252
          18279
          18306
          18333
          18360
          18387
          18414
          18441
          18468
          18495
          18522
          18549
          18576
          18603
          18630
          18657
          18684
          18711
          18738
          18765
          18792
          18819
          18846
          18873
          18900
          18927
          18954
          18981
          19008
          19035
          19062
          19089
          19116
          19143
          19170
          19197
          19224
          19251
          19278
          19305
          19332
          19359
          19386
          19413
          19440
          19467
          19494
          19521
          19548
          19575
          19602
          19629
          19656
          19683
          19710
          19737
          19764
          19791
          19818
          19845
          19872
          19899
          19926
          19953
          19980
          20007
          20034
          20061
          20088
          20115
          20142
          20169
          20196
          20223
          20250
          20277
          20304
          20331
          20358
          20385
          20412
          20439
          20466
          20493
          20520
          20547
          20574
          20601
          20628
          20655
          20682
          20709
          20736
          20763
          20790
          20817
          20844
          20871
          20898
          20925
          20952
          20979
          21006
          21033
          21060
          21087
          21114
          21141
          21168
          21195
          21222
          21249
          21276
          21303
          21330
          21357
          21384
          21411
          21438
          21465
          21492
          21519
          21546
          21573
          21600
          21627
          21654
          21681
          21708
          21735
          21762
          21789
          21816
          21843
          21870
          21897
          21924
          21951
          21978
          22005
          22032
          22059
          22086
          22113
          22140
          22167
          22194
          22221
          22248
          22275
          22302
          22329
          22356
          22383
          22410
          22437
          22464
          22491
          22518
          22545
          22572
          22599
          22626
          22653
          22680
          22707
          22734
          22761
          22788
          22815
          22842
          22869
          22896
          22923
          22950
          22977
          23004
          23031
          23058
          23085
          23112
          23139
          23166
          23193
          23220
          23247
          23274
          23301
          23328
          23355
          23382
          23409
          23436
          23463
          23490
          23517
          23544
          23571
          23598
          23625
          23652
          23679
          23706
          23733
          23760
          23787
          23814
          23841
          23868
          23895
          23922
          23949
          23976
          24003
          24030
          24057
          24084
          24111
          24138
          24165
          24192
          24219
          24246
          24273
          24300
          24327
          24354
          24381
          24408
          24435
          24462
          24489
          24516
          24543
          24570
          24597
          24624
          24651
          24678
          24705
          24732
          24759
          24786
          24813
          24840
          24867
          24894
          24921
          24948
          24975
          25002
          25029
          25056
          25083
          25110
          25137
          25164
          25191
          25218
          25245
          25272
          25299
          25326
          25353
          25380
          25407
          25434
          25461
          25488
          25515
          25542
          25569
          25596
          25623
          25650
          25677
          25704
          25731
          25758
          25785
          25812
          25839
          25866
          25893
          25920
          25947
          25974
          26001
          26028
          26055
          26082
          26109
          26136
          26163
          26190
          26217
          26244
          26271
          26298
          26325
          26352
          26379
          26406
          26433
          26460
          26487
          26514
          26541
          26568
          26595
          26622
          26649
          26676
          26703
          26730
          26757
          26784
          26811
          26838
          26865
          26892
          26919
          26946
          26973
          27000
          27027
          27054
          27081
          27108
          27135
          27162
          27189
          27216
          27243
          27270
          27297
          27324
          27351
          27378
          27405
          27432
          27459
          27486
          27513
          27540
          27567
          27594
          27621
          27648
          27675
          27702
          27729
          27756
          27783
          27810
          27837
          27864
          27891
          27918
          27945
          27972
          27999
          28026
          28053
          28080
          28107
          28134
          28161
          28188
          28215
          28242
          28269
          28296
          28323
          28350
          28377
          28404
          28431
          28458
          28485
          28512
          28539
          28566
          28593
          28620
          28647
          28674
          28701
          28728
          28755
          28782
          28809
          28836
          28863
          28890
          28917
          28944
          28971
          28998
          29025
          29052
          29079
          29106
          29133
          29160
          29187
          29214
          29241
          29268
          29295
          29322
          29349
          29376
          29403
          29430
          29457
          29484
          29511
          29538
          29565
          29592
          29619
          29646
          29673
          29700
          29727
          29754
          29781
          29808
          29835
          29862
          29889
          29916
          29943
          29970
          29997
          30024
          30051
          30078
          30105
          30132
          30159
          30186
          30213
          30240
          30267
          30294
          30321
          30348
          30375
          30402
          30429
          30456
          30483
          30510
          30537
          30564
          30591
          30618
          30645
          30672
          30699
          30726
          30753
          30780
          30807
          30834
          30861
          30888
          30915
          30942
          30969
          30996
          31023
          31050
          31077
          31104
          31131
          31158
          31185
          31212
          31239
          31266
          31293
          31320
          31347
          31374
          31401
          31428
          31455
          31482
          31509
          31536
          31563
          31590
          31617
          31644
          31671
          31698
          31725
          31752
          31779
          31806
          31833
          31860
          31887
          31914
          31941
          31968
          31995
          32022
          32049
          32076
          32103
          32130
          32157
          32184
          32211
          32238
          32265
          32292
          32319
          32346
          32373
          32400
          32427
          32454
          32481
          32508
          32535
          32562
          32589
          32616
          32643
          32670
          32697
          32724
          32751
          32778
          32805
          32832
          32859
          32886
          32913
          32940
          32967
          32994
          33021
          33048
          33075
          33102
          33129
          33156
          33183
          33210
          33237
          33264
          33291
          33318
          33345
          33372
          33399
          33426
          33453
          33480
          33507
          33534
          33561
          33588
          33615
          33642
          33669
          33696
          33723
          33750
          33777
          33804
          33831
          33858
          33885
          33912
          33939
          33966
          33993
          34020
          34047
          34074
          34101
          34128
          34155
          34182
          34209
          34236
          34263
          34290
          34317
          34344
          34371
          34398
          34425
          34452
          34479
          34506
          34533
          34560
          34587
          34614
          34641
          34668
          34695
          34722
          34749
          34776
          34803
          34830
          34857
          34884
          34911
          34938
          34965
          34992
          35019
          35046
          35073
          35100
          35127
          35154
          35181
          35208
          35235
          35262
          35289
          35316
          35343
          35370
          35397
          35424
          35451
          35478
          35505
          35532
          35559
          35586
          35613
          35640
          35667
          35694
          35721
          35748
          35775
          35802
          35829
          35856
          35883
          35910
          35937
          35964
          35991
          36018
          36045
          36072
          36099
          36126
          36153
          36180
          36207
          36234
          36261
          36288
        </DataArray>
        <DataArray type="UInt8" Name="types" format="ascii">
          72
          72
          72
          72
          72
          72
          72
          72
          72
          72
          72
          72
          72
          72
          72
          72
          72
          72
          72
          72
          72
          72
          72
          72
          72
          72
          72
          72
          72
          72
          72
          72
          72
          72
          72
          72
          72
          72
          72
          72
          72
          72
          72
          72
          72
          72
          72
          72
          72
          72
          72
          72
          72
          72
          72
          72
          72
          72
          72
          72
          72
          72
          72
          72
          72
          72
          72
          72
          72
          72
          72
          72
          72
          72
          72
          72
          72
          72
          72
          72
          72
          72
          72
          72
          72
          72
          72
          72
          72
          72
          72
          72
          72
          72
          72
          72
          72
          72
          72
          72
          72
          72
          72
          72
          72
          72
          72
          72
          72
          72
          72
          72
          72
          72
          72
          72
          72
          72
          72
          72
          72
          72
          72
          72
          72
          72
          72
          72
          72
          72
          72
          72
          72
          72
          72
          72
          72
          72
          72
          72
          72
          72
          72
          72
          72
          72
          72
          72
          72
          72
          72
          72
          72
          72
          72
          72
          72
          72
          72
          72
          72
          72
          72
          72
          72
          72
          72
          72
          72
          72
          72
          72
          72
          72
          72
          72
          72
          72
          72
          72
          72
          72
          72
          72
          72
          72
          72
          72
          72
          72
          72
          72
          72
          72
          72
          72
          72
          72
          72
          72
          72
          72
          72
          72
          72
          72
          72
          72
          72
          72
          72
          72
          72
          72
          72
          72
          72
          72
          72
          72
          72
          72
          72
          72
          72
          72
          72
          72
          72
          72
          72
          72
          72
          72
          72
          72
          72
          72
          72
          72
          72
          72
          72
          72
          72
          72
          72
          72
          72
          72
          72
          72
          72
          72
          72
          72
          72
          72
          72
          72
          72
          72
          72
          72
          72
          72
          72
          72
          72
          72
          72
          72
          72
          72
          72
          72
          72
          72
          72
          72
          72
          72
          72
          72
          72
          72
          72
          72
          72
          72
          72
          72
          72
          72
          72
          72
          72
          72
          72
          72
          72
          72
          72
          72
          72
          72
          72
          72
          72
          72
          72
          72
          72
          72
          72
          72
          72
          72
          72
          72
          72
          72
          72
          72
          72
          72
          72
          72
          72
          72
          72
          72
          72
          72
          72
          72
          72
          72
          72
          72
          72
          72
          72
          72
          72
          72
          72
          72
          72
          72
          72
          72
          72
          72
          72
          72
          72
          72
          72
          72
          72
          72
          72
          72
          72
          72
          72
          72
          72
          72
          72
          72
          72
          72
          72
          72
          72
          72
          72
          72
          72
          72
          72
          72
          72
          72
          72
          72
          72
          72
          72
          72
          72
          72
          72
          72
          72
          72
          72
          72
          72
          72
          72
          72
          72
          72
          72
          72
          72
          72
          72
          72
          72
          72
          72
          72
          72
          72
          72
          72
          72
          72
          72
          72
          72
          72
          72
          72
          72
          72
          72
          72
          72
          72
          72
          72
          72
          72
          72
          72
          72
          72
          72
          72
          72
          72
          72
          72
          72
          72
          72
          72
          72
          72
          72
          72
          72
          72
          72
          72
          72
          72
          72
          72
          72
          72
          72
          72
          72
          72
          72
          72
          72
          72
          72
          72
          72
          72
          72
          72
          72
          72
          72
          72
          72
          72
          72
          72
          72
          72
          72
          72
          72
          72
          72
          72
          72
          72
          72
          72
          72
          72
          72
          72
          72
          72
          72
          72
          72
          72
          72
          72
          72
          72
          72
          72
          72
          72
          72
          72
          72
          72
          72
          72
          72
          72
          72
          72
          72
          72
          72
          72
          72
          72
          72
          72
          72
          72
          72
          72
          72
          72
          72
          72
          72
          72
          72
          72
          72
          72
          72
          72
          72
          72
          72
          72
          72
          72
          72
          72
          72
          72
          72
          72
          72
          72
          72
          72
          72
          72
          72
          72
          72
          72
          72
          72
          72
          72
          72
          72
          72
          72
          72
          72
          72
          72
          72
          72
          72
          72
          72
          72
          72
          72
          72
          72
          72
          72
          72
          72
          72
          72
          72
          72
          72
          72
          72
          72
          72
          72
          72
          72
          72
          72
          72
          72
          72
          72
          72
          72
          72
          72
          72
          72
          72
          72
          72
          72
          72
          72
          72
          72
          72
          72
          72
          72
          72
          72
          72
          72
          72
          72
          72
          72
          72
          72
          72
          72
          72
          72
          72
          72
          72
          72
          72
          72
          72
          72
          72
          72
          72
          72
          72
          72
          72
          72
          72
          72
          72
          72
          72
          72
          72
          72
          72
          72
          72
          72
          72
          72
          72
          72
          72
          72
          72
          72
          72
          72
          72
          72
          72
          72
          72
          72
          72
          72
          72
          72
          72
          72
          72
          72
          72
          72
          72
          72
          72
          72
          72
          72
          72
          72
          72
          72
          72
          72
          72
          72
          72
          72
          72
          72
          72
          72
          72
          72
          72
          72
          72
          72
          72
          72
          72
          72
          72
          72
          72
          72
          72
          72
          72
          72
          72
          72
          72
          72
          72
          72
          72
          72
          72
          72
          72
          72
          72
          72
          72
          72
          72
          72
          72
          72
          72
          72
          72
          72
          72
          72
          72
          72
          72
          72
          72
          72
          72
          72
          72
          72
          72
          72
          72
          72
          72
          72
          72
          72
          72
          72
          72
          72
          72
          72
          72
          72
          72
          72
          72
          72
          72
          72
          72
          72
          72
          72
          72
          72
          72
          72
          72
          72
          72
          72
          72
          72
          72
          72
          72
          72
          72
          72
          72
          72
          72
          72
          72
          72
          72
          72
          72
          72
          72
          72
          72
          72
          72
          72
          72
          72
          72
          72
          72
          72
          72
          72
          72
          72
          72
          72
          72
          72
          72
          72
          72
          72
          72
          72
          72
          72
          72
          72
          72
          72
          72
          72
          72
          72
          72
          72
          72
          72
          72
          72
          72
          72
          72
          72
          72
          72
          72
          72
          72
          72
          72
          72
          72
          72
          72
          72
          72
          72
          72
          72
          72
          72
          72
          72
          72
          72
          72
          72
          72
          72
          72
          72
          72
          72
          72
          72
          72
          72
          72
          72
          72
          72
          72
          72
          72
          72
          72
          72
          72
          72
          72
          72
          72
          72
          72
          72
          72
          72
          72
          72
          72
          72
          72
          72
          72
          72
          72
          72
          72
          72
          72
          72
          72
          72
          72
          72
          72
          72
          72
          72
          72
          72
          72
          72
          72
          72
          72
          72
          72
          72
          72
          72
          72
          72
          72
          72
          72
          72
          72
          72
          72
          72
          72
          72
          72
          72
          72
          72
          72
          72
          72
          72
          72
          72
          72
          72
          72
          72
          72
          72
          72
          72
          72
          72
          72
          72
          72
          72
          72
          72
          72
          72
          72
          72
          72
          72
          72
          72
          72
          72
          72
          72
          72
          72
          72
          72
          72
          72
          72
          72
          72
          72
          72
          72
          72
          72
          72
          72
          72
          72
          72
          72
          72
          72
          72
          72
          72
          72
          72
          72
          72
          72
          72
          72
          72
          72
          72
          72
          72
          72
          72
          72
          72
          72
          72
          72
          72
          72
          72
          72
          72
          72
          72
          72
          72
          72
          72
          72
          72
          72
          72
          72
          72
          72
          72
          72
          72
          72
          72
          72
          72
          72
          72
          72
          72
          72
          72
          72
          72
          72
          72
          72
          72
          72
          72
          72
          72
          72
          72
          72
          72
          72
          72
          72
          72
          72
          72
          72
          72
          72
          72
          72
          72
          72
          72
          72
          72
          72
          72
          72
          72
          72
          72
          72
          72
          72
          72
          72
          72
          72
          72
          72
          72
          72
          72
          72
          72
          72
          72
          72
          72
          72
          72
          72
          72
          72
          72
          72
          72
          72
          72
          72
          72
          72
          72
          72
          72
          72
          72
          72
          72
          72
          72
          72
          72
          72
          72
          72
          72
          72
          72
          72
          72
          72
          72
          72
          72
          72
          72
          72
          72
          72
          72
          72
          72
          72
          72
          72
          72
          72
          72
          72
          72
          72
          72
          72
          72
          72
          72
          72
          72
          72
          72
          72
          72
          72
          72
          72
          72
          72
          72
          72
          72
          72
          72
          72
          72
          72
          72
          72
          72
          72
          72
          72
          72
          72
          72
          72
          72
          72
          72
          72
          72
          72
          72
          72
          72
          72
          72
          72
          72
          72
          72
          72
          72
          72
          72
          72
          72
          72
          72
          72
          72
          72
          72
          72
          72
          72
          72
          72
          72
          72
          72
          72
          72
          72
          72
          72
          72
          72
          72
          72
          72
          72
          72
          72
          72
          72
          72
          72
          72
          72
          72
          72
          72
          72
          72
          72
          72
          72
          72
          72
          72
          72
          72
          72
          72
          72
          72
          72
          72
          72
          72
          72
          72
          72
          72
          72
          72
          72
          72
          72
          72
          72
          72
          72
          72
          72
          72
          72
          72
          72
          72
          72
          72
          72
          72
          72
          72
          72
          72
          72
          72
          72
          72
          72
          72
          72
          72
          72
          72
          72
        </DataArray>
      </Cells>
    </Piece>
  </UnstructuredGrid>
</VTKFile>
