<?xml version="1.0"?>
<VTKFile type="UnstructuredGrid" version="1.0" byte_order="LittleEndian">
  <UnstructuredGrid>
    <Piece NumberOfPoints="2500" NumberOfCells="64">
      <CellData>
        <DataArray type="Int32" Name="ObjectId" format="ascii">
          0
          0
          0
          0
          0
          0
          0
          0
          0
          0
          0
          0
          0
          0
          0
          0
          0
          0
          0
          0
          0
          0
          0
          0
          0
          0
          0
          0
          0
          0
          0
          0
          0
          0
          0
          0
          0
          0
          0
          0
          0
          0
          0
          0
          0
          0
          0
          0
          0
          0
          0
          0
          0
          0
          0
          0
          0
          0
          0
          0
          0
          0
          0
          0
        </DataArray>
      </CellData>
      <Points>
        <DataArray type="Float64" NumberOfComponents="3" Name="Points" format="ascii">
          0 0 0
          0.041666666666666664 0 0
          0.083333333333333329 0 0
          0.125 0 0
          0.16666666666666666 0 0
          0.20833333333333331 0 0
          0.25 0 0
          0.29166666666666663 0 0
          0.33333333333333331 0 0
          0.375 0 0
          0.41666666666666663 0 0
          0.45833333333333331 0 0
          0.5 0 0
          0.54166666666666663 0 0
          0.58333333333333326 0 0
          0.625 0 0
          0.66666666666666663 0 0
          0.70833333333333326 0 0
          0.75 0 0
          0.79166666666666663 0 0
          0.83333333333333326 0 0
          0.875 0 0
          0.91666666666666663 0 0
          0.95833333333333326 0 0
          1 0 0
          0 0.041666666666666664 0
          0.041666666666666664 0.041666666666666664 0
          0.083333333333333329 0.041666666666666664 0
          0.125 0.041666666666666664 0
          0.16666666666666666 0.041666666666666664 0
          0.20833333333333331 0.041666666666666664 0
          0.25 0.041666666666666664 0
          0.29166666666666663 0.041666666666666664 0
          0.33333333333333331 0.041666666666666664 0
          0.375 0.041666666666666664 0
          0.41666666666666663 0.041666666666666664 0
          0.45833333333333331 0.041666666666666664 0
          0.5 0.041666666666666664 0
          0.54166666666666663 0.041666666666666664 0
          0.58333333333333326 0.041666666666666664 0
          0.625 0.041666666666666664 0
          0.66666666666666663 0.041666666666666664 0
          0.70833333333333326 0.041666666666666664 0
          0.75 0.041666666666666664 0
          0.79166666666666663 0.041666666666666664 0
          0.83333333333333326 0.041666666666666664 0
          0.875 0.041666666666666664 0
          0.91666666666666663 0.041666666666666664 0
          0.95833333333333326 0.041666666666666664 0
          1 0.041666666666666664 0
          0 0.083333333333333329 0
          0.041666666666666664 0.083333333333333329 0
          0.083333333333333329 0.083333333333333329 0
          0.125 0.083333333333333329 0
          0.16666666666666666 0.083333333333333329 0
          0.20833333333333331 0.083333333333333329 0
          0.25 0.083333333333333329 0
          0.29166666666666663 0.083333333333333329 0
          0.33333333333333331 0.083333333333333329 0
          0.375 0.083333333333333329 0
          0.41666666666666663 0.083333333333333329 0
          0.45833333333333331 0.083333333333333329 0
          0.5 0.083333333333333329 0
          0.54166666666666663 0.083333333333333329 0
          0.58333333333333326 0.083333333333333329 0
          0.625 0.083333333333333329 0
          0.66666666666666663 0.083333333333333329 0
          0.70833333333333326 0.083333333333333329 0
          0.75 0.083333333333333329 0
          0.79166666666666663 0.083333333333333329 0
          0.83333333333333326 0.083333333333333329 0
          0.875 0.083333333333333329 0
          0.91666666666666663 0.083333333333333329 0
          0.95833333333333326 0.083333333333333329 0
          1 0.083333333333333329 0
          0 0.125 0
          0.041666666666666664 0.125 0
          0.083333333333333329 0.125 0
          0.125 0.125 0
          0.16666666666666666 0.125 0
          0.20833333333333331 0.125 0
          0.25 0.125 0
          0.29166666666666663 0.125 0
          0.33333333333333331 0.125 0
          0.375 0.125 0
          0.41666666666666663 0.125 0
          0.45833333333333331 0.125 0
          0.5 0.125 0
          0.54166666666666663 0.125 0
          0.58333333333333326 0.125 0
          0.625 0.125 0
          0.66666666666666663 0.125 0
          0.70833333333333326 0.125 0
          0.75 0.125 0
          0.79166666666666663 0.125 0
          0.83333333333333326 0.125 0
          0.875 0.125 0
          0.91666666666666663 0.125 0
          0.95833333333333326 0.125 0
          1 0.125 0
          0 0.16666666666666666 0
          0.041666666666666664 0.16666666666666666 0
          0.083333333333333329 0.16666666666666666 0
          0.125 0.16666666666666666 0
          0.16666666666666666 0.16666666666666666 0
          0.20833333333333331 0.16666666666666666 0
          0.25 0.16666666666666666 0
          0.29166666666666663 0.16666666666666666 0
          0.33333333333333331 0.16666666666666666 0
          0.375 0.16666666666666666 0
          0.41666666666666663 0.16666666666666666 0
          0.45833333333333331 0.16666666666666666 0
          0.5 0.16666666666666666 0
          0.54166666666666663 0.16666666666666666 0
          0.58333333333333326 0.16666666666666666 0
          0.625 0.16666666666666666 0
          0.66666666666666663 0.16666666666666666 0
          0.70833333333333326 0.16666666666666666 0
          0.75 0.16666666666666666 0
          0.79166666666666663 0.16666666666666666 0
          0.83333333333333326 0.16666666666666666 0
          0.875 0.16666666666666666 0
          0.91666666666666663 0.16666666666666666 0
          0.95833333333333326 0.16666666666666666 0
          1 0.16666666666666666 0
          0 0.20833333333333331 0
          0.041666666666666664 0.20833333333333331 0
          0.083333333333333329 0.20833333333333331 0
          0.125 0.20833333333333331 0
          0.16666666666666666 0.20833333333333331 0
          0.20833333333333331 0.20833333333333331 0
          0.25 0.20833333333333331 0
          0.29166666666666663 0.20833333333333331 0
          0.33333333333333331 0.20833333333333331 0
          0.375 0.20833333333333331 0
          0.41666666666666663 0.20833333333333331 0
          0.45833333333333331 0.20833333333333331 0
          0.5 0.20833333333333331 0
          0.54166666666666663 0.20833333333333331 0
          0.58333333333333326 0.20833333333333331 0
          0.625 0.20833333333333331 0
          0.66666666666666663 0.20833333333333331 0
          0.70833333333333326 0.20833333333333331 0
          0.75 0.20833333333333331 0
          0.79166666666666663 0.20833333333333331 0
          0.83333333333333326 0.20833333333333331 0
          0.875 0.20833333333333331 0
          0.91666666666666663 0.20833333333333331 0
          0.95833333333333326 0.20833333333333331 0
          1 0.20833333333333331 0
          0 0.25 0
          0.041666666666666664 0.25 0
          0.083333333333333329 0.25 0
          0.125 0.25 0
          0.16666666666666666 0.25 0
          0.20833333333333331 0.25 0
          0.25 0.25 0
          0.29166666666666663 0.25 0
          0.33333333333333331 0.25 0
          0.375 0.25 0
          0.41666666666666663 0.25 0
          0.45833333333333331 0.25 0
          0.5 0.25 0
          0.54166666666666663 0.25 0
          0.58333333333333326 0.25 0
          0.625 0.25 0
          0.66666666666666663 0.25 0
          0.70833333333333326 0.25 0
          0.75 0.25 0
          0.79166666666666663 0.25 0
          0.83333333333333326 0.25 0
          0.875 0.25 0
          0.91666666666666663 0.25 0
          0.95833333333333326 0.25 0
          1 0.25 0
          0 0.29166666666666663 0
          0.041666666666666664 0.29166666666666663 0
          0.083333333333333329 0.29166666666666663 0
          0.125 0.29166666666666663 0
          0.16666666666666666 0.29166666666666663 0
          0.20833333333333331 0.29166666666666663 0
          0.25 0.29166666666666663 0
          0.29166666666666663 0.29166666666666663 0
          0.33333333333333331 0.29166666666666663 0
          0.375 0.29166666666666663 0
          0.41666666666666663 0.29166666666666663 0
          0.45833333333333331 0.29166666666666663 0
          0.5 0.29166666666666663 0
          0.54166666666666663 0.29166666666666663 0
          0.58333333333333326 0.29166666666666663 0
          0.625 0.29166666666666663 0
          0.66666666666666663 0.29166666666666663 0
          0.70833333333333326 0.29166666666666663 0
          0.75 0.29166666666666663 0
          0.79166666666666663 0.29166666666666663 0
          0.83333333333333326 0.29166666666666663 0
          0.875 0.29166666666666663 0
          0.91666666666666663 0.29166666666666663 0
          0.95833333333333326 0.29166666666666663 0
          1 0.29166666666666663 0
          0 0.33333333333333331 0
          0.041666666666666664 0.33333333333333331 0
          0.083333333333333329 0.33333333333333331 0
          0.125 0.33333333333333331 0
          0.16666666666666666 0.33333333333333331 0
          0.20833333333333331 0.33333333333333331 0
          0.25 0.33333333333333331 0
          0.29166666666666663 0.33333333333333331 0
          0.33333333333333331 0.33333333333333331 0
          0.375 0.33333333333333331 0
          0.41666666666666663 0.33333333333333331 0
          0.45833333333333331 0.33333333333333331 0
          0.5 0.33333333333333331 0
          0.54166666666666663 0.33333333333333331 0
          0.58333333333333326 0.33333333333333331 0
          0.625 0.33333333333333331 0
          0.66666666666666663 0.33333333333333331 0
          0.70833333333333326 0.33333333333333331 0
          0.75 0.33333333333333331 0
          0.79166666666666663 0.33333333333333331 0
          0.83333333333333326 0.33333333333333331 0
          0.875 0.33333333333333331 0
          0.91666666666666663 0.33333333333333331 0
          0.95833333333333326 0.33333333333333331 0
          1 0.33333333333333331 0
          0 0.375 0
          0.041666666666666664 0.375 0
          0.083333333333333329 0.375 0
          0.125 0.375 0
          0.16666666666666666 0.375 0
          0.20833333333333331 0.375 0
          0.25 0.375 0
          0.29166666666666663 0.375 0
          0.33333333333333331 0.375 0
          0.375 0.375 0
          0.41666666666666663 0.375 0
          0.45833333333333331 0.375 0
          0.5 0.375 0
          0.54166666666666663 0.375 0
          0.58333333333333326 0.375 0
          0.625 0.375 0
          0.66666666666666663 0.375 0
          0.70833333333333326 0.375 0
          0.75 0.375 0
          0.79166666666666663 0.375 0
          0.83333333333333326 0.375 0
          0.875 0.375 0
          0.91666666666666663 0.375 0
          0.95833333333333326 0.375 0
          1 0.375 0
          0 0.41666666666666663 0
          0.041666666666666664 0.41666666666666663 0
          0.083333333333333329 0.41666666666666663 0
          0.125 0.41666666666666663 0
          0.16666666666666666 0.41666666666666663 0
          0.20833333333333331 0.41666666666666663 0
          0.25 0.41666666666666663 0
          0.29166666666666663 0.41666666666666663 0
          0.33333333333333331 0.41666666666666663 0
          0.375 0.41666666666666663 0
          0.41666666666666663 0.41666666666666663 0
          0.45833333333333331 0.41666666666666663 0
          0.5 0.41666666666666663 0
          0.54166666666666663 0.41666666666666663 0
          0.58333333333333326 0.41666666666666663 0
          0.625 0.41666666666666663 0
          0.66666666666666663 0.41666666666666663 0
          0.70833333333333326 0.41666666666666663 0
          0.75 0.41666666666666663 0
          0.79166666666666663 0.41666666666666663 0
          0.83333333333333326 0.41666666666666663 0
          0.875 0.41666666666666663 0
          0.91666666666666663 0.41666666666666663 0
          0.95833333333333326 0.41666666666666663 0
          1 0.41666666666666663 0
          0 0.45833333333333331 0
          0.041666666666666664 0.45833333333333331 0
          0.083333333333333329 0.45833333333333331 0
          0.125 0.45833333333333331 0
          0.16666666666666666 0.45833333333333331 0
          0.20833333333333331 0.45833333333333331 0
          0.25 0.45833333333333331 0
          0.29166666666666663 0.45833333333333331 0
          0.33333333333333331 0.45833333333333331 0
          0.375 0.45833333333333331 0
          0.41666666666666663 0.45833333333333331 0
          0.45833333333333331 0.45833333333333331 0
          0.5 0.45833333333333331 0
          0.54166666666666663 0.45833333333333331 0
          0.58333333333333326 0.45833333333333331 0
          0.625 0.45833333333333331 0
          0.66666666666666663 0.45833333333333331 0
          0.70833333333333326 0.45833333333333331 0
          0.75 0.45833333333333331 0
          0.79166666666666663 0.45833333333333331 0
          0.83333333333333326 0.45833333333333331 0
          0.875 0.45833333333333331 0
          0.91666666666666663 0.45833333333333331 0
          0.95833333333333326 0.45833333333333331 0
          1 0.45833333333333331 0
          0 0.5 0
          0.041666666666666664 0.5 0
          0.083333333333333329 0.5 0
          0.125 0.5 0
          0.16666666666666666 0.5 0
          0.20833333333333331 0.5 0
          0.25 0.5 0
          0.29166666666666663 0.5 0
          0.33333333333333331 0.5 0
          0.375 0.5 0
          0.41666666666666663 0.5 0
          0.45833333333333331 0.5 0
          0.5 0.5 0
          0.54166666666666663 0.5 0
          0.58333333333333326 0.5 0
          0.625 0.5 0
          0.66666666666666663 0.5 0
          0.70833333333333326 0.5 0
          0.75 0.5 0
          0.79166666666666663 0.5 0
          0.83333333333333326 0.5 0
          0.875 0.5 0
          0.91666666666666663 0.5 0
          0.95833333333333326 0.5 0
          1 0.5 0
          0 0.54166666666666663 0
          0.041666666666666664 0.54166666666666663 0
          0.083333333333333329 0.54166666666666663 0
          0.125 0.54166666666666663 0
          0.16666666666666666 0.54166666666666663 0
          0.20833333333333331 0.54166666666666663 0
          0.25 0.54166666666666663 0
          0.29166666666666663 0.54166666666666663 0
          0.33333333333333331 0.54166666666666663 0
          0.375 0.54166666666666663 0
          0.41666666666666663 0.54166666666666663 0
          0.45833333333333331 0.54166666666666663 0
          0.5 0.54166666666666663 0
          0.54166666666666663 0.54166666666666663 0
          0.58333333333333326 0.54166666666666663 0
          0.625 0.54166666666666663 0
          0.66666666666666663 0.54166666666666663 0
          0.70833333333333326 0.54166666666666663 0
          0.75 0.54166666666666663 0
          0.79166666666666663 0.54166666666666663 0
          0.83333333333333326 0.54166666666666663 0
          0.875 0.54166666666666663 0
          0.91666666666666663 0.54166666666666663 0
          0.95833333333333326 0.54166666666666663 0
          1 0.54166666666666663 0
          0 0.58333333333333326 0
          0.041666666666666664 0.58333333333333326 0
          0.083333333333333329 0.58333333333333326 0
          0.125 0.58333333333333326 0
          0.16666666666666666 0.58333333333333326 0
          0.20833333333333331 0.58333333333333326 0
          0.25 0.58333333333333326 0
          0.29166666666666663 0.58333333333333326 0
          0.33333333333333331 0.58333333333333326 0
          0.375 0.58333333333333326 0
          0.41666666666666663 0.58333333333333326 0
          0.45833333333333331 0.58333333333333326 0
          0.5 0.58333333333333326 0
          0.54166666666666663 0.58333333333333326 0
          0.58333333333333326 0.58333333333333326 0
          0.625 0.58333333333333326 0
          0.66666666666666663 0.58333333333333326 0
          0.70833333333333326 0.58333333333333326 0
          0.75 0.58333333333333326 0
          0.79166666666666663 0.58333333333333326 0
          0.83333333333333326 0.58333333333333326 0
          0.875 0.58333333333333326 0
          0.91666666666666663 0.58333333333333326 0
          0.95833333333333326 0.58333333333333326 0
          1 0.58333333333333326 0
          0 0.625 0
          0.041666666666666664 0.625 0
          0.083333333333333329 0.625 0
          0.125 0.625 0
          0.16666666666666666 0.625 0
          0.20833333333333331 0.625 0
          0.25 0.625 0
          0.29166666666666663 0.625 0
          0.33333333333333331 0.625 0
          0.375 0.625 0
          0.41666666666666663 0.625 0
          0.45833333333333331 0.625 0
          0.5 0.625 0
          0.54166666666666663 0.625 0
          0.58333333333333326 0.625 0
          0.625 0.625 0
          0.66666666666666663 0.625 0
          0.70833333333333326 0.625 0
          0.75 0.625 0
          0.79166666666666663 0.625 0
          0.83333333333333326 0.625 0
          0.875 0.625 0
          0.91666666666666663 0.625 0
          0.95833333333333326 0.625 0
          1 0.625 0
          0 0.66666666666666663 0
          0.041666666666666664 0.66666666666666663 0
          0.083333333333333329 0.66666666666666663 0
          0.125 0.66666666666666663 0
          0.16666666666666666 0.66666666666666663 0
          0.20833333333333331 0.66666666666666663 0
          0.25 0.66666666666666663 0
          0.29166666666666663 0.66666666666666663 0
          0.33333333333333331 0.66666666666666663 0
          0.375 0.66666666666666663 0
          0.41666666666666663 0.66666666666666663 0
          0.45833333333333331 0.66666666666666663 0
          0.5 0.66666666666666663 0
          0.54166666666666663 0.66666666666666663 0
          0.58333333333333326 0.66666666666666663 0
          0.625 0.66666666666666663 0
          0.66666666666666663 0.66666666666666663 0
          0.70833333333333326 0.66666666666666663 0
          0.75 0.66666666666666663 0
          0.79166666666666663 0.66666666666666663 0
          0.83333333333333326 0.66666666666666663 0
          0.875 0.66666666666666663 0
          0.91666666666666663 0.66666666666666663 0
          0.95833333333333326 0.66666666666666663 0
          1 0.66666666666666663 0
          0 0.70833333333333326 0
          0.041666666666666664 0.70833333333333326 0
          0.083333333333333329 0.70833333333333326 0
          0.125 0.70833333333333326 0
          0.16666666666666666 0.70833333333333326 0
          0.20833333333333331 0.70833333333333326 0
          0.25 0.70833333333333326 0
          0.29166666666666663 0.70833333333333326 0
          0.33333333333333331 0.70833333333333326 0
          0.375 0.70833333333333326 0
          0.41666666666666663 0.70833333333333326 0
          0.45833333333333331 0.70833333333333326 0
          0.5 0.70833333333333326 0
          0.54166666666666663 0.70833333333333326 0
          0.58333333333333326 0.70833333333333326 0
          0.625 0.70833333333333326 0
          0.66666666666666663 0.70833333333333326 0
          0.70833333333333326 0.70833333333333326 0
          0.75 0.70833333333333326 0
          0.79166666666666663 0.70833333333333326 0
          0.83333333333333326 0.70833333333333326 0
          0.875 0.70833333333333326 0
          0.91666666666666663 0.70833333333333326 0
          0.95833333333333326 0.70833333333333326 0
          1 0.70833333333333326 0
          0 0.75 0
          0.041666666666666664 0.75 0
          0.083333333333333329 0.75 0
          0.125 0.75 0
          0.16666666666666666 0.75 0
          0.20833333333333331 0.75 0
          0.25 0.75 0
          0.29166666666666663 0.75 0
          0.33333333333333331 0.75 0
          0.375 0.75 0
          0.41666666666666663 0.75 0
          0.45833333333333331 0.75 0
          0.5 0.75 0
          0.54166666666666663 0.75 0
          0.58333333333333326 0.75 0
          0.625 0.75 0
          0.66666666666666663 0.75 0
          0.70833333333333326 0.75 0
          0.75 0.75 0
          0.79166666666666663 0.75 0
          0.83333333333333326 0.75 0
          0.875 0.75 0
          0.91666666666666663 0.75 0
          0.95833333333333326 0.75 0
          1 0.75 0
          0 0.79166666666666663 0
          0.041666666666666664 0.79166666666666663 0
          0.083333333333333329 0.79166666666666663 0
          0.125 0.79166666666666663 0
          0.16666666666666666 0.79166666666666663 0
          0.20833333333333331 0.79166666666666663 0
          0.25 0.79166666666666663 0
          0.29166666666666663 0.79166666666666663 0
          0.33333333333333331 0.79166666666666663 0
          0.375 0.79166666666666663 0
          0.41666666666666663 0.79166666666666663 0
          0.45833333333333331 0.79166666666666663 0
          0.5 0.79166666666666663 0
          0.54166666666666663 0.79166666666666663 0
          0.58333333333333326 0.79166666666666663 0
          0.625 0.79166666666666663 0
          0.66666666666666663 0.79166666666666663 0
          0.70833333333333326 0.79166666666666663 0
          0.75 0.79166666666666663 0
          0.79166666666666663 0.79166666666666663 0
          0.83333333333333326 0.79166666666666663 0
          0.875 0.79166666666666663 0
          0.91666666666666663 0.79166666666666663 0
          0.95833333333333326 0.79166666666666663 0
          1 0.79166666666666663 0
          0 0.83333333333333326 0
          0.041666666666666664 0.83333333333333326 0
          0.083333333333333329 0.83333333333333326 0
          0.125 0.83333333333333326 0
          0.16666666666666666 0.83333333333333326 0
          0.20833333333333331 0.83333333333333326 0
          0.25 0.83333333333333326 0
          0.29166666666666663 0.83333333333333326 0
          0.33333333333333331 0.83333333333333326 0
          0.375 0.83333333333333326 0
          0.41666666666666663 0.83333333333333326 0
          0.45833333333333331 0.83333333333333326 0
          0.5 0.83333333333333326 0
          0.54166666666666663 0.83333333333333326 0
          0.58333333333333326 0.83333333333333326 0
          0.625 0.83333333333333326 0
          0.66666666666666663 0.83333333333333326 0
          0.70833333333333326 0.83333333333333326 0
          0.75 0.83333333333333326 0
          0.79166666666666663 0.83333333333333326 0
          0.83333333333333326 0.83333333333333326 0
          0.875 0.83333333333333326 0
          0.91666666666666663 0.83333333333333326 0
          0.95833333333333326 0.83333333333333326 0
          1 0.83333333333333326 0
          0 0.875 0
          0.041666666666666664 0.875 0
          0.083333333333333329 0.875 0
          0.125 0.875 0
          0.16666666666666666 0.875 0
          0.20833333333333331 0.875 0
          0.25 0.875 0
          0.29166666666666663 0.875 0
          0.33333333333333331 0.875 0
          0.375 0.875 0
          0.41666666666666663 0.875 0
          0.45833333333333331 0.875 0
          0.5 0.875 0
          0.54166666666666663 0.875 0
          0.58333333333333326 0.875 0
          0.625 0.875 0
          0.66666666666666663 0.875 0
          0.70833333333333326 0.875 0
          0.75 0.875 0
          0.79166666666666663 0.875 0
          0.83333333333333326 0.875 0
          0.875 0.875 0
          0.91666666666666663 0.875 0
          0.95833333333333326 0.875 0
          1 0.875 0
          0 0.91666666666666663 0
          0.041666666666666664 0.91666666666666663 0
          0.083333333333333329 0.91666666666666663 0
          0.125 0.91666666666666663 0
          0.16666666666666666 0.91666666666666663 0
          0.20833333333333331 0.91666666666666663 0
          0.25 0.91666666666666663 0
          0.29166666666666663 0.91666666666666663 0
          0.33333333333333331 0.91666666666666663 0
          0.375 0.91666666666666663 0
          0.41666666666666663 0.91666666666666663 0
          0.45833333333333331 0.91666666666666663 0
          0.5 0.91666666666666663 0
          0.54166666666666663 0.91666666666666663 0
          0.58333333333333326 0.91666666666666663 0
          0.625 0.91666666666666663 0
          0.66666666666666663 0.91666666666666663 0
          0.70833333333333326 0.91666666666666663 0
          0.75 0.91666666666666663 0
          0.79166666666666663 0.91666666666666663 0
          0.83333333333333326 0.91666666666666663 0
          0.875 0.91666666666666663 0
          0.91666666666666663 0.91666666666666663 0
          0.95833333333333326 0.91666666666666663 0
          1 0.91666666666666663 0
          0 0.95833333333333326 0
          0.041666666666666664 0.95833333333333326 0
          0.083333333333333329 0.95833333333333326 0
          0.125 0.95833333333333326 0
          0.16666666666666666 0.95833333333333326 0
          0.20833333333333331 0.95833333333333326 0
          0.25 0.95833333333333326 0
          0.29166666666666663 0.95833333333333326 0
          0.33333333333333331 0.95833333333333326 0
          0.375 0.95833333333333326 0
          0.41666666666666663 0.95833333333333326 0
          0.45833333333333331 0.95833333333333326 0
          0.5 0.95833333333333326 0
          0.54166666666666663 0.95833333333333326 0
          0.58333333333333326 0.95833333333333326 0
          0.625 0.95833333333333326 0
          0.66666666666666663 0.95833333333333326 0
          0.70833333333333326 0.95833333333333326 0
          0.75 0.95833333333333326 0
          0.79166666666666663 0.95833333333333326 0
          0.83333333333333326 0.95833333333333326 0
          0.875 0.95833333333333326 0
          0.91666666666666663 0.95833333333333326 0
          0.95833333333333326 0.95833333333333326 0
          1 0.95833333333333326 0
          0 1 0
          0.041666666666666664 1 0
          0.083333333333333329 1 0
          0.125 1 0
          0.16666666666666666 1 0
          0.20833333333333331 1 0
          0.25 1 0
          0.29166666666666663 1 0
          0.33333333333333331 1 0
          0.375 1 0
          0.41666666666666663 1 0
          0.45833333333333331 1 0
          0.5 1 0
          0.54166666666666663 1 0
          0.58333333333333326 1 0
          0.625 1 0
          0.66666666666666663 1 0
          0.70833333333333326 1 0
          0.75 1 0
          0.79166666666666663 1 0
          0.83333333333333326 1 0
          0.875 1 0
          0.91666666666666663 1 0
          0.95833333333333326 1 0
          1 1 0
          0 0 0.33333333333333331
          0.041666666666666664 0 0.33333333333333331
          0.083333333333333329 0 0.33333333333333331
          0.125 0 0.33333333333333331
          0.16666666666666666 0 0.33333333333333331
          0.20833333333333331 0 0.33333333333333331
          0.25 0 0.33333333333333331
          0.29166666666666663 0 0.33333333333333331
          0.33333333333333331 0 0.33333333333333331
          0.375 0 0.33333333333333331
          0.41666666666666663 0 0.33333333333333331
          0.45833333333333331 0 0.33333333333333331
          0.5 0 0.33333333333333331
          0.54166666666666663 0 0.33333333333333331
          0.58333333333333326 0 0.33333333333333331
          0.625 0 0.33333333333333331
          0.66666666666666663 0 0.33333333333333331
          0.70833333333333326 0 0.33333333333333331
          0.75 0 0.33333333333333331
          0.79166666666666663 0 0.33333333333333331
          0.83333333333333326 0 0.33333333333333331
          0.875 0 0.33333333333333331
          0.91666666666666663 0 0.33333333333333331
          0.95833333333333326 0 0.33333333333333331
          1 0 0.33333333333333331
          0 0.041666666666666664 0.33333333333333331
          0.041666666666666664 0.041666666666666664 0.33333333333333331
          0.083333333333333329 0.041666666666666664 0.33333333333333331
          0.125 0.041666666666666664 0.33333333333333331
          0.16666666666666666 0.041666666666666664 0.33333333333333331
          0.20833333333333331 0.041666666666666664 0.33333333333333331
          0.25 0.041666666666666664 0.33333333333333331
          0.29166666666666663 0.041666666666666664 0.33333333333333331
          0.33333333333333331 0.041666666666666664 0.33333333333333331
          0.375 0.041666666666666664 0.33333333333333331
          0.41666666666666663 0.041666666666666664 0.33333333333333331
          0.45833333333333331 0.041666666666666664 0.33333333333333331
          0.5 0.041666666666666664 0.33333333333333331
          0.54166666666666663 0.041666666666666664 0.33333333333333331
          0.58333333333333326 0.041666666666666664 0.33333333333333331
          0.625 0.041666666666666664 0.33333333333333331
          0.66666666666666663 0.041666666666666664 0.33333333333333331
          0.70833333333333326 0.041666666666666664 0.33333333333333331
          0.75 0.041666666666666664 0.33333333333333331
          0.79166666666666663 0.041666666666666664 0.33333333333333331
          0.83333333333333326 0.041666666666666664 0.33333333333333331
          0.875 0.041666666666666664 0.33333333333333331
          0.91666666666666663 0.041666666666666664 0.33333333333333331
          0.95833333333333326 0.041666666666666664 0.33333333333333331
          1 0.041666666666666664 0.33333333333333331
          0 0.083333333333333329 0.33333333333333331
          0.041666666666666664 0.083333333333333329 0.33333333333333331
          0.083333333333333329 0.083333333333333329 0.33333333333333331
          0.125 0.083333333333333329 0.33333333333333331
          0.16666666666666666 0.083333333333333329 0.33333333333333331
          0.20833333333333331 0.083333333333333329 0.33333333333333331
          0.25 0.083333333333333329 0.33333333333333331
          0.29166666666666663 0.083333333333333329 0.33333333333333331
          0.33333333333333331 0.083333333333333329 0.33333333333333331
          0.375 0.083333333333333329 0.33333333333333331
          0.41666666666666663 0.083333333333333329 0.33333333333333331
          0.45833333333333331 0.083333333333333329 0.33333333333333331
          0.5 0.083333333333333329 0.33333333333333331
          0.54166666666666663 0.083333333333333329 0.33333333333333331
          0.58333333333333326 0.083333333333333329 0.33333333333333331
          0.625 0.083333333333333329 0.33333333333333331
          0.66666666666666663 0.083333333333333329 0.33333333333333331
          0.70833333333333326 0.083333333333333329 0.33333333333333331
          0.75 0.083333333333333329 0.33333333333333331
          0.79166666666666663 0.083333333333333329 0.33333333333333331
          0.83333333333333326 0.083333333333333329 0.33333333333333331
          0.875 0.083333333333333329 0.33333333333333331
          0.91666666666666663 0.083333333333333329 0.33333333333333331
          0.95833333333333326 0.083333333333333329 0.33333333333333331
          1 0.083333333333333329 0.33333333333333331
          0 0.125 0.33333333333333331
          0.041666666666666664 0.125 0.33333333333333331
          0.083333333333333329 0.125 0.33333333333333331
          0.125 0.125 0.33333333333333331
          0.16666666666666666 0.125 0.33333333333333331
          0.20833333333333331 0.125 0.33333333333333331
          0.25 0.125 0.33333333333333331
          0.29166666666666663 0.125 0.33333333333333331
          0.33333333333333331 0.125 0.33333333333333331
          0.375 0.125 0.33333333333333331
          0.41666666666666663 0.125 0.33333333333333331
          0.45833333333333331 0.125 0.33333333333333331
          0.5 0.125 0.33333333333333331
          0.54166666666666663 0.125 0.33333333333333331
          0.58333333333333326 0.125 0.33333333333333331
          0.625 0.125 0.33333333333333331
          0.66666666666666663 0.125 0.33333333333333331
          0.70833333333333326 0.125 0.33333333333333331
          0.75 0.125 0.33333333333333331
          0.79166666666666663 0.125 0.33333333333333331
          0.83333333333333326 0.125 0.33333333333333331
          0.875 0.125 0.33333333333333331
          0.91666666666666663 0.125 0.33333333333333331
          0.95833333333333326 0.125 0.33333333333333331
          1 0.125 0.33333333333333331
          0 0.16666666666666666 0.33333333333333331
          0.041666666666666664 0.16666666666666666 0.33333333333333331
          0.083333333333333329 0.16666666666666666 0.33333333333333331
          0.125 0.16666666666666666 0.33333333333333331
          0.16666666666666666 0.16666666666666666 0.33333333333333331
          0.20833333333333331 0.16666666666666666 0.33333333333333331
          0.25 0.16666666666666666 0.33333333333333331
          0.29166666666666663 0.16666666666666666 0.33333333333333331
          0.33333333333333331 0.16666666666666666 0.33333333333333331
          0.375 0.16666666666666666 0.33333333333333331
          0.41666666666666663 0.16666666666666666 0.33333333333333331
          0.45833333333333331 0.16666666666666666 0.33333333333333331
          0.5 0.16666666666666666 0.33333333333333331
          0.54166666666666663 0.16666666666666666 0.33333333333333331
          0.58333333333333326 0.16666666666666666 0.33333333333333331
          0.625 0.16666666666666666 0.33333333333333331
          0.66666666666666663 0.16666666666666666 0.33333333333333331
          0.70833333333333326 0.16666666666666666 0.33333333333333331
          0.75 0.16666666666666666 0.33333333333333331
          0.79166666666666663 0.16666666666666666 0.33333333333333331
          0.83333333333333326 0.16666666666666666 0.33333333333333331
          0.875 0.16666666666666666 0.33333333333333331
          0.91666666666666663 0.16666666666666666 0.33333333333333331
          0.95833333333333326 0.16666666666666666 0.33333333333333331
          1 0.16666666666666666 0.33333333333333331
          0 0.20833333333333331 0.33333333333333331
          0.041666666666666664 0.20833333333333331 0.33333333333333331
          0.083333333333333329 0.20833333333333331 0.33333333333333331
          0.125 0.20833333333333331 0.33333333333333331
          0.16666666666666666 0.20833333333333331 0.33333333333333331
          0.20833333333333331 0.20833333333333331 0.33333333333333331
          0.25 0.20833333333333331 0.33333333333333331
          0.29166666666666663 0.20833333333333331 0.33333333333333331
          0.33333333333333331 0.20833333333333331 0.33333333333333331
          0.375 0.20833333333333331 0.33333333333333331
          0.41666666666666663 0.20833333333333331 0.33333333333333331
          0.45833333333333331 0.20833333333333331 0.33333333333333331
          0.5 0.20833333333333331 0.33333333333333331
          0.54166666666666663 0.20833333333333331 0.33333333333333331
          0.58333333333333326 0.20833333333333331 0.33333333333333331
          0.625 0.20833333333333331 0.33333333333333331
          0.66666666666666663 0.20833333333333331 0.33333333333333331
          0.70833333333333326 0.20833333333333331 0.33333333333333331
          0.75 0.20833333333333331 0.33333333333333331
          0.79166666666666663 0.20833333333333331 0.33333333333333331
          0.83333333333333326 0.20833333333333331 0.33333333333333331
          0.875 0.20833333333333331 0.33333333333333331
          0.91666666666666663 0.20833333333333331 0.33333333333333331
          0.95833333333333326 0.20833333333333331 0.33333333333333331
          1 0.20833333333333331 0.33333333333333331
          0 0.25 0.33333333333333331
          0.041666666666666664 0.25 0.33333333333333331
          0.083333333333333329 0.25 0.33333333333333331
          0.125 0.25 0.33333333333333331
          0.16666666666666666 0.25 0.33333333333333331
          0.20833333333333331 0.25 0.33333333333333331
          0.25 0.25 0.33333333333333331
          0.29166666666666663 0.25 0.33333333333333331
          0.33333333333333331 0.25 0.33333333333333331
          0.375 0.25 0.33333333333333331
          0.41666666666666663 0.25 0.33333333333333331
          0.45833333333333331 0.25 0.33333333333333331
          0.5 0.25 0.33333333333333331
          0.54166666666666663 0.25 0.33333333333333331
          0.58333333333333326 0.25 0.33333333333333331
          0.625 0.25 0.33333333333333331
          0.66666666666666663 0.25 0.33333333333333331
          0.70833333333333326 0.25 0.33333333333333331
          0.75 0.25 0.33333333333333331
          0.79166666666666663 0.25 0.33333333333333331
          0.83333333333333326 0.25 0.33333333333333331
          0.875 0.25 0.33333333333333331
          0.91666666666666663 0.25 0.33333333333333331
          0.95833333333333326 0.25 0.33333333333333331
          1 0.25 0.33333333333333331
          0 0.29166666666666663 0.33333333333333331
          0.041666666666666664 0.29166666666666663 0.33333333333333331
          0.083333333333333329 0.29166666666666663 0.33333333333333331
          0.125 0.29166666666666663 0.33333333333333331
          0.16666666666666666 0.29166666666666663 0.33333333333333331
          0.20833333333333331 0.29166666666666663 0.33333333333333331
          0.25 0.29166666666666663 0.33333333333333331
          0.29166666666666663 0.29166666666666663 0.33333333333333331
          0.33333333333333331 0.29166666666666663 0.33333333333333331
          0.375 0.29166666666666663 0.33333333333333331
          0.41666666666666663 0.29166666666666663 0.33333333333333331
          0.45833333333333331 0.29166666666666663 0.33333333333333331
          0.5 0.29166666666666663 0.33333333333333331
          0.54166666666666663 0.29166666666666663 0.33333333333333331
          0.58333333333333326 0.29166666666666663 0.33333333333333331
          0.625 0.29166666666666663 0.33333333333333331
          0.66666666666666663 0.29166666666666663 0.33333333333333331
          0.70833333333333326 0.29166666666666663 0.33333333333333331
          0.75 0.29166666666666663 0.33333333333333331
          0.79166666666666663 0.29166666666666663 0.33333333333333331
          0.83333333333333326 0.29166666666666663 0.33333333333333331
          0.875 0.29166666666666663 0.33333333333333331
          0.91666666666666663 0.29166666666666663 0.33333333333333331
          0.95833333333333326 0.29166666666666663 0.33333333333333331
          1 0.29166666666666663 0.33333333333333331
          0 0.33333333333333331 0.33333333333333331
          0.041666666666666664 0.33333333333333331 0.33333333333333331
          0.083333333333333329 0.33333333333333331 0.33333333333333331
          0.125 0.33333333333333331 0.33333333333333331
          0.16666666666666666 0.33333333333333331 0.33333333333333331
          0.20833333333333331 0.33333333333333331 0.33333333333333331
          0.25 0.33333333333333331 0.33333333333333331
          0.29166666666666663 0.33333333333333331 0.33333333333333331
          0.33333333333333331 0.33333333333333331 0.33333333333333331
          0.375 0.33333333333333331 0.33333333333333331
          0.41666666666666663 0.33333333333333331 0.33333333333333331
          0.45833333333333331 0.33333333333333331 0.33333333333333331
          0.5 0.33333333333333331 0.33333333333333331
          0.54166666666666663 0.33333333333333331 0.33333333333333331
          0.58333333333333326 0.33333333333333331 0.33333333333333331
          0.625 0.33333333333333331 0.33333333333333331
          0.66666666666666663 0.33333333333333331 0.33333333333333331
          0.70833333333333326 0.33333333333333331 0.33333333333333331
          0.75 0.33333333333333331 0.33333333333333331
          0.79166666666666663 0.33333333333333331 0.33333333333333331
          0.83333333333333326 0.33333333333333331 0.33333333333333331
          0.875 0.33333333333333331 0.33333333333333331
          0.91666666666666663 0.33333333333333331 0.33333333333333331
          0.95833333333333326 0.33333333333333331 0.33333333333333331
          1 0.33333333333333331 0.33333333333333331
          0 0.375 0.33333333333333331
          0.041666666666666664 0.375 0.33333333333333331
          0.083333333333333329 0.375 0.33333333333333331
          0.125 0.375 0.33333333333333331
          0.16666666666666666 0.375 0.33333333333333331
          0.20833333333333331 0.375 0.33333333333333331
          0.25 0.375 0.33333333333333331
          0.29166666666666663 0.375 0.33333333333333331
          0.33333333333333331 0.375 0.33333333333333331
          0.375 0.375 0.33333333333333331
          0.41666666666666663 0.375 0.33333333333333331
          0.45833333333333331 0.375 0.33333333333333331
          0.5 0.375 0.33333333333333331
          0.54166666666666663 0.375 0.33333333333333331
          0.58333333333333326 0.375 0.33333333333333331
          0.625 0.375 0.33333333333333331
          0.66666666666666663 0.375 0.33333333333333331
          0.70833333333333326 0.375 0.33333333333333331
          0.75 0.375 0.33333333333333331
          0.79166666666666663 0.375 0.33333333333333331
          0.83333333333333326 0.375 0.33333333333333331
          0.875 0.375 0.33333333333333331
          0.91666666666666663 0.375 0.33333333333333331
          0.95833333333333326 0.375 0.33333333333333331
          1 0.375 0.33333333333333331
          0 0.41666666666666663 0.33333333333333331
          0.041666666666666664 0.41666666666666663 0.33333333333333331
          0.083333333333333329 0.41666666666666663 0.33333333333333331
          0.125 0.41666666666666663 0.33333333333333331
          0.16666666666666666 0.41666666666666663 0.33333333333333331
          0.20833333333333331 0.41666666666666663 0.33333333333333331
          0.25 0.41666666666666663 0.33333333333333331
          0.29166666666666663 0.41666666666666663 0.33333333333333331
          0.33333333333333331 0.41666666666666663 0.33333333333333331
          0.375 0.41666666666666663 0.33333333333333331
          0.41666666666666663 0.41666666666666663 0.33333333333333331
          0.45833333333333331 0.41666666666666663 0.33333333333333331
          0.5 0.41666666666666663 0.33333333333333331
          0.54166666666666663 0.41666666666666663 0.33333333333333331
          0.58333333333333326 0.41666666666666663 0.33333333333333331
          0.625 0.41666666666666663 0.33333333333333331
          0.66666666666666663 0.41666666666666663 0.33333333333333331
          0.70833333333333326 0.41666666666666663 0.33333333333333331
          0.75 0.41666666666666663 0.33333333333333331
          0.79166666666666663 0.41666666666666663 0.33333333333333331
          0.83333333333333326 0.41666666666666663 0.33333333333333331
          0.875 0.41666666666666663 0.33333333333333331
          0.91666666666666663 0.41666666666666663 0.33333333333333331
          0.95833333333333326 0.41666666666666663 0.33333333333333331
          1 0.41666666666666663 0.33333333333333331
          0 0.45833333333333331 0.33333333333333331
          0.041666666666666664 0.45833333333333331 0.33333333333333331
          0.083333333333333329 0.45833333333333331 0.33333333333333331
          0.125 0.45833333333333331 0.33333333333333331
          0.16666666666666666 0.45833333333333331 0.33333333333333331
          0.20833333333333331 0.45833333333333331 0.33333333333333331
          0.25 0.45833333333333331 0.33333333333333331
          0.29166666666666663 0.45833333333333331 0.33333333333333331
          0.33333333333333331 0.45833333333333331 0.33333333333333331
          0.375 0.45833333333333331 0.33333333333333331
          0.41666666666666663 0.45833333333333331 0.33333333333333331
          0.45833333333333331 0.45833333333333331 0.33333333333333331
          0.5 0.45833333333333331 0.33333333333333331
          0.54166666666666663 0.45833333333333331 0.33333333333333331
          0.58333333333333326 0.45833333333333331 0.33333333333333331
          0.625 0.45833333333333331 0.33333333333333331
          0.66666666666666663 0.45833333333333331 0.33333333333333331
          0.70833333333333326 0.45833333333333331 0.33333333333333331
          0.75 0.45833333333333331 0.33333333333333331
          0.79166666666666663 0.45833333333333331 0.33333333333333331
          0.83333333333333326 0.45833333333333331 0.33333333333333331
          0.875 0.45833333333333331 0.33333333333333331
          0.91666666666666663 0.45833333333333331 0.33333333333333331
          0.95833333333333326 0.45833333333333331 0.33333333333333331
          1 0.45833333333333331 0.33333333333333331
          0 0.5 0.33333333333333331
          0.041666666666666664 0.5 0.33333333333333331
          0.083333333333333329 0.5 0.33333333333333331
          0.125 0.5 0.33333333333333331
          0.16666666666666666 0.5 0.33333333333333331
          0.20833333333333331 0.5 0.33333333333333331
          0.25 0.5 0.33333333333333331
          0.29166666666666663 0.5 0.33333333333333331
          0.33333333333333331 0.5 0.33333333333333331
          0.375 0.5 0.33333333333333331
          0.41666666666666663 0.5 0.33333333333333331
          0.45833333333333331 0.5 0.33333333333333331
          0.5 0.5 0.33333333333333331
          0.54166666666666663 0.5 0.33333333333333331
          0.58333333333333326 0.5 0.33333333333333331
          0.625 0.5 0.33333333333333331
          0.66666666666666663 0.5 0.33333333333333331
          0.70833333333333326 0.5 0.33333333333333331
          0.75 0.5 0.33333333333333331
          0.79166666666666663 0.5 0.33333333333333331
          0.83333333333333326 0.5 0.33333333333333331
          0.875 0.5 0.33333333333333331
          0.91666666666666663 0.5 0.33333333333333331
          0.95833333333333326 0.5 0.33333333333333331
          1 0.5 0.33333333333333331
          0 0.54166666666666663 0.33333333333333331
          0.041666666666666664 0.54166666666666663 0.33333333333333331
          0.083333333333333329 0.54166666666666663 0.33333333333333331
          0.125 0.54166666666666663 0.33333333333333331
          0.16666666666666666 0.54166666666666663 0.33333333333333331
          0.20833333333333331 0.54166666666666663 0.33333333333333331
          0.25 0.54166666666666663 0.33333333333333331
          0.29166666666666663 0.54166666666666663 0.33333333333333331
          0.33333333333333331 0.54166666666666663 0.33333333333333331
          0.375 0.54166666666666663 0.33333333333333331
          0.41666666666666663 0.54166666666666663 0.33333333333333331
          0.45833333333333331 0.54166666666666663 0.33333333333333331
          0.5 0.54166666666666663 0.33333333333333331
          0.54166666666666663 0.54166666666666663 0.33333333333333331
          0.58333333333333326 0.54166666666666663 0.33333333333333331
          0.625 0.54166666666666663 0.33333333333333331
          0.66666666666666663 0.54166666666666663 0.33333333333333331
          0.70833333333333326 0.54166666666666663 0.33333333333333331
          0.75 0.54166666666666663 0.33333333333333331
          0.79166666666666663 0.54166666666666663 0.33333333333333331
          0.83333333333333326 0.54166666666666663 0.33333333333333331
          0.875 0.54166666666666663 0.33333333333333331
          0.91666666666666663 0.54166666666666663 0.33333333333333331
          0.95833333333333326 0.54166666666666663 0.33333333333333331
          1 0.54166666666666663 0.33333333333333331
          0 0.58333333333333326 0.33333333333333331
          0.041666666666666664 0.58333333333333326 0.33333333333333331
          0.083333333333333329 0.58333333333333326 0.33333333333333331
          0.125 0.58333333333333326 0.33333333333333331
          0.16666666666666666 0.58333333333333326 0.33333333333333331
          0.20833333333333331 0.58333333333333326 0.33333333333333331
          0.25 0.58333333333333326 0.33333333333333331
          0.29166666666666663 0.58333333333333326 0.33333333333333331
          0.33333333333333331 0.58333333333333326 0.33333333333333331
          0.375 0.58333333333333326 0.33333333333333331
          0.41666666666666663 0.58333333333333326 0.33333333333333331
          0.45833333333333331 0.58333333333333326 0.33333333333333331
          0.5 0.58333333333333326 0.33333333333333331
          0.54166666666666663 0.58333333333333326 0.33333333333333331
          0.58333333333333326 0.58333333333333326 0.33333333333333331
          0.625 0.58333333333333326 0.33333333333333331
          0.66666666666666663 0.58333333333333326 0.33333333333333331
          0.70833333333333326 0.58333333333333326 0.33333333333333331
          0.75 0.58333333333333326 0.33333333333333331
          0.79166666666666663 0.58333333333333326 0.33333333333333331
          0.83333333333333326 0.58333333333333326 0.33333333333333331
          0.875 0.58333333333333326 0.33333333333333331
          0.91666666666666663 0.58333333333333326 0.33333333333333331
          0.95833333333333326 0.58333333333333326 0.33333333333333331
          1 0.58333333333333326 0.33333333333333331
          0 0.625 0.33333333333333331
          0.041666666666666664 0.625 0.33333333333333331
          0.083333333333333329 0.625 0.33333333333333331
          0.125 0.625 0.33333333333333331
          0.16666666666666666 0.625 0.33333333333333331
          0.20833333333333331 0.625 0.33333333333333331
          0.25 0.625 0.33333333333333331
          0.29166666666666663 0.625 0.33333333333333331
          0.33333333333333331 0.625 0.33333333333333331
          0.375 0.625 0.33333333333333331
          0.41666666666666663 0.625 0.33333333333333331
          0.45833333333333331 0.625 0.33333333333333331
          0.5 0.625 0.33333333333333331
          0.54166666666666663 0.625 0.33333333333333331
          0.58333333333333326 0.625 0.33333333333333331
          0.625 0.625 0.33333333333333331
          0.66666666666666663 0.625 0.33333333333333331
          0.70833333333333326 0.625 0.33333333333333331
          0.75 0.625 0.33333333333333331
          0.79166666666666663 0.625 0.33333333333333331
          0.83333333333333326 0.625 0.33333333333333331
          0.875 0.625 0.33333333333333331
          0.91666666666666663 0.625 0.33333333333333331
          0.95833333333333326 0.625 0.33333333333333331
          1 0.625 0.33333333333333331
          0 0.66666666666666663 0.33333333333333331
          0.041666666666666664 0.66666666666666663 0.33333333333333331
          0.083333333333333329 0.66666666666666663 0.33333333333333331
          0.125 0.66666666666666663 0.33333333333333331
          0.16666666666666666 0.66666666666666663 0.33333333333333331
          0.20833333333333331 0.66666666666666663 0.33333333333333331
          0.25 0.66666666666666663 0.33333333333333331
          0.29166666666666663 0.66666666666666663 0.33333333333333331
          0.33333333333333331 0.66666666666666663 0.33333333333333331
          0.375 0.66666666666666663 0.33333333333333331
          0.41666666666666663 0.66666666666666663 0.33333333333333331
          0.45833333333333331 0.66666666666666663 0.33333333333333331
          0.5 0.66666666666666663 0.33333333333333331
          0.54166666666666663 0.66666666666666663 0.33333333333333331
          0.58333333333333326 0.66666666666666663 0.33333333333333331
          0.625 0.66666666666666663 0.33333333333333331
          0.66666666666666663 0.66666666666666663 0.33333333333333331
          0.70833333333333326 0.66666666666666663 0.33333333333333331
          0.75 0.66666666666666663 0.33333333333333331
          0.79166666666666663 0.66666666666666663 0.33333333333333331
          0.83333333333333326 0.66666666666666663 0.33333333333333331
          0.875 0.66666666666666663 0.33333333333333331
          0.91666666666666663 0.66666666666666663 0.33333333333333331
          0.95833333333333326 0.66666666666666663 0.33333333333333331
          1 0.66666666666666663 0.33333333333333331
          0 0.70833333333333326 0.33333333333333331
          0.041666666666666664 0.70833333333333326 0.33333333333333331
          0.083333333333333329 0.70833333333333326 0.33333333333333331
          0.125 0.70833333333333326 0.33333333333333331
          0.16666666666666666 0.70833333333333326 0.33333333333333331
          0.20833333333333331 0.70833333333333326 0.33333333333333331
          0.25 0.70833333333333326 0.33333333333333331
          0.29166666666666663 0.70833333333333326 0.33333333333333331
          0.33333333333333331 0.70833333333333326 0.33333333333333331
          0.375 0.70833333333333326 0.33333333333333331
          0.41666666666666663 0.70833333333333326 0.33333333333333331
          0.45833333333333331 0.70833333333333326 0.33333333333333331
          0.5 0.70833333333333326 0.33333333333333331
          0.54166666666666663 0.70833333333333326 0.33333333333333331
          0.58333333333333326 0.70833333333333326 0.33333333333333331
          0.625 0.70833333333333326 0.33333333333333331
          0.66666666666666663 0.70833333333333326 0.33333333333333331
          0.70833333333333326 0.70833333333333326 0.33333333333333331
          0.75 0.70833333333333326 0.33333333333333331
          0.79166666666666663 0.70833333333333326 0.33333333333333331
          0.83333333333333326 0.70833333333333326 0.33333333333333331
          0.875 0.70833333333333326 0.33333333333333331
          0.91666666666666663 0.70833333333333326 0.33333333333333331
          0.95833333333333326 0.70833333333333326 0.33333333333333331
          1 0.70833333333333326 0.33333333333333331
          0 0.75 0.33333333333333331
          0.041666666666666664 0.75 0.33333333333333331
          0.083333333333333329 0.75 0.33333333333333331
          0.125 0.75 0.33333333333333331
          0.16666666666666666 0.75 0.33333333333333331
          0.20833333333333331 0.75 0.33333333333333331
          0.25 0.75 0.33333333333333331
          0.29166666666666663 0.75 0.33333333333333331
          0.33333333333333331 0.75 0.33333333333333331
          0.375 0.75 0.33333333333333331
          0.41666666666666663 0.75 0.33333333333333331
          0.45833333333333331 0.75 0.33333333333333331
          0.5 0.75 0.33333333333333331
          0.54166666666666663 0.75 0.33333333333333331
          0.58333333333333326 0.75 0.33333333333333331
          0.625 0.75 0.33333333333333331
          0.66666666666666663 0.75 0.33333333333333331
          0.70833333333333326 0.75 0.33333333333333331
          0.75 0.75 0.33333333333333331
          0.79166666666666663 0.75 0.33333333333333331
          0.83333333333333326 0.75 0.33333333333333331
          0.875 0.75 0.33333333333333331
          0.91666666666666663 0.75 0.33333333333333331
          0.95833333333333326 0.75 0.33333333333333331
          1 0.75 0.33333333333333331
          0 0.79166666666666663 0.33333333333333331
          0.041666666666666664 0.79166666666666663 0.33333333333333331
          0.083333333333333329 0.79166666666666663 0.33333333333333331
          0.125 0.79166666666666663 0.33333333333333331
          0.16666666666666666 0.79166666666666663 0.33333333333333331
          0.20833333333333331 0.79166666666666663 0.33333333333333331
          0.25 0.79166666666666663 0.33333333333333331
          0.29166666666666663 0.79166666666666663 0.33333333333333331
          0.33333333333333331 0.79166666666666663 0.33333333333333331
          0.375 0.79166666666666663 0.33333333333333331
          0.41666666666666663 0.79166666666666663 0.33333333333333331
          0.45833333333333331 0.79166666666666663 0.33333333333333331
          0.5 0.79166666666666663 0.33333333333333331
          0.54166666666666663 0.79166666666666663 0.33333333333333331
          0.58333333333333326 0.79166666666666663 0.33333333333333331
          0.625 0.79166666666666663 0.33333333333333331
          0.66666666666666663 0.79166666666666663 0.33333333333333331
          0.70833333333333326 0.79166666666666663 0.33333333333333331
          0.75 0.79166666666666663 0.33333333333333331
          0.79166666666666663 0.79166666666666663 0.33333333333333331
          0.83333333333333326 0.79166666666666663 0.33333333333333331
          0.875 0.79166666666666663 0.33333333333333331
          0.91666666666666663 0.79166666666666663 0.33333333333333331
          0.95833333333333326 0.79166666666666663 0.33333333333333331
          1 0.79166666666666663 0.33333333333333331
          0 0.83333333333333326 0.33333333333333331
          0.041666666666666664 0.83333333333333326 0.33333333333333331
          0.083333333333333329 0.83333333333333326 0.33333333333333331
          0.125 0.83333333333333326 0.33333333333333331
          0.16666666666666666 0.83333333333333326 0.33333333333333331
          0.20833333333333331 0.83333333333333326 0.33333333333333331
          0.25 0.83333333333333326 0.33333333333333331
          0.29166666666666663 0.83333333333333326 0.33333333333333331
          0.33333333333333331 0.83333333333333326 0.33333333333333331
          0.375 0.83333333333333326 0.33333333333333331
          0.41666666666666663 0.83333333333333326 0.33333333333333331
          0.45833333333333331 0.83333333333333326 0.33333333333333331
          0.5 0.83333333333333326 0.33333333333333331
          0.54166666666666663 0.83333333333333326 0.33333333333333331
          0.58333333333333326 0.83333333333333326 0.33333333333333331
          0.625 0.83333333333333326 0.33333333333333331
          0.66666666666666663 0.83333333333333326 0.33333333333333331
          0.70833333333333326 0.83333333333333326 0.33333333333333331
          0.75 0.83333333333333326 0.33333333333333331
          0.79166666666666663 0.83333333333333326 0.33333333333333331
          0.83333333333333326 0.83333333333333326 0.33333333333333331
          0.875 0.83333333333333326 0.33333333333333331
          0.91666666666666663 0.83333333333333326 0.33333333333333331
          0.95833333333333326 0.83333333333333326 0.33333333333333331
          1 0.83333333333333326 0.33333333333333331
          0 0.875 0.33333333333333331
          0.041666666666666664 0.875 0.33333333333333331
          0.083333333333333329 0.875 0.33333333333333331
          0.125 0.875 0.33333333333333331
          0.16666666666666666 0.875 0.33333333333333331
          0.20833333333333331 0.875 0.33333333333333331
          0.25 0.875 0.33333333333333331
          0.29166666666666663 0.875 0.33333333333333331
          0.33333333333333331 0.875 0.33333333333333331
          0.375 0.875 0.33333333333333331
          0.41666666666666663 0.875 0.33333333333333331
          0.45833333333333331 0.875 0.33333333333333331
          0.5 0.875 0.33333333333333331
          0.54166666666666663 0.875 0.33333333333333331
          0.58333333333333326 0.875 0.33333333333333331
          0.625 0.875 0.33333333333333331
          0.66666666666666663 0.875 0.33333333333333331
          0.70833333333333326 0.875 0.33333333333333331
          0.75 0.875 0.33333333333333331
          0.79166666666666663 0.875 0.33333333333333331
          0.83333333333333326 0.875 0.33333333333333331
          0.875 0.875 0.33333333333333331
          0.91666666666666663 0.875 0.33333333333333331
          0.95833333333333326 0.875 0.33333333333333331
          1 0.875 0.33333333333333331
          0 0.91666666666666663 0.33333333333333331
          0.041666666666666664 0.91666666666666663 0.33333333333333331
          0.083333333333333329 0.91666666666666663 0.33333333333333331
          0.125 0.91666666666666663 0.33333333333333331
          0.16666666666666666 0.91666666666666663 0.33333333333333331
          0.20833333333333331 0.91666666666666663 0.33333333333333331
          0.25 0.91666666666666663 0.33333333333333331
          0.29166666666666663 0.91666666666666663 0.33333333333333331
          0.33333333333333331 0.91666666666666663 0.33333333333333331
          0.375 0.91666666666666663 0.33333333333333331
          0.41666666666666663 0.91666666666666663 0.33333333333333331
          0.45833333333333331 0.91666666666666663 0.33333333333333331
          0.5 0.91666666666666663 0.33333333333333331
          0.54166666666666663 0.91666666666666663 0.33333333333333331
          0.58333333333333326 0.91666666666666663 0.33333333333333331
          0.625 0.91666666666666663 0.33333333333333331
          0.66666666666666663 0.91666666666666663 0.33333333333333331
          0.70833333333333326 0.91666666666666663 0.33333333333333331
          0.75 0.91666666666666663 0.33333333333333331
          0.79166666666666663 0.91666666666666663 0.33333333333333331
          0.83333333333333326 0.91666666666666663 0.33333333333333331
          0.875 0.91666666666666663 0.33333333333333331
          0.91666666666666663 0.91666666666666663 0.33333333333333331
          0.95833333333333326 0.91666666666666663 0.33333333333333331
          1 0.91666666666666663 0.33333333333333331
          0 0.95833333333333326 0.33333333333333331
          0.041666666666666664 0.95833333333333326 0.33333333333333331
          0.083333333333333329 0.95833333333333326 0.33333333333333331
          0.125 0.95833333333333326 0.33333333333333331
          0.16666666666666666 0.95833333333333326 0.33333333333333331
          0.20833333333333331 0.95833333333333326 0.33333333333333331
          0.25 0.95833333333333326 0.33333333333333331
          0.29166666666666663 0.95833333333333326 0.33333333333333331
          0.33333333333333331 0.95833333333333326 0.33333333333333331
          0.375 0.95833333333333326 0.33333333333333331
          0.41666666666666663 0.95833333333333326 0.33333333333333331
          0.45833333333333331 0.95833333333333326 0.33333333333333331
          0.5 0.95833333333333326 0.33333333333333331
          0.54166666666666663 0.95833333333333326 0.33333333333333331
          0.58333333333333326 0.95833333333333326 0.33333333333333331
          0.625 0.95833333333333326 0.33333333333333331
          0.66666666666666663 0.95833333333333326 0.33333333333333331
          0.70833333333333326 0.95833333333333326 0.33333333333333331
          0.75 0.95833333333333326 0.33333333333333331
          0.79166666666666663 0.95833333333333326 0.33333333333333331
          0.83333333333333326 0.95833333333333326 0.33333333333333331
          0.875 0.95833333333333326 0.33333333333333331
          0.91666666666666663 0.95833333333333326 0.33333333333333331
          0.95833333333333326 0.95833333333333326 0.33333333333333331
          1 0.95833333333333326 0.33333333333333331
          0 1 0.33333333333333331
          0.041666666666666664 1 0.33333333333333331
          0.083333333333333329 1 0.33333333333333331
          0.125 1 0.33333333333333331
          0.16666666666666666 1 0.33333333333333331
          0.20833333333333331 1 0.33333333333333331
          0.25 1 0.33333333333333331
          0.29166666666666663 1 0.33333333333333331
          0.33333333333333331 1 0.33333333333333331
          0.375 1 0.33333333333333331
          0.41666666666666663 1 0.33333333333333331
          0.45833333333333331 1 0.33333333333333331
          0.5 1 0.33333333333333331
          0.54166666666666663 1 0.33333333333333331
          0.58333333333333326 1 0.33333333333333331
          0.625 1 0.33333333333333331
          0.66666666666666663 1 0.33333333333333331
          0.70833333333333326 1 0.33333333333333331
          0.75 1 0.33333333333333331
          0.79166666666666663 1 0.33333333333333331
          0.83333333333333326 1 0.33333333333333331
          0.875 1 0.33333333333333331
          0.91666666666666663 1 0.33333333333333331
          0.95833333333333326 1 0.33333333333333331
          1 1 0.33333333333333331
          0 0 0.66666666666666663
          0.041666666666666664 0 0.66666666666666663
          0.083333333333333329 0 0.66666666666666663
          0.125 0 0.66666666666666663
          0.16666666666666666 0 0.66666666666666663
          0.20833333333333331 0 0.66666666666666663
          0.25 0 0.66666666666666663
          0.29166666666666663 0 0.66666666666666663
          0.33333333333333331 0 0.66666666666666663
          0.375 0 0.66666666666666663
          0.41666666666666663 0 0.66666666666666663
          0.45833333333333331 0 0.66666666666666663
          0.5 0 0.66666666666666663
          0.54166666666666663 0 0.66666666666666663
          0.58333333333333326 0 0.66666666666666663
          0.625 0 0.66666666666666663
          0.66666666666666663 0 0.66666666666666663
          0.70833333333333326 0 0.66666666666666663
          0.75 0 0.66666666666666663
          0.79166666666666663 0 0.66666666666666663
          0.83333333333333326 0 0.66666666666666663
          0.875 0 0.66666666666666663
          0.91666666666666663 0 0.66666666666666663
          0.95833333333333326 0 0.66666666666666663
          1 0 0.66666666666666663
          0 0.041666666666666664 0.66666666666666663
          0.041666666666666664 0.041666666666666664 0.66666666666666663
          0.083333333333333329 0.041666666666666664 0.66666666666666663
          0.125 0.041666666666666664 0.66666666666666663
          0.16666666666666666 0.041666666666666664 0.66666666666666663
          0.20833333333333331 0.041666666666666664 0.66666666666666663
          0.25 0.041666666666666664 0.66666666666666663
          0.29166666666666663 0.041666666666666664 0.66666666666666663
          0.33333333333333331 0.041666666666666664 0.66666666666666663
          0.375 0.041666666666666664 0.66666666666666663
          0.41666666666666663 0.041666666666666664 0.66666666666666663
          0.45833333333333331 0.041666666666666664 0.66666666666666663
          0.5 0.041666666666666664 0.66666666666666663
          0.54166666666666663 0.041666666666666664 0.66666666666666663
          0.58333333333333326 0.041666666666666664 0.66666666666666663
          0.625 0.041666666666666664 0.66666666666666663
          0.66666666666666663 0.041666666666666664 0.66666666666666663
          0.70833333333333326 0.041666666666666664 0.66666666666666663
          0.75 0.041666666666666664 0.66666666666666663
          0.79166666666666663 0.041666666666666664 0.66666666666666663
          0.83333333333333326 0.041666666666666664 0.66666666666666663
          0.875 0.041666666666666664 0.66666666666666663
          0.91666666666666663 0.041666666666666664 0.66666666666666663
          0.95833333333333326 0.041666666666666664 0.66666666666666663
          1 0.041666666666666664 0.66666666666666663
          0 0.083333333333333329 0.66666666666666663
          0.041666666666666664 0.083333333333333329 0.66666666666666663
          0.083333333333333329 0.083333333333333329 0.66666666666666663
          0.125 0.083333333333333329 0.66666666666666663
          0.16666666666666666 0.083333333333333329 0.66666666666666663
          0.20833333333333331 0.083333333333333329 0.66666666666666663
          0.25 0.083333333333333329 0.66666666666666663
          0.29166666666666663 0.083333333333333329 0.66666666666666663
          0.33333333333333331 0.083333333333333329 0.66666666666666663
          0.375 0.083333333333333329 0.66666666666666663
          0.41666666666666663 0.083333333333333329 0.66666666666666663
          0.45833333333333331 0.083333333333333329 0.66666666666666663
          0.5 0.083333333333333329 0.66666666666666663
          0.54166666666666663 0.083333333333333329 0.66666666666666663
          0.58333333333333326 0.083333333333333329 0.66666666666666663
          0.625 0.083333333333333329 0.66666666666666663
          0.66666666666666663 0.083333333333333329 0.66666666666666663
          0.70833333333333326 0.083333333333333329 0.66666666666666663
          0.75 0.083333333333333329 0.66666666666666663
          0.79166666666666663 0.083333333333333329 0.66666666666666663
          0.83333333333333326 0.083333333333333329 0.66666666666666663
          0.875 0.083333333333333329 0.66666666666666663
          0.91666666666666663 0.083333333333333329 0.66666666666666663
          0.95833333333333326 0.083333333333333329 0.66666666666666663
          1 0.083333333333333329 0.66666666666666663
          0 0.125 0.66666666666666663
          0.041666666666666664 0.125 0.66666666666666663
          0.083333333333333329 0.125 0.66666666666666663
          0.125 0.125 0.66666666666666663
          0.16666666666666666 0.125 0.66666666666666663
          0.20833333333333331 0.125 0.66666666666666663
          0.25 0.125 0.66666666666666663
          0.29166666666666663 0.125 0.66666666666666663
          0.33333333333333331 0.125 0.66666666666666663
          0.375 0.125 0.66666666666666663
          0.41666666666666663 0.125 0.66666666666666663
          0.45833333333333331 0.125 0.66666666666666663
          0.5 0.125 0.66666666666666663
          0.54166666666666663 0.125 0.66666666666666663
          0.58333333333333326 0.125 0.66666666666666663
          0.625 0.125 0.66666666666666663
          0.66666666666666663 0.125 0.66666666666666663
          0.70833333333333326 0.125 0.66666666666666663
          0.75 0.125 0.66666666666666663
          0.79166666666666663 0.125 0.66666666666666663
          0.83333333333333326 0.125 0.66666666666666663
          0.875 0.125 0.66666666666666663
          0.91666666666666663 0.125 0.66666666666666663
          0.95833333333333326 0.125 0.66666666666666663
          1 0.125 0.66666666666666663
          0 0.16666666666666666 0.66666666666666663
          0.041666666666666664 0.16666666666666666 0.66666666666666663
          0.083333333333333329 0.16666666666666666 0.66666666666666663
          0.125 0.16666666666666666 0.66666666666666663
          0.16666666666666666 0.16666666666666666 0.66666666666666663
          0.20833333333333331 0.16666666666666666 0.66666666666666663
          0.25 0.16666666666666666 0.66666666666666663
          0.29166666666666663 0.16666666666666666 0.66666666666666663
          0.33333333333333331 0.16666666666666666 0.66666666666666663
          0.375 0.16666666666666666 0.66666666666666663
          0.41666666666666663 0.16666666666666666 0.66666666666666663
          0.45833333333333331 0.16666666666666666 0.66666666666666663
          0.5 0.16666666666666666 0.66666666666666663
          0.54166666666666663 0.16666666666666666 0.66666666666666663
          0.58333333333333326 0.16666666666666666 0.66666666666666663
          0.625 0.16666666666666666 0.66666666666666663
          0.66666666666666663 0.16666666666666666 0.66666666666666663
          0.70833333333333326 0.16666666666666666 0.66666666666666663
          0.75 0.16666666666666666 0.66666666666666663
          0.79166666666666663 0.16666666666666666 0.66666666666666663
          0.83333333333333326 0.16666666666666666 0.66666666666666663
          0.875 0.16666666666666666 0.66666666666666663
          0.91666666666666663 0.16666666666666666 0.66666666666666663
          0.95833333333333326 0.16666666666666666 0.66666666666666663
          1 0.16666666666666666 0.66666666666666663
          0 0.20833333333333331 0.66666666666666663
          0.041666666666666664 0.20833333333333331 0.66666666666666663
          0.083333333333333329 0.20833333333333331 0.66666666666666663
          0.125 0.20833333333333331 0.66666666666666663
          0.16666666666666666 0.20833333333333331 0.66666666666666663
          0.20833333333333331 0.20833333333333331 0.66666666666666663
          0.25 0.20833333333333331 0.66666666666666663
          0.29166666666666663 0.20833333333333331 0.66666666666666663
          0.33333333333333331 0.20833333333333331 0.66666666666666663
          0.375 0.20833333333333331 0.66666666666666663
          0.41666666666666663 0.20833333333333331 0.66666666666666663
          0.45833333333333331 0.20833333333333331 0.66666666666666663
          0.5 0.20833333333333331 0.66666666666666663
          0.54166666666666663 0.20833333333333331 0.66666666666666663
          0.58333333333333326 0.20833333333333331 0.66666666666666663
          0.625 0.20833333333333331 0.66666666666666663
          0.66666666666666663 0.20833333333333331 0.66666666666666663
          0.70833333333333326 0.20833333333333331 0.66666666666666663
          0.75 0.20833333333333331 0.66666666666666663
          0.79166666666666663 0.20833333333333331 0.66666666666666663
          0.83333333333333326 0.20833333333333331 0.66666666666666663
          0.875 0.20833333333333331 0.66666666666666663
          0.91666666666666663 0.20833333333333331 0.66666666666666663
          0.95833333333333326 0.20833333333333331 0.66666666666666663
          1 0.20833333333333331 0.66666666666666663
          0 0.25 0.66666666666666663
          0.041666666666666664 0.25 0.66666666666666663
          0.083333333333333329 0.25 0.66666666666666663
          0.125 0.25 0.66666666666666663
          0.16666666666666666 0.25 0.66666666666666663
          0.20833333333333331 0.25 0.66666666666666663
          0.25 0.25 0.66666666666666663
          0.29166666666666663 0.25 0.66666666666666663
          0.33333333333333331 0.25 0.66666666666666663
          0.375 0.25 0.66666666666666663
          0.41666666666666663 0.25 0.66666666666666663
          0.45833333333333331 0.25 0.66666666666666663
          0.5 0.25 0.66666666666666663
          0.54166666666666663 0.25 0.66666666666666663
          0.58333333333333326 0.25 0.66666666666666663
          0.625 0.25 0.66666666666666663
          0.66666666666666663 0.25 0.66666666666666663
          0.70833333333333326 0.25 0.66666666666666663
          0.75 0.25 0.66666666666666663
          0.79166666666666663 0.25 0.66666666666666663
          0.83333333333333326 0.25 0.66666666666666663
          0.875 0.25 0.66666666666666663
          0.91666666666666663 0.25 0.66666666666666663
          0.95833333333333326 0.25 0.66666666666666663
          1 0.25 0.66666666666666663
          0 0.29166666666666663 0.66666666666666663
          0.041666666666666664 0.29166666666666663 0.66666666666666663
          0.083333333333333329 0.29166666666666663 0.66666666666666663
          0.125 0.29166666666666663 0.66666666666666663
          0.16666666666666666 0.29166666666666663 0.66666666666666663
          0.20833333333333331 0.29166666666666663 0.66666666666666663
          0.25 0.29166666666666663 0.66666666666666663
          0.29166666666666663 0.29166666666666663 0.66666666666666663
          0.33333333333333331 0.29166666666666663 0.66666666666666663
          0.375 0.29166666666666663 0.66666666666666663
          0.41666666666666663 0.29166666666666663 0.66666666666666663
          0.45833333333333331 0.29166666666666663 0.66666666666666663
          0.5 0.29166666666666663 0.66666666666666663
          0.54166666666666663 0.29166666666666663 0.66666666666666663
          0.58333333333333326 0.29166666666666663 0.66666666666666663
          0.625 0.29166666666666663 0.66666666666666663
          0.66666666666666663 0.29166666666666663 0.66666666666666663
          0.70833333333333326 0.29166666666666663 0.66666666666666663
          0.75 0.29166666666666663 0.66666666666666663
          0.79166666666666663 0.29166666666666663 0.66666666666666663
          0.83333333333333326 0.29166666666666663 0.66666666666666663
          0.875 0.29166666666666663 0.66666666666666663
          0.91666666666666663 0.29166666666666663 0.66666666666666663
          0.95833333333333326 0.29166666666666663 0.66666666666666663
          1 0.29166666666666663 0.66666666666666663
          0 0.33333333333333331 0.66666666666666663
          0.041666666666666664 0.33333333333333331 0.66666666666666663
          0.083333333333333329 0.33333333333333331 0.66666666666666663
          0.125 0.33333333333333331 0.66666666666666663
          0.16666666666666666 0.33333333333333331 0.66666666666666663
          0.20833333333333331 0.33333333333333331 0.66666666666666663
          0.25 0.33333333333333331 0.66666666666666663
          0.29166666666666663 0.33333333333333331 0.66666666666666663
          0.33333333333333331 0.33333333333333331 0.66666666666666663
          0.375 0.33333333333333331 0.66666666666666663
          0.41666666666666663 0.33333333333333331 0.66666666666666663
          0.45833333333333331 0.33333333333333331 0.66666666666666663
          0.5 0.33333333333333331 0.66666666666666663
          0.54166666666666663 0.33333333333333331 0.66666666666666663
          0.58333333333333326 0.33333333333333331 0.66666666666666663
          0.625 0.33333333333333331 0.66666666666666663
          0.66666666666666663 0.33333333333333331 0.66666666666666663
          0.70833333333333326 0.33333333333333331 0.66666666666666663
          0.75 0.33333333333333331 0.66666666666666663
          0.79166666666666663 0.33333333333333331 0.66666666666666663
          0.83333333333333326 0.33333333333333331 0.66666666666666663
          0.875 0.33333333333333331 0.66666666666666663
          0.91666666666666663 0.33333333333333331 0.66666666666666663
          0.95833333333333326 0.33333333333333331 0.66666666666666663
          1 0.33333333333333331 0.66666666666666663
          0 0.375 0.66666666666666663
          0.041666666666666664 0.375 0.66666666666666663
          0.083333333333333329 0.375 0.66666666666666663
          0.125 0.375 0.66666666666666663
          0.16666666666666666 0.375 0.66666666666666663
          0.20833333333333331 0.375 0.66666666666666663
          0.25 0.375 0.66666666666666663
          0.29166666666666663 0.375 0.66666666666666663
          0.33333333333333331 0.375 0.66666666666666663
          0.375 0.375 0.66666666666666663
          0.41666666666666663 0.375 0.66666666666666663
          0.45833333333333331 0.375 0.66666666666666663
          0.5 0.375 0.66666666666666663
          0.54166666666666663 0.375 0.66666666666666663
          0.58333333333333326 0.375 0.66666666666666663
          0.625 0.375 0.66666666666666663
          0.66666666666666663 0.375 0.66666666666666663
          0.70833333333333326 0.375 0.66666666666666663
          0.75 0.375 0.66666666666666663
          0.79166666666666663 0.375 0.66666666666666663
          0.83333333333333326 0.375 0.66666666666666663
          0.875 0.375 0.66666666666666663
          0.91666666666666663 0.375 0.66666666666666663
          0.95833333333333326 0.375 0.66666666666666663
          1 0.375 0.66666666666666663
          0 0.41666666666666663 0.66666666666666663
          0.041666666666666664 0.41666666666666663 0.66666666666666663
          0.083333333333333329 0.41666666666666663 0.66666666666666663
          0.125 0.41666666666666663 0.66666666666666663
          0.16666666666666666 0.41666666666666663 0.66666666666666663
          0.20833333333333331 0.41666666666666663 0.66666666666666663
          0.25 0.41666666666666663 0.66666666666666663
          0.29166666666666663 0.41666666666666663 0.66666666666666663
          0.33333333333333331 0.41666666666666663 0.66666666666666663
          0.375 0.41666666666666663 0.66666666666666663
          0.41666666666666663 0.41666666666666663 0.66666666666666663
          0.45833333333333331 0.41666666666666663 0.66666666666666663
          0.5 0.41666666666666663 0.66666666666666663
          0.54166666666666663 0.41666666666666663 0.66666666666666663
          0.58333333333333326 0.41666666666666663 0.66666666666666663
          0.625 0.41666666666666663 0.66666666666666663
          0.66666666666666663 0.41666666666666663 0.66666666666666663
          0.70833333333333326 0.41666666666666663 0.66666666666666663
          0.75 0.41666666666666663 0.66666666666666663
          0.79166666666666663 0.41666666666666663 0.66666666666666663
          0.83333333333333326 0.41666666666666663 0.66666666666666663
          0.875 0.41666666666666663 0.66666666666666663
          0.91666666666666663 0.41666666666666663 0.66666666666666663
          0.95833333333333326 0.41666666666666663 0.66666666666666663
          1 0.41666666666666663 0.66666666666666663
          0 0.45833333333333331 0.66666666666666663
          0.041666666666666664 0.45833333333333331 0.66666666666666663
          0.083333333333333329 0.45833333333333331 0.66666666666666663
          0.125 0.45833333333333331 0.66666666666666663
          0.16666666666666666 0.45833333333333331 0.66666666666666663
          0.20833333333333331 0.45833333333333331 0.66666666666666663
          0.25 0.45833333333333331 0.66666666666666663
          0.29166666666666663 0.45833333333333331 0.66666666666666663
          0.33333333333333331 0.45833333333333331 0.66666666666666663
          0.375 0.45833333333333331 0.66666666666666663
          0.41666666666666663 0.45833333333333331 0.66666666666666663
          0.45833333333333331 0.45833333333333331 0.66666666666666663
          0.5 0.45833333333333331 0.66666666666666663
          0.54166666666666663 0.45833333333333331 0.66666666666666663
          0.58333333333333326 0.45833333333333331 0.66666666666666663
          0.625 0.45833333333333331 0.66666666666666663
          0.66666666666666663 0.45833333333333331 0.66666666666666663
          0.70833333333333326 0.45833333333333331 0.66666666666666663
          0.75 0.45833333333333331 0.66666666666666663
          0.79166666666666663 0.45833333333333331 0.66666666666666663
          0.83333333333333326 0.45833333333333331 0.66666666666666663
          0.875 0.45833333333333331 0.66666666666666663
          0.91666666666666663 0.45833333333333331 0.66666666666666663
          0.95833333333333326 0.45833333333333331 0.66666666666666663
          1 0.45833333333333331 0.66666666666666663
          0 0.5 0.66666666666666663
          0.041666666666666664 0.5 0.66666666666666663
          0.083333333333333329 0.5 0.66666666666666663
          0.125 0.5 0.66666666666666663
          0.16666666666666666 0.5 0.66666666666666663
          0.20833333333333331 0.5 0.66666666666666663
          0.25 0.5 0.66666666666666663
          0.29166666666666663 0.5 0.66666666666666663
          0.33333333333333331 0.5 0.66666666666666663
          0.375 0.5 0.66666666666666663
          0.41666666666666663 0.5 0.66666666666666663
          0.45833333333333331 0.5 0.66666666666666663
          0.5 0.5 0.66666666666666663
          0.54166666666666663 0.5 0.66666666666666663
          0.58333333333333326 0.5 0.66666666666666663
          0.625 0.5 0.66666666666666663
          0.66666666666666663 0.5 0.66666666666666663
          0.70833333333333326 0.5 0.66666666666666663
          0.75 0.5 0.66666666666666663
          0.79166666666666663 0.5 0.66666666666666663
          0.83333333333333326 0.5 0.66666666666666663
          0.875 0.5 0.66666666666666663
          0.91666666666666663 0.5 0.66666666666666663
          0.95833333333333326 0.5 0.66666666666666663
          1 0.5 0.66666666666666663
          0 0.54166666666666663 0.66666666666666663
          0.041666666666666664 0.54166666666666663 0.66666666666666663
          0.083333333333333329 0.54166666666666663 0.66666666666666663
          0.125 0.54166666666666663 0.66666666666666663
          0.16666666666666666 0.54166666666666663 0.66666666666666663
          0.20833333333333331 0.54166666666666663 0.66666666666666663
          0.25 0.54166666666666663 0.66666666666666663
          0.29166666666666663 0.54166666666666663 0.66666666666666663
          0.33333333333333331 0.54166666666666663 0.66666666666666663
          0.375 0.54166666666666663 0.66666666666666663
          0.41666666666666663 0.54166666666666663 0.66666666666666663
          0.45833333333333331 0.54166666666666663 0.66666666666666663
          0.5 0.54166666666666663 0.66666666666666663
          0.54166666666666663 0.54166666666666663 0.66666666666666663
          0.58333333333333326 0.54166666666666663 0.66666666666666663
          0.625 0.54166666666666663 0.66666666666666663
          0.66666666666666663 0.54166666666666663 0.66666666666666663
          0.70833333333333326 0.54166666666666663 0.66666666666666663
          0.75 0.54166666666666663 0.66666666666666663
          0.79166666666666663 0.54166666666666663 0.66666666666666663
          0.83333333333333326 0.54166666666666663 0.66666666666666663
          0.875 0.54166666666666663 0.66666666666666663
          0.91666666666666663 0.54166666666666663 0.66666666666666663
          0.95833333333333326 0.54166666666666663 0.66666666666666663
          1 0.54166666666666663 0.66666666666666663
          0 0.58333333333333326 0.66666666666666663
          0.041666666666666664 0.58333333333333326 0.66666666666666663
          0.083333333333333329 0.58333333333333326 0.66666666666666663
          0.125 0.58333333333333326 0.66666666666666663
          0.16666666666666666 0.58333333333333326 0.66666666666666663
          0.20833333333333331 0.58333333333333326 0.66666666666666663
          0.25 0.58333333333333326 0.66666666666666663
          0.29166666666666663 0.58333333333333326 0.66666666666666663
          0.33333333333333331 0.58333333333333326 0.66666666666666663
          0.375 0.58333333333333326 0.66666666666666663
          0.41666666666666663 0.58333333333333326 0.66666666666666663
          0.45833333333333331 0.58333333333333326 0.66666666666666663
          0.5 0.58333333333333326 0.66666666666666663
          0.54166666666666663 0.58333333333333326 0.66666666666666663
          0.58333333333333326 0.58333333333333326 0.66666666666666663
          0.625 0.58333333333333326 0.66666666666666663
          0.66666666666666663 0.58333333333333326 0.66666666666666663
          0.70833333333333326 0.58333333333333326 0.66666666666666663
          0.75 0.58333333333333326 0.66666666666666663
          0.79166666666666663 0.58333333333333326 0.66666666666666663
          0.83333333333333326 0.58333333333333326 0.66666666666666663
          0.875 0.58333333333333326 0.66666666666666663
          0.91666666666666663 0.58333333333333326 0.66666666666666663
          0.95833333333333326 0.58333333333333326 0.66666666666666663
          1 0.58333333333333326 0.66666666666666663
          0 0.625 0.66666666666666663
          0.041666666666666664 0.625 0.66666666666666663
          0.083333333333333329 0.625 0.66666666666666663
          0.125 0.625 0.66666666666666663
          0.16666666666666666 0.625 0.66666666666666663
          0.20833333333333331 0.625 0.66666666666666663
          0.25 0.625 0.66666666666666663
          0.29166666666666663 0.625 0.66666666666666663
          0.33333333333333331 0.625 0.66666666666666663
          0.375 0.625 0.66666666666666663
          0.41666666666666663 0.625 0.66666666666666663
          0.45833333333333331 0.625 0.66666666666666663
          0.5 0.625 0.66666666666666663
          0.54166666666666663 0.625 0.66666666666666663
          0.58333333333333326 0.625 0.66666666666666663
          0.625 0.625 0.66666666666666663
          0.66666666666666663 0.625 0.66666666666666663
          0.70833333333333326 0.625 0.66666666666666663
          0.75 0.625 0.66666666666666663
          0.79166666666666663 0.625 0.66666666666666663
          0.83333333333333326 0.625 0.66666666666666663
          0.875 0.625 0.66666666666666663
          0.91666666666666663 0.625 0.66666666666666663
          0.95833333333333326 0.625 0.66666666666666663
          1 0.625 0.66666666666666663
          0 0.66666666666666663 0.66666666666666663
          0.041666666666666664 0.66666666666666663 0.66666666666666663
          0.083333333333333329 0.66666666666666663 0.66666666666666663
          0.125 0.66666666666666663 0.66666666666666663
          0.16666666666666666 0.66666666666666663 0.66666666666666663
          0.20833333333333331 0.66666666666666663 0.66666666666666663
          0.25 0.66666666666666663 0.66666666666666663
          0.29166666666666663 0.66666666666666663 0.66666666666666663
          0.33333333333333331 0.66666666666666663 0.66666666666666663
          0.375 0.66666666666666663 0.66666666666666663
          0.41666666666666663 0.66666666666666663 0.66666666666666663
          0.45833333333333331 0.66666666666666663 0.66666666666666663
          0.5 0.66666666666666663 0.66666666666666663
          0.54166666666666663 0.66666666666666663 0.66666666666666663
          0.58333333333333326 0.66666666666666663 0.66666666666666663
          0.625 0.66666666666666663 0.66666666666666663
          0.66666666666666663 0.66666666666666663 0.66666666666666663
          0.70833333333333326 0.66666666666666663 0.66666666666666663
          0.75 0.66666666666666663 0.66666666666666663
          0.79166666666666663 0.66666666666666663 0.66666666666666663
          0.83333333333333326 0.66666666666666663 0.66666666666666663
          0.875 0.66666666666666663 0.66666666666666663
          0.91666666666666663 0.66666666666666663 0.66666666666666663
          0.95833333333333326 0.66666666666666663 0.66666666666666663
          1 0.66666666666666663 0.66666666666666663
          0 0.70833333333333326 0.66666666666666663
          0.041666666666666664 0.70833333333333326 0.66666666666666663
          0.083333333333333329 0.70833333333333326 0.66666666666666663
          0.125 0.70833333333333326 0.66666666666666663
          0.16666666666666666 0.70833333333333326 0.66666666666666663
          0.20833333333333331 0.70833333333333326 0.66666666666666663
          0.25 0.70833333333333326 0.66666666666666663
          0.29166666666666663 0.70833333333333326 0.66666666666666663
          0.33333333333333331 0.70833333333333326 0.66666666666666663
          0.375 0.70833333333333326 0.66666666666666663
          0.41666666666666663 0.70833333333333326 0.66666666666666663
          0.45833333333333331 0.70833333333333326 0.66666666666666663
          0.5 0.70833333333333326 0.66666666666666663
          0.54166666666666663 0.70833333333333326 0.66666666666666663
          0.58333333333333326 0.70833333333333326 0.66666666666666663
          0.625 0.70833333333333326 0.66666666666666663
          0.66666666666666663 0.70833333333333326 0.66666666666666663
          0.70833333333333326 0.70833333333333326 0.66666666666666663
          0.75 0.70833333333333326 0.66666666666666663
          0.79166666666666663 0.70833333333333326 0.66666666666666663
          0.83333333333333326 0.70833333333333326 0.66666666666666663
          0.875 0.70833333333333326 0.66666666666666663
          0.91666666666666663 0.70833333333333326 0.66666666666666663
          0.95833333333333326 0.70833333333333326 0.66666666666666663
          1 0.70833333333333326 0.66666666666666663
          0 0.75 0.66666666666666663
          0.041666666666666664 0.75 0.66666666666666663
          0.083333333333333329 0.75 0.66666666666666663
          0.125 0.75 0.66666666666666663
          0.16666666666666666 0.75 0.66666666666666663
          0.20833333333333331 0.75 0.66666666666666663
          0.25 0.75 0.66666666666666663
          0.29166666666666663 0.75 0.66666666666666663
          0.33333333333333331 0.75 0.66666666666666663
          0.375 0.75 0.66666666666666663
          0.41666666666666663 0.75 0.66666666666666663
          0.45833333333333331 0.75 0.66666666666666663
          0.5 0.75 0.66666666666666663
          0.54166666666666663 0.75 0.66666666666666663
          0.58333333333333326 0.75 0.66666666666666663
          0.625 0.75 0.66666666666666663
          0.66666666666666663 0.75 0.66666666666666663
          0.70833333333333326 0.75 0.66666666666666663
          0.75 0.75 0.66666666666666663
          0.79166666666666663 0.75 0.66666666666666663
          0.83333333333333326 0.75 0.66666666666666663
          0.875 0.75 0.66666666666666663
          0.91666666666666663 0.75 0.66666666666666663
          0.95833333333333326 0.75 0.66666666666666663
          1 0.75 0.66666666666666663
          0 0.79166666666666663 0.66666666666666663
          0.041666666666666664 0.79166666666666663 0.66666666666666663
          0.083333333333333329 0.79166666666666663 0.66666666666666663
          0.125 0.79166666666666663 0.66666666666666663
          0.16666666666666666 0.79166666666666663 0.66666666666666663
          0.20833333333333331 0.79166666666666663 0.66666666666666663
          0.25 0.79166666666666663 0.66666666666666663
          0.29166666666666663 0.79166666666666663 0.66666666666666663
          0.33333333333333331 0.79166666666666663 0.66666666666666663
          0.375 0.79166666666666663 0.66666666666666663
          0.41666666666666663 0.79166666666666663 0.66666666666666663
          0.45833333333333331 0.79166666666666663 0.66666666666666663
          0.5 0.79166666666666663 0.66666666666666663
          0.54166666666666663 0.79166666666666663 0.66666666666666663
          0.58333333333333326 0.79166666666666663 0.66666666666666663
          0.625 0.79166666666666663 0.66666666666666663
          0.66666666666666663 0.79166666666666663 0.66666666666666663
          0.70833333333333326 0.79166666666666663 0.66666666666666663
          0.75 0.79166666666666663 0.66666666666666663
          0.79166666666666663 0.79166666666666663 0.66666666666666663
          0.83333333333333326 0.79166666666666663 0.66666666666666663
          0.875 0.79166666666666663 0.66666666666666663
          0.91666666666666663 0.79166666666666663 0.66666666666666663
          0.95833333333333326 0.79166666666666663 0.66666666666666663
          1 0.79166666666666663 0.66666666666666663
          0 0.83333333333333326 0.66666666666666663
          0.041666666666666664 0.83333333333333326 0.66666666666666663
          0.083333333333333329 0.83333333333333326 0.66666666666666663
          0.125 0.83333333333333326 0.66666666666666663
          0.16666666666666666 0.83333333333333326 0.66666666666666663
          0.20833333333333331 0.83333333333333326 0.66666666666666663
          0.25 0.83333333333333326 0.66666666666666663
          0.29166666666666663 0.83333333333333326 0.66666666666666663
          0.33333333333333331 0.83333333333333326 0.66666666666666663
          0.375 0.83333333333333326 0.66666666666666663
          0.41666666666666663 0.83333333333333326 0.66666666666666663
          0.45833333333333331 0.83333333333333326 0.66666666666666663
          0.5 0.83333333333333326 0.66666666666666663
          0.54166666666666663 0.83333333333333326 0.66666666666666663
          0.58333333333333326 0.83333333333333326 0.66666666666666663
          0.625 0.83333333333333326 0.66666666666666663
          0.66666666666666663 0.83333333333333326 0.66666666666666663
          0.70833333333333326 0.83333333333333326 0.66666666666666663
          0.75 0.83333333333333326 0.66666666666666663
          0.79166666666666663 0.83333333333333326 0.66666666666666663
          0.83333333333333326 0.83333333333333326 0.66666666666666663
          0.875 0.83333333333333326 0.66666666666666663
          0.91666666666666663 0.83333333333333326 0.66666666666666663
          0.95833333333333326 0.83333333333333326 0.66666666666666663
          1 0.83333333333333326 0.66666666666666663
          0 0.875 0.66666666666666663
          0.041666666666666664 0.875 0.66666666666666663
          0.083333333333333329 0.875 0.66666666666666663
          0.125 0.875 0.66666666666666663
          0.16666666666666666 0.875 0.66666666666666663
          0.20833333333333331 0.875 0.66666666666666663
          0.25 0.875 0.66666666666666663
          0.29166666666666663 0.875 0.66666666666666663
          0.33333333333333331 0.875 0.66666666666666663
          0.375 0.875 0.66666666666666663
          0.41666666666666663 0.875 0.66666666666666663
          0.45833333333333331 0.875 0.66666666666666663
          0.5 0.875 0.66666666666666663
          0.54166666666666663 0.875 0.66666666666666663
          0.58333333333333326 0.875 0.66666666666666663
          0.625 0.875 0.66666666666666663
          0.66666666666666663 0.875 0.66666666666666663
          0.70833333333333326 0.875 0.66666666666666663
          0.75 0.875 0.66666666666666663
          0.79166666666666663 0.875 0.66666666666666663
          0.83333333333333326 0.875 0.66666666666666663
          0.875 0.875 0.66666666666666663
          0.91666666666666663 0.875 0.66666666666666663
          0.95833333333333326 0.875 0.66666666666666663
          1 0.875 0.66666666666666663
          0 0.91666666666666663 0.66666666666666663
          0.041666666666666664 0.91666666666666663 0.66666666666666663
          0.083333333333333329 0.91666666666666663 0.66666666666666663
          0.125 0.91666666666666663 0.66666666666666663
          0.16666666666666666 0.91666666666666663 0.66666666666666663
          0.20833333333333331 0.91666666666666663 0.66666666666666663
          0.25 0.91666666666666663 0.66666666666666663
          0.29166666666666663 0.91666666666666663 0.66666666666666663
          0.33333333333333331 0.91666666666666663 0.66666666666666663
          0.375 0.91666666666666663 0.66666666666666663
          0.41666666666666663 0.91666666666666663 0.66666666666666663
          0.45833333333333331 0.91666666666666663 0.66666666666666663
          0.5 0.91666666666666663 0.66666666666666663
          0.54166666666666663 0.91666666666666663 0.66666666666666663
          0.58333333333333326 0.91666666666666663 0.66666666666666663
          0.625 0.91666666666666663 0.66666666666666663
          0.66666666666666663 0.91666666666666663 0.66666666666666663
          0.70833333333333326 0.91666666666666663 0.66666666666666663
          0.75 0.91666666666666663 0.66666666666666663
          0.79166666666666663 0.91666666666666663 0.66666666666666663
          0.83333333333333326 0.91666666666666663 0.66666666666666663
          0.875 0.91666666666666663 0.66666666666666663
          0.91666666666666663 0.91666666666666663 0.66666666666666663
          0.95833333333333326 0.91666666666666663 0.66666666666666663
          1 0.91666666666666663 0.66666666666666663
          0 0.95833333333333326 0.66666666666666663
          0.041666666666666664 0.95833333333333326 0.66666666666666663
          0.083333333333333329 0.95833333333333326 0.66666666666666663
          0.125 0.95833333333333326 0.66666666666666663
          0.16666666666666666 0.95833333333333326 0.66666666666666663
          0.20833333333333331 0.95833333333333326 0.66666666666666663
          0.25 0.95833333333333326 0.66666666666666663
          0.29166666666666663 0.95833333333333326 0.66666666666666663
          0.33333333333333331 0.95833333333333326 0.66666666666666663
          0.375 0.95833333333333326 0.66666666666666663
          0.41666666666666663 0.95833333333333326 0.66666666666666663
          0.45833333333333331 0.95833333333333326 0.66666666666666663
          0.5 0.95833333333333326 0.66666666666666663
          0.54166666666666663 0.95833333333333326 0.66666666666666663
          0.58333333333333326 0.95833333333333326 0.66666666666666663
          0.625 0.95833333333333326 0.66666666666666663
          0.66666666666666663 0.95833333333333326 0.66666666666666663
          0.70833333333333326 0.95833333333333326 0.66666666666666663
          0.75 0.95833333333333326 0.66666666666666663
          0.79166666666666663 0.95833333333333326 0.66666666666666663
          0.83333333333333326 0.95833333333333326 0.66666666666666663
          0.875 0.95833333333333326 0.66666666666666663
          0.91666666666666663 0.95833333333333326 0.66666666666666663
          0.95833333333333326 0.95833333333333326 0.66666666666666663
          1 0.95833333333333326 0.66666666666666663
          0 1 0.66666666666666663
          0.041666666666666664 1 0.66666666666666663
          0.083333333333333329 1 0.66666666666666663
          0.125 1 0.66666666666666663
          0.16666666666666666 1 0.66666666666666663
          0.20833333333333331 1 0.66666666666666663
          0.25 1 0.66666666666666663
          0.29166666666666663 1 0.66666666666666663
          0.33333333333333331 1 0.66666666666666663
          0.375 1 0.66666666666666663
          0.41666666666666663 1 0.66666666666666663
          0.45833333333333331 1 0.66666666666666663
          0.5 1 0.66666666666666663
          0.54166666666666663 1 0.66666666666666663
          0.58333333333333326 1 0.66666666666666663
          0.625 1 0.66666666666666663
          0.66666666666666663 1 0.66666666666666663
          0.70833333333333326 1 0.66666666666666663
          0.75 1 0.66666666666666663
          0.79166666666666663 1 0.66666666666666663
          0.83333333333333326 1 0.66666666666666663
          0.875 1 0.66666666666666663
          0.91666666666666663 1 0.66666666666666663
          0.95833333333333326 1 0.66666666666666663
          1 1 0.66666666666666663
          0 0 1
          0.041666666666666664 0 1
          0.083333333333333329 0 1
          0.125 0 1
          0.16666666666666666 0 1
          0.20833333333333331 0 1
          0.25 0 1
          0.29166666666666663 0 1
          0.33333333333333331 0 1
          0.375 0 1
          0.41666666666666663 0 1
          0.45833333333333331 0 1
          0.5 0 1
          0.54166666666666663 0 1
          0.58333333333333326 0 1
          0.625 0 1
          0.66666666666666663 0 1
          0.70833333333333326 0 1
          0.75 0 1
          0.79166666666666663 0 1
          0.83333333333333326 0 1
          0.875 0 1
          0.91666666666666663 0 1
          0.95833333333333326 0 1
          1 0 1
          0 0.041666666666666664 1
          0.041666666666666664 0.041666666666666664 1
          0.083333333333333329 0.041666666666666664 1
          0.125 0.041666666666666664 1
          0.16666666666666666 0.041666666666666664 1
          0.20833333333333331 0.041666666666666664 1
          0.25 0.041666666666666664 1
          0.29166666666666663 0.041666666666666664 1
          0.33333333333333331 0.041666666666666664 1
          0.375 0.041666666666666664 1
          0.41666666666666663 0.041666666666666664 1
          0.45833333333333331 0.041666666666666664 1
          0.5 0.041666666666666664 1
          0.54166666666666663 0.041666666666666664 1
          0.58333333333333326 0.041666666666666664 1
          0.625 0.041666666666666664 1
          0.66666666666666663 0.041666666666666664 1
          0.70833333333333326 0.041666666666666664 1
          0.75 0.041666666666666664 1
          0.79166666666666663 0.041666666666666664 1
          0.83333333333333326 0.041666666666666664 1
          0.875 0.041666666666666664 1
          0.91666666666666663 0.041666666666666664 1
          0.95833333333333326 0.041666666666666664 1
          1 0.041666666666666664 1
          0 0.083333333333333329 1
          0.041666666666666664 0.083333333333333329 1
          0.083333333333333329 0.083333333333333329 1
          0.125 0.083333333333333329 1
          0.16666666666666666 0.083333333333333329 1
          0.20833333333333331 0.083333333333333329 1
          0.25 0.083333333333333329 1
          0.29166666666666663 0.083333333333333329 1
          0.33333333333333331 0.083333333333333329 1
          0.375 0.083333333333333329 1
          0.41666666666666663 0.083333333333333329 1
          0.45833333333333331 0.083333333333333329 1
          0.5 0.083333333333333329 1
          0.54166666666666663 0.083333333333333329 1
          0.58333333333333326 0.083333333333333329 1
          0.625 0.083333333333333329 1
          0.66666666666666663 0.083333333333333329 1
          0.70833333333333326 0.083333333333333329 1
          0.75 0.083333333333333329 1
          0.79166666666666663 0.083333333333333329 1
          0.83333333333333326 0.083333333333333329 1
          0.875 0.083333333333333329 1
          0.91666666666666663 0.083333333333333329 1
          0.95833333333333326 0.083333333333333329 1
          1 0.083333333333333329 1
          0 0.125 1
          0.041666666666666664 0.125 1
          0.083333333333333329 0.125 1
          0.125 0.125 1
          0.16666666666666666 0.125 1
          0.20833333333333331 0.125 1
          0.25 0.125 1
          0.29166666666666663 0.125 1
          0.33333333333333331 0.125 1
          0.375 0.125 1
          0.41666666666666663 0.125 1
          0.45833333333333331 0.125 1
          0.5 0.125 1
          0.54166666666666663 0.125 1
          0.58333333333333326 0.125 1
          0.625 0.125 1
          0.66666666666666663 0.125 1
          0.70833333333333326 0.125 1
          0.75 0.125 1
          0.79166666666666663 0.125 1
          0.83333333333333326 0.125 1
          0.875 0.125 1
          0.91666666666666663 0.125 1
          0.95833333333333326 0.125 1
          1 0.125 1
          0 0.16666666666666666 1
          0.041666666666666664 0.16666666666666666 1
          0.083333333333333329 0.16666666666666666 1
          0.125 0.16666666666666666 1
          0.16666666666666666 0.16666666666666666 1
          0.20833333333333331 0.16666666666666666 1
          0.25 0.16666666666666666 1
          0.29166666666666663 0.16666666666666666 1
          0.33333333333333331 0.16666666666666666 1
          0.375 0.16666666666666666 1
          0.41666666666666663 0.16666666666666666 1
          0.45833333333333331 0.16666666666666666 1
          0.5 0.16666666666666666 1
          0.54166666666666663 0.16666666666666666 1
          0.58333333333333326 0.16666666666666666 1
          0.625 0.16666666666666666 1
          0.66666666666666663 0.16666666666666666 1
          0.70833333333333326 0.16666666666666666 1
          0.75 0.16666666666666666 1
          0.79166666666666663 0.16666666666666666 1
          0.83333333333333326 0.16666666666666666 1
          0.875 0.16666666666666666 1
          0.91666666666666663 0.16666666666666666 1
          0.95833333333333326 0.16666666666666666 1
          1 0.16666666666666666 1
          0 0.20833333333333331 1
          0.041666666666666664 0.20833333333333331 1
          0.083333333333333329 0.20833333333333331 1
          0.125 0.20833333333333331 1
          0.16666666666666666 0.20833333333333331 1
          0.20833333333333331 0.20833333333333331 1
          0.25 0.20833333333333331 1
          0.29166666666666663 0.20833333333333331 1
          0.33333333333333331 0.20833333333333331 1
          0.375 0.20833333333333331 1
          0.41666666666666663 0.20833333333333331 1
          0.45833333333333331 0.20833333333333331 1
          0.5 0.20833333333333331 1
          0.54166666666666663 0.20833333333333331 1
          0.58333333333333326 0.20833333333333331 1
          0.625 0.20833333333333331 1
          0.66666666666666663 0.20833333333333331 1
          0.70833333333333326 0.20833333333333331 1
          0.75 0.20833333333333331 1
          0.79166666666666663 0.20833333333333331 1
          0.83333333333333326 0.20833333333333331 1
          0.875 0.20833333333333331 1
          0.91666666666666663 0.20833333333333331 1
          0.95833333333333326 0.20833333333333331 1
          1 0.20833333333333331 1
          0 0.25 1
          0.041666666666666664 0.25 1
          0.083333333333333329 0.25 1
          0.125 0.25 1
          0.16666666666666666 0.25 1
          0.20833333333333331 0.25 1
          0.25 0.25 1
          0.29166666666666663 0.25 1
          0.33333333333333331 0.25 1
          0.375 0.25 1
          0.41666666666666663 0.25 1
          0.45833333333333331 0.25 1
          0.5 0.25 1
          0.54166666666666663 0.25 1
          0.58333333333333326 0.25 1
          0.625 0.25 1
          0.66666666666666663 0.25 1
          0.70833333333333326 0.25 1
          0.75 0.25 1
          0.79166666666666663 0.25 1
          0.83333333333333326 0.25 1
          0.875 0.25 1
          0.91666666666666663 0.25 1
          0.95833333333333326 0.25 1
          1 0.25 1
          0 0.29166666666666663 1
          0.041666666666666664 0.29166666666666663 1
          0.083333333333333329 0.29166666666666663 1
          0.125 0.29166666666666663 1
          0.16666666666666666 0.29166666666666663 1
          0.20833333333333331 0.29166666666666663 1
          0.25 0.29166666666666663 1
          0.29166666666666663 0.29166666666666663 1
          0.33333333333333331 0.29166666666666663 1
          0.375 0.29166666666666663 1
          0.41666666666666663 0.29166666666666663 1
          0.45833333333333331 0.29166666666666663 1
          0.5 0.29166666666666663 1
          0.54166666666666663 0.29166666666666663 1
          0.58333333333333326 0.29166666666666663 1
          0.625 0.29166666666666663 1
          0.66666666666666663 0.29166666666666663 1
          0.70833333333333326 0.29166666666666663 1
          0.75 0.29166666666666663 1
          0.79166666666666663 0.29166666666666663 1
          0.83333333333333326 0.29166666666666663 1
          0.875 0.29166666666666663 1
          0.91666666666666663 0.29166666666666663 1
          0.95833333333333326 0.29166666666666663 1
          1 0.29166666666666663 1
          0 0.33333333333333331 1
          0.041666666666666664 0.33333333333333331 1
          0.083333333333333329 0.33333333333333331 1
          0.125 0.33333333333333331 1
          0.16666666666666666 0.33333333333333331 1
          0.20833333333333331 0.33333333333333331 1
          0.25 0.33333333333333331 1
          0.29166666666666663 0.33333333333333331 1
          0.33333333333333331 0.33333333333333331 1
          0.375 0.33333333333333331 1
          0.41666666666666663 0.33333333333333331 1
          0.45833333333333331 0.33333333333333331 1
          0.5 0.33333333333333331 1
          0.54166666666666663 0.33333333333333331 1
          0.58333333333333326 0.33333333333333331 1
          0.625 0.33333333333333331 1
          0.66666666666666663 0.33333333333333331 1
          0.70833333333333326 0.33333333333333331 1
          0.75 0.33333333333333331 1
          0.79166666666666663 0.33333333333333331 1
          0.83333333333333326 0.33333333333333331 1
          0.875 0.33333333333333331 1
          0.91666666666666663 0.33333333333333331 1
          0.95833333333333326 0.33333333333333331 1
          1 0.33333333333333331 1
          0 0.375 1
          0.041666666666666664 0.375 1
          0.083333333333333329 0.375 1
          0.125 0.375 1
          0.16666666666666666 0.375 1
          0.20833333333333331 0.375 1
          0.25 0.375 1
          0.29166666666666663 0.375 1
          0.33333333333333331 0.375 1
          0.375 0.375 1
          0.41666666666666663 0.375 1
          0.45833333333333331 0.375 1
          0.5 0.375 1
          0.54166666666666663 0.375 1
          0.58333333333333326 0.375 1
          0.625 0.375 1
          0.66666666666666663 0.375 1
          0.70833333333333326 0.375 1
          0.75 0.375 1
          0.79166666666666663 0.375 1
          0.83333333333333326 0.375 1
          0.875 0.375 1
          0.91666666666666663 0.375 1
          0.95833333333333326 0.375 1
          1 0.375 1
          0 0.41666666666666663 1
          0.041666666666666664 0.41666666666666663 1
          0.083333333333333329 0.41666666666666663 1
          0.125 0.41666666666666663 1
          0.16666666666666666 0.41666666666666663 1
          0.20833333333333331 0.41666666666666663 1
          0.25 0.41666666666666663 1
          0.29166666666666663 0.41666666666666663 1
          0.33333333333333331 0.41666666666666663 1
          0.375 0.41666666666666663 1
          0.41666666666666663 0.41666666666666663 1
          0.45833333333333331 0.41666666666666663 1
          0.5 0.41666666666666663 1
          0.54166666666666663 0.41666666666666663 1
          0.58333333333333326 0.41666666666666663 1
          0.625 0.41666666666666663 1
          0.66666666666666663 0.41666666666666663 1
          0.70833333333333326 0.41666666666666663 1
          0.75 0.41666666666666663 1
          0.79166666666666663 0.41666666666666663 1
          0.83333333333333326 0.41666666666666663 1
          0.875 0.41666666666666663 1
          0.91666666666666663 0.41666666666666663 1
          0.95833333333333326 0.41666666666666663 1
          1 0.41666666666666663 1
          0 0.45833333333333331 1
          0.041666666666666664 0.45833333333333331 1
          0.083333333333333329 0.45833333333333331 1
          0.125 0.45833333333333331 1
          0.16666666666666666 0.45833333333333331 1
          0.20833333333333331 0.45833333333333331 1
          0.25 0.45833333333333331 1
          0.29166666666666663 0.45833333333333331 1
          0.33333333333333331 0.45833333333333331 1
          0.375 0.45833333333333331 1
          0.41666666666666663 0.45833333333333331 1
          0.45833333333333331 0.45833333333333331 1
          0.5 0.45833333333333331 1
          0.54166666666666663 0.45833333333333331 1
          0.58333333333333326 0.45833333333333331 1
          0.625 0.45833333333333331 1
          0.66666666666666663 0.45833333333333331 1
          0.70833333333333326 0.45833333333333331 1
          0.75 0.45833333333333331 1
          0.79166666666666663 0.45833333333333331 1
          0.83333333333333326 0.45833333333333331 1
          0.875 0.45833333333333331 1
          0.91666666666666663 0.45833333333333331 1
          0.95833333333333326 0.45833333333333331 1
          1 0.45833333333333331 1
          0 0.5 1
          0.041666666666666664 0.5 1
          0.083333333333333329 0.5 1
          0.125 0.5 1
          0.16666666666666666 0.5 1
          0.20833333333333331 0.5 1
          0.25 0.5 1
          0.29166666666666663 0.5 1
          0.33333333333333331 0.5 1
          0.375 0.5 1
          0.41666666666666663 0.5 1
          0.45833333333333331 0.5 1
          0.5 0.5 1
          0.54166666666666663 0.5 1
          0.58333333333333326 0.5 1
          0.625 0.5 1
          0.66666666666666663 0.5 1
          0.70833333333333326 0.5 1
          0.75 0.5 1
          0.79166666666666663 0.5 1
          0.83333333333333326 0.5 1
          0.875 0.5 1
          0.91666666666666663 0.5 1
          0.95833333333333326 0.5 1
          1 0.5 1
          0 0.54166666666666663 1
          0.041666666666666664 0.54166666666666663 1
          0.083333333333333329 0.54166666666666663 1
          0.125 0.54166666666666663 1
          0.16666666666666666 0.54166666666666663 1
          0.20833333333333331 0.54166666666666663 1
          0.25 0.54166666666666663 1
          0.29166666666666663 0.54166666666666663 1
          0.33333333333333331 0.54166666666666663 1
          0.375 0.54166666666666663 1
          0.41666666666666663 0.54166666666666663 1
          0.45833333333333331 0.54166666666666663 1
          0.5 0.54166666666666663 1
          0.54166666666666663 0.54166666666666663 1
          0.58333333333333326 0.54166666666666663 1
          0.625 0.54166666666666663 1
          0.66666666666666663 0.54166666666666663 1
          0.70833333333333326 0.54166666666666663 1
          0.75 0.54166666666666663 1
          0.79166666666666663 0.54166666666666663 1
          0.83333333333333326 0.54166666666666663 1
          0.875 0.54166666666666663 1
          0.91666666666666663 0.54166666666666663 1
          0.95833333333333326 0.54166666666666663 1
          1 0.54166666666666663 1
          0 0.58333333333333326 1
          0.041666666666666664 0.58333333333333326 1
          0.083333333333333329 0.58333333333333326 1
          0.125 0.58333333333333326 1
          0.16666666666666666 0.58333333333333326 1
          0.20833333333333331 0.58333333333333326 1
          0.25 0.58333333333333326 1
          0.29166666666666663 0.58333333333333326 1
          0.33333333333333331 0.58333333333333326 1
          0.375 0.58333333333333326 1
          0.41666666666666663 0.58333333333333326 1
          0.45833333333333331 0.58333333333333326 1
          0.5 0.58333333333333326 1
          0.54166666666666663 0.58333333333333326 1
          0.58333333333333326 0.58333333333333326 1
          0.625 0.58333333333333326 1
          0.66666666666666663 0.58333333333333326 1
          0.70833333333333326 0.58333333333333326 1
          0.75 0.58333333333333326 1
          0.79166666666666663 0.58333333333333326 1
          0.83333333333333326 0.58333333333333326 1
          0.875 0.58333333333333326 1
          0.91666666666666663 0.58333333333333326 1
          0.95833333333333326 0.58333333333333326 1
          1 0.58333333333333326 1
          0 0.625 1
          0.041666666666666664 0.625 1
          0.083333333333333329 0.625 1
          0.125 0.625 1
          0.16666666666666666 0.625 1
          0.20833333333333331 0.625 1
          0.25 0.625 1
          0.29166666666666663 0.625 1
          0.33333333333333331 0.625 1
          0.375 0.625 1
          0.41666666666666663 0.625 1
          0.45833333333333331 0.625 1
          0.5 0.625 1
          0.54166666666666663 0.625 1
          0.58333333333333326 0.625 1
          0.625 0.625 1
          0.66666666666666663 0.625 1
          0.70833333333333326 0.625 1
          0.75 0.625 1
          0.79166666666666663 0.625 1
          0.83333333333333326 0.625 1
          0.875 0.625 1
          0.91666666666666663 0.625 1
          0.95833333333333326 0.625 1
          1 0.625 1
          0 0.66666666666666663 1
          0.041666666666666664 0.66666666666666663 1
          0.083333333333333329 0.66666666666666663 1
          0.125 0.66666666666666663 1
          0.16666666666666666 0.66666666666666663 1
          0.20833333333333331 0.66666666666666663 1
          0.25 0.66666666666666663 1
          0.29166666666666663 0.66666666666666663 1
          0.33333333333333331 0.66666666666666663 1
          0.375 0.66666666666666663 1
          0.41666666666666663 0.66666666666666663 1
          0.45833333333333331 0.66666666666666663 1
          0.5 0.66666666666666663 1
          0.54166666666666663 0.66666666666666663 1
          0.58333333333333326 0.66666666666666663 1
          0.625 0.66666666666666663 1
          0.66666666666666663 0.66666666666666663 1
          0.70833333333333326 0.66666666666666663 1
          0.75 0.66666666666666663 1
          0.79166666666666663 0.66666666666666663 1
          0.83333333333333326 0.66666666666666663 1
          0.875 0.66666666666666663 1
          0.91666666666666663 0.66666666666666663 1
          0.95833333333333326 0.66666666666666663 1
          1 0.66666666666666663 1
          0 0.70833333333333326 1
          0.041666666666666664 0.70833333333333326 1
          0.083333333333333329 0.70833333333333326 1
          0.125 0.70833333333333326 1
          0.16666666666666666 0.70833333333333326 1
          0.20833333333333331 0.70833333333333326 1
          0.25 0.70833333333333326 1
          0.29166666666666663 0.70833333333333326 1
          0.33333333333333331 0.70833333333333326 1
          0.375 0.70833333333333326 1
          0.41666666666666663 0.70833333333333326 1
          0.45833333333333331 0.70833333333333326 1
          0.5 0.70833333333333326 1
          0.54166666666666663 0.70833333333333326 1
          0.58333333333333326 0.70833333333333326 1
          0.625 0.70833333333333326 1
          0.66666666666666663 0.70833333333333326 1
          0.70833333333333326 0.70833333333333326 1
          0.75 0.70833333333333326 1
          0.79166666666666663 0.70833333333333326 1
          0.83333333333333326 0.70833333333333326 1
          0.875 0.70833333333333326 1
          0.91666666666666663 0.70833333333333326 1
          0.95833333333333326 0.70833333333333326 1
          1 0.70833333333333326 1
          0 0.75 1
          0.041666666666666664 0.75 1
          0.083333333333333329 0.75 1
          0.125 0.75 1
          0.16666666666666666 0.75 1
          0.20833333333333331 0.75 1
          0.25 0.75 1
          0.29166666666666663 0.75 1
          0.33333333333333331 0.75 1
          0.375 0.75 1
          0.41666666666666663 0.75 1
          0.45833333333333331 0.75 1
          0.5 0.75 1
          0.54166666666666663 0.75 1
          0.58333333333333326 0.75 1
          0.625 0.75 1
          0.66666666666666663 0.75 1
          0.70833333333333326 0.75 1
          0.75 0.75 1
          0.79166666666666663 0.75 1
          0.83333333333333326 0.75 1
          0.875 0.75 1
          0.91666666666666663 0.75 1
          0.95833333333333326 0.75 1
          1 0.75 1
          0 0.79166666666666663 1
          0.041666666666666664 0.79166666666666663 1
          0.083333333333333329 0.79166666666666663 1
          0.125 0.79166666666666663 1
          0.16666666666666666 0.79166666666666663 1
          0.20833333333333331 0.79166666666666663 1
          0.25 0.79166666666666663 1
          0.29166666666666663 0.79166666666666663 1
          0.33333333333333331 0.79166666666666663 1
          0.375 0.79166666666666663 1
          0.41666666666666663 0.79166666666666663 1
          0.45833333333333331 0.79166666666666663 1
          0.5 0.79166666666666663 1
          0.54166666666666663 0.79166666666666663 1
          0.58333333333333326 0.79166666666666663 1
          0.625 0.79166666666666663 1
          0.66666666666666663 0.79166666666666663 1
          0.70833333333333326 0.79166666666666663 1
          0.75 0.79166666666666663 1
          0.79166666666666663 0.79166666666666663 1
          0.83333333333333326 0.79166666666666663 1
          0.875 0.79166666666666663 1
          0.91666666666666663 0.79166666666666663 1
          0.95833333333333326 0.79166666666666663 1
          1 0.79166666666666663 1
          0 0.83333333333333326 1
          0.041666666666666664 0.83333333333333326 1
          0.083333333333333329 0.83333333333333326 1
          0.125 0.83333333333333326 1
          0.16666666666666666 0.83333333333333326 1
          0.20833333333333331 0.83333333333333326 1
          0.25 0.83333333333333326 1
          0.29166666666666663 0.83333333333333326 1
          0.33333333333333331 0.83333333333333326 1
          0.375 0.83333333333333326 1
          0.41666666666666663 0.83333333333333326 1
          0.45833333333333331 0.83333333333333326 1
          0.5 0.83333333333333326 1
          0.54166666666666663 0.83333333333333326 1
          0.58333333333333326 0.83333333333333326 1
          0.625 0.83333333333333326 1
          0.66666666666666663 0.83333333333333326 1
          0.70833333333333326 0.83333333333333326 1
          0.75 0.83333333333333326 1
          0.79166666666666663 0.83333333333333326 1
          0.83333333333333326 0.83333333333333326 1
          0.875 0.83333333333333326 1
          0.91666666666666663 0.83333333333333326 1
          0.95833333333333326 0.83333333333333326 1
          1 0.83333333333333326 1
          0 0.875 1
          0.041666666666666664 0.875 1
          0.083333333333333329 0.875 1
          0.125 0.875 1
          0.16666666666666666 0.875 1
          0.20833333333333331 0.875 1
          0.25 0.875 1
          0.29166666666666663 0.875 1
          0.33333333333333331 0.875 1
          0.375 0.875 1
          0.41666666666666663 0.875 1
          0.45833333333333331 0.875 1
          0.5 0.875 1
          0.54166666666666663 0.875 1
          0.58333333333333326 0.875 1
          0.625 0.875 1
          0.66666666666666663 0.875 1
          0.70833333333333326 0.875 1
          0.75 0.875 1
          0.79166666666666663 0.875 1
          0.83333333333333326 0.875 1
          0.875 0.875 1
          0.91666666666666663 0.875 1
          0.95833333333333326 0.875 1
          1 0.875 1
          0 0.91666666666666663 1
          0.041666666666666664 0.91666666666666663 1
          0.083333333333333329 0.91666666666666663 1
          0.125 0.91666666666666663 1
          0.16666666666666666 0.91666666666666663 1
          0.20833333333333331 0.91666666666666663 1
          0.25 0.91666666666666663 1
          0.29166666666666663 0.91666666666666663 1
          0.33333333333333331 0.91666666666666663 1
          0.375 0.91666666666666663 1
          0.41666666666666663 0.91666666666666663 1
          0.45833333333333331 0.91666666666666663 1
          0.5 0.91666666666666663 1
          0.54166666666666663 0.91666666666666663 1
          0.58333333333333326 0.91666666666666663 1
          0.625 0.91666666666666663 1
          0.66666666666666663 0.91666666666666663 1
          0.70833333333333326 0.91666666666666663 1
          0.75 0.91666666666666663 1
          0.79166666666666663 0.91666666666666663 1
          0.83333333333333326 0.91666666666666663 1
          0.875 0.91666666666666663 1
          0.91666666666666663 0.91666666666666663 1
          0.95833333333333326 0.91666666666666663 1
          1 0.91666666666666663 1
          0 0.95833333333333326 1
          0.041666666666666664 0.95833333333333326 1
          0.083333333333333329 0.95833333333333326 1
          0.125 0.95833333333333326 1
          0.16666666666666666 0.95833333333333326 1
          0.20833333333333331 0.95833333333333326 1
          0.25 0.95833333333333326 1
          0.29166666666666663 0.95833333333333326 1
          0.33333333333333331 0.95833333333333326 1
          0.375 0.95833333333333326 1
          0.41666666666666663 0.95833333333333326 1
          0.45833333333333331 0.95833333333333326 1
          0.5 0.95833333333333326 1
          0.54166666666666663 0.95833333333333326 1
          0.58333333333333326 0.95833333333333326 1
          0.625 0.95833333333333326 1
          0.66666666666666663 0.95833333333333326 1
          0.70833333333333326 0.95833333333333326 1
          0.75 0.95833333333333326 1
          0.79166666666666663 0.95833333333333326 1
          0.83333333333333326 0.95833333333333326 1
          0.875 0.95833333333333326 1
          0.91666666666666663 0.95833333333333326 1
          0.95833333333333326 0.95833333333333326 1
          1 0.95833333333333326 1
          0 1 1
          0.041666666666666664 1 1
          0.083333333333333329 1 1
          0.125 1 1
          0.16666666666666666 1 1
          0.20833333333333331 1 1
          0.25 1 1
          0.29166666666666663 1 1
          0.33333333333333331 1 1
          0.375 1 1
          0.41666666666666663 1 1
          0.45833333333333331 1 1
          0.5 1 1
          0.54166666666666663 1 1
          0.58333333333333326 1 1
          0.625 1 1
          0.66666666666666663 1 1
          0.70833333333333326 1 1
          0.75 1 1
          0.79166666666666663 1 1
          0.83333333333333326 1 1
          0.875 1 1
          0.91666666666666663 1 1
          0.95833333333333326 1 1
          1 1 1
        </DataArray>
      </Points>
      <Cells>
        <DataArray type="Int64" Name="connectivity" format="ascii">
          0 3 78 75 1875 1878 1953 1950 1 2 28 53 76 77 25 50 1876 1877 1903 1928 1951 1952 1900 1925 625 1250 628 1253 700 1325 703 1328 650 675 1275 1300 653 678 1278 1303 626 627 1251 1252 701 702 1326 1327 26 27 51 52 1901 1902 1926 1927 651 652 676 677 1276 1277 1301 1302
          3 6 81 78 1878 1881 1956 1953 4 5 31 56 79 80 28 53 1879 1880 1906 1931 1954 1955 1903 1928 628 1253 631 1256 703 1328 706 1331 653 678 1278 1303 656 681 1281 1306 629 630 1254 1255 704 705 1329 1330 29 30 54 55 1904 1905 1929 1930 654 655 679 680 1279 1280 1304 1305
          6 9 84 81 1881 1884 1959 1956 7 8 34 59 82 83 31 56 1882 1883 1909 1934 1957 1958 1906 1931 631 1256 634 1259 706 1331 709 1334 656 681 1281 1306 659 684 1284 1309 632 633 1257 1258 707 708 1332 1333 32 33 57 58 1907 1908 1932 1933 657 658 682 683 1282 1283 1307 1308
          9 12 87 84 1884 1887 1962 1959 10 11 37 62 85 86 34 59 1885 1886 1912 1937 1960 1961 1909 1934 634 1259 637 1262 709 1334 712 1337 659 684 1284 1309 662 687 1287 1312 635 636 1260 1261 710 711 1335 1336 35 36 60 61 1910 1911 1935 1936 660 661 685 686 1285 1286 1310 1311
          12 15 90 87 1887 1890 1965 1962 13 14 40 65 88 89 37 62 1888 1889 1915 1940 1963 1964 1912 1937 637 1262 640 1265 712 1337 715 1340 662 687 1287 1312 665 690 1290 1315 638 639 1263 1264 713 714 1338 1339 38 39 63 64 1913 1914 1938 1939 663 664 688 689 1288 1289 1313 1314
          15 18 93 90 1890 1893 1968 1965 16 17 43 68 91 92 40 65 1891 1892 1918 1943 1966 1967 1915 1940 640 1265 643 1268 715 1340 718 1343 665 690 1290 1315 668 693 1293 1318 641 642 1266 1267 716 717 1341 1342 41 42 66 67 1916 1917 1941 1942 666 667 691 692 1291 1292 1316 1317
          18 21 96 93 1893 1896 1971 1968 19 20 46 71 94 95 43 68 1894 1895 1921 1946 1969 1970 1918 1943 643 1268 646 1271 718 1343 721 1346 668 693 1293 1318 671 696 1296 1321 644 645 1269 1270 719 720 1344 1345 44 45 69 70 1919 1920 1944 1945 669 670 694 695 1294 1295 1319 1320
          21 24 99 96 1896 1899 1974 1971 22 23 49 74 97 98 46 71 1897 1898 1924 1949 1972 1973 1921 1946 646 1271 649 1274 721 1346 724 1349 671 696 1296 1321 674 699 1299 1324 647 648 1272 1273 722 723 1347 1348 47 48 72 73 1922 1923 1947 1948 672 673 697 698 1297 1298 1322 1323
          75 78 153 150 1950 1953 2028 2025 76 77 103 128 151 152 100 125 1951 1952 1978 2003 2026 2027 1975 2000 700 1325 703 1328 775 1400 778 1403 725 750 1350 1375 728 753 1353 1378 701 702 1326 1327 776 777 1401 1402 101 102 126 127 1976 1977 2001 2002 726 727 751 752 1351 1352 1376 1377
          78 81 156 153 1953 1956 2031 2028 79 80 106 131 154 155 103 128 1954 1955 1981 2006 2029 2030 1978 2003 703 1328 706 1331 778 1403 781 1406 728 753 1353 1378 731 756 1356 1381 704 705 1329 1330 779 780 1404 1405 104 105 129 130 1979 1980 2004 2005 729 730 754 755 1354 1355 1379 1380
          81 84 159 156 1956 1959 2034 2031 82 83 109 134 157 158 106 131 1957 1958 1984 2009 2032 2033 1981 2006 706 1331 709 1334 781 1406 784 1409 731 756 1356 1381 734 759 1359 1384 707 708 1332 1333 782 783 1407 1408 107 108 132 133 1982 1983 2007 2008 732 733 757 758 1357 1358 1382 1383
          84 87 162 159 1959 1962 2037 2034 85 86 112 137 160 161 109 134 1960 1961 1987 2012 2035 2036 1984 2009 709 1334 712 1337 784 1409 787 1412 734 759 1359 1384 737 762 1362 1387 710 711 1335 1336 785 786 1410 1411 110 111 135 136 1985 1986 2010 2011 735 736 760 761 1360 1361 1385 1386
          87 90 165 162 1962 1965 2040 2037 88 89 115 140 163 164 112 137 1963 1964 1990 2015 2038 2039 1987 2012 712 1337 715 1340 787 1412 790 1415 737 762 1362 1387 740 765 1365 1390 713 714 1338 1339 788 789 1413 1414 113 114 138 139 1988 1989 2013 2014 738 739 763 764 1363 1364 1388 1389
          90 93 168 165 1965 1968 2043 2040 91 92 118 143 166 167 115 140 1966 1967 1993 2018 2041 2042 1990 2015 715 1340 718 1343 790 1415 793 1418 740 765 1365 1390 743 768 1368 1393 716 717 1341 1342 791 792 1416 1417 116 117 141 142 1991 1992 2016 2017 741 742 766 767 1366 1367 1391 1392
          93 96 171 168 1968 1971 2046 2043 94 95 121 146 169 170 118 143 1969 1970 1996 2021 2044 2045 1993 2018 718 1343 721 1346 793 1418 796 1421 743 768 1368 1393 746 771 1371 1396 719 720 1344 1345 794 795 1419 1420 119 120 144 145 1994 1995 2019 2020 744 745 769 770 1369 1370 1394 1395
          96 99 174 171 1971 1974 2049 2046 97 98 124 149 172 173 121 146 1972 1973 1999 2024 2047 2048 1996 2021 721 1346 724 1349 796 1421 799 1424 746 771 1371 1396 749 774 1374 1399 722 723 1347 1348 797 798 1422 1423 122 123 147 148 1997 1998 2022 2023 747 748 772 773 1372 1373 1397 1398
          150 153 228 225 2025 2028 2103 2100 151 152 178 203 226 227 175 200 2026 2027 2053 2078 2101 2102 2050 2075 775 1400 778 1403 850 1475 853 1478 800 825 1425 1450 803 828 1428 1453 776 777 1401 1402 851 852 1476 1477 176 177 201 202 2051 2052 2076 2077 801 802 826 827 1426 1427 1451 1452
          153 156 231 228 2028 2031 2106 2103 154 155 181 206 229 230 178 203 2029 2030 2056 2081 2104 2105 2053 2078 778 1403 781 1406 853 1478 856 1481 803 828 1428 1453 806 831 1431 1456 779 780 1404 1405 854 855 1479 1480 179 180 204 205 2054 2055 2079 2080 804 805 829 830 1429 1430 1454 1455
          156 159 234 231 2031 2034 2109 2106 157 158 184 209 232 233 181 206 2032 2033 2059 2084 2107 2108 2056 2081 781 1406 784 1409 856 1481 859 1484 806 831 1431 1456 809 834 1434 1459 782 783 1407 1408 857 858 1482 1483 182 183 207 208 2057 2058 2082 2083 807 808 832 833 1432 1433 1457 1458
          159 162 237 234 2034 2037 2112 2109 160 161 187 212 235 236 184 209 2035 2036 2062 2087 2110 2111 2059 2084 784 1409 787 1412 859 1484 862 1487 809 834 1434 1459 812 837 1437 1462 785 786 1410 1411 860 861 1485 1486 185 186 210 211 2060 2061 2085 2086 810 811 835 836 1435 1436 1460 1461
          162 165 240 237 2037 2040 2115 2112 163 164 190 215 238 239 187 212 2038 2039 2065 2090 2113 2114 2062 2087 787 1412 790 1415 862 1487 865 1490 812 837 1437 1462 815 840 1440 1465 788 789 1413 1414 863 864 1488 1489 188 189 213 214 2063 2064 2088 2089 813 814 838 839 1438 1439 1463 1464
          165 168 243 240 2040 2043 2118 2115 166 167 193 218 241 242 190 215 2041 2042 2068 2093 2116 2117 2065 2090 790 1415 793 1418 865 1490 868 1493 815 840 1440 1465 818 843 1443 1468 791 792 1416 1417 866 867 1491 1492 191 192 216 217 2066 2067 2091 2092 816 817 841 842 1441 1442 1466 1467
          168 171 246 243 2043 2046 2121 2118 169 170 196 221 244 245 193 218 2044 2045 2071 2096 2119 2120 2068 2093 793 1418 796 1421 868 1493 871 1496 818 843 1443 1468 821 846 1446 1471 794 795 1419 1420 869 870 1494 1495 194 195 219 220 2069 2070 2094 2095 819 820 844 845 1444 1445 1469 1470
          171 174 249 246 2046 2049 2124 2121 172 173 199 224 247 248 196 221 2047 2048 2074 2099 2122 2123 2071 2096 796 1421 799 1424 871 1496 874 1499 821 846 1446 1471 824 849 1449 1474 797 798 1422 1423 872 873 1497 1498 197 198 222 223 2072 2073 2097 2098 822 823 847 848 1447 1448 1472 1473
          225 228 303 300 2100 2103 2178 2175 226 227 253 278 301 302 250 275 2101 2102 2128 2153 2176 2177 2125 2150 850 1475 853 1478 925 1550 928 1553 875 900 1500 1525 878 903 1503 1528 851 852 1476 1477 926 927 1551 1552 251 252 276 277 2126 2127 2151 2152 876 877 901 902 1501 1502 1526 1527
          228 231 306 303 2103 2106 2181 2178 229 230 256 281 304 305 253 278 2104 2105 2131 2156 2179 2180 2128 2153 853 1478 856 1481 928 1553 931 1556 878 903 1503 1528 881 906 1506 1531 854 855 1479 1480 929 930 1554 1555 254 255 279 280 2129 2130 2154 2155 879 880 904 905 1504 1505 1529 1530
          231 234 309 306 2106 2109 2184 2181 232 233 259 284 307 308 256 281 2107 2108 2134 2159 2182 2183 2131 2156 856 1481 859 1484 931 1556 934 1559 881 906 1506 1531 884 909 1509 1534 857 858 1482 1483 932 933 1557 1558 257 258 282 283 2132 2133 2157 2158 882 883 907 908 1507 1508 1532 1533
          234 237 312 309 2109 2112 2187 2184 235 236 262 287 310 311 259 284 2110 2111 2137 2162 2185 2186 2134 2159 859 1484 862 1487 934 1559 937 1562 884 909 1509 1534 887 912 1512 1537 860 861 1485 1486 935 936 1560 1561 260 261 285 286 2135 2136 2160 2161 885 886 910 911 1510 1511 1535 1536
          237 240 315 312 2112 2115 2190 2187 238 239 265 290 313 314 262 287 2113 2114 2140 2165 2188 2189 2137 2162 862 1487 865 1490 937 1562 940 1565 887 912 1512 1537 890 915 1515 1540 863 864 1488 1489 938 939 1563 1564 263 264 288 289 2138 2139 2163 2164 888 889 913 914 1513 1514 1538 1539
          240 243 318 315 2115 2118 2193 2190 241 242 268 293 316 317 265 290 2116 2117 2143 2168 2191 2192 2140 2165 865 1490 868 1493 940 1565 943 1568 890 915 1515 1540 893 918 1518 1543 866 867 1491 1492 941 942 1566 1567 266 267 291 292 2141 2142 2166 2167 891 892 916 917 1516 1517 1541 1542
          243 246 321 318 2118 2121 2196 2193 244 245 271 296 319 320 268 293 2119 2120 2146 2171 2194 2195 2143 2168 868 1493 871 1496 943 1568 946 1571 893 918 1518 1543 896 921 1521 1546 869 870 1494 1495 944 945 1569 1570 269 270 294 295 2144 2145 2169 2170 894 895 919 920 1519 1520 1544 1545
          246 249 324 321 2121 2124 2199 2196 247 248 274 299 322 323 271 296 2122 2123 2149 2174 2197 2198 2146 2171 871 1496 874 1499 946 1571 949 1574 896 921 1521 1546 899 924 1524 1549 872 873 1497 1498 947 948 1572 1573 272 273 297 298 2147 2148 2172 2173 897 898 922 923 1522 1523 1547 1548
          300 303 378 375 2175 2178 2253 2250 301 302 328 353 376 377 325 350 2176 2177 2203 2228 2251 2252 2200 2225 925 1550 928 1553 1000 1625 1003 1628 950 975 1575 1600 953 978 1578 1603 926 927 1551 1552 1001 1002 1626 1627 326 327 351 352 2201 2202 2226 2227 951 952 976 977 1576 1577 1601 1602
          303 306 381 378 2178 2181 2256 2253 304 305 331 356 379 380 328 353 2179 2180 2206 2231 2254 2255 2203 2228 928 1553 931 1556 1003 1628 1006 1631 953 978 1578 1603 956 981 1581 1606 929 930 1554 1555 1004 1005 1629 1630 329 330 354 355 2204 2205 2229 2230 954 955 979 980 1579 1580 1604 1605
          306 309 384 381 2181 2184 2259 2256 307 308 334 359 382 383 331 356 2182 2183 2209 2234 2257 2258 2206 2231 931 1556 934 1559 1006 1631 1009 1634 956 981 1581 1606 959 984 1584 1609 932 933 1557 1558 1007 1008 1632 1633 332 333 357 358 2207 2208 2232 2233 957 958 982 983 1582 1583 1607 1608
          309 312 387 384 2184 2187 2262 2259 310 311 337 362 385 386 334 359 2185 2186 2212 2237 2260 2261 2209 2234 934 1559 937 1562 1009 1634 1012 1637 959 984 1584 1609 962 987 1587 1612 935 936 1560 1561 1010 1011 1635 1636 335 336 360 361 2210 2211 2235 2236 960 961 985 986 1585 1586 1610 1611
          312 315 390 387 2187 2190 2265 2262 313 314 340 365 388 389 337 362 2188 2189 2215 2240 2263 2264 2212 2237 937 1562 940 1565 1012 1637 1015 1640 962 987 1587 1612 965 990 1590 1615 938 939 1563 1564 1013 1014 1638 1639 338 339 363 364 2213 2214 2238 2239 963 964 988 989 1588 1589 1613 1614
          315 318 393 390 2190 2193 2268 2265 316 317 343 368 391 392 340 365 2191 2192 2218 2243 2266 2267 2215 2240 940 1565 943 1568 1015 1640 1018 1643 965 990 1590 1615 968 993 1593 1618 941 942 1566 1567 1016 1017 1641 1642 341 342 366 367 2216 2217 2241 2242 966 967 991 992 1591 1592 1616 1617
          318 321 396 393 2193 2196 2271 2268 319 320 346 371 394 395 343 368 2194 2195 2221 2246 2269 2270 2218 2243 943 1568 946 1571 1018 1643 1021 1646 968 993 1593 1618 971 996 1596 1621 944 945 1569 1570 1019 1020 1644 1645 344 345 369 370 2219 2220 2244 2245 969 970 994 995 1594 1595 1619 1620
          321 324 399 396 2196 2199 2274 2271 322 323 349 374 397 398 346 371 2197 2198 2224 2249 2272 2273 2221 2246 946 1571 949 1574 1021 1646 1024 1649 971 996 1596 1621 974 999 1599 1624 947 948 1572 1573 1022 1023 1647 1648 347 348 372 373 2222 2223 2247 2248 972 973 997 998 1597 1598 1622 1623
          375 378 453 450 2250 2253 2328 2325 376 377 403 428 451 452 400 425 2251 2252 2278 2303 2326 2327 2275 2300 1000 1625 1003 1628 1075 1700 1078 1703 1025 1050 1650 1675 1028 1053 1653 1678 1001 1002 1626 1627 1076 1077 1701 1702 401 402 426 427 2276 2277 2301 2302 1026 1027 1051 1052 1651 1652 1676 1677
          378 381 456 453 2253 2256 2331 2328 379 380 406 431 454 455 403 428 2254 2255 2281 2306 2329 2330 2278 2303 1003 1628 1006 1631 1078 1703 1081 1706 1028 1053 1653 1678 1031 1056 1656 1681 1004 1005 1629 1630 1079 1080 1704 1705 404 405 429 430 2279 2280 2304 2305 1029 1030 1054 1055 1654 1655 1679 1680
          381 384 459 456 2256 2259 2334 2331 382 383 409 434 457 458 406 431 2257 2258 2284 2309 2332 2333 2281 2306 1006 1631 1009 1634 1081 1706 1084 1709 1031 1056 1656 1681 1034 1059 1659 1684 1007 1008 1632 1633 1082 1083 1707 1708 407 408 432 433 2282 2283 2307 2308 1032 1033 1057 1058 1657 1658 1682 1683
          384 387 462 459 2259 2262 2337 2334 385 386 412 437 460 461 409 434 2260 2261 2287 2312 2335 2336 2284 2309 1009 1634 1012 1637 1084 1709 1087 1712 1034 1059 1659 1684 1037 1062 1662 1687 1010 1011 1635 1636 1085 1086 1710 1711 410 411 435 436 2285 2286 2310 2311 1035 1036 1060 1061 1660 1661 1685 1686
          387 390 465 462 2262 2265 2340 2337 388 389 415 440 463 464 412 437 2263 2264 2290 2315 2338 2339 2287 2312 1012 1637 1015 1640 1087 1712 1090 1715 1037 1062 1662 1687 1040 1065 1665 1690 1013 1014 1638 1639 1088 1089 1713 1714 413 414 438 439 2288 2289 2313 2314 1038 1039 1063 1064 1663 1664 1688 1689
          390 393 468 465 2265 2268 2343 2340 391 392 418 443 466 467 415 440 2266 2267 2293 2318 2341 2342 2290 2315 1015 1640 1018 1643 1090 1715 1093 1718 1040 1065 1665 1690 1043 1068 1668 1693 1016 1017 1641 1642 1091 1092 1716 1717 416 417 441 442 2291 2292 2316 2317 1041 1042 1066 1067 1666 1667 1691 1692
          393 396 471 468 2268 2271 2346 2343 394 395 421 446 469 470 418 443 2269 2270 2296 2321 2344 2345 2293 2318 1018 1643 1021 1646 1093 1718 1096 1721 1043 1068 1668 1693 1046 1071 1671 1696 1019 1020 1644 1645 1094 1095 1719 1720 419 420 444 445 2294 2295 2319 2320 1044 1045 1069 1070 1669 1670 1694 1695
          396 399 474 471 2271 2274 2349 2346 397 398 424 449 472 473 421 446 2272 2273 2299 2324 2347 2348 2296 2321 1021 1646 1024 1649 1096 1721 1099 1724 1046 1071 1671 1696 1049 1074 1674 1699 1022 1023 1647 1648 1097 1098 1722 1723 422 423 447 448 2297 2298 2322 2323 1047 1048 1072 1073 1672 1673 1697 1698
          450 453 528 525 2325 2328 2403 2400 451 452 478 503 526 527 475 500 2326 2327 2353 2378 2401 2402 2350 2375 1075 1700 1078 1703 1150 1775 1153 1778 1100 1125 1725 1750 1103 1128 1728 1753 1076 1077 1701 1702 1151 1152 1776 1777 476 477 501 502 2351 2352 2376 2377 1101 1102 1126 1127 1726 1727 1751 1752
          453 456 531 528 2328 2331 2406 2403 454 455 481 506 529 530 478 503 2329 2330 2356 2381 2404 2405 2353 2378 1078 1703 1081 1706 1153 1778 1156 1781 1103 1128 1728 1753 1106 1131 1731 1756 1079 1080 1704 1705 1154 1155 1779 1780 479 480 504 505 2354 2355 2379 2380 1104 1105 1129 1130 1729 1730 1754 1755
          456 459 534 531 2331 2334 2409 2406 457 458 484 509 532 533 481 506 2332 2333 2359 2384 2407 2408 2356 2381 1081 1706 1084 1709 1156 1781 1159 1784 1106 1131 1731 1756 1109 1134 1734 1759 1082 1083 1707 1708 1157 1158 1782 1783 482 483 507 508 2357 2358 2382 2383 1107 1108 1132 1133 1732 1733 1757 1758
          459 462 537 534 2334 2337 2412 2409 460 461 487 512 535 536 484 509 2335 2336 2362 2387 2410 2411 2359 2384 1084 1709 1087 1712 1159 1784 1162 1787 1109 1134 1734 1759 1112 1137 1737 1762 1085 1086 1710 1711 1160 1161 1785 1786 485 486 510 511 2360 2361 2385 2386 1110 1111 1135 1136 1735 1736 1760 1761
          462 465 540 537 2337 2340 2415 2412 463 464 490 515 538 539 487 512 2338 2339 2365 2390 2413 2414 2362 2387 1087 1712 1090 1715 1162 1787 1165 1790 1112 1137 1737 1762 1115 1140 1740 1765 1088 1089 1713 1714 1163 1164 1788 1789 488 489 513 514 2363 2364 2388 2389 1113 1114 1138 1139 1738 1739 1763 1764
          465 468 543 540 2340 2343 2418 2415 466 467 493 518 541 542 490 515 2341 2342 2368 2393 2416 2417 2365 2390 1090 1715 1093 1718 1165 1790 1168 1793 1115 1140 1740 1765 1118 1143 1743 1768 1091 1092 1716 1717 1166 1167 1791 1792 491 492 516 517 2366 2367 2391 2392 1116 1117 1141 1142 1741 1742 1766 1767
          468 471 546 543 2343 2346 2421 2418 469 470 496 521 544 545 493 518 2344 2345 2371 2396 2419 2420 2368 2393 1093 1718 1096 1721 1168 1793 1171 1796 1118 1143 1743 1768 1121 1146 1746 1771 1094 1095 1719 1720 1169 1170 1794 1795 494 495 519 520 2369 2370 2394 2395 1119 1120 1144 1145 1744 1745 1769 1770
          471 474 549 546 2346 2349 2424 2421 472 473 499 524 547 548 496 521 2347 2348 2374 2399 2422 2423 2371 2396 1096 1721 1099 1724 1171 1796 1174 1799 1121 1146 1746 1771 1124 1149 1749 1774 1097 1098 1722 1723 1172 1173 1797 1798 497 498 522 523 2372 2373 2397 2398 1122 1123 1147 1148 1747 1748 1772 1773
          525 528 603 600 2400 2403 2478 2475 526 527 553 578 601 602 550 575 2401 2402 2428 2453 2476 2477 2425 2450 1150 1775 1153 1778 1225 1850 1228 1853 1175 1200 1800 1825 1178 1203 1803 1828 1151 1152 1776 1777 1226 1227 1851 1852 551 552 576 577 2426 2427 2451 2452 1176 1177 1201 1202 1801 1802 1826 1827
          528 531 606 603 2403 2406 2481 2478 529 530 556 581 604 605 553 578 2404 2405 2431 2456 2479 2480 2428 2453 1153 1778 1156 1781 1228 1853 1231 1856 1178 1203 1803 1828 1181 1206 1806 1831 1154 1155 1779 1780 1229 1230 1854 1855 554 555 579 580 2429 2430 2454 2455 1179 1180 1204 1205 1804 1805 1829 1830
          531 534 609 606 2406 2409 2484 2481 532 533 559 584 607 608 556 581 2407 2408 2434 2459 2482 2483 2431 2456 1156 1781 1159 1784 1231 1856 1234 1859 1181 1206 1806 1831 1184 1209 1809 1834 1157 1158 1782 1783 1232 1233 1857 1858 557 558 582 583 2432 2433 2457 2458 1182 1183 1207 1208 1807 1808 1832 1833
          534 537 612 609 2409 2412 2487 2484 535 536 562 587 610 611 559 584 2410 2411 2437 2462 2485 2486 2434 2459 1159 1784 1162 1787 1234 1859 1237 1862 1184 1209 1809 1834 1187 1212 1812 1837 1160 1161 1785 1786 1235 1236 1860 1861 560 561 585 586 2435 2436 2460 2461 1185 1186 1210 1211 1810 1811 1835 1836
          537 540 615 612 2412 2415 2490 2487 538 539 565 590 613 614 562 587 2413 2414 2440 2465 2488 2489 2437 2462 1162 1787 1165 1790 1237 1862 1240 1865 1187 1212 1812 1837 1190 1215 1815 1840 1163 1164 1788 1789 1238 1239 1863 1864 563 564 588 589 2438 2439 2463 2464 1188 1189 1213 1214 1813 1814 1838 1839
          540 543 618 615 2415 2418 2493 2490 541 542 568 593 616 617 565 590 2416 2417 2443 2468 2491 2492 2440 2465 1165 1790 1168 1793 1240 1865 1243 1868 1190 1215 1815 1840 1193 1218 1818 1843 1166 1167 1791 1792 1241 1242 1866 1867 566 567 591 592 2441 2442 2466 2467 1191 1192 1216 1217 1816 1817 1841 1842
          543 546 621 618 2418 2421 2496 2493 544 545 571 596 619 620 568 593 2419 2420 2446 2471 2494 2495 2443 2468 1168 1793 1171 1796 1243 1868 1246 1871 1193 1218 1818 1843 1196 1221 1821 1846 1169 1170 1794 1795 1244 1245 1869 1870 569 570 594 595 2444 2445 2469 2470 1194 1195 1219 1220 1819 1820 1844 1845
          546 549 624 621 2421 2424 2499 2496 547 548 574 599 622 623 571 596 2422 2423 2449 2474 2497 2498 2446 2471 1171 1796 1174 1799 1246 1871 1249 1874 1196 1221 1821 1846 1199 1224 1824 1849 1172 1173 1797 1798 1247 1248 1872 1873 572 573 597 598 2447 2448 2472 2473 1197 1198 1222 1223 1822 1823 1847 1848
        </DataArray>
        <DataArray type="Int64" Name="offsets" format="ascii">
          64
          128
          192
          256
          320
          384
          448
          512
          576
          640
          704
          768
          832
          896
          960
          1024
          1088
          1152
          1216
          1280
          1344
          1408
          1472
          1536
          1600
          1664
          1728
          1792
          1856
          1920
          1984
          2048
          2112
          2176
          2240
          2304
          2368
          2432
          2496
          2560
          2624
          2688
          2752
          2816
          2880
          2944
          3008
          3072
          3136
          3200
          3264
          3328
          3392
          3456
          3520
          3584
          3648
          3712
          3776
          3840
          3904
          3968
          4032
          4096
        </DataArray>
        <DataArray type="UInt8" Name="types" format="ascii">
          72
          72
          72
          72
          72
          72
          72
          72
          72
          72
          72
          72
          72
          72
          72
          72
          72
          72
          72
          72
          72
          72
          72
          72
          72
          72
          72
          72
          72
          72
          72
          72
          72
          72
          72
          72
          72
          72
          72
          72
          72
          72
          72
          72
          72
          72
          72
          72
          72
          72
          72
          72
          72
          72
          72
          72
          72
          72
          72
          72
          72
          72
          72
          72
        </DataArray>
      </Cells>
    </Piece>
  </UnstructuredGrid>
</VTKFile>
