<?xml version="1.0"?>
<VTKFile type="UnstructuredGrid" version="1.0" byte_order="LittleEndian">
  <UnstructuredGrid>
    <Piece NumberOfPoints="2197" NumberOfCells="64">
      <CellData>
        <DataArray type="Int32" Name="ObjectId" format="ascii">
          0
          0
          0
          0
          0
          0
          0
          0
          0
          0
          0
          0
          0
          0
          0
          0
          0
          0
          0
          0
          0
          0
          0
          0
          0
          0
          0
          0
          0
          0
          0
          0
          0
          0
          0
          0
          0
          0
          0
          0
          0
          0
          0
          0
          0
          0
          0
          0
          0
          0
          0
          0
          0
          0
          0
          0
          0
          0
          0
          0
          0
          0
          0
          0
        </DataArray>
      </CellData>
      <Points>
        <DataArray type="Float64" NumberOfComponents="3" Name="Points" format="ascii">
          0 0 0
          0.083333333333333329 0 0
          0.16666666666666666 0 0
          0.25 0 0
          0.33333333333333331 0 0
          0.41666666666666663 0 0
          0.5 0 0
          0.58333333333333326 0 0
          0.66666666666666663 0 0
          0.75 0 0
          0.83333333333333326 0 0
          0.91666666666666663 0 0
          1 0 0
          0 0.083333333333333329 0
          0.083333333333333329 0.083333333333333329 0
          0.16666666666666666 0.083333333333333329 0
          0.25 0.083333333333333329 0
          0.33333333333333331 0.083333333333333329 0
          0.41666666666666663 0.083333333333333329 0
          0.5 0.083333333333333329 0
          0.58333333333333326 0.083333333333333329 0
          0.66666666666666663 0.083333333333333329 0
          0.75 0.083333333333333329 0
          0.83333333333333326 0.083333333333333329 0
          0.91666666666666663 0.083333333333333329 0
          1 0.083333333333333329 0
          0 0.16666666666666666 0
          0.083333333333333329 0.16666666666666666 0
          0.16666666666666666 0.16666666666666666 0
          0.25 0.16666666666666666 0
          0.33333333333333331 0.16666666666666666 0
          0.41666666666666663 0.16666666666666666 0
          0.5 0.16666666666666666 0
          0.58333333333333326 0.16666666666666666 0
          0.66666666666666663 0.16666666666666666 0
          0.75 0.16666666666666666 0
          0.83333333333333326 0.16666666666666666 0
          0.91666666666666663 0.16666666666666666 0
          1 0.16666666666666666 0
          0 0.25 0
          0.083333333333333329 0.25 0
          0.16666666666666666 0.25 0
          0.25 0.25 0
          0.33333333333333331 0.25 0
          0.41666666666666663 0.25 0
          0.5 0.25 0
          0.58333333333333326 0.25 0
          0.66666666666666663 0.25 0
          0.75 0.25 0
          0.83333333333333326 0.25 0
          0.91666666666666663 0.25 0
          1 0.25 0
          0 0.33333333333333331 0
          0.083333333333333329 0.33333333333333331 0
          0.16666666666666666 0.33333333333333331 0
          0.25 0.33333333333333331 0
          0.33333333333333331 0.33333333333333331 0
          0.41666666666666663 0.33333333333333331 0
          0.5 0.33333333333333331 0
          0.58333333333333326 0.33333333333333331 0
          0.66666666666666663 0.33333333333333331 0
          0.75 0.33333333333333331 0
          0.83333333333333326 0.33333333333333331 0
          0.91666666666666663 0.33333333333333331 0
          1 0.33333333333333331 0
          0 0.41666666666666663 0
          0.083333333333333329 0.41666666666666663 0
          0.16666666666666666 0.41666666666666663 0
          0.25 0.41666666666666663 0
          0.33333333333333331 0.41666666666666663 0
          0.41666666666666663 0.41666666666666663 0
          0.5 0.41666666666666663 0
          0.58333333333333326 0.41666666666666663 0
          0.66666666666666663 0.41666666666666663 0
          0.75 0.41666666666666663 0
          0.83333333333333326 0.41666666666666663 0
          0.91666666666666663 0.41666666666666663 0
          1 0.41666666666666663 0
          0 0.5 0
          0.083333333333333329 0.5 0
          0.16666666666666666 0.5 0
          0.25 0.5 0
          0.33333333333333331 0.5 0
          0.41666666666666663 0.5 0
          0.5 0.5 0
          0.58333333333333326 0.5 0
          0.66666666666666663 0.5 0
          0.75 0.5 0
          0.83333333333333326 0.5 0
          0.91666666666666663 0.5 0
          1 0.5 0
          0 0.58333333333333326 0
          0.083333333333333329 0.58333333333333326 0
          0.16666666666666666 0.58333333333333326 0
          0.25 0.58333333333333326 0
          0.33333333333333331 0.58333333333333326 0
          0.41666666666666663 0.58333333333333326 0
          0.5 0.58333333333333326 0
          0.58333333333333326 0.58333333333333326 0
          0.66666666666666663 0.58333333333333326 0
          0.75 0.58333333333333326 0
          0.83333333333333326 0.58333333333333326 0
          0.91666666666666663 0.58333333333333326 0
          1 0.58333333333333326 0
          0 0.66666666666666663 0
          0.083333333333333329 0.66666666666666663 0
          0.16666666666666666 0.66666666666666663 0
          0.25 0.66666666666666663 0
          0.33333333333333331 0.66666666666666663 0
          0.41666666666666663 0.66666666666666663 0
          0.5 0.66666666666666663 0
          0.58333333333333326 0.66666666666666663 0
          0.66666666666666663 0.66666666666666663 0
          0.75 0.66666666666666663 0
          0.83333333333333326 0.66666666666666663 0
          0.91666666666666663 0.66666666666666663 0
          1 0.66666666666666663 0
          0 0.75 0
          0.083333333333333329 0.75 0
          0.16666666666666666 0.75 0
          0.25 0.75 0
          0.33333333333333331 0.75 0
          0.41666666666666663 0.75 0
          0.5 0.75 0
          0.58333333333333326 0.75 0
          0.66666666666666663 0.75 0
          0.75 0.75 0
          0.83333333333333326 0.75 0
          0.91666666666666663 0.75 0
          1 0.75 0
          0 0.83333333333333326 0
          0.083333333333333329 0.83333333333333326 0
          0.16666666666666666 0.83333333333333326 0
          0.25 0.83333333333333326 0
          0.33333333333333331 0.83333333333333326 0
          0.41666666666666663 0.83333333333333326 0
          0.5 0.83333333333333326 0
          0.58333333333333326 0.83333333333333326 0
          0.66666666666666663 0.83333333333333326 0
          0.75 0.83333333333333326 0
          0.83333333333333326 0.83333333333333326 0
          0.91666666666666663 0.83333333333333326 0
          1 0.83333333333333326 0
          0 0.91666666666666663 0
          0.083333333333333329 0.91666666666666663 0
          0.16666666666666666 0.91666666666666663 0
          0.25 0.91666666666666663 0
          0.33333333333333331 0.91666666666666663 0
          0.41666666666666663 0.91666666666666663 0
          0.5 0.91666666666666663 0
          0.58333333333333326 0.91666666666666663 0
          0.66666666666666663 0.91666666666666663 0
          0.75 0.91666666666666663 0
          0.83333333333333326 0.91666666666666663 0
          0.91666666666666663 0.91666666666666663 0
          1 0.91666666666666663 0
          0 1 0
          0.083333333333333329 1 0
          0.16666666666666666 1 0
          0.25 1 0
          0.33333333333333331 1 0
          0.41666666666666663 1 0
          0.5 1 0
          0.58333333333333326 1 0
          0.66666666666666663 1 0
          0.75 1 0
          0.83333333333333326 1 0
          0.91666666666666663 1 0
          1 1 0
          0 0 0.083333333333333329
          0.083333333333333329 0 0.083333333333333329
          0.16666666666666666 0 0.083333333333333329
          0.25 0 0.083333333333333329
          0.33333333333333331 0 0.083333333333333329
          0.41666666666666663 0 0.083333333333333329
          0.5 0 0.083333333333333329
          0.58333333333333326 0 0.083333333333333329
          0.66666666666666663 0 0.083333333333333329
          0.75 0 0.083333333333333329
          0.83333333333333326 0 0.083333333333333329
          0.91666666666666663 0 0.083333333333333329
          1 0 0.083333333333333329
          0 0.083333333333333329 0.083333333333333329
          0.083333333333333329 0.083333333333333329 0.083333333333333329
          0.16666666666666666 0.083333333333333329 0.083333333333333329
          0.25 0.083333333333333329 0.083333333333333329
          0.33333333333333331 0.083333333333333329 0.083333333333333329
          0.41666666666666663 0.083333333333333329 0.083333333333333329
          0.5 0.083333333333333329 0.083333333333333329
          0.58333333333333326 0.083333333333333329 0.083333333333333329
          0.66666666666666663 0.083333333333333329 0.083333333333333329
          0.75 0.083333333333333329 0.083333333333333329
          0.83333333333333326 0.083333333333333329 0.083333333333333329
          0.91666666666666663 0.083333333333333329 0.083333333333333329
          1 0.083333333333333329 0.083333333333333329
          0 0.16666666666666666 0.083333333333333329
          0.083333333333333329 0.16666666666666666 0.083333333333333329
          0.16666666666666666 0.16666666666666666 0.083333333333333329
          0.25 0.16666666666666666 0.083333333333333329
          0.33333333333333331 0.16666666666666666 0.083333333333333329
          0.41666666666666663 0.16666666666666666 0.083333333333333329
          0.5 0.16666666666666666 0.083333333333333329
          0.58333333333333326 0.16666666666666666 0.083333333333333329
          0.66666666666666663 0.16666666666666666 0.083333333333333329
          0.75 0.16666666666666666 0.083333333333333329
          0.83333333333333326 0.16666666666666666 0.083333333333333329
          0.91666666666666663 0.16666666666666666 0.083333333333333329
          1 0.16666666666666666 0.083333333333333329
          0 0.25 0.083333333333333329
          0.083333333333333329 0.25 0.083333333333333329
          0.16666666666666666 0.25 0.083333333333333329
          0.25 0.25 0.083333333333333329
          0.33333333333333331 0.25 0.083333333333333329
          0.41666666666666663 0.25 0.083333333333333329
          0.5 0.25 0.083333333333333329
          0.58333333333333326 0.25 0.083333333333333329
          0.66666666666666663 0.25 0.083333333333333329
          0.75 0.25 0.083333333333333329
          0.83333333333333326 0.25 0.083333333333333329
          0.91666666666666663 0.25 0.083333333333333329
          1 0.25 0.083333333333333329
          0 0.33333333333333331 0.083333333333333329
          0.083333333333333329 0.33333333333333331 0.083333333333333329
          0.16666666666666666 0.33333333333333331 0.083333333333333329
          0.25 0.33333333333333331 0.083333333333333329
          0.33333333333333331 0.33333333333333331 0.083333333333333329
          0.41666666666666663 0.33333333333333331 0.083333333333333329
          0.5 0.33333333333333331 0.083333333333333329
          0.58333333333333326 0.33333333333333331 0.083333333333333329
          0.66666666666666663 0.33333333333333331 0.083333333333333329
          0.75 0.33333333333333331 0.083333333333333329
          0.83333333333333326 0.33333333333333331 0.083333333333333329
          0.91666666666666663 0.33333333333333331 0.083333333333333329
          1 0.33333333333333331 0.083333333333333329
          0 0.41666666666666663 0.083333333333333329
          0.083333333333333329 0.41666666666666663 0.083333333333333329
          0.16666666666666666 0.41666666666666663 0.083333333333333329
          0.25 0.41666666666666663 0.083333333333333329
          0.33333333333333331 0.41666666666666663 0.083333333333333329
          0.41666666666666663 0.41666666666666663 0.083333333333333329
          0.5 0.41666666666666663 0.083333333333333329
          0.58333333333333326 0.41666666666666663 0.083333333333333329
          0.66666666666666663 0.41666666666666663 0.083333333333333329
          0.75 0.41666666666666663 0.083333333333333329
          0.83333333333333326 0.41666666666666663 0.083333333333333329
          0.91666666666666663 0.41666666666666663 0.083333333333333329
          1 0.41666666666666663 0.083333333333333329
          0 0.5 0.083333333333333329
          0.083333333333333329 0.5 0.083333333333333329
          0.16666666666666666 0.5 0.083333333333333329
          0.25 0.5 0.083333333333333329
          0.33333333333333331 0.5 0.083333333333333329
          0.41666666666666663 0.5 0.083333333333333329
          0.5 0.5 0.083333333333333329
          0.58333333333333326 0.5 0.083333333333333329
          0.66666666666666663 0.5 0.083333333333333329
          0.75 0.5 0.083333333333333329
          0.83333333333333326 0.5 0.083333333333333329
          0.91666666666666663 0.5 0.083333333333333329
          1 0.5 0.083333333333333329
          0 0.58333333333333326 0.083333333333333329
          0.083333333333333329 0.58333333333333326 0.083333333333333329
          0.16666666666666666 0.58333333333333326 0.083333333333333329
          0.25 0.58333333333333326 0.083333333333333329
          0.33333333333333331 0.58333333333333326 0.083333333333333329
          0.41666666666666663 0.58333333333333326 0.083333333333333329
          0.5 0.58333333333333326 0.083333333333333329
          0.58333333333333326 0.58333333333333326 0.083333333333333329
          0.66666666666666663 0.58333333333333326 0.083333333333333329
          0.75 0.58333333333333326 0.083333333333333329
          0.83333333333333326 0.58333333333333326 0.083333333333333329
          0.91666666666666663 0.58333333333333326 0.083333333333333329
          1 0.58333333333333326 0.083333333333333329
          0 0.66666666666666663 0.083333333333333329
          0.083333333333333329 0.66666666666666663 0.083333333333333329
          0.16666666666666666 0.66666666666666663 0.083333333333333329
          0.25 0.66666666666666663 0.083333333333333329
          0.33333333333333331 0.66666666666666663 0.083333333333333329
          0.41666666666666663 0.66666666666666663 0.083333333333333329
          0.5 0.66666666666666663 0.083333333333333329
          0.58333333333333326 0.66666666666666663 0.083333333333333329
          0.66666666666666663 0.66666666666666663 0.083333333333333329
          0.75 0.66666666666666663 0.083333333333333329
          0.83333333333333326 0.66666666666666663 0.083333333333333329
          0.91666666666666663 0.66666666666666663 0.083333333333333329
          1 0.66666666666666663 0.083333333333333329
          0 0.75 0.083333333333333329
          0.083333333333333329 0.75 0.083333333333333329
          0.16666666666666666 0.75 0.083333333333333329
          0.25 0.75 0.083333333333333329
          0.33333333333333331 0.75 0.083333333333333329
          0.41666666666666663 0.75 0.083333333333333329
          0.5 0.75 0.083333333333333329
          0.58333333333333326 0.75 0.083333333333333329
          0.66666666666666663 0.75 0.083333333333333329
          0.75 0.75 0.083333333333333329
          0.83333333333333326 0.75 0.083333333333333329
          0.91666666666666663 0.75 0.083333333333333329
          1 0.75 0.083333333333333329
          0 0.83333333333333326 0.083333333333333329
          0.083333333333333329 0.83333333333333326 0.083333333333333329
          0.16666666666666666 0.83333333333333326 0.083333333333333329
          0.25 0.83333333333333326 0.083333333333333329
          0.33333333333333331 0.83333333333333326 0.083333333333333329
          0.41666666666666663 0.83333333333333326 0.083333333333333329
          0.5 0.83333333333333326 0.083333333333333329
          0.58333333333333326 0.83333333333333326 0.083333333333333329
          0.66666666666666663 0.83333333333333326 0.083333333333333329
          0.75 0.83333333333333326 0.083333333333333329
          0.83333333333333326 0.83333333333333326 0.083333333333333329
          0.91666666666666663 0.83333333333333326 0.083333333333333329
          1 0.83333333333333326 0.083333333333333329
          0 0.91666666666666663 0.083333333333333329
          0.083333333333333329 0.91666666666666663 0.083333333333333329
          0.16666666666666666 0.91666666666666663 0.083333333333333329
          0.25 0.91666666666666663 0.083333333333333329
          0.33333333333333331 0.91666666666666663 0.083333333333333329
          0.41666666666666663 0.91666666666666663 0.083333333333333329
          0.5 0.91666666666666663 0.083333333333333329
          0.58333333333333326 0.91666666666666663 0.083333333333333329
          0.66666666666666663 0.91666666666666663 0.083333333333333329
          0.75 0.91666666666666663 0.083333333333333329
          0.83333333333333326 0.91666666666666663 0.083333333333333329
          0.91666666666666663 0.91666666666666663 0.083333333333333329
          1 0.91666666666666663 0.083333333333333329
          0 1 0.083333333333333329
          0.083333333333333329 1 0.083333333333333329
          0.16666666666666666 1 0.083333333333333329
          0.25 1 0.083333333333333329
          0.33333333333333331 1 0.083333333333333329
          0.41666666666666663 1 0.083333333333333329
          0.5 1 0.083333333333333329
          0.58333333333333326 1 0.083333333333333329
          0.66666666666666663 1 0.083333333333333329
          0.75 1 0.083333333333333329
          0.83333333333333326 1 0.083333333333333329
          0.91666666666666663 1 0.083333333333333329
          1 1 0.083333333333333329
          0 0 0.16666666666666666
          0.083333333333333329 0 0.16666666666666666
          0.16666666666666666 0 0.16666666666666666
          0.25 0 0.16666666666666666
          0.33333333333333331 0 0.16666666666666666
          0.41666666666666663 0 0.16666666666666666
          0.5 0 0.16666666666666666
          0.58333333333333326 0 0.16666666666666666
          0.66666666666666663 0 0.16666666666666666
          0.75 0 0.16666666666666666
          0.83333333333333326 0 0.16666666666666666
          0.91666666666666663 0 0.16666666666666666
          1 0 0.16666666666666666
          0 0.083333333333333329 0.16666666666666666
          0.083333333333333329 0.083333333333333329 0.16666666666666666
          0.16666666666666666 0.083333333333333329 0.16666666666666666
          0.25 0.083333333333333329 0.16666666666666666
          0.33333333333333331 0.083333333333333329 0.16666666666666666
          0.41666666666666663 0.083333333333333329 0.16666666666666666
          0.5 0.083333333333333329 0.16666666666666666
          0.58333333333333326 0.083333333333333329 0.16666666666666666
          0.66666666666666663 0.083333333333333329 0.16666666666666666
          0.75 0.083333333333333329 0.16666666666666666
          0.83333333333333326 0.083333333333333329 0.16666666666666666
          0.91666666666666663 0.083333333333333329 0.16666666666666666
          1 0.083333333333333329 0.16666666666666666
          0 0.16666666666666666 0.16666666666666666
          0.083333333333333329 0.16666666666666666 0.16666666666666666
          0.16666666666666666 0.16666666666666666 0.16666666666666666
          0.25 0.16666666666666666 0.16666666666666666
          0.33333333333333331 0.16666666666666666 0.16666666666666666
          0.41666666666666663 0.16666666666666666 0.16666666666666666
          0.5 0.16666666666666666 0.16666666666666666
          0.58333333333333326 0.16666666666666666 0.16666666666666666
          0.66666666666666663 0.16666666666666666 0.16666666666666666
          0.75 0.16666666666666666 0.16666666666666666
          0.83333333333333326 0.16666666666666666 0.16666666666666666
          0.91666666666666663 0.16666666666666666 0.16666666666666666
          1 0.16666666666666666 0.16666666666666666
          0 0.25 0.16666666666666666
          0.083333333333333329 0.25 0.16666666666666666
          0.16666666666666666 0.25 0.16666666666666666
          0.25 0.25 0.16666666666666666
          0.33333333333333331 0.25 0.16666666666666666
          0.41666666666666663 0.25 0.16666666666666666
          0.5 0.25 0.16666666666666666
          0.58333333333333326 0.25 0.16666666666666666
          0.66666666666666663 0.25 0.16666666666666666
          0.75 0.25 0.16666666666666666
          0.83333333333333326 0.25 0.16666666666666666
          0.91666666666666663 0.25 0.16666666666666666
          1 0.25 0.16666666666666666
          0 0.33333333333333331 0.16666666666666666
          0.083333333333333329 0.33333333333333331 0.16666666666666666
          0.16666666666666666 0.33333333333333331 0.16666666666666666
          0.25 0.33333333333333331 0.16666666666666666
          0.33333333333333331 0.33333333333333331 0.16666666666666666
          0.41666666666666663 0.33333333333333331 0.16666666666666666
          0.5 0.33333333333333331 0.16666666666666666
          0.58333333333333326 0.33333333333333331 0.16666666666666666
          0.66666666666666663 0.33333333333333331 0.16666666666666666
          0.75 0.33333333333333331 0.16666666666666666
          0.83333333333333326 0.33333333333333331 0.16666666666666666
          0.91666666666666663 0.33333333333333331 0.16666666666666666
          1 0.33333333333333331 0.16666666666666666
          0 0.41666666666666663 0.16666666666666666
          0.083333333333333329 0.41666666666666663 0.16666666666666666
          0.16666666666666666 0.41666666666666663 0.16666666666666666
          0.25 0.41666666666666663 0.16666666666666666
          0.33333333333333331 0.41666666666666663 0.16666666666666666
          0.41666666666666663 0.41666666666666663 0.16666666666666666
          0.5 0.41666666666666663 0.16666666666666666
          0.58333333333333326 0.41666666666666663 0.16666666666666666
          0.66666666666666663 0.41666666666666663 0.16666666666666666
          0.75 0.41666666666666663 0.16666666666666666
          0.83333333333333326 0.41666666666666663 0.16666666666666666
          0.91666666666666663 0.41666666666666663 0.16666666666666666
          1 0.41666666666666663 0.16666666666666666
          0 0.5 0.16666666666666666
          0.083333333333333329 0.5 0.16666666666666666
          0.16666666666666666 0.5 0.16666666666666666
          0.25 0.5 0.16666666666666666
          0.33333333333333331 0.5 0.16666666666666666
          0.41666666666666663 0.5 0.16666666666666666
          0.5 0.5 0.16666666666666666
          0.58333333333333326 0.5 0.16666666666666666
          0.66666666666666663 0.5 0.16666666666666666
          0.75 0.5 0.16666666666666666
          0.83333333333333326 0.5 0.16666666666666666
          0.91666666666666663 0.5 0.16666666666666666
          1 0.5 0.16666666666666666
          0 0.58333333333333326 0.16666666666666666
          0.083333333333333329 0.58333333333333326 0.16666666666666666
          0.16666666666666666 0.58333333333333326 0.16666666666666666
          0.25 0.58333333333333326 0.16666666666666666
          0.33333333333333331 0.58333333333333326 0.16666666666666666
          0.41666666666666663 0.58333333333333326 0.16666666666666666
          0.5 0.58333333333333326 0.16666666666666666
          0.58333333333333326 0.58333333333333326 0.16666666666666666
          0.66666666666666663 0.58333333333333326 0.16666666666666666
          0.75 0.58333333333333326 0.16666666666666666
          0.83333333333333326 0.58333333333333326 0.16666666666666666
          0.91666666666666663 0.58333333333333326 0.16666666666666666
          1 0.58333333333333326 0.16666666666666666
          0 0.66666666666666663 0.16666666666666666
          0.083333333333333329 0.66666666666666663 0.16666666666666666
          0.16666666666666666 0.66666666666666663 0.16666666666666666
          0.25 0.66666666666666663 0.16666666666666666
          0.33333333333333331 0.66666666666666663 0.16666666666666666
          0.41666666666666663 0.66666666666666663 0.16666666666666666
          0.5 0.66666666666666663 0.16666666666666666
          0.58333333333333326 0.66666666666666663 0.16666666666666666
          0.66666666666666663 0.66666666666666663 0.16666666666666666
          0.75 0.66666666666666663 0.16666666666666666
          0.83333333333333326 0.66666666666666663 0.16666666666666666
          0.91666666666666663 0.66666666666666663 0.16666666666666666
          1 0.66666666666666663 0.16666666666666666
          0 0.75 0.16666666666666666
          0.083333333333333329 0.75 0.16666666666666666
          0.16666666666666666 0.75 0.16666666666666666
          0.25 0.75 0.16666666666666666
          0.33333333333333331 0.75 0.16666666666666666
          0.41666666666666663 0.75 0.16666666666666666
          0.5 0.75 0.16666666666666666
          0.58333333333333326 0.75 0.16666666666666666
          0.66666666666666663 0.75 0.16666666666666666
          0.75 0.75 0.16666666666666666
          0.83333333333333326 0.75 0.16666666666666666
          0.91666666666666663 0.75 0.16666666666666666
          1 0.75 0.16666666666666666
          0 0.83333333333333326 0.16666666666666666
          0.083333333333333329 0.83333333333333326 0.16666666666666666
          0.16666666666666666 0.83333333333333326 0.16666666666666666
          0.25 0.83333333333333326 0.16666666666666666
          0.33333333333333331 0.83333333333333326 0.16666666666666666
          0.41666666666666663 0.83333333333333326 0.16666666666666666
          0.5 0.83333333333333326 0.16666666666666666
          0.58333333333333326 0.83333333333333326 0.16666666666666666
          0.66666666666666663 0.83333333333333326 0.16666666666666666
          0.75 0.83333333333333326 0.16666666666666666
          0.83333333333333326 0.83333333333333326 0.16666666666666666
          0.91666666666666663 0.83333333333333326 0.16666666666666666
          1 0.83333333333333326 0.16666666666666666
          0 0.91666666666666663 0.16666666666666666
          0.083333333333333329 0.91666666666666663 0.16666666666666666
          0.16666666666666666 0.91666666666666663 0.16666666666666666
          0.25 0.91666666666666663 0.16666666666666666
          0.33333333333333331 0.91666666666666663 0.16666666666666666
          0.41666666666666663 0.91666666666666663 0.16666666666666666
          0.5 0.91666666666666663 0.16666666666666666
          0.58333333333333326 0.91666666666666663 0.16666666666666666
          0.66666666666666663 0.91666666666666663 0.16666666666666666
          0.75 0.91666666666666663 0.16666666666666666
          0.83333333333333326 0.91666666666666663 0.16666666666666666
          0.91666666666666663 0.91666666666666663 0.16666666666666666
          1 0.91666666666666663 0.16666666666666666
          0 1 0.16666666666666666
          0.083333333333333329 1 0.16666666666666666
          0.16666666666666666 1 0.16666666666666666
          0.25 1 0.16666666666666666
          0.33333333333333331 1 0.16666666666666666
          0.41666666666666663 1 0.16666666666666666
          0.5 1 0.16666666666666666
          0.58333333333333326 1 0.16666666666666666
          0.66666666666666663 1 0.16666666666666666
          0.75 1 0.16666666666666666
          0.83333333333333326 1 0.16666666666666666
          0.91666666666666663 1 0.16666666666666666
          1 1 0.16666666666666666
          0 0 0.25
          0.083333333333333329 0 0.25
          0.16666666666666666 0 0.25
          0.25 0 0.25
          0.33333333333333331 0 0.25
          0.41666666666666663 0 0.25
          0.5 0 0.25
          0.58333333333333326 0 0.25
          0.66666666666666663 0 0.25
          0.75 0 0.25
          0.83333333333333326 0 0.25
          0.91666666666666663 0 0.25
          1 0 0.25
          0 0.083333333333333329 0.25
          0.083333333333333329 0.083333333333333329 0.25
          0.16666666666666666 0.083333333333333329 0.25
          0.25 0.083333333333333329 0.25
          0.33333333333333331 0.083333333333333329 0.25
          0.41666666666666663 0.083333333333333329 0.25
          0.5 0.083333333333333329 0.25
          0.58333333333333326 0.083333333333333329 0.25
          0.66666666666666663 0.083333333333333329 0.25
          0.75 0.083333333333333329 0.25
          0.83333333333333326 0.083333333333333329 0.25
          0.91666666666666663 0.083333333333333329 0.25
          1 0.083333333333333329 0.25
          0 0.16666666666666666 0.25
          0.083333333333333329 0.16666666666666666 0.25
          0.16666666666666666 0.16666666666666666 0.25
          0.25 0.16666666666666666 0.25
          0.33333333333333331 0.16666666666666666 0.25
          0.41666666666666663 0.16666666666666666 0.25
          0.5 0.16666666666666666 0.25
          0.58333333333333326 0.16666666666666666 0.25
          0.66666666666666663 0.16666666666666666 0.25
          0.75 0.16666666666666666 0.25
          0.83333333333333326 0.16666666666666666 0.25
          0.91666666666666663 0.16666666666666666 0.25
          1 0.16666666666666666 0.25
          0 0.25 0.25
          0.083333333333333329 0.25 0.25
          0.16666666666666666 0.25 0.25
          0.25 0.25 0.25
          0.33333333333333331 0.25 0.25
          0.41666666666666663 0.25 0.25
          0.5 0.25 0.25
          0.58333333333333326 0.25 0.25
          0.66666666666666663 0.25 0.25
          0.75 0.25 0.25
          0.83333333333333326 0.25 0.25
          0.91666666666666663 0.25 0.25
          1 0.25 0.25
          0 0.33333333333333331 0.25
          0.083333333333333329 0.33333333333333331 0.25
          0.16666666666666666 0.33333333333333331 0.25
          0.25 0.33333333333333331 0.25
          0.33333333333333331 0.33333333333333331 0.25
          0.41666666666666663 0.33333333333333331 0.25
          0.5 0.33333333333333331 0.25
          0.58333333333333326 0.33333333333333331 0.25
          0.66666666666666663 0.33333333333333331 0.25
          0.75 0.33333333333333331 0.25
          0.83333333333333326 0.33333333333333331 0.25
          0.91666666666666663 0.33333333333333331 0.25
          1 0.33333333333333331 0.25
          0 0.41666666666666663 0.25
          0.083333333333333329 0.41666666666666663 0.25
          0.16666666666666666 0.41666666666666663 0.25
          0.25 0.41666666666666663 0.25
          0.33333333333333331 0.41666666666666663 0.25
          0.41666666666666663 0.41666666666666663 0.25
          0.5 0.41666666666666663 0.25
          0.58333333333333326 0.41666666666666663 0.25
          0.66666666666666663 0.41666666666666663 0.25
          0.75 0.41666666666666663 0.25
          0.83333333333333326 0.41666666666666663 0.25
          0.91666666666666663 0.41666666666666663 0.25
          1 0.41666666666666663 0.25
          0 0.5 0.25
          0.083333333333333329 0.5 0.25
          0.16666666666666666 0.5 0.25
          0.25 0.5 0.25
          0.33333333333333331 0.5 0.25
          0.41666666666666663 0.5 0.25
          0.5 0.5 0.25
          0.58333333333333326 0.5 0.25
          0.66666666666666663 0.5 0.25
          0.75 0.5 0.25
          0.83333333333333326 0.5 0.25
          0.91666666666666663 0.5 0.25
          1 0.5 0.25
          0 0.58333333333333326 0.25
          0.083333333333333329 0.58333333333333326 0.25
          0.16666666666666666 0.58333333333333326 0.25
          0.25 0.58333333333333326 0.25
          0.33333333333333331 0.58333333333333326 0.25
          0.41666666666666663 0.58333333333333326 0.25
          0.5 0.58333333333333326 0.25
          0.58333333333333326 0.58333333333333326 0.25
          0.66666666666666663 0.58333333333333326 0.25
          0.75 0.58333333333333326 0.25
          0.83333333333333326 0.58333333333333326 0.25
          0.91666666666666663 0.58333333333333326 0.25
          1 0.58333333333333326 0.25
          0 0.66666666666666663 0.25
          0.083333333333333329 0.66666666666666663 0.25
          0.16666666666666666 0.66666666666666663 0.25
          0.25 0.66666666666666663 0.25
          0.33333333333333331 0.66666666666666663 0.25
          0.41666666666666663 0.66666666666666663 0.25
          0.5 0.66666666666666663 0.25
          0.58333333333333326 0.66666666666666663 0.25
          0.66666666666666663 0.66666666666666663 0.25
          0.75 0.66666666666666663 0.25
          0.83333333333333326 0.66666666666666663 0.25
          0.91666666666666663 0.66666666666666663 0.25
          1 0.66666666666666663 0.25
          0 0.75 0.25
          0.083333333333333329 0.75 0.25
          0.16666666666666666 0.75 0.25
          0.25 0.75 0.25
          0.33333333333333331 0.75 0.25
          0.41666666666666663 0.75 0.25
          0.5 0.75 0.25
          0.58333333333333326 0.75 0.25
          0.66666666666666663 0.75 0.25
          0.75 0.75 0.25
          0.83333333333333326 0.75 0.25
          0.91666666666666663 0.75 0.25
          1 0.75 0.25
          0 0.83333333333333326 0.25
          0.083333333333333329 0.83333333333333326 0.25
          0.16666666666666666 0.83333333333333326 0.25
          0.25 0.83333333333333326 0.25
          0.33333333333333331 0.83333333333333326 0.25
          0.41666666666666663 0.83333333333333326 0.25
          0.5 0.83333333333333326 0.25
          0.58333333333333326 0.83333333333333326 0.25
          0.66666666666666663 0.83333333333333326 0.25
          0.75 0.83333333333333326 0.25
          0.83333333333333326 0.83333333333333326 0.25
          0.91666666666666663 0.83333333333333326 0.25
          1 0.83333333333333326 0.25
          0 0.91666666666666663 0.25
          0.083333333333333329 0.91666666666666663 0.25
          0.16666666666666666 0.91666666666666663 0.25
          0.25 0.91666666666666663 0.25
          0.33333333333333331 0.91666666666666663 0.25
          0.41666666666666663 0.91666666666666663 0.25
          0.5 0.91666666666666663 0.25
          0.58333333333333326 0.91666666666666663 0.25
          0.66666666666666663 0.91666666666666663 0.25
          0.75 0.91666666666666663 0.25
          0.83333333333333326 0.91666666666666663 0.25
          0.91666666666666663 0.91666666666666663 0.25
          1 0.91666666666666663 0.25
          0 1 0.25
          0.083333333333333329 1 0.25
          0.16666666666666666 1 0.25
          0.25 1 0.25
          0.33333333333333331 1 0.25
          0.41666666666666663 1 0.25
          0.5 1 0.25
          0.58333333333333326 1 0.25
          0.66666666666666663 1 0.25
          0.75 1 0.25
          0.83333333333333326 1 0.25
          0.91666666666666663 1 0.25
          1 1 0.25
          0 0 0.33333333333333331
          0.083333333333333329 0 0.33333333333333331
          0.16666666666666666 0 0.33333333333333331
          0.25 0 0.33333333333333331
          0.33333333333333331 0 0.33333333333333331
          0.41666666666666663 0 0.33333333333333331
          0.5 0 0.33333333333333331
          0.58333333333333326 0 0.33333333333333331
          0.66666666666666663 0 0.33333333333333331
          0.75 0 0.33333333333333331
          0.83333333333333326 0 0.33333333333333331
          0.91666666666666663 0 0.33333333333333331
          1 0 0.33333333333333331
          0 0.083333333333333329 0.33333333333333331
          0.083333333333333329 0.083333333333333329 0.33333333333333331
          0.16666666666666666 0.083333333333333329 0.33333333333333331
          0.25 0.083333333333333329 0.33333333333333331
          0.33333333333333331 0.083333333333333329 0.33333333333333331
          0.41666666666666663 0.083333333333333329 0.33333333333333331
          0.5 0.083333333333333329 0.33333333333333331
          0.58333333333333326 0.083333333333333329 0.33333333333333331
          0.66666666666666663 0.083333333333333329 0.33333333333333331
          0.75 0.083333333333333329 0.33333333333333331
          0.83333333333333326 0.083333333333333329 0.33333333333333331
          0.91666666666666663 0.083333333333333329 0.33333333333333331
          1 0.083333333333333329 0.33333333333333331
          0 0.16666666666666666 0.33333333333333331
          0.083333333333333329 0.16666666666666666 0.33333333333333331
          0.16666666666666666 0.16666666666666666 0.33333333333333331
          0.25 0.16666666666666666 0.33333333333333331
          0.33333333333333331 0.16666666666666666 0.33333333333333331
          0.41666666666666663 0.16666666666666666 0.33333333333333331
          0.5 0.16666666666666666 0.33333333333333331
          0.58333333333333326 0.16666666666666666 0.33333333333333331
          0.66666666666666663 0.16666666666666666 0.33333333333333331
          0.75 0.16666666666666666 0.33333333333333331
          0.83333333333333326 0.16666666666666666 0.33333333333333331
          0.91666666666666663 0.16666666666666666 0.33333333333333331
          1 0.16666666666666666 0.33333333333333331
          0 0.25 0.33333333333333331
          0.083333333333333329 0.25 0.33333333333333331
          0.16666666666666666 0.25 0.33333333333333331
          0.25 0.25 0.33333333333333331
          0.33333333333333331 0.25 0.33333333333333331
          0.41666666666666663 0.25 0.33333333333333331
          0.5 0.25 0.33333333333333331
          0.58333333333333326 0.25 0.33333333333333331
          0.66666666666666663 0.25 0.33333333333333331
          0.75 0.25 0.33333333333333331
          0.83333333333333326 0.25 0.33333333333333331
          0.91666666666666663 0.25 0.33333333333333331
          1 0.25 0.33333333333333331
          0 0.33333333333333331 0.33333333333333331
          0.083333333333333329 0.33333333333333331 0.33333333333333331
          0.16666666666666666 0.33333333333333331 0.33333333333333331
          0.25 0.33333333333333331 0.33333333333333331
          0.33333333333333331 0.33333333333333331 0.33333333333333331
          0.41666666666666663 0.33333333333333331 0.33333333333333331
          0.5 0.33333333333333331 0.33333333333333331
          0.58333333333333326 0.33333333333333331 0.33333333333333331
          0.66666666666666663 0.33333333333333331 0.33333333333333331
          0.75 0.33333333333333331 0.33333333333333331
          0.83333333333333326 0.33333333333333331 0.33333333333333331
          0.91666666666666663 0.33333333333333331 0.33333333333333331
          1 0.33333333333333331 0.33333333333333331
          0 0.41666666666666663 0.33333333333333331
          0.083333333333333329 0.41666666666666663 0.33333333333333331
          0.16666666666666666 0.41666666666666663 0.33333333333333331
          0.25 0.41666666666666663 0.33333333333333331
          0.33333333333333331 0.41666666666666663 0.33333333333333331
          0.41666666666666663 0.41666666666666663 0.33333333333333331
          0.5 0.41666666666666663 0.33333333333333331
          0.58333333333333326 0.41666666666666663 0.33333333333333331
          0.66666666666666663 0.41666666666666663 0.33333333333333331
          0.75 0.41666666666666663 0.33333333333333331
          0.83333333333333326 0.41666666666666663 0.33333333333333331
          0.91666666666666663 0.41666666666666663 0.33333333333333331
          1 0.41666666666666663 0.33333333333333331
          0 0.5 0.33333333333333331
          0.083333333333333329 0.5 0.33333333333333331
          0.16666666666666666 0.5 0.33333333333333331
          0.25 0.5 0.33333333333333331
          0.33333333333333331 0.5 0.33333333333333331
          0.41666666666666663 0.5 0.33333333333333331
          0.5 0.5 0.33333333333333331
          0.58333333333333326 0.5 0.33333333333333331
          0.66666666666666663 0.5 0.33333333333333331
          0.75 0.5 0.33333333333333331
          0.83333333333333326 0.5 0.33333333333333331
          0.91666666666666663 0.5 0.33333333333333331
          1 0.5 0.33333333333333331
          0 0.58333333333333326 0.33333333333333331
          0.083333333333333329 0.58333333333333326 0.33333333333333331
          0.16666666666666666 0.58333333333333326 0.33333333333333331
          0.25 0.58333333333333326 0.33333333333333331
          0.33333333333333331 0.58333333333333326 0.33333333333333331
          0.41666666666666663 0.58333333333333326 0.33333333333333331
          0.5 0.58333333333333326 0.33333333333333331
          0.58333333333333326 0.58333333333333326 0.33333333333333331
          0.66666666666666663 0.58333333333333326 0.33333333333333331
          0.75 0.58333333333333326 0.33333333333333331
          0.83333333333333326 0.58333333333333326 0.33333333333333331
          0.91666666666666663 0.58333333333333326 0.33333333333333331
          1 0.58333333333333326 0.33333333333333331
          0 0.66666666666666663 0.33333333333333331
          0.083333333333333329 0.66666666666666663 0.33333333333333331
          0.16666666666666666 0.66666666666666663 0.33333333333333331
          0.25 0.66666666666666663 0.33333333333333331
          0.33333333333333331 0.66666666666666663 0.33333333333333331
          0.41666666666666663 0.66666666666666663 0.33333333333333331
          0.5 0.66666666666666663 0.33333333333333331
          0.58333333333333326 0.66666666666666663 0.33333333333333331
          0.66666666666666663 0.66666666666666663 0.33333333333333331
          0.75 0.66666666666666663 0.33333333333333331
          0.83333333333333326 0.66666666666666663 0.33333333333333331
          0.91666666666666663 0.66666666666666663 0.33333333333333331
          1 0.66666666666666663 0.33333333333333331
          0 0.75 0.33333333333333331
          0.083333333333333329 0.75 0.33333333333333331
          0.16666666666666666 0.75 0.33333333333333331
          0.25 0.75 0.33333333333333331
          0.33333333333333331 0.75 0.33333333333333331
          0.41666666666666663 0.75 0.33333333333333331
          0.5 0.75 0.33333333333333331
          0.58333333333333326 0.75 0.33333333333333331
          0.66666666666666663 0.75 0.33333333333333331
          0.75 0.75 0.33333333333333331
          0.83333333333333326 0.75 0.33333333333333331
          0.91666666666666663 0.75 0.33333333333333331
          1 0.75 0.33333333333333331
          0 0.83333333333333326 0.33333333333333331
          0.083333333333333329 0.83333333333333326 0.33333333333333331
          0.16666666666666666 0.83333333333333326 0.33333333333333331
          0.25 0.83333333333333326 0.33333333333333331
          0.33333333333333331 0.83333333333333326 0.33333333333333331
          0.41666666666666663 0.83333333333333326 0.33333333333333331
          0.5 0.83333333333333326 0.33333333333333331
          0.58333333333333326 0.83333333333333326 0.33333333333333331
          0.66666666666666663 0.83333333333333326 0.33333333333333331
          0.75 0.83333333333333326 0.33333333333333331
          0.83333333333333326 0.83333333333333326 0.33333333333333331
          0.91666666666666663 0.83333333333333326 0.33333333333333331
          1 0.83333333333333326 0.33333333333333331
          0 0.91666666666666663 0.33333333333333331
          0.083333333333333329 0.91666666666666663 0.33333333333333331
          0.16666666666666666 0.91666666666666663 0.33333333333333331
          0.25 0.91666666666666663 0.33333333333333331
          0.33333333333333331 0.91666666666666663 0.33333333333333331
          0.41666666666666663 0.91666666666666663 0.33333333333333331
          0.5 0.91666666666666663 0.33333333333333331
          0.58333333333333326 0.91666666666666663 0.33333333333333331
          0.66666666666666663 0.91666666666666663 0.33333333333333331
          0.75 0.91666666666666663 0.33333333333333331
          0.83333333333333326 0.91666666666666663 0.33333333333333331
          0.91666666666666663 0.91666666666666663 0.33333333333333331
          1 0.91666666666666663 0.33333333333333331
          0 1 0.33333333333333331
          0.083333333333333329 1 0.33333333333333331
          0.16666666666666666 1 0.33333333333333331
          0.25 1 0.33333333333333331
          0.33333333333333331 1 0.33333333333333331
          0.41666666666666663 1 0.33333333333333331
          0.5 1 0.33333333333333331
          0.58333333333333326 1 0.33333333333333331
          0.66666666666666663 1 0.33333333333333331
          0.75 1 0.33333333333333331
          0.83333333333333326 1 0.33333333333333331
          0.91666666666666663 1 0.33333333333333331
          1 1 0.33333333333333331
          0 0 0.41666666666666663
          0.083333333333333329 0 0.41666666666666663
          0.16666666666666666 0 0.41666666666666663
          0.25 0 0.41666666666666663
          0.33333333333333331 0 0.41666666666666663
          0.41666666666666663 0 0.41666666666666663
          0.5 0 0.41666666666666663
          0.58333333333333326 0 0.41666666666666663
          0.66666666666666663 0 0.41666666666666663
          0.75 0 0.41666666666666663
          0.83333333333333326 0 0.41666666666666663
          0.91666666666666663 0 0.41666666666666663
          1 0 0.41666666666666663
          0 0.083333333333333329 0.41666666666666663
          0.083333333333333329 0.083333333333333329 0.41666666666666663
          0.16666666666666666 0.083333333333333329 0.41666666666666663
          0.25 0.083333333333333329 0.41666666666666663
          0.33333333333333331 0.083333333333333329 0.41666666666666663
          0.41666666666666663 0.083333333333333329 0.41666666666666663
          0.5 0.083333333333333329 0.41666666666666663
          0.58333333333333326 0.083333333333333329 0.41666666666666663
          0.66666666666666663 0.083333333333333329 0.41666666666666663
          0.75 0.083333333333333329 0.41666666666666663
          0.83333333333333326 0.083333333333333329 0.41666666666666663
          0.91666666666666663 0.083333333333333329 0.41666666666666663
          1 0.083333333333333329 0.41666666666666663
          0 0.16666666666666666 0.41666666666666663
          0.083333333333333329 0.16666666666666666 0.41666666666666663
          0.16666666666666666 0.16666666666666666 0.41666666666666663
          0.25 0.16666666666666666 0.41666666666666663
          0.33333333333333331 0.16666666666666666 0.41666666666666663
          0.41666666666666663 0.16666666666666666 0.41666666666666663
          0.5 0.16666666666666666 0.41666666666666663
          0.58333333333333326 0.16666666666666666 0.41666666666666663
          0.66666666666666663 0.16666666666666666 0.41666666666666663
          0.75 0.16666666666666666 0.41666666666666663
          0.83333333333333326 0.16666666666666666 0.41666666666666663
          0.91666666666666663 0.16666666666666666 0.41666666666666663
          1 0.16666666666666666 0.41666666666666663
          0 0.25 0.41666666666666663
          0.083333333333333329 0.25 0.41666666666666663
          0.16666666666666666 0.25 0.41666666666666663
          0.25 0.25 0.41666666666666663
          0.33333333333333331 0.25 0.41666666666666663
          0.41666666666666663 0.25 0.41666666666666663
          0.5 0.25 0.41666666666666663
          0.58333333333333326 0.25 0.41666666666666663
          0.66666666666666663 0.25 0.41666666666666663
          0.75 0.25 0.41666666666666663
          0.83333333333333326 0.25 0.41666666666666663
          0.91666666666666663 0.25 0.41666666666666663
          1 0.25 0.41666666666666663
          0 0.33333333333333331 0.41666666666666663
          0.083333333333333329 0.33333333333333331 0.41666666666666663
          0.16666666666666666 0.33333333333333331 0.41666666666666663
          0.25 0.33333333333333331 0.41666666666666663
          0.33333333333333331 0.33333333333333331 0.41666666666666663
          0.41666666666666663 0.33333333333333331 0.41666666666666663
          0.5 0.33333333333333331 0.41666666666666663
          0.58333333333333326 0.33333333333333331 0.41666666666666663
          0.66666666666666663 0.33333333333333331 0.41666666666666663
          0.75 0.33333333333333331 0.41666666666666663
          0.83333333333333326 0.33333333333333331 0.41666666666666663
          0.91666666666666663 0.33333333333333331 0.41666666666666663
          1 0.33333333333333331 0.41666666666666663
          0 0.41666666666666663 0.41666666666666663
          0.083333333333333329 0.41666666666666663 0.41666666666666663
          0.16666666666666666 0.41666666666666663 0.41666666666666663
          0.25 0.41666666666666663 0.41666666666666663
          0.33333333333333331 0.41666666666666663 0.41666666666666663
          0.41666666666666663 0.41666666666666663 0.41666666666666663
          0.5 0.41666666666666663 0.41666666666666663
          0.58333333333333326 0.41666666666666663 0.41666666666666663
          0.66666666666666663 0.41666666666666663 0.41666666666666663
          0.75 0.41666666666666663 0.41666666666666663
          0.83333333333333326 0.41666666666666663 0.41666666666666663
          0.91666666666666663 0.41666666666666663 0.41666666666666663
          1 0.41666666666666663 0.41666666666666663
          0 0.5 0.41666666666666663
          0.083333333333333329 0.5 0.41666666666666663
          0.16666666666666666 0.5 0.41666666666666663
          0.25 0.5 0.41666666666666663
          0.33333333333333331 0.5 0.41666666666666663
          0.41666666666666663 0.5 0.41666666666666663
          0.5 0.5 0.41666666666666663
          0.58333333333333326 0.5 0.41666666666666663
          0.66666666666666663 0.5 0.41666666666666663
          0.75 0.5 0.41666666666666663
          0.83333333333333326 0.5 0.41666666666666663
          0.91666666666666663 0.5 0.41666666666666663
          1 0.5 0.41666666666666663
          0 0.58333333333333326 0.41666666666666663
          0.083333333333333329 0.58333333333333326 0.41666666666666663
          0.16666666666666666 0.58333333333333326 0.41666666666666663
          0.25 0.58333333333333326 0.41666666666666663
          0.33333333333333331 0.58333333333333326 0.41666666666666663
          0.41666666666666663 0.58333333333333326 0.41666666666666663
          0.5 0.58333333333333326 0.41666666666666663
          0.58333333333333326 0.58333333333333326 0.41666666666666663
          0.66666666666666663 0.58333333333333326 0.41666666666666663
          0.75 0.58333333333333326 0.41666666666666663
          0.83333333333333326 0.58333333333333326 0.41666666666666663
          0.91666666666666663 0.58333333333333326 0.41666666666666663
          1 0.58333333333333326 0.41666666666666663
          0 0.66666666666666663 0.41666666666666663
          0.083333333333333329 0.66666666666666663 0.41666666666666663
          0.16666666666666666 0.66666666666666663 0.41666666666666663
          0.25 0.66666666666666663 0.41666666666666663
          0.33333333333333331 0.66666666666666663 0.41666666666666663
          0.41666666666666663 0.66666666666666663 0.41666666666666663
          0.5 0.66666666666666663 0.41666666666666663
          0.58333333333333326 0.66666666666666663 0.41666666666666663
          0.66666666666666663 0.66666666666666663 0.41666666666666663
          0.75 0.66666666666666663 0.41666666666666663
          0.83333333333333326 0.66666666666666663 0.41666666666666663
          0.91666666666666663 0.66666666666666663 0.41666666666666663
          1 0.66666666666666663 0.41666666666666663
          0 0.75 0.41666666666666663
          0.083333333333333329 0.75 0.41666666666666663
          0.16666666666666666 0.75 0.41666666666666663
          0.25 0.75 0.41666666666666663
          0.33333333333333331 0.75 0.41666666666666663
          0.41666666666666663 0.75 0.41666666666666663
          0.5 0.75 0.41666666666666663
          0.58333333333333326 0.75 0.41666666666666663
          0.66666666666666663 0.75 0.41666666666666663
          0.75 0.75 0.41666666666666663
          0.83333333333333326 0.75 0.41666666666666663
          0.91666666666666663 0.75 0.41666666666666663
          1 0.75 0.41666666666666663
          0 0.83333333333333326 0.41666666666666663
          0.083333333333333329 0.83333333333333326 0.41666666666666663
          0.16666666666666666 0.83333333333333326 0.41666666666666663
          0.25 0.83333333333333326 0.41666666666666663
          0.33333333333333331 0.83333333333333326 0.41666666666666663
          0.41666666666666663 0.83333333333333326 0.41666666666666663
          0.5 0.83333333333333326 0.41666666666666663
          0.58333333333333326 0.83333333333333326 0.41666666666666663
          0.66666666666666663 0.83333333333333326 0.41666666666666663
          0.75 0.83333333333333326 0.41666666666666663
          0.83333333333333326 0.83333333333333326 0.41666666666666663
          0.91666666666666663 0.83333333333333326 0.41666666666666663
          1 0.83333333333333326 0.41666666666666663
          0 0.91666666666666663 0.41666666666666663
          0.083333333333333329 0.91666666666666663 0.41666666666666663
          0.16666666666666666 0.91666666666666663 0.41666666666666663
          0.25 0.91666666666666663 0.41666666666666663
          0.33333333333333331 0.91666666666666663 0.41666666666666663
          0.41666666666666663 0.91666666666666663 0.41666666666666663
          0.5 0.91666666666666663 0.41666666666666663
          0.58333333333333326 0.91666666666666663 0.41666666666666663
          0.66666666666666663 0.91666666666666663 0.41666666666666663
          0.75 0.91666666666666663 0.41666666666666663
          0.83333333333333326 0.91666666666666663 0.41666666666666663
          0.91666666666666663 0.91666666666666663 0.41666666666666663
          1 0.91666666666666663 0.41666666666666663
          0 1 0.41666666666666663
          0.083333333333333329 1 0.41666666666666663
          0.16666666666666666 1 0.41666666666666663
          0.25 1 0.41666666666666663
          0.33333333333333331 1 0.41666666666666663
          0.41666666666666663 1 0.41666666666666663
          0.5 1 0.41666666666666663
          0.58333333333333326 1 0.41666666666666663
          0.66666666666666663 1 0.41666666666666663
          0.75 1 0.41666666666666663
          0.83333333333333326 1 0.41666666666666663
          0.91666666666666663 1 0.41666666666666663
          1 1 0.41666666666666663
          0 0 0.5
          0.083333333333333329 0 0.5
          0.16666666666666666 0 0.5
          0.25 0 0.5
          0.33333333333333331 0 0.5
          0.41666666666666663 0 0.5
          0.5 0 0.5
          0.58333333333333326 0 0.5
          0.66666666666666663 0 0.5
          0.75 0 0.5
          0.83333333333333326 0 0.5
          0.91666666666666663 0 0.5
          1 0 0.5
          0 0.083333333333333329 0.5
          0.083333333333333329 0.083333333333333329 0.5
          0.16666666666666666 0.083333333333333329 0.5
          0.25 0.083333333333333329 0.5
          0.33333333333333331 0.083333333333333329 0.5
          0.41666666666666663 0.083333333333333329 0.5
          0.5 0.083333333333333329 0.5
          0.58333333333333326 0.083333333333333329 0.5
          0.66666666666666663 0.083333333333333329 0.5
          0.75 0.083333333333333329 0.5
          0.83333333333333326 0.083333333333333329 0.5
          0.91666666666666663 0.083333333333333329 0.5
          1 0.083333333333333329 0.5
          0 0.16666666666666666 0.5
          0.083333333333333329 0.16666666666666666 0.5
          0.16666666666666666 0.16666666666666666 0.5
          0.25 0.16666666666666666 0.5
          0.33333333333333331 0.16666666666666666 0.5
          0.41666666666666663 0.16666666666666666 0.5
          0.5 0.16666666666666666 0.5
          0.58333333333333326 0.16666666666666666 0.5
          0.66666666666666663 0.16666666666666666 0.5
          0.75 0.16666666666666666 0.5
          0.83333333333333326 0.16666666666666666 0.5
          0.91666666666666663 0.16666666666666666 0.5
          1 0.16666666666666666 0.5
          0 0.25 0.5
          0.083333333333333329 0.25 0.5
          0.16666666666666666 0.25 0.5
          0.25 0.25 0.5
          0.33333333333333331 0.25 0.5
          0.41666666666666663 0.25 0.5
          0.5 0.25 0.5
          0.58333333333333326 0.25 0.5
          0.66666666666666663 0.25 0.5
          0.75 0.25 0.5
          0.83333333333333326 0.25 0.5
          0.91666666666666663 0.25 0.5
          1 0.25 0.5
          0 0.33333333333333331 0.5
          0.083333333333333329 0.33333333333333331 0.5
          0.16666666666666666 0.33333333333333331 0.5
          0.25 0.33333333333333331 0.5
          0.33333333333333331 0.33333333333333331 0.5
          0.41666666666666663 0.33333333333333331 0.5
          0.5 0.33333333333333331 0.5
          0.58333333333333326 0.33333333333333331 0.5
          0.66666666666666663 0.33333333333333331 0.5
          0.75 0.33333333333333331 0.5
          0.83333333333333326 0.33333333333333331 0.5
          0.91666666666666663 0.33333333333333331 0.5
          1 0.33333333333333331 0.5
          0 0.41666666666666663 0.5
          0.083333333333333329 0.41666666666666663 0.5
          0.16666666666666666 0.41666666666666663 0.5
          0.25 0.41666666666666663 0.5
          0.33333333333333331 0.41666666666666663 0.5
          0.41666666666666663 0.41666666666666663 0.5
          0.5 0.41666666666666663 0.5
          0.58333333333333326 0.41666666666666663 0.5
          0.66666666666666663 0.41666666666666663 0.5
          0.75 0.41666666666666663 0.5
          0.83333333333333326 0.41666666666666663 0.5
          0.91666666666666663 0.41666666666666663 0.5
          1 0.41666666666666663 0.5
          0 0.5 0.5
          0.083333333333333329 0.5 0.5
          0.16666666666666666 0.5 0.5
          0.25 0.5 0.5
          0.33333333333333331 0.5 0.5
          0.41666666666666663 0.5 0.5
          0.5 0.5 0.5
          0.58333333333333326 0.5 0.5
          0.66666666666666663 0.5 0.5
          0.75 0.5 0.5
          0.83333333333333326 0.5 0.5
          0.91666666666666663 0.5 0.5
          1 0.5 0.5
          0 0.58333333333333326 0.5
          0.083333333333333329 0.58333333333333326 0.5
          0.16666666666666666 0.58333333333333326 0.5
          0.25 0.58333333333333326 0.5
          0.33333333333333331 0.58333333333333326 0.5
          0.41666666666666663 0.58333333333333326 0.5
          0.5 0.58333333333333326 0.5
          0.58333333333333326 0.58333333333333326 0.5
          0.66666666666666663 0.58333333333333326 0.5
          0.75 0.58333333333333326 0.5
          0.83333333333333326 0.58333333333333326 0.5
          0.91666666666666663 0.58333333333333326 0.5
          1 0.58333333333333326 0.5
          0 0.66666666666666663 0.5
          0.083333333333333329 0.66666666666666663 0.5
          0.16666666666666666 0.66666666666666663 0.5
          0.25 0.66666666666666663 0.5
          0.33333333333333331 0.66666666666666663 0.5
          0.41666666666666663 0.66666666666666663 0.5
          0.5 0.66666666666666663 0.5
          0.58333333333333326 0.66666666666666663 0.5
          0.66666666666666663 0.66666666666666663 0.5
          0.75 0.66666666666666663 0.5
          0.83333333333333326 0.66666666666666663 0.5
          0.91666666666666663 0.66666666666666663 0.5
          1 0.66666666666666663 0.5
          0 0.75 0.5
          0.083333333333333329 0.75 0.5
          0.16666666666666666 0.75 0.5
          0.25 0.75 0.5
          0.33333333333333331 0.75 0.5
          0.41666666666666663 0.75 0.5
          0.5 0.75 0.5
          0.58333333333333326 0.75 0.5
          0.66666666666666663 0.75 0.5
          0.75 0.75 0.5
          0.83333333333333326 0.75 0.5
          0.91666666666666663 0.75 0.5
          1 0.75 0.5
          0 0.83333333333333326 0.5
          0.083333333333333329 0.83333333333333326 0.5
          0.16666666666666666 0.83333333333333326 0.5
          0.25 0.83333333333333326 0.5
          0.33333333333333331 0.83333333333333326 0.5
          0.41666666666666663 0.83333333333333326 0.5
          0.5 0.83333333333333326 0.5
          0.58333333333333326 0.83333333333333326 0.5
          0.66666666666666663 0.83333333333333326 0.5
          0.75 0.83333333333333326 0.5
          0.83333333333333326 0.83333333333333326 0.5
          0.91666666666666663 0.83333333333333326 0.5
          1 0.83333333333333326 0.5
          0 0.91666666666666663 0.5
          0.083333333333333329 0.91666666666666663 0.5
          0.16666666666666666 0.91666666666666663 0.5
          0.25 0.91666666666666663 0.5
          0.33333333333333331 0.91666666666666663 0.5
          0.41666666666666663 0.91666666666666663 0.5
          0.5 0.91666666666666663 0.5
          0.58333333333333326 0.91666666666666663 0.5
          0.66666666666666663 0.91666666666666663 0.5
          0.75 0.91666666666666663 0.5
          0.83333333333333326 0.91666666666666663 0.5
          0.91666666666666663 0.91666666666666663 0.5
          1 0.91666666666666663 0.5
          0 1 0.5
          0.083333333333333329 1 0.5
          0.16666666666666666 1 0.5
          0.25 1 0.5
          0.33333333333333331 1 0.5
          0.41666666666666663 1 0.5
          0.5 1 0.5
          0.58333333333333326 1 0.5
          0.66666666666666663 1 0.5
          0.75 1 0.5
          0.83333333333333326 1 0.5
          0.91666666666666663 1 0.5
          1 1 0.5
          0 0 0.58333333333333326
          0.083333333333333329 0 0.58333333333333326
          0.16666666666666666 0 0.58333333333333326
          0.25 0 0.58333333333333326
          0.33333333333333331 0 0.58333333333333326
          0.41666666666666663 0 0.58333333333333326
          0.5 0 0.58333333333333326
          0.58333333333333326 0 0.58333333333333326
          0.66666666666666663 0 0.58333333333333326
          0.75 0 0.58333333333333326
          0.83333333333333326 0 0.58333333333333326
          0.91666666666666663 0 0.58333333333333326
          1 0 0.58333333333333326
          0 0.083333333333333329 0.58333333333333326
          0.083333333333333329 0.083333333333333329 0.58333333333333326
          0.16666666666666666 0.083333333333333329 0.58333333333333326
          0.25 0.083333333333333329 0.58333333333333326
          0.33333333333333331 0.083333333333333329 0.58333333333333326
          0.41666666666666663 0.083333333333333329 0.58333333333333326
          0.5 0.083333333333333329 0.58333333333333326
          0.58333333333333326 0.083333333333333329 0.58333333333333326
          0.66666666666666663 0.083333333333333329 0.58333333333333326
          0.75 0.083333333333333329 0.58333333333333326
          0.83333333333333326 0.083333333333333329 0.58333333333333326
          0.91666666666666663 0.083333333333333329 0.58333333333333326
          1 0.083333333333333329 0.58333333333333326
          0 0.16666666666666666 0.58333333333333326
          0.083333333333333329 0.16666666666666666 0.58333333333333326
          0.16666666666666666 0.16666666666666666 0.58333333333333326
          0.25 0.16666666666666666 0.58333333333333326
          0.33333333333333331 0.16666666666666666 0.58333333333333326
          0.41666666666666663 0.16666666666666666 0.58333333333333326
          0.5 0.16666666666666666 0.58333333333333326
          0.58333333333333326 0.16666666666666666 0.58333333333333326
          0.66666666666666663 0.16666666666666666 0.58333333333333326
          0.75 0.16666666666666666 0.58333333333333326
          0.83333333333333326 0.16666666666666666 0.58333333333333326
          0.91666666666666663 0.16666666666666666 0.58333333333333326
          1 0.16666666666666666 0.58333333333333326
          0 0.25 0.58333333333333326
          0.083333333333333329 0.25 0.58333333333333326
          0.16666666666666666 0.25 0.58333333333333326
          0.25 0.25 0.58333333333333326
          0.33333333333333331 0.25 0.58333333333333326
          0.41666666666666663 0.25 0.58333333333333326
          0.5 0.25 0.58333333333333326
          0.58333333333333326 0.25 0.58333333333333326
          0.66666666666666663 0.25 0.58333333333333326
          0.75 0.25 0.58333333333333326
          0.83333333333333326 0.25 0.58333333333333326
          0.91666666666666663 0.25 0.58333333333333326
          1 0.25 0.58333333333333326
          0 0.33333333333333331 0.58333333333333326
          0.083333333333333329 0.33333333333333331 0.58333333333333326
          0.16666666666666666 0.33333333333333331 0.58333333333333326
          0.25 0.33333333333333331 0.58333333333333326
          0.33333333333333331 0.33333333333333331 0.58333333333333326
          0.41666666666666663 0.33333333333333331 0.58333333333333326
          0.5 0.33333333333333331 0.58333333333333326
          0.58333333333333326 0.33333333333333331 0.58333333333333326
          0.66666666666666663 0.33333333333333331 0.58333333333333326
          0.75 0.33333333333333331 0.58333333333333326
          0.83333333333333326 0.33333333333333331 0.58333333333333326
          0.91666666666666663 0.33333333333333331 0.58333333333333326
          1 0.33333333333333331 0.58333333333333326
          0 0.41666666666666663 0.58333333333333326
          0.083333333333333329 0.41666666666666663 0.58333333333333326
          0.16666666666666666 0.41666666666666663 0.58333333333333326
          0.25 0.41666666666666663 0.58333333333333326
          0.33333333333333331 0.41666666666666663 0.58333333333333326
          0.41666666666666663 0.41666666666666663 0.58333333333333326
          0.5 0.41666666666666663 0.58333333333333326
          0.58333333333333326 0.41666666666666663 0.58333333333333326
          0.66666666666666663 0.41666666666666663 0.58333333333333326
          0.75 0.41666666666666663 0.58333333333333326
          0.83333333333333326 0.41666666666666663 0.58333333333333326
          0.91666666666666663 0.41666666666666663 0.58333333333333326
          1 0.41666666666666663 0.58333333333333326
          0 0.5 0.58333333333333326
          0.083333333333333329 0.5 0.58333333333333326
          0.16666666666666666 0.5 0.58333333333333326
          0.25 0.5 0.58333333333333326
          0.33333333333333331 0.5 0.58333333333333326
          0.41666666666666663 0.5 0.58333333333333326
          0.5 0.5 0.58333333333333326
          0.58333333333333326 0.5 0.58333333333333326
          0.66666666666666663 0.5 0.58333333333333326
          0.75 0.5 0.58333333333333326
          0.83333333333333326 0.5 0.58333333333333326
          0.91666666666666663 0.5 0.58333333333333326
          1 0.5 0.58333333333333326
          0 0.58333333333333326 0.58333333333333326
          0.083333333333333329 0.58333333333333326 0.58333333333333326
          0.16666666666666666 0.58333333333333326 0.58333333333333326
          0.25 0.58333333333333326 0.58333333333333326
          0.33333333333333331 0.58333333333333326 0.58333333333333326
          0.41666666666666663 0.58333333333333326 0.58333333333333326
          0.5 0.58333333333333326 0.58333333333333326
          0.58333333333333326 0.58333333333333326 0.58333333333333326
          0.66666666666666663 0.58333333333333326 0.58333333333333326
          0.75 0.58333333333333326 0.58333333333333326
          0.83333333333333326 0.58333333333333326 0.58333333333333326
          0.91666666666666663 0.58333333333333326 0.58333333333333326
          1 0.58333333333333326 0.58333333333333326
          0 0.66666666666666663 0.58333333333333326
          0.083333333333333329 0.66666666666666663 0.58333333333333326
          0.16666666666666666 0.66666666666666663 0.58333333333333326
          0.25 0.66666666666666663 0.58333333333333326
          0.33333333333333331 0.66666666666666663 0.58333333333333326
          0.41666666666666663 0.66666666666666663 0.58333333333333326
          0.5 0.66666666666666663 0.58333333333333326
          0.58333333333333326 0.66666666666666663 0.58333333333333326
          0.66666666666666663 0.66666666666666663 0.58333333333333326
          0.75 0.66666666666666663 0.58333333333333326
          0.83333333333333326 0.66666666666666663 0.58333333333333326
          0.91666666666666663 0.66666666666666663 0.58333333333333326
          1 0.66666666666666663 0.58333333333333326
          0 0.75 0.58333333333333326
          0.083333333333333329 0.75 0.58333333333333326
          0.16666666666666666 0.75 0.58333333333333326
          0.25 0.75 0.58333333333333326
          0.33333333333333331 0.75 0.58333333333333326
          0.41666666666666663 0.75 0.58333333333333326
          0.5 0.75 0.58333333333333326
          0.58333333333333326 0.75 0.58333333333333326
          0.66666666666666663 0.75 0.58333333333333326
          0.75 0.75 0.58333333333333326
          0.83333333333333326 0.75 0.58333333333333326
          0.91666666666666663 0.75 0.58333333333333326
          1 0.75 0.58333333333333326
          0 0.83333333333333326 0.58333333333333326
          0.083333333333333329 0.83333333333333326 0.58333333333333326
          0.16666666666666666 0.83333333333333326 0.58333333333333326
          0.25 0.83333333333333326 0.58333333333333326
          0.33333333333333331 0.83333333333333326 0.58333333333333326
          0.41666666666666663 0.83333333333333326 0.58333333333333326
          0.5 0.83333333333333326 0.58333333333333326
          0.58333333333333326 0.83333333333333326 0.58333333333333326
          0.66666666666666663 0.83333333333333326 0.58333333333333326
          0.75 0.83333333333333326 0.58333333333333326
          0.83333333333333326 0.83333333333333326 0.58333333333333326
          0.91666666666666663 0.83333333333333326 0.58333333333333326
          1 0.83333333333333326 0.58333333333333326
          0 0.91666666666666663 0.58333333333333326
          0.083333333333333329 0.91666666666666663 0.58333333333333326
          0.16666666666666666 0.91666666666666663 0.58333333333333326
          0.25 0.91666666666666663 0.58333333333333326
          0.33333333333333331 0.91666666666666663 0.58333333333333326
          0.41666666666666663 0.91666666666666663 0.58333333333333326
          0.5 0.91666666666666663 0.58333333333333326
          0.58333333333333326 0.91666666666666663 0.58333333333333326
          0.66666666666666663 0.91666666666666663 0.58333333333333326
          0.75 0.91666666666666663 0.58333333333333326
          0.83333333333333326 0.91666666666666663 0.58333333333333326
          0.91666666666666663 0.91666666666666663 0.58333333333333326
          1 0.91666666666666663 0.58333333333333326
          0 1 0.58333333333333326
          0.083333333333333329 1 0.58333333333333326
          0.16666666666666666 1 0.58333333333333326
          0.25 1 0.58333333333333326
          0.33333333333333331 1 0.58333333333333326
          0.41666666666666663 1 0.58333333333333326
          0.5 1 0.58333333333333326
          0.58333333333333326 1 0.58333333333333326
          0.66666666666666663 1 0.58333333333333326
          0.75 1 0.58333333333333326
          0.83333333333333326 1 0.58333333333333326
          0.91666666666666663 1 0.58333333333333326
          1 1 0.58333333333333326
          0 0 0.66666666666666663
          0.083333333333333329 0 0.66666666666666663
          0.16666666666666666 0 0.66666666666666663
          0.25 0 0.66666666666666663
          0.33333333333333331 0 0.66666666666666663
          0.41666666666666663 0 0.66666666666666663
          0.5 0 0.66666666666666663
          0.58333333333333326 0 0.66666666666666663
          0.66666666666666663 0 0.66666666666666663
          0.75 0 0.66666666666666663
          0.83333333333333326 0 0.66666666666666663
          0.91666666666666663 0 0.66666666666666663
          1 0 0.66666666666666663
          0 0.083333333333333329 0.66666666666666663
          0.083333333333333329 0.083333333333333329 0.66666666666666663
          0.16666666666666666 0.083333333333333329 0.66666666666666663
          0.25 0.083333333333333329 0.66666666666666663
          0.33333333333333331 0.083333333333333329 0.66666666666666663
          0.41666666666666663 0.083333333333333329 0.66666666666666663
          0.5 0.083333333333333329 0.66666666666666663
          0.58333333333333326 0.083333333333333329 0.66666666666666663
          0.66666666666666663 0.083333333333333329 0.66666666666666663
          0.75 0.083333333333333329 0.66666666666666663
          0.83333333333333326 0.083333333333333329 0.66666666666666663
          0.91666666666666663 0.083333333333333329 0.66666666666666663
          1 0.083333333333333329 0.66666666666666663
          0 0.16666666666666666 0.66666666666666663
          0.083333333333333329 0.16666666666666666 0.66666666666666663
          0.16666666666666666 0.16666666666666666 0.66666666666666663
          0.25 0.16666666666666666 0.66666666666666663
          0.33333333333333331 0.16666666666666666 0.66666666666666663
          0.41666666666666663 0.16666666666666666 0.66666666666666663
          0.5 0.16666666666666666 0.66666666666666663
          0.58333333333333326 0.16666666666666666 0.66666666666666663
          0.66666666666666663 0.16666666666666666 0.66666666666666663
          0.75 0.16666666666666666 0.66666666666666663
          0.83333333333333326 0.16666666666666666 0.66666666666666663
          0.91666666666666663 0.16666666666666666 0.66666666666666663
          1 0.16666666666666666 0.66666666666666663
          0 0.25 0.66666666666666663
          0.083333333333333329 0.25 0.66666666666666663
          0.16666666666666666 0.25 0.66666666666666663
          0.25 0.25 0.66666666666666663
          0.33333333333333331 0.25 0.66666666666666663
          0.41666666666666663 0.25 0.66666666666666663
          0.5 0.25 0.66666666666666663
          0.58333333333333326 0.25 0.66666666666666663
          0.66666666666666663 0.25 0.66666666666666663
          0.75 0.25 0.66666666666666663
          0.83333333333333326 0.25 0.66666666666666663
          0.91666666666666663 0.25 0.66666666666666663
          1 0.25 0.66666666666666663
          0 0.33333333333333331 0.66666666666666663
          0.083333333333333329 0.33333333333333331 0.66666666666666663
          0.16666666666666666 0.33333333333333331 0.66666666666666663
          0.25 0.33333333333333331 0.66666666666666663
          0.33333333333333331 0.33333333333333331 0.66666666666666663
          0.41666666666666663 0.33333333333333331 0.66666666666666663
          0.5 0.33333333333333331 0.66666666666666663
          0.58333333333333326 0.33333333333333331 0.66666666666666663
          0.66666666666666663 0.33333333333333331 0.66666666666666663
          0.75 0.33333333333333331 0.66666666666666663
          0.83333333333333326 0.33333333333333331 0.66666666666666663
          0.91666666666666663 0.33333333333333331 0.66666666666666663
          1 0.33333333333333331 0.66666666666666663
          0 0.41666666666666663 0.66666666666666663
          0.083333333333333329 0.41666666666666663 0.66666666666666663
          0.16666666666666666 0.41666666666666663 0.66666666666666663
          0.25 0.41666666666666663 0.66666666666666663
          0.33333333333333331 0.41666666666666663 0.66666666666666663
          0.41666666666666663 0.41666666666666663 0.66666666666666663
          0.5 0.41666666666666663 0.66666666666666663
          0.58333333333333326 0.41666666666666663 0.66666666666666663
          0.66666666666666663 0.41666666666666663 0.66666666666666663
          0.75 0.41666666666666663 0.66666666666666663
          0.83333333333333326 0.41666666666666663 0.66666666666666663
          0.91666666666666663 0.41666666666666663 0.66666666666666663
          1 0.41666666666666663 0.66666666666666663
          0 0.5 0.66666666666666663
          0.083333333333333329 0.5 0.66666666666666663
          0.16666666666666666 0.5 0.66666666666666663
          0.25 0.5 0.66666666666666663
          0.33333333333333331 0.5 0.66666666666666663
          0.41666666666666663 0.5 0.66666666666666663
          0.5 0.5 0.66666666666666663
          0.58333333333333326 0.5 0.66666666666666663
          0.66666666666666663 0.5 0.66666666666666663
          0.75 0.5 0.66666666666666663
          0.83333333333333326 0.5 0.66666666666666663
          0.91666666666666663 0.5 0.66666666666666663
          1 0.5 0.66666666666666663
          0 0.58333333333333326 0.66666666666666663
          0.083333333333333329 0.58333333333333326 0.66666666666666663
          0.16666666666666666 0.58333333333333326 0.66666666666666663
          0.25 0.58333333333333326 0.66666666666666663
          0.33333333333333331 0.58333333333333326 0.66666666666666663
          0.41666666666666663 0.58333333333333326 0.66666666666666663
          0.5 0.58333333333333326 0.66666666666666663
          0.58333333333333326 0.58333333333333326 0.66666666666666663
          0.66666666666666663 0.58333333333333326 0.66666666666666663
          0.75 0.58333333333333326 0.66666666666666663
          0.83333333333333326 0.58333333333333326 0.66666666666666663
          0.91666666666666663 0.58333333333333326 0.66666666666666663
          1 0.58333333333333326 0.66666666666666663
          0 0.66666666666666663 0.66666666666666663
          0.083333333333333329 0.66666666666666663 0.66666666666666663
          0.16666666666666666 0.66666666666666663 0.66666666666666663
          0.25 0.66666666666666663 0.66666666666666663
          0.33333333333333331 0.66666666666666663 0.66666666666666663
          0.41666666666666663 0.66666666666666663 0.66666666666666663
          0.5 0.66666666666666663 0.66666666666666663
          0.58333333333333326 0.66666666666666663 0.66666666666666663
          0.66666666666666663 0.66666666666666663 0.66666666666666663
          0.75 0.66666666666666663 0.66666666666666663
          0.83333333333333326 0.66666666666666663 0.66666666666666663
          0.91666666666666663 0.66666666666666663 0.66666666666666663
          1 0.66666666666666663 0.66666666666666663
          0 0.75 0.66666666666666663
          0.083333333333333329 0.75 0.66666666666666663
          0.16666666666666666 0.75 0.66666666666666663
          0.25 0.75 0.66666666666666663
          0.33333333333333331 0.75 0.66666666666666663
          0.41666666666666663 0.75 0.66666666666666663
          0.5 0.75 0.66666666666666663
          0.58333333333333326 0.75 0.66666666666666663
          0.66666666666666663 0.75 0.66666666666666663
          0.75 0.75 0.66666666666666663
          0.83333333333333326 0.75 0.66666666666666663
          0.91666666666666663 0.75 0.66666666666666663
          1 0.75 0.66666666666666663
          0 0.83333333333333326 0.66666666666666663
          0.083333333333333329 0.83333333333333326 0.66666666666666663
          0.16666666666666666 0.83333333333333326 0.66666666666666663
          0.25 0.83333333333333326 0.66666666666666663
          0.33333333333333331 0.83333333333333326 0.66666666666666663
          0.41666666666666663 0.83333333333333326 0.66666666666666663
          0.5 0.83333333333333326 0.66666666666666663
          0.58333333333333326 0.83333333333333326 0.66666666666666663
          0.66666666666666663 0.83333333333333326 0.66666666666666663
          0.75 0.83333333333333326 0.66666666666666663
          0.83333333333333326 0.83333333333333326 0.66666666666666663
          0.91666666666666663 0.83333333333333326 0.66666666666666663
          1 0.83333333333333326 0.66666666666666663
          0 0.91666666666666663 0.66666666666666663
          0.083333333333333329 0.91666666666666663 0.66666666666666663
          0.16666666666666666 0.91666666666666663 0.66666666666666663
          0.25 0.91666666666666663 0.66666666666666663
          0.33333333333333331 0.91666666666666663 0.66666666666666663
          0.41666666666666663 0.91666666666666663 0.66666666666666663
          0.5 0.91666666666666663 0.66666666666666663
          0.58333333333333326 0.91666666666666663 0.66666666666666663
          0.66666666666666663 0.91666666666666663 0.66666666666666663
          0.75 0.91666666666666663 0.66666666666666663
          0.83333333333333326 0.91666666666666663 0.66666666666666663
          0.91666666666666663 0.91666666666666663 0.66666666666666663
          1 0.91666666666666663 0.66666666666666663
          0 1 0.66666666666666663
          0.083333333333333329 1 0.66666666666666663
          0.16666666666666666 1 0.66666666666666663
          0.25 1 0.66666666666666663
          0.33333333333333331 1 0.66666666666666663
          0.41666666666666663 1 0.66666666666666663
          0.5 1 0.66666666666666663
          0.58333333333333326 1 0.66666666666666663
          0.66666666666666663 1 0.66666666666666663
          0.75 1 0.66666666666666663
          0.83333333333333326 1 0.66666666666666663
          0.91666666666666663 1 0.66666666666666663
          1 1 0.66666666666666663
          0 0 0.75
          0.083333333333333329 0 0.75
          0.16666666666666666 0 0.75
          0.25 0 0.75
          0.33333333333333331 0 0.75
          0.41666666666666663 0 0.75
          0.5 0 0.75
          0.58333333333333326 0 0.75
          0.66666666666666663 0 0.75
          0.75 0 0.75
          0.83333333333333326 0 0.75
          0.91666666666666663 0 0.75
          1 0 0.75
          0 0.083333333333333329 0.75
          0.083333333333333329 0.083333333333333329 0.75
          0.16666666666666666 0.083333333333333329 0.75
          0.25 0.083333333333333329 0.75
          0.33333333333333331 0.083333333333333329 0.75
          0.41666666666666663 0.083333333333333329 0.75
          0.5 0.083333333333333329 0.75
          0.58333333333333326 0.083333333333333329 0.75
          0.66666666666666663 0.083333333333333329 0.75
          0.75 0.083333333333333329 0.75
          0.83333333333333326 0.083333333333333329 0.75
          0.91666666666666663 0.083333333333333329 0.75
          1 0.083333333333333329 0.75
          0 0.16666666666666666 0.75
          0.083333333333333329 0.16666666666666666 0.75
          0.16666666666666666 0.16666666666666666 0.75
          0.25 0.16666666666666666 0.75
          0.33333333333333331 0.16666666666666666 0.75
          0.41666666666666663 0.16666666666666666 0.75
          0.5 0.16666666666666666 0.75
          0.58333333333333326 0.16666666666666666 0.75
          0.66666666666666663 0.16666666666666666 0.75
          0.75 0.16666666666666666 0.75
          0.83333333333333326 0.16666666666666666 0.75
          0.91666666666666663 0.16666666666666666 0.75
          1 0.16666666666666666 0.75
          0 0.25 0.75
          0.083333333333333329 0.25 0.75
          0.16666666666666666 0.25 0.75
          0.25 0.25 0.75
          0.33333333333333331 0.25 0.75
          0.41666666666666663 0.25 0.75
          0.5 0.25 0.75
          0.58333333333333326 0.25 0.75
          0.66666666666666663 0.25 0.75
          0.75 0.25 0.75
          0.83333333333333326 0.25 0.75
          0.91666666666666663 0.25 0.75
          1 0.25 0.75
          0 0.33333333333333331 0.75
          0.083333333333333329 0.33333333333333331 0.75
          0.16666666666666666 0.33333333333333331 0.75
          0.25 0.33333333333333331 0.75
          0.33333333333333331 0.33333333333333331 0.75
          0.41666666666666663 0.33333333333333331 0.75
          0.5 0.33333333333333331 0.75
          0.58333333333333326 0.33333333333333331 0.75
          0.66666666666666663 0.33333333333333331 0.75
          0.75 0.33333333333333331 0.75
          0.83333333333333326 0.33333333333333331 0.75
          0.91666666666666663 0.33333333333333331 0.75
          1 0.33333333333333331 0.75
          0 0.41666666666666663 0.75
          0.083333333333333329 0.41666666666666663 0.75
          0.16666666666666666 0.41666666666666663 0.75
          0.25 0.41666666666666663 0.75
          0.33333333333333331 0.41666666666666663 0.75
          0.41666666666666663 0.41666666666666663 0.75
          0.5 0.41666666666666663 0.75
          0.58333333333333326 0.41666666666666663 0.75
          0.66666666666666663 0.41666666666666663 0.75
          0.75 0.41666666666666663 0.75
          0.83333333333333326 0.41666666666666663 0.75
          0.91666666666666663 0.41666666666666663 0.75
          1 0.41666666666666663 0.75
          0 0.5 0.75
          0.083333333333333329 0.5 0.75
          0.16666666666666666 0.5 0.75
          0.25 0.5 0.75
          0.33333333333333331 0.5 0.75
          0.41666666666666663 0.5 0.75
          0.5 0.5 0.75
          0.58333333333333326 0.5 0.75
          0.66666666666666663 0.5 0.75
          0.75 0.5 0.75
          0.83333333333333326 0.5 0.75
          0.91666666666666663 0.5 0.75
          1 0.5 0.75
          0 0.58333333333333326 0.75
          0.083333333333333329 0.58333333333333326 0.75
          0.16666666666666666 0.58333333333333326 0.75
          0.25 0.58333333333333326 0.75
          0.33333333333333331 0.58333333333333326 0.75
          0.41666666666666663 0.58333333333333326 0.75
          0.5 0.58333333333333326 0.75
          0.58333333333333326 0.58333333333333326 0.75
          0.66666666666666663 0.58333333333333326 0.75
          0.75 0.58333333333333326 0.75
          0.83333333333333326 0.58333333333333326 0.75
          0.91666666666666663 0.58333333333333326 0.75
          1 0.58333333333333326 0.75
          0 0.66666666666666663 0.75
          0.083333333333333329 0.66666666666666663 0.75
          0.16666666666666666 0.66666666666666663 0.75
          0.25 0.66666666666666663 0.75
          0.33333333333333331 0.66666666666666663 0.75
          0.41666666666666663 0.66666666666666663 0.75
          0.5 0.66666666666666663 0.75
          0.58333333333333326 0.66666666666666663 0.75
          0.66666666666666663 0.66666666666666663 0.75
          0.75 0.66666666666666663 0.75
          0.83333333333333326 0.66666666666666663 0.75
          0.91666666666666663 0.66666666666666663 0.75
          1 0.66666666666666663 0.75
          0 0.75 0.75
          0.083333333333333329 0.75 0.75
          0.16666666666666666 0.75 0.75
          0.25 0.75 0.75
          0.33333333333333331 0.75 0.75
          0.41666666666666663 0.75 0.75
          0.5 0.75 0.75
          0.58333333333333326 0.75 0.75
          0.66666666666666663 0.75 0.75
          0.75 0.75 0.75
          0.83333333333333326 0.75 0.75
          0.91666666666666663 0.75 0.75
          1 0.75 0.75
          0 0.83333333333333326 0.75
          0.083333333333333329 0.83333333333333326 0.75
          0.16666666666666666 0.83333333333333326 0.75
          0.25 0.83333333333333326 0.75
          0.33333333333333331 0.83333333333333326 0.75
          0.41666666666666663 0.83333333333333326 0.75
          0.5 0.83333333333333326 0.75
          0.58333333333333326 0.83333333333333326 0.75
          0.66666666666666663 0.83333333333333326 0.75
          0.75 0.83333333333333326 0.75
          0.83333333333333326 0.83333333333333326 0.75
          0.91666666666666663 0.83333333333333326 0.75
          1 0.83333333333333326 0.75
          0 0.91666666666666663 0.75
          0.083333333333333329 0.91666666666666663 0.75
          0.16666666666666666 0.91666666666666663 0.75
          0.25 0.91666666666666663 0.75
          0.33333333333333331 0.91666666666666663 0.75
          0.41666666666666663 0.91666666666666663 0.75
          0.5 0.91666666666666663 0.75
          0.58333333333333326 0.91666666666666663 0.75
          0.66666666666666663 0.91666666666666663 0.75
          0.75 0.91666666666666663 0.75
          0.83333333333333326 0.91666666666666663 0.75
          0.91666666666666663 0.91666666666666663 0.75
          1 0.91666666666666663 0.75
          0 1 0.75
          0.083333333333333329 1 0.75
          0.16666666666666666 1 0.75
          0.25 1 0.75
          0.33333333333333331 1 0.75
          0.41666666666666663 1 0.75
          0.5 1 0.75
          0.58333333333333326 1 0.75
          0.66666666666666663 1 0.75
          0.75 1 0.75
          0.83333333333333326 1 0.75
          0.91666666666666663 1 0.75
          1 1 0.75
          0 0 0.83333333333333326
          0.083333333333333329 0 0.83333333333333326
          0.16666666666666666 0 0.83333333333333326
          0.25 0 0.83333333333333326
          0.33333333333333331 0 0.83333333333333326
          0.41666666666666663 0 0.83333333333333326
          0.5 0 0.83333333333333326
          0.58333333333333326 0 0.83333333333333326
          0.66666666666666663 0 0.83333333333333326
          0.75 0 0.83333333333333326
          0.83333333333333326 0 0.83333333333333326
          0.91666666666666663 0 0.83333333333333326
          1 0 0.83333333333333326
          0 0.083333333333333329 0.83333333333333326
          0.083333333333333329 0.083333333333333329 0.83333333333333326
          0.16666666666666666 0.083333333333333329 0.83333333333333326
          0.25 0.083333333333333329 0.83333333333333326
          0.33333333333333331 0.083333333333333329 0.83333333333333326
          0.41666666666666663 0.083333333333333329 0.83333333333333326
          0.5 0.083333333333333329 0.83333333333333326
          0.58333333333333326 0.083333333333333329 0.83333333333333326
          0.66666666666666663 0.083333333333333329 0.83333333333333326
          0.75 0.083333333333333329 0.83333333333333326
          0.83333333333333326 0.083333333333333329 0.83333333333333326
          0.91666666666666663 0.083333333333333329 0.83333333333333326
          1 0.083333333333333329 0.83333333333333326
          0 0.16666666666666666 0.83333333333333326
          0.083333333333333329 0.16666666666666666 0.83333333333333326
          0.16666666666666666 0.16666666666666666 0.83333333333333326
          0.25 0.16666666666666666 0.83333333333333326
          0.33333333333333331 0.16666666666666666 0.83333333333333326
          0.41666666666666663 0.16666666666666666 0.83333333333333326
          0.5 0.16666666666666666 0.83333333333333326
          0.58333333333333326 0.16666666666666666 0.83333333333333326
          0.66666666666666663 0.16666666666666666 0.83333333333333326
          0.75 0.16666666666666666 0.83333333333333326
          0.83333333333333326 0.16666666666666666 0.83333333333333326
          0.91666666666666663 0.16666666666666666 0.83333333333333326
          1 0.16666666666666666 0.83333333333333326
          0 0.25 0.83333333333333326
          0.083333333333333329 0.25 0.83333333333333326
          0.16666666666666666 0.25 0.83333333333333326
          0.25 0.25 0.83333333333333326
          0.33333333333333331 0.25 0.83333333333333326
          0.41666666666666663 0.25 0.83333333333333326
          0.5 0.25 0.83333333333333326
          0.58333333333333326 0.25 0.83333333333333326
          0.66666666666666663 0.25 0.83333333333333326
          0.75 0.25 0.83333333333333326
          0.83333333333333326 0.25 0.83333333333333326
          0.91666666666666663 0.25 0.83333333333333326
          1 0.25 0.83333333333333326
          0 0.33333333333333331 0.83333333333333326
          0.083333333333333329 0.33333333333333331 0.83333333333333326
          0.16666666666666666 0.33333333333333331 0.83333333333333326
          0.25 0.33333333333333331 0.83333333333333326
          0.33333333333333331 0.33333333333333331 0.83333333333333326
          0.41666666666666663 0.33333333333333331 0.83333333333333326
          0.5 0.33333333333333331 0.83333333333333326
          0.58333333333333326 0.33333333333333331 0.83333333333333326
          0.66666666666666663 0.33333333333333331 0.83333333333333326
          0.75 0.33333333333333331 0.83333333333333326
          0.83333333333333326 0.33333333333333331 0.83333333333333326
          0.91666666666666663 0.33333333333333331 0.83333333333333326
          1 0.33333333333333331 0.83333333333333326
          0 0.41666666666666663 0.83333333333333326
          0.083333333333333329 0.41666666666666663 0.83333333333333326
          0.16666666666666666 0.41666666666666663 0.83333333333333326
          0.25 0.41666666666666663 0.83333333333333326
          0.33333333333333331 0.41666666666666663 0.83333333333333326
          0.41666666666666663 0.41666666666666663 0.83333333333333326
          0.5 0.41666666666666663 0.83333333333333326
          0.58333333333333326 0.41666666666666663 0.83333333333333326
          0.66666666666666663 0.41666666666666663 0.83333333333333326
          0.75 0.41666666666666663 0.83333333333333326
          0.83333333333333326 0.41666666666666663 0.83333333333333326
          0.91666666666666663 0.41666666666666663 0.83333333333333326
          1 0.41666666666666663 0.83333333333333326
          0 0.5 0.83333333333333326
          0.083333333333333329 0.5 0.83333333333333326
          0.16666666666666666 0.5 0.83333333333333326
          0.25 0.5 0.83333333333333326
          0.33333333333333331 0.5 0.83333333333333326
          0.41666666666666663 0.5 0.83333333333333326
          0.5 0.5 0.83333333333333326
          0.58333333333333326 0.5 0.83333333333333326
          0.66666666666666663 0.5 0.83333333333333326
          0.75 0.5 0.83333333333333326
          0.83333333333333326 0.5 0.83333333333333326
          0.91666666666666663 0.5 0.83333333333333326
          1 0.5 0.83333333333333326
          0 0.58333333333333326 0.83333333333333326
          0.083333333333333329 0.58333333333333326 0.83333333333333326
          0.16666666666666666 0.58333333333333326 0.83333333333333326
          0.25 0.58333333333333326 0.83333333333333326
          0.33333333333333331 0.58333333333333326 0.83333333333333326
          0.41666666666666663 0.58333333333333326 0.83333333333333326
          0.5 0.58333333333333326 0.83333333333333326
          0.58333333333333326 0.58333333333333326 0.83333333333333326
          0.66666666666666663 0.58333333333333326 0.83333333333333326
          0.75 0.58333333333333326 0.83333333333333326
          0.83333333333333326 0.58333333333333326 0.83333333333333326
          0.91666666666666663 0.58333333333333326 0.83333333333333326
          1 0.58333333333333326 0.83333333333333326
          0 0.66666666666666663 0.83333333333333326
          0.083333333333333329 0.66666666666666663 0.83333333333333326
          0.16666666666666666 0.66666666666666663 0.83333333333333326
          0.25 0.66666666666666663 0.83333333333333326
          0.33333333333333331 0.66666666666666663 0.83333333333333326
          0.41666666666666663 0.66666666666666663 0.83333333333333326
          0.5 0.66666666666666663 0.83333333333333326
          0.58333333333333326 0.66666666666666663 0.83333333333333326
          0.66666666666666663 0.66666666666666663 0.83333333333333326
          0.75 0.66666666666666663 0.83333333333333326
          0.83333333333333326 0.66666666666666663 0.83333333333333326
          0.91666666666666663 0.66666666666666663 0.83333333333333326
          1 0.66666666666666663 0.83333333333333326
          0 0.75 0.83333333333333326
          0.083333333333333329 0.75 0.83333333333333326
          0.16666666666666666 0.75 0.83333333333333326
          0.25 0.75 0.83333333333333326
          0.33333333333333331 0.75 0.83333333333333326
          0.41666666666666663 0.75 0.83333333333333326
          0.5 0.75 0.83333333333333326
          0.58333333333333326 0.75 0.83333333333333326
          0.66666666666666663 0.75 0.83333333333333326
          0.75 0.75 0.83333333333333326
          0.83333333333333326 0.75 0.83333333333333326
          0.91666666666666663 0.75 0.83333333333333326
          1 0.75 0.83333333333333326
          0 0.83333333333333326 0.83333333333333326
          0.083333333333333329 0.83333333333333326 0.83333333333333326
          0.16666666666666666 0.83333333333333326 0.83333333333333326
          0.25 0.83333333333333326 0.83333333333333326
          0.33333333333333331 0.83333333333333326 0.83333333333333326
          0.41666666666666663 0.83333333333333326 0.83333333333333326
          0.5 0.83333333333333326 0.83333333333333326
          0.58333333333333326 0.83333333333333326 0.83333333333333326
          0.66666666666666663 0.83333333333333326 0.83333333333333326
          0.75 0.83333333333333326 0.83333333333333326
          0.83333333333333326 0.83333333333333326 0.83333333333333326
          0.91666666666666663 0.83333333333333326 0.83333333333333326
          1 0.83333333333333326 0.83333333333333326
          0 0.91666666666666663 0.83333333333333326
          0.083333333333333329 0.91666666666666663 0.83333333333333326
          0.16666666666666666 0.91666666666666663 0.83333333333333326
          0.25 0.91666666666666663 0.83333333333333326
          0.33333333333333331 0.91666666666666663 0.83333333333333326
          0.41666666666666663 0.91666666666666663 0.83333333333333326
          0.5 0.91666666666666663 0.83333333333333326
          0.58333333333333326 0.91666666666666663 0.83333333333333326
          0.66666666666666663 0.91666666666666663 0.83333333333333326
          0.75 0.91666666666666663 0.83333333333333326
          0.83333333333333326 0.91666666666666663 0.83333333333333326
          0.91666666666666663 0.91666666666666663 0.83333333333333326
          1 0.91666666666666663 0.83333333333333326
          0 1 0.83333333333333326
          0.083333333333333329 1 0.83333333333333326
          0.16666666666666666 1 0.83333333333333326
          0.25 1 0.83333333333333326
          0.33333333333333331 1 0.83333333333333326
          0.41666666666666663 1 0.83333333333333326
          0.5 1 0.83333333333333326
          0.58333333333333326 1 0.83333333333333326
          0.66666666666666663 1 0.83333333333333326
          0.75 1 0.83333333333333326
          0.83333333333333326 1 0.83333333333333326
          0.91666666666666663 1 0.83333333333333326
          1 1 0.83333333333333326
          0 0 0.91666666666666663
          0.083333333333333329 0 0.91666666666666663
          0.16666666666666666 0 0.91666666666666663
          0.25 0 0.91666666666666663
          0.33333333333333331 0 0.91666666666666663
          0.41666666666666663 0 0.91666666666666663
          0.5 0 0.91666666666666663
          0.58333333333333326 0 0.91666666666666663
          0.66666666666666663 0 0.91666666666666663
          0.75 0 0.91666666666666663
          0.83333333333333326 0 0.91666666666666663
          0.91666666666666663 0 0.91666666666666663
          1 0 0.91666666666666663
          0 0.083333333333333329 0.91666666666666663
          0.083333333333333329 0.083333333333333329 0.91666666666666663
          0.16666666666666666 0.083333333333333329 0.91666666666666663
          0.25 0.083333333333333329 0.91666666666666663
          0.33333333333333331 0.083333333333333329 0.91666666666666663
          0.41666666666666663 0.083333333333333329 0.91666666666666663
          0.5 0.083333333333333329 0.91666666666666663
          0.58333333333333326 0.083333333333333329 0.91666666666666663
          0.66666666666666663 0.083333333333333329 0.91666666666666663
          0.75 0.083333333333333329 0.91666666666666663
          0.83333333333333326 0.083333333333333329 0.91666666666666663
          0.91666666666666663 0.083333333333333329 0.91666666666666663
          1 0.083333333333333329 0.91666666666666663
          0 0.16666666666666666 0.91666666666666663
          0.083333333333333329 0.16666666666666666 0.91666666666666663
          0.16666666666666666 0.16666666666666666 0.91666666666666663
          0.25 0.16666666666666666 0.91666666666666663
          0.33333333333333331 0.16666666666666666 0.91666666666666663
          0.41666666666666663 0.16666666666666666 0.91666666666666663
          0.5 0.16666666666666666 0.91666666666666663
          0.58333333333333326 0.16666666666666666 0.91666666666666663
          0.66666666666666663 0.16666666666666666 0.91666666666666663
          0.75 0.16666666666666666 0.91666666666666663
          0.83333333333333326 0.16666666666666666 0.91666666666666663
          0.91666666666666663 0.16666666666666666 0.91666666666666663
          1 0.16666666666666666 0.91666666666666663
          0 0.25 0.91666666666666663
          0.083333333333333329 0.25 0.91666666666666663
          0.16666666666666666 0.25 0.91666666666666663
          0.25 0.25 0.91666666666666663
          0.33333333333333331 0.25 0.91666666666666663
          0.41666666666666663 0.25 0.91666666666666663
          0.5 0.25 0.91666666666666663
          0.58333333333333326 0.25 0.91666666666666663
          0.66666666666666663 0.25 0.91666666666666663
          0.75 0.25 0.91666666666666663
          0.83333333333333326 0.25 0.91666666666666663
          0.91666666666666663 0.25 0.91666666666666663
          1 0.25 0.91666666666666663
          0 0.33333333333333331 0.91666666666666663
          0.083333333333333329 0.33333333333333331 0.91666666666666663
          0.16666666666666666 0.33333333333333331 0.91666666666666663
          0.25 0.33333333333333331 0.91666666666666663
          0.33333333333333331 0.33333333333333331 0.91666666666666663
          0.41666666666666663 0.33333333333333331 0.91666666666666663
          0.5 0.33333333333333331 0.91666666666666663
          0.58333333333333326 0.33333333333333331 0.91666666666666663
          0.66666666666666663 0.33333333333333331 0.91666666666666663
          0.75 0.33333333333333331 0.91666666666666663
          0.83333333333333326 0.33333333333333331 0.91666666666666663
          0.91666666666666663 0.33333333333333331 0.91666666666666663
          1 0.33333333333333331 0.91666666666666663
          0 0.41666666666666663 0.91666666666666663
          0.083333333333333329 0.41666666666666663 0.91666666666666663
          0.16666666666666666 0.41666666666666663 0.91666666666666663
          0.25 0.41666666666666663 0.91666666666666663
          0.33333333333333331 0.41666666666666663 0.91666666666666663
          0.41666666666666663 0.41666666666666663 0.91666666666666663
          0.5 0.41666666666666663 0.91666666666666663
          0.58333333333333326 0.41666666666666663 0.91666666666666663
          0.66666666666666663 0.41666666666666663 0.91666666666666663
          0.75 0.41666666666666663 0.91666666666666663
          0.83333333333333326 0.41666666666666663 0.91666666666666663
          0.91666666666666663 0.41666666666666663 0.91666666666666663
          1 0.41666666666666663 0.91666666666666663
          0 0.5 0.91666666666666663
          0.083333333333333329 0.5 0.91666666666666663
          0.16666666666666666 0.5 0.91666666666666663
          0.25 0.5 0.91666666666666663
          0.33333333333333331 0.5 0.91666666666666663
          0.41666666666666663 0.5 0.91666666666666663
          0.5 0.5 0.91666666666666663
          0.58333333333333326 0.5 0.91666666666666663
          0.66666666666666663 0.5 0.91666666666666663
          0.75 0.5 0.91666666666666663
          0.83333333333333326 0.5 0.91666666666666663
          0.91666666666666663 0.5 0.91666666666666663
          1 0.5 0.91666666666666663
          0 0.58333333333333326 0.91666666666666663
          0.083333333333333329 0.58333333333333326 0.91666666666666663
          0.16666666666666666 0.58333333333333326 0.91666666666666663
          0.25 0.58333333333333326 0.91666666666666663
          0.33333333333333331 0.58333333333333326 0.91666666666666663
          0.41666666666666663 0.58333333333333326 0.91666666666666663
          0.5 0.58333333333333326 0.91666666666666663
          0.58333333333333326 0.58333333333333326 0.91666666666666663
          0.66666666666666663 0.58333333333333326 0.91666666666666663
          0.75 0.58333333333333326 0.91666666666666663
          0.83333333333333326 0.58333333333333326 0.91666666666666663
          0.91666666666666663 0.58333333333333326 0.91666666666666663
          1 0.58333333333333326 0.91666666666666663
          0 0.66666666666666663 0.91666666666666663
          0.083333333333333329 0.66666666666666663 0.91666666666666663
          0.16666666666666666 0.66666666666666663 0.91666666666666663
          0.25 0.66666666666666663 0.91666666666666663
          0.33333333333333331 0.66666666666666663 0.91666666666666663
          0.41666666666666663 0.66666666666666663 0.91666666666666663
          0.5 0.66666666666666663 0.91666666666666663
          0.58333333333333326 0.66666666666666663 0.91666666666666663
          0.66666666666666663 0.66666666666666663 0.91666666666666663
          0.75 0.66666666666666663 0.91666666666666663
          0.83333333333333326 0.66666666666666663 0.91666666666666663
          0.91666666666666663 0.66666666666666663 0.91666666666666663
          1 0.66666666666666663 0.91666666666666663
          0 0.75 0.91666666666666663
          0.083333333333333329 0.75 0.91666666666666663
          0.16666666666666666 0.75 0.91666666666666663
          0.25 0.75 0.91666666666666663
          0.33333333333333331 0.75 0.91666666666666663
          0.41666666666666663 0.75 0.91666666666666663
          0.5 0.75 0.91666666666666663
          0.58333333333333326 0.75 0.91666666666666663
          0.66666666666666663 0.75 0.91666666666666663
          0.75 0.75 0.91666666666666663
          0.83333333333333326 0.75 0.91666666666666663
          0.91666666666666663 0.75 0.91666666666666663
          1 0.75 0.91666666666666663
          0 0.83333333333333326 0.91666666666666663
          0.083333333333333329 0.83333333333333326 0.91666666666666663
          0.16666666666666666 0.83333333333333326 0.91666666666666663
          0.25 0.83333333333333326 0.91666666666666663
          0.33333333333333331 0.83333333333333326 0.91666666666666663
          0.41666666666666663 0.83333333333333326 0.91666666666666663
          0.5 0.83333333333333326 0.91666666666666663
          0.58333333333333326 0.83333333333333326 0.91666666666666663
          0.66666666666666663 0.83333333333333326 0.91666666666666663
          0.75 0.83333333333333326 0.91666666666666663
          0.83333333333333326 0.83333333333333326 0.91666666666666663
          0.91666666666666663 0.83333333333333326 0.91666666666666663
          1 0.83333333333333326 0.91666666666666663
          0 0.91666666666666663 0.91666666666666663
          0.083333333333333329 0.91666666666666663 0.91666666666666663
          0.16666666666666666 0.91666666666666663 0.91666666666666663
          0.25 0.91666666666666663 0.91666666666666663
          0.33333333333333331 0.91666666666666663 0.91666666666666663
          0.41666666666666663 0.91666666666666663 0.91666666666666663
          0.5 0.91666666666666663 0.91666666666666663
          0.58333333333333326 0.91666666666666663 0.91666666666666663
          0.66666666666666663 0.91666666666666663 0.91666666666666663
          0.75 0.91666666666666663 0.91666666666666663
          0.83333333333333326 0.91666666666666663 0.91666666666666663
          0.91666666666666663 0.91666666666666663 0.91666666666666663
          1 0.91666666666666663 0.91666666666666663
          0 1 0.91666666666666663
          0.083333333333333329 1 0.91666666666666663
          0.16666666666666666 1 0.91666666666666663
          0.25 1 0.91666666666666663
          0.33333333333333331 1 0.91666666666666663
          0.41666666666666663 1 0.91666666666666663
          0.5 1 0.91666666666666663
          0.58333333333333326 1 0.91666666666666663
          0.66666666666666663 1 0.91666666666666663
          0.75 1 0.91666666666666663
          0.83333333333333326 1 0.91666666666666663
          0.91666666666666663 1 0.91666666666666663
          1 1 0.91666666666666663
          0 0 1
          0.083333333333333329 0 1
          0.16666666666666666 0 1
          0.25 0 1
          0.33333333333333331 0 1
          0.41666666666666663 0 1
          0.5 0 1
          0.58333333333333326 0 1
          0.66666666666666663 0 1
          0.75 0 1
          0.83333333333333326 0 1
          0.91666666666666663 0 1
          1 0 1
          0 0.083333333333333329 1
          0.083333333333333329 0.083333333333333329 1
          0.16666666666666666 0.083333333333333329 1
          0.25 0.083333333333333329 1
          0.33333333333333331 0.083333333333333329 1
          0.41666666666666663 0.083333333333333329 1
          0.5 0.083333333333333329 1
          0.58333333333333326 0.083333333333333329 1
          0.66666666666666663 0.083333333333333329 1
          0.75 0.083333333333333329 1
          0.83333333333333326 0.083333333333333329 1
          0.91666666666666663 0.083333333333333329 1
          1 0.083333333333333329 1
          0 0.16666666666666666 1
          0.083333333333333329 0.16666666666666666 1
          0.16666666666666666 0.16666666666666666 1
          0.25 0.16666666666666666 1
          0.33333333333333331 0.16666666666666666 1
          0.41666666666666663 0.16666666666666666 1
          0.5 0.16666666666666666 1
          0.58333333333333326 0.16666666666666666 1
          0.66666666666666663 0.16666666666666666 1
          0.75 0.16666666666666666 1
          0.83333333333333326 0.16666666666666666 1
          0.91666666666666663 0.16666666666666666 1
          1 0.16666666666666666 1
          0 0.25 1
          0.083333333333333329 0.25 1
          0.16666666666666666 0.25 1
          0.25 0.25 1
          0.33333333333333331 0.25 1
          0.41666666666666663 0.25 1
          0.5 0.25 1
          0.58333333333333326 0.25 1
          0.66666666666666663 0.25 1
          0.75 0.25 1
          0.83333333333333326 0.25 1
          0.91666666666666663 0.25 1
          1 0.25 1
          0 0.33333333333333331 1
          0.083333333333333329 0.33333333333333331 1
          0.16666666666666666 0.33333333333333331 1
          0.25 0.33333333333333331 1
          0.33333333333333331 0.33333333333333331 1
          0.41666666666666663 0.33333333333333331 1
          0.5 0.33333333333333331 1
          0.58333333333333326 0.33333333333333331 1
          0.66666666666666663 0.33333333333333331 1
          0.75 0.33333333333333331 1
          0.83333333333333326 0.33333333333333331 1
          0.91666666666666663 0.33333333333333331 1
          1 0.33333333333333331 1
          0 0.41666666666666663 1
          0.083333333333333329 0.41666666666666663 1
          0.16666666666666666 0.41666666666666663 1
          0.25 0.41666666666666663 1
          0.33333333333333331 0.41666666666666663 1
          0.41666666666666663 0.41666666666666663 1
          0.5 0.41666666666666663 1
          0.58333333333333326 0.41666666666666663 1
          0.66666666666666663 0.41666666666666663 1
          0.75 0.41666666666666663 1
          0.83333333333333326 0.41666666666666663 1
          0.91666666666666663 0.41666666666666663 1
          1 0.41666666666666663 1
          0 0.5 1
          0.083333333333333329 0.5 1
          0.16666666666666666 0.5 1
          0.25 0.5 1
          0.33333333333333331 0.5 1
          0.41666666666666663 0.5 1
          0.5 0.5 1
          0.58333333333333326 0.5 1
          0.66666666666666663 0.5 1
          0.75 0.5 1
          0.83333333333333326 0.5 1
          0.91666666666666663 0.5 1
          1 0.5 1
          0 0.58333333333333326 1
          0.083333333333333329 0.58333333333333326 1
          0.16666666666666666 0.58333333333333326 1
          0.25 0.58333333333333326 1
          0.33333333333333331 0.58333333333333326 1
          0.41666666666666663 0.58333333333333326 1
          0.5 0.58333333333333326 1
          0.58333333333333326 0.58333333333333326 1
          0.66666666666666663 0.58333333333333326 1
          0.75 0.58333333333333326 1
          0.83333333333333326 0.58333333333333326 1
          0.91666666666666663 0.58333333333333326 1
          1 0.58333333333333326 1
          0 0.66666666666666663 1
          0.083333333333333329 0.66666666666666663 1
          0.16666666666666666 0.66666666666666663 1
          0.25 0.66666666666666663 1
          0.33333333333333331 0.66666666666666663 1
          0.41666666666666663 0.66666666666666663 1
          0.5 0.66666666666666663 1
          0.58333333333333326 0.66666666666666663 1
          0.66666666666666663 0.66666666666666663 1
          0.75 0.66666666666666663 1
          0.83333333333333326 0.66666666666666663 1
          0.91666666666666663 0.66666666666666663 1
          1 0.66666666666666663 1
          0 0.75 1
          0.083333333333333329 0.75 1
          0.16666666666666666 0.75 1
          0.25 0.75 1
          0.33333333333333331 0.75 1
          0.41666666666666663 0.75 1
          0.5 0.75 1
          0.58333333333333326 0.75 1
          0.66666666666666663 0.75 1
          0.75 0.75 1
          0.83333333333333326 0.75 1
          0.91666666666666663 0.75 1
          1 0.75 1
          0 0.83333333333333326 1
          0.083333333333333329 0.83333333333333326 1
          0.16666666666666666 0.83333333333333326 1
          0.25 0.83333333333333326 1
          0.33333333333333331 0.83333333333333326 1
          0.41666666666666663 0.83333333333333326 1
          0.5 0.83333333333333326 1
          0.58333333333333326 0.83333333333333326 1
          0.66666666666666663 0.83333333333333326 1
          0.75 0.83333333333333326 1
          0.83333333333333326 0.83333333333333326 1
          0.91666666666666663 0.83333333333333326 1
          1 0.83333333333333326 1
          0 0.91666666666666663 1
          0.083333333333333329 0.91666666666666663 1
          0.16666666666666666 0.91666666666666663 1
          0.25 0.91666666666666663 1
          0.33333333333333331 0.91666666666666663 1
          0.41666666666666663 0.91666666666666663 1
          0.5 0.91666666666666663 1
          0.58333333333333326 0.91666666666666663 1
          0.66666666666666663 0.91666666666666663 1
          0.75 0.91666666666666663 1
          0.83333333333333326 0.91666666666666663 1
          0.91666666666666663 0.91666666666666663 1
          1 0.91666666666666663 1
          0 1 1
          0.083333333333333329 1 1
          0.16666666666666666 1 1
          0.25 1 1
          0.33333333333333331 1 1
          0.41666666666666663 1 1
          0.5 1 1
          0.58333333333333326 1 1
          0.66666666666666663 1 1
          0.75 1 1
          0.83333333333333326 1 1
          0.91666666666666663 1 1
          1 1 1
        </DataArray>
      </Points>
      <Cells>
        <DataArray type="Int64" Name="connectivity" format="ascii">
          0 3 42 39 507 510 549 546 1 2 16 29 40 41 13 26 508 509 523 536 547 548 520 533 169 338 172 341 208 377 211 380 182 195 351 364 185 198 354 367 170 171 339 340 209 210 378 379 14 15 27 28 521 522 534 535 183 184 196 197 352 353 365 366
          3 6 45 42 510 513 552 549 4 5 19 32 43 44 16 29 511 512 526 539 550 551 523 536 172 341 175 344 211 380 214 383 185 198 354 367 188 201 357 370 173 174 342 343 212 213 381 382 17 18 30 31 524 525 537 538 186 187 199 200 355 356 368 369
          6 9 48 45 513 516 555 552 7 8 22 35 46 47 19 32 514 515 529 542 553 554 526 539 175 344 178 347 214 383 217 386 188 201 357 370 191 204 360 373 176 177 345 346 215 216 384 385 20 21 33 34 527 528 540 541 189 190 202 203 358 359 371 372
          9 12 51 48 516 519 558 555 10 11 25 38 49 50 22 35 517 518 532 545 556 557 529 542 178 347 181 350 217 386 220 389 191 204 360 373 194 207 363 376 179 180 348 349 218 219 387 388 23 24 36 37 530 531 543 544 192 193 205 206 361 362 374 375
          39 42 81 78 546 549 588 585 40 41 55 68 79 80 52 65 547 548 562 575 586 587 559 572 208 377 211 380 247 416 250 419 221 234 390 403 224 237 393 406 209 210 378 379 248 249 417 418 53 54 66 67 560 561 573 574 222 223 235 236 391 392 404 405
          42 45 84 81 549 552 591 588 43 44 58 71 82 83 55 68 550 551 565 578 589 590 562 575 211 380 214 383 250 419 253 422 224 237 393 406 227 240 396 409 212 213 381 382 251 252 420 421 56 57 69 70 563 564 576 577 225 226 238 239 394 395 407 408
          45 48 87 84 552 555 594 591 46 47 61 74 85 86 58 71 553 554 568 581 592 593 565 578 214 383 217 386 253 422 256 425 227 240 396 409 230 243 399 412 215 216 384 385 254 255 423 424 59 60 72 73 566 567 579 580 228 229 241 242 397 398 410 411
          48 51 90 87 555 558 597 594 49 50 64 77 88 89 61 74 556 557 571 584 595 596 568 581 217 386 220 389 256 425 259 428 230 243 399 412 233 246 402 415 218 219 387 388 257 258 426 427 62 63 75 76 569 570 582 583 231 232 244 245 400 401 413 414
          78 81 120 117 585 588 627 624 79 80 94 107 118 119 91 104 586 587 601 614 625 626 598 611 247 416 250 419 286 455 289 458 260 273 429 442 263 276 432 445 248 249 417 418 287 288 456 457 92 93 105 106 599 600 612 613 261 262 274 275 430 431 443 444
          81 84 123 120 588 591 630 627 82 83 97 110 121 122 94 107 589 590 604 617 628 629 601 614 250 419 253 422 289 458 292 461 263 276 432 445 266 279 435 448 251 252 420 421 290 291 459 460 95 96 108 109 602 603 615 616 264 265 277 278 433 434 446 447
          84 87 126 123 591 594 633 630 85 86 100 113 124 125 97 110 592 593 607 620 631 632 604 617 253 422 256 425 292 461 295 464 266 279 435 448 269 282 438 451 254 255 423 424 293 294 462 463 98 99 111 112 605 606 618 619 267 268 280 281 436 437 449 450
          87 90 129 126 594 597 636 633 88 89 103 116 127 128 100 113 595 596 610 623 634 635 607 620 256 425 259 428 295 464 298 467 269 282 438 451 272 285 441 454 257 258 426 427 296 297 465 466 101 102 114 115 608 609 621 622 270 271 283 284 439 440 452 453
          117 120 159 156 624 627 666 663 118 119 133 146 157 158 130 143 625 626 640 653 664 665 637 650 286 455 289 458 325 494 328 497 299 312 468 481 302 315 471 484 287 288 456 457 326 327 495 496 131 132 144 145 638 639 651 652 300 301 313 314 469 470 482 483
          120 123 162 159 627 630 669 666 121 122 136 149 160 161 133 146 628 629 643 656 667 668 640 653 289 458 292 461 328 497 331 500 302 315 471 484 305 318 474 487 290 291 459 460 329 330 498 499 134 135 147 148 641 642 654 655 303 304 316 317 472 473 485 486
          123 126 165 162 630 633 672 669 124 125 139 152 163 164 136 149 631 632 646 659 670 671 643 656 292 461 295 464 331 500 334 503 305 318 474 487 308 321 477 490 293 294 462 463 332 333 501 502 137 138 150 151 644 645 657 658 306 307 319 320 475 476 488 489
          126 129 168 165 633 636 675 672 127 128 142 155 166 167 139 152 634 635 649 662 673 674 646 659 295 464 298 467 334 503 337 506 308 321 477 490 311 324 480 493 296 297 465 466 335 336 504 505 140 141 153 154 647 648 660 661 309 310 322 323 478 479 491 492
          507 510 549 546 1014 1017 1056 1053 508 509 523 536 547 548 520 533 1015 1016 1030 1043 1054 1055 1027 1040 676 845 679 848 715 884 718 887 689 702 858 871 692 705 861 874 677 678 846 847 716 717 885 886 521 522 534 535 1028 1029 1041 1042 690 691 703 704 859 860 872 873
          510 513 552 549 1017 1020 1059 1056 511 512 526 539 550 551 523 536 1018 1019 1033 1046 1057 1058 1030 1043 679 848 682 851 718 887 721 890 692 705 861 874 695 708 864 877 680 681 849 850 719 720 888 889 524 525 537 538 1031 1032 1044 1045 693 694 706 707 862 863 875 876
          513 516 555 552 1020 1023 1062 1059 514 515 529 542 553 554 526 539 1021 1022 1036 1049 1060 1061 1033 1046 682 851 685 854 721 890 724 893 695 708 864 877 698 711 867 880 683 684 852 853 722 723 891 892 527 528 540 541 1034 1035 1047 1048 696 697 709 710 865 866 878 879
          516 519 558 555 1023 1026 1065 1062 517 518 532 545 556 557 529 542 1024 1025 1039 1052 1063 1064 1036 1049 685 854 688 857 724 893 727 896 698 711 867 880 701 714 870 883 686 687 855 856 725 726 894 895 530 531 543 544 1037 1038 1050 1051 699 700 712 713 868 869 881 882
          546 549 588 585 1053 1056 1095 1092 547 548 562 575 586 587 559 572 1054 1055 1069 1082 1093 1094 1066 1079 715 884 718 887 754 923 757 926 728 741 897 910 731 744 900 913 716 717 885 886 755 756 924 925 560 561 573 574 1067 1068 1080 1081 729 730 742 743 898 899 911 912
          549 552 591 588 1056 1059 1098 1095 550 551 565 578 589 590 562 575 1057 1058 1072 1085 1096 1097 1069 1082 718 887 721 890 757 926 760 929 731 744 900 913 734 747 903 916 719 720 888 889 758 759 927 928 563 564 576 577 1070 1071 1083 1084 732 733 745 746 901 902 914 915
          552 555 594 591 1059 1062 1101 1098 553 554 568 581 592 593 565 578 1060 1061 1075 1088 1099 1100 1072 1085 721 890 724 893 760 929 763 932 734 747 903 916 737 750 906 919 722 723 891 892 761 762 930 931 566 567 579 580 1073 1074 1086 1087 735 736 748 749 904 905 917 918
          555 558 597 594 1062 1065 1104 1101 556 557 571 584 595 596 568 581 1063 1064 1078 1091 1102 1103 1075 1088 724 893 727 896 763 932 766 935 737 750 906 919 740 753 909 922 725 726 894 895 764 765 933 934 569 570 582 583 1076 1077 1089 1090 738 739 751 752 907 908 920 921
          585 588 627 624 1092 1095 1134 1131 586 587 601 614 625 626 598 611 1093 1094 1108 1121 1132 1133 1105 1118 754 923 757 926 793 962 796 965 767 780 936 949 770 783 939 952 755 756 924 925 794 795 963 964 599 600 612 613 1106 1107 1119 1120 768 769 781 782 937 938 950 951
          588 591 630 627 1095 1098 1137 1134 589 590 604 617 628 629 601 614 1096 1097 1111 1124 1135 1136 1108 1121 757 926 760 929 796 965 799 968 770 783 939 952 773 786 942 955 758 759 927 928 797 798 966 967 602 603 615 616 1109 1110 1122 1123 771 772 784 785 940 941 953 954
          591 594 633 630 1098 1101 1140 1137 592 593 607 620 631 632 604 617 1099 1100 1114 1127 1138 1139 1111 1124 760 929 763 932 799 968 802 971 773 786 942 955 776 789 945 958 761 762 930 931 800 801 969 970 605 606 618 619 1112 1113 1125 1126 774 775 787 788 943 944 956 957
          594 597 636 633 1101 1104 1143 1140 595 596 610 623 634 635 607 620 1102 1103 1117 1130 1141 1142 1114 1127 763 932 766 935 802 971 805 974 776 789 945 958 779 792 948 961 764 765 933 934 803 804 972 973 608 609 621 622 1115 1116 1128 1129 777 778 790 791 946 947 959 960
          624 627 666 663 1131 1134 1173 1170 625 626 640 653 664 665 637 650 1132 1133 1147 1160 1171 1172 1144 1157 793 962 796 965 832 1001 835 1004 806 819 975 988 809 822 978 991 794 795 963 964 833 834 1002 1003 638 639 651 652 1145 1146 1158 1159 807 808 820 821 976 977 989 990
          627 630 669 666 1134 1137 1176 1173 628 629 643 656 667 668 640 653 1135 1136 1150 1163 1174 1175 1147 1160 796 965 799 968 835 1004 838 1007 809 822 978 991 812 825 981 994 797 798 966 967 836 837 1005 1006 641 642 654 655 1148 1149 1161 1162 810 811 823 824 979 980 992 993
          630 633 672 669 1137 1140 1179 1176 631 632 646 659 670 671 643 656 1138 1139 1153 1166 1177 1178 1150 1163 799 968 802 971 838 1007 841 1010 812 825 981 994 815 828 984 997 800 801 969 970 839 840 1008 1009 644 645 657 658 1151 1152 1164 1165 813 814 826 827 982 983 995 996
          633 636 675 672 1140 1143 1182 1179 634 635 649 662 673 674 646 659 1141 1142 1156 1169 1180 1181 1153 1166 802 971 805 974 841 1010 844 1013 815 828 984 997 818 831 987 1000 803 804 972 973 842 843 1011 1012 647 648 660 661 1154 1155 1167 1168 816 817 829 830 985 986 998 999
          1014 1017 1056 1053 1521 1524 1563 1560 1015 1016 1030 1043 1054 1055 1027 1040 1522 1523 1537 1550 1561 1562 1534 1547 1183 1352 1186 1355 1222 1391 1225 1394 1196 1209 1365 1378 1199 1212 1368 1381 1184 1185 1353 1354 1223 1224 1392 1393 1028 1029 1041 1042 1535 1536 1548 1549 1197 1198 1210 1211 1366 1367 1379 1380
          1017 1020 1059 1056 1524 1527 1566 1563 1018 1019 1033 1046 1057 1058 1030 1043 1525 1526 1540 1553 1564 1565 1537 1550 1186 1355 1189 1358 1225 1394 1228 1397 1199 1212 1368 1381 1202 1215 1371 1384 1187 1188 1356 1357 1226 1227 1395 1396 1031 1032 1044 1045 1538 1539 1551 1552 1200 1201 1213 1214 1369 1370 1382 1383
          1020 1023 1062 1059 1527 1530 1569 1566 1021 1022 1036 1049 1060 1061 1033 1046 1528 1529 1543 1556 1567 1568 1540 1553 1189 1358 1192 1361 1228 1397 1231 1400 1202 1215 1371 1384 1205 1218 1374 1387 1190 1191 1359 1360 1229 1230 1398 1399 1034 1035 1047 1048 1541 1542 1554 1555 1203 1204 1216 1217 1372 1373 1385 1386
          1023 1026 1065 1062 1530 1533 1572 1569 1024 1025 1039 1052 1063 1064 1036 1049 1531 1532 1546 1559 1570 1571 1543 1556 1192 1361 1195 1364 1231 1400 1234 1403 1205 1218 1374 1387 1208 1221 1377 1390 1193 1194 1362 1363 1232 1233 1401 1402 1037 1038 1050 1051 1544 1545 1557 1558 1206 1207 1219 1220 1375 1376 1388 1389
          1053 1056 1095 1092 1560 1563 1602 1599 1054 1055 1069 1082 1093 1094 1066 1079 1561 1562 1576 1589 1600 1601 1573 1586 1222 1391 1225 1394 1261 1430 1264 1433 1235 1248 1404 1417 1238 1251 1407 1420 1223 1224 1392 1393 1262 1263 1431 1432 1067 1068 1080 1081 1574 1575 1587 1588 1236 1237 1249 1250 1405 1406 1418 1419
          1056 1059 1098 1095 1563 1566 1605 1602 1057 1058 1072 1085 1096 1097 1069 1082 1564 1565 1579 1592 1603 1604 1576 1589 1225 1394 1228 1397 1264 1433 1267 1436 1238 1251 1407 1420 1241 1254 1410 1423 1226 1227 1395 1396 1265 1266 1434 1435 1070 1071 1083 1084 1577 1578 1590 1591 1239 1240 1252 1253 1408 1409 1421 1422
          1059 1062 1101 1098 1566 1569 1608 1605 1060 1061 1075 1088 1099 1100 1072 1085 1567 1568 1582 1595 1606 1607 1579 1592 1228 1397 1231 1400 1267 1436 1270 1439 1241 1254 1410 1423 1244 1257 1413 1426 1229 1230 1398 1399 1268 1269 1437 1438 1073 1074 1086 1087 1580 1581 1593 1594 1242 1243 1255 1256 1411 1412 1424 1425
          1062 1065 1104 1101 1569 1572 1611 1608 1063 1064 1078 1091 1102 1103 1075 1088 1570 1571 1585 1598 1609 1610 1582 1595 1231 1400 1234 1403 1270 1439 1273 1442 1244 1257 1413 1426 1247 1260 1416 1429 1232 1233 1401 1402 1271 1272 1440 1441 1076 1077 1089 1090 1583 1584 1596 1597 1245 1246 1258 1259 1414 1415 1427 1428
          1092 1095 1134 1131 1599 1602 1641 1638 1093 1094 1108 1121 1132 1133 1105 1118 1600 1601 1615 1628 1639 1640 1612 1625 1261 1430 1264 1433 1300 1469 1303 1472 1274 1287 1443 1456 1277 1290 1446 1459 1262 1263 1431 1432 1301 1302 1470 1471 1106 1107 1119 1120 1613 1614 1626 1627 1275 1276 1288 1289 1444 1445 1457 1458
          1095 1098 1137 1134 1602 1605 1644 1641 1096 1097 1111 1124 1135 1136 1108 1121 1603 1604 1618 1631 1642 1643 1615 1628 1264 1433 1267 1436 1303 1472 1306 1475 1277 1290 1446 1459 1280 1293 1449 1462 1265 1266 1434 1435 1304 1305 1473 1474 1109 1110 1122 1123 1616 1617 1629 1630 1278 1279 1291 1292 1447 1448 1460 1461
          1098 1101 1140 1137 1605 1608 1647 1644 1099 1100 1114 1127 1138 1139 1111 1124 1606 1607 1621 1634 1645 1646 1618 1631 1267 1436 1270 1439 1306 1475 1309 1478 1280 1293 1449 1462 1283 1296 1452 1465 1268 1269 1437 1438 1307 1308 1476 1477 1112 1113 1125 1126 1619 1620 1632 1633 1281 1282 1294 1295 1450 1451 1463 1464
          1101 1104 1143 1140 1608 1611 1650 1647 1102 1103 1117 1130 1141 1142 1114 1127 1609 1610 1624 1637 1648 1649 1621 1634 1270 1439 1273 1442 1309 1478 1312 1481 1283 1296 1452 1465 1286 1299 1455 1468 1271 1272 1440 1441 1310 1311 1479 1480 1115 1116 1128 1129 1622 1623 1635 1636 1284 1285 1297 1298 1453 1454 1466 1467
          1131 1134 1173 1170 1638 1641 1680 1677 1132 1133 1147 1160 1171 1172 1144 1157 1639 1640 1654 1667 1678 1679 1651 1664 1300 1469 1303 1472 1339 1508 1342 1511 1313 1326 1482 1495 1316 1329 1485 1498 1301 1302 1470 1471 1340 1341 1509 1510 1145 1146 1158 1159 1652 1653 1665 1666 1314 1315 1327 1328 1483 1484 1496 1497
          1134 1137 1176 1173 1641 1644 1683 1680 1135 1136 1150 1163 1174 1175 1147 1160 1642 1643 1657 1670 1681 1682 1654 1667 1303 1472 1306 1475 1342 1511 1345 1514 1316 1329 1485 1498 1319 1332 1488 1501 1304 1305 1473 1474 1343 1344 1512 1513 1148 1149 1161 1162 1655 1656 1668 1669 1317 1318 1330 1331 1486 1487 1499 1500
          1137 1140 1179 1176 1644 1647 1686 1683 1138 1139 1153 1166 1177 1178 1150 1163 1645 1646 1660 1673 1684 1685 1657 1670 1306 1475 1309 1478 1345 1514 1348 1517 1319 1332 1488 1501 1322 1335 1491 1504 1307 1308 1476 1477 1346 1347 1515 1516 1151 1152 1164 1165 1658 1659 1671 1672 1320 1321 1333 1334 1489 1490 1502 1503
          1140 1143 1182 1179 1647 1650 1689 1686 1141 1142 1156 1169 1180 1181 1153 1166 1648 1649 1663 1676 1687 1688 1660 1673 1309 1478 1312 1481 1348 1517 1351 1520 1322 1335 1491 1504 1325 1338 1494 1507 1310 1311 1479 1480 1349 1350 1518 1519 1154 1155 1167 1168 1661 1662 1674 1675 1323 1324 1336 1337 1492 1493 1505 1506
          1521 1524 1563 1560 2028 2031 2070 2067 1522 1523 1537 1550 1561 1562 1534 1547 2029 2030 2044 2057 2068 2069 2041 2054 1690 1859 1693 1862 1729 1898 1732 1901 1703 1716 1872 1885 1706 1719 1875 1888 1691 1692 1860 1861 1730 1731 1899 1900 1535 1536 1548 1549 2042 2043 2055 2056 1704 1705 1717 1718 1873 1874 1886 1887
          1524 1527 1566 1563 2031 2034 2073 2070 1525 1526 1540 1553 1564 1565 1537 1550 2032 2033 2047 2060 2071 2072 2044 2057 1693 1862 1696 1865 1732 1901 1735 1904 1706 1719 1875 1888 1709 1722 1878 1891 1694 1695 1863 1864 1733 1734 1902 1903 1538 1539 1551 1552 2045 2046 2058 2059 1707 1708 1720 1721 1876 1877 1889 1890
          1527 1530 1569 1566 2034 2037 2076 2073 1528 1529 1543 1556 1567 1568 1540 1553 2035 2036 2050 2063 2074 2075 2047 2060 1696 1865 1699 1868 1735 1904 1738 1907 1709 1722 1878 1891 1712 1725 1881 1894 1697 1698 1866 1867 1736 1737 1905 1906 1541 1542 1554 1555 2048 2049 2061 2062 1710 1711 1723 1724 1879 1880 1892 1893
          1530 1533 1572 1569 2037 2040 2079 2076 1531 1532 1546 1559 1570 1571 1543 1556 2038 2039 2053 2066 2077 2078 2050 2063 1699 1868 1702 1871 1738 1907 1741 1910 1712 1725 1881 1894 1715 1728 1884 1897 1700 1701 1869 1870 1739 1740 1908 1909 1544 1545 1557 1558 2051 2052 2064 2065 1713 1714 1726 1727 1882 1883 1895 1896
          1560 1563 1602 1599 2067 2070 2109 2106 1561 1562 1576 1589 1600 1601 1573 1586 2068 2069 2083 2096 2107 2108 2080 2093 1729 1898 1732 1901 1768 1937 1771 1940 1742 1755 1911 1924 1745 1758 1914 1927 1730 1731 1899 1900 1769 1770 1938 1939 1574 1575 1587 1588 2081 2082 2094 2095 1743 1744 1756 1757 1912 1913 1925 1926
          1563 1566 1605 1602 2070 2073 2112 2109 1564 1565 1579 1592 1603 1604 1576 1589 2071 2072 2086 2099 2110 2111 2083 2096 1732 1901 1735 1904 1771 1940 1774 1943 1745 1758 1914 1927 1748 1761 1917 1930 1733 1734 1902 1903 1772 1773 1941 1942 1577 1578 1590 1591 2084 2085 2097 2098 1746 1747 1759 1760 1915 1916 1928 1929
          1566 1569 1608 1605 2073 2076 2115 2112 1567 1568 1582 1595 1606 1607 1579 1592 2074 2075 2089 2102 2113 2114 2086 2099 1735 1904 1738 1907 1774 1943 1777 1946 1748 1761 1917 1930 1751 1764 1920 1933 1736 1737 1905 1906 1775 1776 1944 1945 1580 1581 1593 1594 2087 2088 2100 2101 1749 1750 1762 1763 1918 1919 1931 1932
          1569 1572 1611 1608 2076 2079 2118 2115 1570 1571 1585 1598 1609 1610 1582 1595 2077 2078 2092 2105 2116 2117 2089 2102 1738 1907 1741 1910 1777 1946 1780 1949 1751 1764 1920 1933 1754 1767 1923 1936 1739 1740 1908 1909 1778 1779 1947 1948 1583 1584 1596 1597 2090 2091 2103 2104 1752 1753 1765 1766 1921 1922 1934 1935
          1599 1602 1641 1638 2106 2109 2148 2145 1600 1601 1615 1628 1639 1640 1612 1625 2107 2108 2122 2135 2146 2147 2119 2132 1768 1937 1771 1940 1807 1976 1810 1979 1781 1794 1950 1963 1784 1797 1953 1966 1769 1770 1938 1939 1808 1809 1977 1978 1613 1614 1626 1627 2120 2121 2133 2134 1782 1783 1795 1796 1951 1952 1964 1965
          1602 1605 1644 1641 2109 2112 2151 2148 1603 1604 1618 1631 1642 1643 1615 1628 2110 2111 2125 2138 2149 2150 2122 2135 1771 1940 1774 1943 1810 1979 1813 1982 1784 1797 1953 1966 1787 1800 1956 1969 1772 1773 1941 1942 1811 1812 1980 1981 1616 1617 1629 1630 2123 2124 2136 2137 1785 1786 1798 1799 1954 1955 1967 1968
          1605 1608 1647 1644 2112 2115 2154 2151 1606 1607 1621 1634 1645 1646 1618 1631 2113 2114 2128 2141 2152 2153 2125 2138 1774 1943 1777 1946 1813 1982 1816 1985 1787 1800 1956 1969 1790 1803 1959 1972 1775 1776 1944 1945 1814 1815 1983 1984 1619 1620 1632 1633 2126 2127 2139 2140 1788 1789 1801 1802 1957 1958 1970 1971
          1608 1611 1650 1647 2115 2118 2157 2154 1609 1610 1624 1637 1648 1649 1621 1634 2116 2117 2131 2144 2155 2156 2128 2141 1777 1946 1780 1949 1816 1985 1819 1988 1790 1803 1959 1972 1793 1806 1962 1975 1778 1779 1947 1948 1817 1818 1986 1987 1622 1623 1635 1636 2129 2130 2142 2143 1791 1792 1804 1805 1960 1961 1973 1974
          1638 1641 1680 1677 2145 2148 2187 2184 1639 1640 1654 1667 1678 1679 1651 1664 2146 2147 2161 2174 2185 2186 2158 2171 1807 1976 1810 1979 1846 2015 1849 2018 1820 1833 1989 2002 1823 1836 1992 2005 1808 1809 1977 1978 1847 1848 2016 2017 1652 1653 1665 1666 2159 2160 2172 2173 1821 1822 1834 1835 1990 1991 2003 2004
          1641 1644 1683 1680 2148 2151 2190 2187 1642 1643 1657 1670 1681 1682 1654 1667 2149 2150 2164 2177 2188 2189 2161 2174 1810 1979 1813 1982 1849 2018 1852 2021 1823 1836 1992 2005 1826 1839 1995 2008 1811 1812 1980 1981 1850 1851 2019 2020 1655 1656 1668 1669 2162 2163 2175 2176 1824 1825 1837 1838 1993 1994 2006 2007
          1644 1647 1686 1683 2151 2154 2193 2190 1645 1646 1660 1673 1684 1685 1657 1670 2152 2153 2167 2180 2191 2192 2164 2177 1813 1982 1816 1985 1852 2021 1855 2024 1826 1839 1995 2008 1829 1842 1998 2011 1814 1815 1983 1984 1853 1854 2022 2023 1658 1659 1671 1672 2165 2166 2178 2179 1827 1828 1840 1841 1996 1997 2009 2010
          1647 1650 1689 1686 2154 2157 2196 2193 1648 1649 1663 1676 1687 1688 1660 1673 2155 2156 2170 2183 2194 2195 2167 2180 1816 1985 1819 1988 1855 2024 1858 2027 1829 1842 1998 2011 1832 1845 2001 2014 1817 1818 1986 1987 1856 1857 2025 2026 1661 1662 1674 1675 2168 2169 2181 2182 1830 1831 1843 1844 1999 2000 2012 2013
        </DataArray>
        <DataArray type="Int64" Name="offsets" format="ascii">
          64
          128
          192
          256
          320
          384
          448
          512
          576
          640
          704
          768
          832
          896
          960
          1024
          1088
          1152
          1216
          1280
          1344
          1408
          1472
          1536
          1600
          1664
          1728
          1792
          1856
          1920
          1984
          2048
          2112
          2176
          2240
          2304
          2368
          2432
          2496
          2560
          2624
          2688
          2752
          2816
          2880
          2944
          3008
          3072
          3136
          3200
          3264
          3328
          3392
          3456
          3520
          3584
          3648
          3712
          3776
          3840
          3904
          3968
          4032
          4096
        </DataArray>
        <DataArray type="UInt8" Name="types" format="ascii">
          72
          72
          72
          72
          72
          72
          72
          72
          72
          72
          72
          72
          72
          72
          72
          72
          72
          72
          72
          72
          72
          72
          72
          72
          72
          72
          72
          72
          72
          72
          72
          72
          72
          72
          72
          72
          72
          72
          72
          72
          72
          72
          72
          72
          72
          72
          72
          72
          72
          72
          72
          72
          72
          72
          72
          72
          72
          72
          72
          72
          72
          72
          72
          72
        </DataArray>
      </Cells>
    </Piece>
  </UnstructuredGrid>
</VTKFile>
